﻿原文,译文
沮丧之情，如粗笔重墨般涂抹在他那张日渐苍老的脸上。,
戈德威夫嗤笑一声。,
看来你总算摸到点门道了。我们该拿你如何是好，利奥弗里克？,
你确实犯了大错，但无妨。我们都在这儿了。我原谅你。,
人群里泛起一阵窃窃私语。,
别看我平日里没个正形，但说句实话，这局面我早就料到了。若是去岁夏天，我们或许还能狠狠干上一仗，可这个冬天却让我们元气大伤。,
我这是在救这孩子的灵魂，你这蠢货！若是就这么一刀杀了，他的灵魂可就万劫不复了！,
你用手背贴上她的额头，那股烧热径直透到你的皮肤上来——这还不算你见过最凶险的高烧，但若已缠缠绵绵烧了数周，也难怪她会累成这副模样。,
你是我们的领主。只要一息尚存，我们便追随于你。,
但愿他没遭什么罪。,
若还有什么需要，我自会再来。,
怎么，你闯进一个老人屋里，竟尊贵到连招呼都不屑打一声吗？,
等等，是她放的火？,
那男人将扫帚柄直直挡在身前，仿佛想借着那根细棍子把自己藏起来似的。,
恐怕我们别无选择。但愿众灵能宽宥我们。,
内菲娅对那类事情可提不起半分兴致。,
多谢殿下。能为雅尔效劳，我们向来心甘情愿。,
三名奴仆低垂着脑袋，似乎默默接受了这新定的命运。他们只拾起些随身能带的物件，便动身朝你的营地走去。,
嚎叫女巫,
这群人一个个狼狈不堪，但看那模样，显然都是身经百战的老手。,
你的船员们拼尽全力划桨，但那艘船仍以一个巨大的优势，将[船名]远远甩开。,
他松开了手，目光在你脸上来回探询。,
她朝你挤出个歪歪扭扭的笑容。,
你还能指望什么？不论我们为这些人做牛做马，在他们眼里，我们永远都只是肮脏下贱的异教徒。,
也罢……看来这事儿也就到此为止了。不管怎么说，还是多谢你费心去查。,
{把他拉出来。},
奥瑟德国王的条件再简单不过——领死！,
说得太他娘对了！快把这群诺森布里亚的软脚废物从这里踢出去！,
这扇大门挡不住正面强攻，可一旦强行破门，势必惊动整座村庄。当真要毁了这扇门吗？,
盾女维贡德死于弗里西亚，当时她正挥舞着这杆翼矛对抗身份不明的袭击者。她的丈夫在里伯将它卖给了你，只为筹够回家的盘缠。,
不。我当然办不到。你说得对，当然对，我只是……我们找一处安身之所，已经找了太久太久了。,
说我是什么她的“精灵骑士”那档子破事？那她又封了你个什么头衔，她的仙灵公主？她对这类不着边际的荒唐故事简直着了魔。,
听起来不错——带路吧。,
待到厮杀终结，奥瑟德最后一批残兵四散溃逃之时，横陈的尸骸间，却再也寻不见她的踪影。,
我只是庆幸你们俩都能平安无事。咱们这个家族，应付一桩血仇便已经够受的了。,
若是什么阿猫阿狗都能闯进来，那要这堡垒还有何用？！,
阿斯特丽德抬起一只手，顿了一顿，让自己硬起心肠。,
为什么？,
“瞧见没，他们坐在厅堂山墙之下，用身前的柱子护着自己？”可那柱子在那巨人目光的逼视下崩开裂隙，柱梁随之断为两截。,
你本有机会活着走出这里，如今你没了。,
埃迪丝的衣物,
我们将如瘟疫席卷这座村庄，不留一个活口。,
行，这笔买卖我们接了。我们琢磨着：要是这里头有诈，论跑路我们可都是一把好手。准能全须全尾地摸回这儿来。,
哦，正是如此！真高兴你听进去了！,
我无意冒昧叨扰您这般有身份的人物，但您实在令我着迷。您愿意考虑对我施以援手吗？,
那你自管去吧，寻你的乐子去。我去跟斯卡拉格里姆会合。,
你这般行径，可真给你自己抹黑。连带着你整个家族都脸上无光！,
你最好别那么干。,
此事于你这般人物而言，不过举手之劳。,
内菲娅深深吸了口气。,
咱们且看会发生什么。知道有你挺我，心里踏实多了。,
那年轻的女巫耸耸肩膀，又将注意力转回到面前的食物上。,
确实。嗯，这可真是……哼。,
我对皈依者向来存着一份格外的慈心。你的灵魂曾悬于一片混沌迷惘之境，但如今你已得了救赎。,
我们得立刻折返回去！天晓得归途之上会撞见什么。,
他生得一副苍白面孔。这也难怪，他和他的那伙人个个水米不进。,
[i]不。[/i]不，我决计不会应允。不论你们这群人是不是基督徒，对我而言，你们都是陌生人。,
把那[Player:weapon]收起来吧，亲爱的。一个老太婆还威胁不到你们这种人。,
照这么练下去，指不定真能伤着人呢！,
我们在找你们的德鲁伊。想求见他一面。,
所以啊，那天在码头那边——,
你们又饮下一口，毒药催得英吉玛又是一阵狠咳。等他缓过气来，身子微晃，盯着自己的杯子满眼狐疑，终于明白过来你们干了什么。,
地道里那帮混蛋叫我们搭了个大得吓人的脚手架，却一个子儿都不给。要说跟他们干吧，我们手头又没家伙，走也走不成——本来还指望拿了工钱好离开这鬼地方。,
你最好别挡我的道……,
这就是实打实的铁证，圣雷穆斯才是我们[i]真正[/i]该拜的神！,
千万小心。那边可不太平。,
我琢磨着，要不是有艾迪丝在，我们怕是早就没命了。我倒不是说她做饭的事，是说她那种处变不惊、通晓事理的劲儿。,
她给我的感觉也差不多是那样。,
我会处置的。你那麦芽酒也许该放一放了。,
你这小混账！瞅见那崽子没？！她刚把你的东西顺走了！,
奈芙娅在边上哼了一声。,
没有战士撑腰，咱这盟约就是个空壳子——连颗牙都咬不动。,
找着啥了没？,
我绝不会放这种船进我的港！你既然来求许可，我心领了，但这许可，绝不可能给。你若硬要在这儿靠岸，那船就等着挨打沉底吧。,
他重重地喷出一股气。,
头一眼瞧见你，我就知道你非比寻常。,
她在边上兴风作浪够久了。是时候了结她的纠缠了。,
最后一个哨兵倒了下去，寂静破裂，只剩风在峭壁间尖啸而过。,
他一把扣住你的手腕，攥得紧紧的。,
{献上50份口粮。}我想向海姆达尔献上供品，求他赐我明察秋毫之能。,
不知道。我想你准不知道。,
你们今天干了件仗义的事。有些军团弟兄亲眼瞧见了，都跟我们说了。,
在斯凯恩森林中至少找出三种树木。,
只见他的下巴一下绷紧。,
突破,
我能信你么，冈纳尔？,
他脸上那佯装的疑色消融了，绽开一个暖融融的笑。,
入侵令已取消。我已决意维系与皮克特人的盟约。,
那老妖婆嘶声尖叫，唾沫星子喷得满嘴都是。,
嗐，不值一提。在那边可要机警些。,
那是[Player:Father]的东西，对吧？可他的尸身是你叔叔带回来的。这不可能是他。,
看来诸事当真顺遂。托尔芬已经把新船的龙骨铺好了——是叫[Shipname]来着，对吧？,
他们里头没几个能从这顺顺当当的交接里捞着油水。摸清他们站的哪边，可要紧得很。,
好啊，但愿你已跟诸神求得和解，因为我盼这一刻可是盼得够久了。,
赫罗德盖尔达漫不经心地拧过身去，背对着你俩，久久地望向那座教堂。,
你拔出撒克逊刀的一刹那，盖尔蒙德便跳步后退，两手高举。他眼都没来得及眨一下就犹豫了一瞬，随即转身，一头猛扎进篝火里，嘶声尖叫，求苏尔特收了他去。,
马班眼中，有金光一闪。,
啊，就是我。何来此问？,
让我瞧瞧。,
够了！够了。我认了。,
你打的什么主意？远远地把他们一个个点掉？,
闪避失败,
厅堂里绷得快要断的紧张气氛，登时化作宽慰与欢腾。格蕾妮亲热地一拍你的胳膊。,
空气里弥漫着浓得化不开的敌意，怕是用刀都能切开。就在这绷紧的沉默中，一阵遥远的轰隆声从格蕾妮身后的一个洞口传来——是你的人马正在下面的峡谷间穿行。,
你可算醒了！,
对不住……我总得壮壮胆子，可我不该也灌你酒才是。下回我会好好待你。,
等我什么时候得闲了再说。,
这倒也无妨——只别指望凭你的名号，我就能给你减价。要些什么，拿来我瞧瞧。,
瞧瞧咱们能摸到离那帐篷多近，又不叫他们发觉。,
这会子，驾你的船到那泰河奔向皮克特王都的湾口去，然后贴紧海岸，远远地朝北走。,
独有一桩：仔细别惊扰了国王之墓，除非你扪心自问，确乎配得上他那份遗业。,
可不，你不该来的。我若有什么要的，自会去寻你。,
干草叉本就不是真用来上阵厮杀的，可有些时候，手边有什么就得用什么。,
从我眼前滚开，掠夺者。滚出奥克尼群岛，再不许回来！,
我听说[Player:Name]放过了那个被[Player:he/she]击败的对手，甚至还让他加入了[Player:his/her]的亲兵队。,
我们是来助你夺下邓弗里斯的。,
今天过得如何？,
能弄到什么我就用什么。我一直在从外围的农庄那里弄来稳定的粮食供应。,
你的亲兵都聚在你母亲身边。阿斯特丽德看起来心烦意乱。,
真高兴再见到你，我的朋友。希望你没改变主意。我说过，我们已无处可去了。,
这[i]算哪门子[/i]解决？那肯定是个噩梦！你说的这些谁知道呢，说不定那姑娘只是半夜起来撒尿，碰巧外头一只鸟飞起来，就把她给吵醒了。,
差不多可以这么说——这类物件我都是定做的。你把我需要的材料带来，我便能为你打造你想要的任何装备。,
正因如此，才更该趁他们虚弱时出手。让奥斯雷德和埃塞尔雷德去争执那顶王冠该戴在谁的头上吧。很快，这些就都不重要了。,
埃奥福维克的冠军利奥弗里克，向你的亲兵队发起了演武挑战，想掂量一下你们的斤两。,
我叫毛科林，是这个镇子的郡长。,
你大可以走人。我不管你去哪儿，但最好给我滚出我的镇子。,
太冒险了。我们光明正大地走过去，看看他们肯不肯讲道理。,
战争已经打响了，[Player:Name]！不必告诉我邓弗里斯发生了什么，我的信使早已把一切都告知于我了。,
他的嗓音沙哑而粗砺。,
我就当没听见你的无礼之言。让我看看你的货，咱们赶紧了事。,
待你们二人梳洗完毕、吃过早饭后，凯尔从屋后取来了一件礼物。,
海豹领主,
我什么也保证不了。,
那潭水起初很浅，但很快就变深了。水面之下，一条隧道通向洞穴更深处。水质有些异样的浑浊，闻起来有一股死水的恶臭。,
王室顾问是个备受敬重的职位。你自会得到应有的酬劳。,
{攻击。},
看来这一仗是躲不掉了。,
那另一个男人似乎清醒了过来。,
要我说，在这件事上，托尔芬的意见最为重要。他肯定有些想法。,
那么，代价是什么？,
你和你的手下——你们抛下我们，独自去面对科纳尔手下战士们的复仇怒火！他们哪里知道，是你怂恿我亲爱的莱安南去干出那种事的！,
你当真明白自己卷入了什么样的麻烦里吗？凯尔是很美，这不假，可她却有些不……寻常。,
贡纳尔迈步上前。,
这倒是横生枝节。,
{尝试突袭杀死埃尔林，引发战斗。},
但你父亲治下很宽松，我敬佩他这一点。他或许没能建起一个令人生畏的强大氏族，但他尊重我们，给予了我们极大的信任。,
行，很高兴你加入了我们。,
如果你想打，我们可以帮你跟他们打，但战后那些活下来的人，不能处决。同意吗？,
他们不曾把那消息托付予我，但向我担保过，你会喜欢的。,
幸存的劫掠者已经在里伯现身了。你若想复仇，这便是绝佳的机会。,
我去睡了，凯蒂尔。明日再谈。,
格里穆尔夫收剑入鞘，背靠着一棵树，那模样忽然间仿佛比实际年龄苍老了许多。,
悬崖上有座烽火台，那本是用来在起雾时点亮的，好让船只避开礁石。,
我本不想如此的。我多希望你能留下来，与我们在一起。,
阿斯莱夫只一点头，便将注意力转回了他的同伴身上。,
包涵包涵，年轻人！容我把这把二十五岁就犯关节炎的老腿歇一下，我便走。,
去畜栏边摘些花来，带给胡尔达。,
斯库勒把你派到这儿来，真是害苦了你。他本该亲自来的。,
[i][Player:Name]！[/i],
我们快到地方了。如果我们的策略奏效，你刺杀考斯坦丁成功，这一仗许是很快就能结束。,
你是说服不了我们改变信仰的。,
确实是。,
我们会把你从那儿弄出来的。你要心存信念。,
大多是一些银首饰，还有我那把旧剑。那些你全都留着，只求你把那只爪子给我带来，我求你了。,
我是凯尔，商人鲍尔德雷德的遗孀——很荣幸见到你。,
我刚瞅见那几个小子穿过营地，打西北边的出口火急火燎地走了。,
他最好乖乖认罚，否则他全家都得受牵连。,
跟我料想的一样——你带来的这帮“客人”，简直是搬了一整支军团份量的精钢兵器进我家门。基利安，你就全然不为我这把老骨头的安危着想吗？你这傻小子！,
你的骨头里感觉不到一场战斗，也预见不了一场厮杀。,
啊，确实。那抱歉，这话得由我告诉你，那座坟在我和我的族人守护之下，早已封禁。,
搜索附近，翻出一辆被砸烂的马车，值钱物件早已被洗劫一空。,
恩巴尔德手划十字，嘴里嘀嘀咕咕念叨了几句拉丁语。,
你要是在这儿留着不走，回头我要是用得着你，也好再找到你。,
背后指使的是斯库勒·碎颅者。这几个月来，他一直跟我们对着干。,
格蕾妮像是受够了你的满嘴胡说。她攥紧拳头向上一举，唇间迸出一声尖厉的唿哨。人群应声而动。,
斯库勒本人，倒是一条令人过目难忘的汉子。,
为朋友出力，我从不嫌麻烦。还有什么事，只管说。,
留里克满脸厌恶地摇摇头，把那把小刀往地上一摔。,
那年少的男人像是松了口气，抬手朝其他人打了个手势，让他们坐回去。众人虽不情愿，倒也照办了。,
你是否打算扬帆起航，就此离开日德兰半岛？,
你觉得那一下就叫够劲儿？等我热完身再说！,
[Victim:Name]方才还在那儿走着，现在只剩冰面上豁开一道狭长嶙峋的裂口。你的近卫团其余人等脚下不停，飞一般冲完了到岸边的最后一段路。,
{付100财货。} 拿着。,
这么说你早知道他们的底细？众神之父在上，那你为什么到现在还不动手？,
听着不赖。那能把咱们直接送到国王大厅跟前。,
宽慰与感激搅在一起，在他脸上拧出一副说不清是哭是笑的模样。,
{宰了他。},
那说吧，你究竟在找什么？,
走，去看看斯卡拉格里姆的近卫团回来没有。,
若要攻打耶灵，非得动作快、出手奇不可。,
或许到头来我还是帮得上你。你说你在找谁来着？,
他们说那座墓有矮人、精灵，或这一类的地底活物守着——但凡敢闯进那片禁地的人，都会遭一场极可怕的报应。,
薇尔卡，心肝儿——去把维娅拉，还有你爹妈都叫来。,
全都把东西装上。咱们要把这地方搬空。,
其中一个约莫十八个冬天的年轻男子从篝火边抬起头，起身向你问话。其余人仍坐着，却互相递起了眼色。,
跟努基单挑。,
一种来路诡秘的酊剂，能让用者浑身涌出使不完的劲，三回合内跑得更快。,
是他干的。,
皮革又丢了。这镇子里头有贼。,
这下可不妙了。,
终于得见尊面，真乃荣幸。家父每每提起您，总是称赞不绝。,
菲恩古阿拉和她未来的丈夫待在一处。两人看起来相识已久。,
用不着谢我。我们不过遵了考斯坦丁的意思办事。,
廖特尔和我会盯着他们的，有个什么风吹草动，我便支会你。,
就凭这一点，你今天便有来无回。,
她把脸一苦。,
不错，我正有此意。,
不怕。他们知道咱们要来，可万想不到来的是咱们。,
那货商得意扬扬，高高举起双手。,
话又说回来，修一座蜜酒厅倒是个绝妙的法子，既能在本地树起声望，又能巩固邻里的交情。天下有谁不爱一场实打实的大宴！,
寻求托庇,
他双手啪地一拍，惊飞了邻树上的几只乌鸦。,
你哪里明白！我们自己连给他们榨都榨不出了！,
你不该逃的，艾菲。敢背弃我，就拿你的命来偿。,
雕纹生锈剑,
[Greedy:Name]把身子挨了过来。,
而且咱们带回来的财宝，多到回程时船都快要压得浮不起来了！,
你欠着卡斯雷德一笔债，我就是来收债的。,
够了！弓箭手，放箭！,
这把凿子刃宽，捅起人来差劲得很。可正因如此，死在这玩意儿下头，才格外丢脸。,
那你得讨个名号了。,
咱们带上她吧，[Player:Name]。旁的姑且不论，埃迪丝的手艺总能把路上日子过得好受些。,
可惜了，我的[Player:好小子/好姑娘]，你差一步就成了，却偏偏漏了倒数第二步！真正的基督徒绝不会犯这种错的。,
[Player:欢迎/欢迎]来到里伯，[Player:Name]。不知何事令您有此雅兴光临？,
你的近卫团陆续醒来，聚到篝火边吃着早饭。就在此时，你猛一下想到一件事。,
他脸色一沉，一副恍然大悟的模样。,
芮斯克娃把手攥到罐子外面，慢慢收紧。,
我们该回去看看她怎么样了。,
四个钟头过后，斯卡拉格里姆从你驻在下方的主力部队里冒了出来。,
你能这么说真好，但我仍为胡尔达悲伤。她是一位充满智慧的女性，积累了关于草木、神灵与精魂的毕生学识。眼睁睁看着她的心智如此崩解，我实在心痛。,
不过你看起来身子骨挺结实的。有没有试过干农活？,
今年闹狼，鹿比往年少见了些，可话说回来，这季节我随便一箭出去都能射中只松鸡，所以也没什么好抱怨的。,
他当然会去，不然这一切还有什么意义？,
贡纳尔举起手中的[Leader:weapon]，致以敬礼。,
干一杯，敬雅尔那份不经意的慷慨解囊！,
里伯的报信人是个精力充沛的年轻姑娘，生着一头火红的头发。她轮廓分明的五官上凝聚着雀斑，笑容里藏着几分狡黠。她那副受过训练的嗓子，毫不费力便能穿透市场的嘈杂声浪。,
等这场劫掠的消息传开，我们想集结一支大军根本不费吹灰之力。你很快就能统率自布拉韦利尔之战以来，北方最庞大的一支军队！,
他死了。是被竞争对手的一个领主手下的人给谋杀的。,
有人在沼泽里失踪了？,
[ObjectOfAffection:Name]的语气里透着刀刃般的锋利。,
老铁匠从铁匠铺的深处投来怒目而视的目光。,
米尔丁比我们来得更早。就我所知，他从来就住在那小山洞里。可麻烦的是，这地方的人，不用说，全是基督徒——而且信得如火如荼。他们非但无法理解米尔丁，反倒对他怕得要命。,
[Stuck:He/She]为坠落做好了缓冲准备，但[Stuck:his/her]一条胳膊落地时角度偏得厉害。只听一声令人作呕的咔嚓脆响。[Stuck:Name]发出沉闷的咕噜声，紧紧攥住了[Stuck:his/her]伤臂。,
[Leader:Name]踱到牢房前，直直望进那少年男孩的眼底。,
那些挥之不去的疑心。那些无休无止的争吵。,
别让我一个人在这儿戳太久。,
在你身后，你的母亲正瞪大双眼，目光空洞地望向远方，整个人僵在原地，为儿子的命运恐惧万分。,
时候未到。,
跟我说说你的家乡是什么样的吧。,
多亏了你，诺森布里亚与皮克特兰才统一在了一位国王的麾下。很快，一场盛大的胜利盛宴就将举行，你会是座上贵宾。这或许正是你发兵入侵、一举夺权的天赐良机。,
在镇上待了些日子了，是从奥尔斯和维堡过来的。,
两个男孩蹲在小溪边，一个大概十五岁，另一个年纪小得多。稍加观察便明白了他们的差事：大男孩正教小男孩怎么徒手摸鱼。只是这条小溪浅得根本藏不住鱼，这堂课也只好全然停留在理论上了。,
多谢你出手相助。我……我能拿出手的，也只有这句谢谢了。,
刚进埃塞尔雷德的营地那会儿，瞥见你的时候，我心说兴许你就是我的联络人。咱们赶紧把这事儿了结吧。,
他大腹便便，面色红润，脸上永远挂着一副和和气气的笑容，一开口那嗓门能响彻集市街最熙攘的路段，却丝毫不让人觉得招人烦。,
克维尔杜尔夫鞣制的战甲,
{交出4000贵重物品。} 倒也公道。,
哎哟哟，瞧瞧你这身打扮，拾掇得人模人样的，是要跟那帮穿锦衣的主儿碰头去啊。,
你觉得该找谁来帮你修好这桅杆？,
等你们与我女儿到了珀斯，就到河边找我的侄女梅尔·法巴尔。她在那里出售我们地里的物产，定会为你这了不起的壮举好好酬谢你的。,
若在此地死守，只会落得一片混乱。我们定会寻一处新地方，一处更合于我们抱负的所在，然后——,
当你们并肩走出营帐，朝水边走去濯洗时，所有人都抬起了目光注视着你们。,
不可能认错女祭司说的那棵树——它看上去仿佛从恒古之际便驻守于此，虬结盘错的根系从周围松软的泥土中远远地冒出头来。,
一个男人和一个女人贴得极近地站在一堆酒桶前。只用眼角的瞬间一扫，就能看出这两人[i]真的[/i]恨不得把对方立刻生吞活剥了。,
她会从附近的农庄里牵来精神头十足的健壮马匹。待你们启程之时，它们一准儿会在镇子边等着。,
终结这场盛宴,
格蕾妮坚忍地点了点头，就此一语不发地离世。在生命最后的片刻里，对于这个她想必早已预料多年的宿命，她看起来几乎是如释重负。,
商人亚尔达尔·亚恩斯凯加松正在寻访孔武有力的战士，替他夺回产业。,
那……那座女修道院。,
别，别，别！慢着——且慢动手！我们可以付钱给你们！,
着实费了一番功夫，但你终于推倒了那根尼德柱，又将那匹遭宰杀的马割成了条条肉块。当你把残骸丢给那些食腐的家伙时，只有乌鸦的聒噪声一路追随着你。,
格里姆凯尔和奥尔比约恩似乎思索了片刻。阿斯莱夫睿智地点了点头。,
渔夫正专心修补着一张磨得不成样子的旧渔网。他抬起头，礼貌地点点头——脸上却难掩忧色。,
邓弗里斯的人民正热切期待着你的裁决。,
我们和你们一样急需这解药。我是绝不会放手的。,
别高兴得太早，我们还没完。,
正合我意。我一直想不通，当初为何要带上他。,
很遗憾，但我能理解。你定是担心将自己战术透露给一个将来可能兵戎相见的人。,
阿斯莱夫清了清嗓子。,
罗斯科娃压低了嗓音，如低吟般轻唱，微弱得你几乎无法听清。,
凯蒂尔的目光在那老人脸上审视着。,
听说了贝奥赫特弗里斯儿子的事吗？他们说那小子离那条河太近，人就再也没出现过。,
她的目光漫无目的地游移着。,
冷静点，是主教派我们来的。,
{花费60贵重品购买头盔。} 那个头盔，给你6枚奥图格银币，如何？,
这消息……真他妈的[i]糟透了[/i]！,
在后方，埃尔林格最小的儿子阿雷，脸色愈发烦躁不安。,
你是谁？,
去埃奥福维克找埃塞尔雷德谈谈。,
掠夺者摸到了唐科尔斯家宅的废墟，在灰烬里翻找幸存的财物。公主的卫兵布雷萨尔恳求你将他们从自己国王的故宅中赶出去。,
我呃……我想我没听懂您的问题。不过我会呃……记着您问过的。,
那是你的麻烦，我已尽力了。,
让我瞧瞧你的材料存货。,
{杀了他。} 我判你死刑。,
你费了些功夫才找到利奥弗里克倒下的地方。令人惊讶的是，这位埃奥福维克的冠军竟仍在呼吸。,
等你向我宣誓效忠，我们才能共饮。,
与阿斯特丽德对话，结束这场战役。,
你定是[Player:Name]！是戈德维夫派我们来找你，助你攻破城墙的！,
我父亲为何会带你来？,
你的意思是，我们主动出击，击溃这些强盗？,
我家世代在里伯外的森林里劳作。这城镇的建成，也有我们一份力。,
要是我没能回来，替我照看好我的小子们。,
在诺森布里亚，你找到了父亲最后一次远征的线索。或许，你可以循迹追查一切的终结之地，终于得到一个答案。,
他攥紧了双拳。那神情看似愤怒，但在你看来，那或许其实是羞愧。,
我在这儿是为了——宝藏。但被那些强盗抢走了。你若肯帮我……我就……[i]喘着粗气[/i]……就告诉你如何寻到它。,
{离开。} 很好。,
自然，家父已不再年轻。我知道，他心底是想让我留在此地帮着照料农场。但眼下他看见了我们旅途的成果，抱怨声倒也渐渐不再那么激烈了。,
别耍花样，异教徒。,
这是谁的？真是太酷了！,
你已抵达德瓦·维克特里克斯——昔日旧帝国的一座宏伟堡垒，不幸于数个世纪前被遗弃。如今，罗穆卢斯军团将这片废墟重振为圣地，以敬拜圣罗穆卢斯。,
女猎手西格丽德在你家宅附近的森林里，发现了一群露营的旅人。,
他瞥了一眼身旁的卫兵，目光又回到你身上。,
还有别的事吗？,
返回斯克恩，与阿斯特丽德对话，终结在不列颠的冒险。,
很好。丑话说在前头，免得误会：你若改变主意，我们便将邓弗里斯夷为平地，杀光所有胆敢抵抗之人，余下的统统抓去当奴仆。,
直面那些猎人。,
她……迫切地想要证明自己，对吧？反正看起来是。她坚硬如铁，但好像自己浑然不知。,
说。,
你没听说吗？昨晚有人在那边摆了个牛头。,
很好。猫是天生的猎手，她自己一猫也能过得很好。,
考斯坦丁若有所思地捋着胡子。,
小队经由一条靠近河流的隧道潜入了埃奥福维克的地牢——在罗马时代，这里曾是条下水道，内脏秽物的恶臭如噩梦的余韵，至今仍在此处萦绕不散。,
自然。,
格蕾妮不是说他有一支军队么？,
悉听尊便。,
竟会认为你们这等人能给这片土地带来的除死亡与背叛之外的东西，真是个天大的错误。在你们踏足我们海岸的那一刻，我们就该将你们赶尽杀绝！,
继续。,
[迷信:Name]正在近旁干活，带着愈发警惕的疑心紧紧盯着莫尔坎特——那个被俘的修士显然对此心知肚明。,
考斯坦丁有个地下宝库。[i]我们[/i]有权洗劫它。,
听着，我跟你还没熟到那份上，能给的活计有限。总不能派几个陌生人去替国王执法吧。,
我跟你父亲有过生意往来。你们这些房子，不少都是用我供的木料盖的。,
你竟把他活着带回来了！干得漂亮。这是答应的九十八便士，拿去吧。,
那[i]狗娘养的[/i]！,
奥斯雷德还活着，但也只剩半口气了。他倒在血泊里，昏迷不醒。,
那我的同伴们呢？他们就这么被株连了不成？,
你不是头一个跑到这儿来，想从我手里夺走奥克尼群岛的家伙。说实话，我自己就是从个叫维达尔的人那儿抢过来的，而维达尔是从皮克特人手里夺的。,
我不由想起咱俩初次见面的时候，在去珀斯的路上，[Player:Name]。如今想来，当时那情形，弄不好可比那要糟得多。,
有些不对劲。烽火怎么没点起来示警？再说这时机，对咱们的敌人来说也太[i]凑巧[/i]了些。,
话一出口，罗斯克娃才回过味来，脸颊微微泛红，抬手掩住了笑意。,
但愿如此。,
她眨眨眼，竭力收拢思绪。,
确实，呃，你们最好另找个王国去探查。我这片领地早被探得明明白白，我的臣民也不会乐见你们这伙武士在乡间转悠。,
开个价。,
鱼钩上没鱼咬饵……好几个月都这样了。,
差不多就是这么档子事。,
你当时去见谁了？,
基利安停下脚步思索起来，本地的萤火虫们总算松了口气。他那罐子里已经嗡嗡嗡地关了六七只了。,
“欢迎你，希密尔，瞧你精神抖擞：如今你的儿子已回到你的厅堂，这孩子在远游时我们俩都惦记得很。赫罗德的死对头也随他同来，是战士的好友，名叫索尔。”,
谁在乎？他们如今再也威胁不到咱们了。,
{攻击。}对不住了，达布格拉斯，我们得救你表弟。,
{出示塞法的项链。}我先问你件事。你可曾见过这样一条项链？,
他发出一阵沙哑的笑声，笑声里满是辛酸。,
你干得可比我料想的最坏打算还过分。行啊……你们也就走到这儿了！,
趁英吉玛目光一转，你麻利地把他的角杯和自己的调了包，随即举杯致意，老头对你的把戏浑然不觉。,
[无聊：Name]一把攥住了[贪婪：Name]的肩头。,
是，陛下。我向上帝起誓。,
去南墙外的货仓，把那镶着珠宝的金十字架偷出来。,
多谢了，[Player:诺尔斯人]。现在请离开，容我们安安静静为灵魂祷告。,
我们自然还得寻到那片林间空地——假若还有残存的话。立这块石碑的时候，这儿怕是一个基督徒都没有。,
他们已经发了誓。,
真的？！哈哈哈！这可是天大的好消息！我总算能离开这座又刮风又下雨、一塌糊涂的破岛了。,
行，我帮你把那奸细揪出来。,
他要是奔海泽比去，就非得穿过那片沼泽不可……,
这事儿咱们没完！,
凯蒂尔挑起一道眉毛。,
{查看足迹。},
最后一个敌人轰然倒下，耳中奔涌的血流声渐渐平息，你猛地意识到，不远处另一场厮杀正在上演。,
你若真要我接下这桩活计，我自会去林子里与你碰头，帮你挑一棵合适的树。即刻动工的话，约莫暮春时分就能把你的船造好。,
是巨人！,
讲讲道理嘛。我们是体面人，此番前来是为咱们两国修好。容我们助你们一臂之力。,
凯蒂尔感激地抱住了你。他双手揪紧你的衣袍，你能觉出他的呼吸渐趋平稳。他把脸埋在你肩窝，含混不清地嘟囔着什么。,
真高兴总算甩掉了那个老糊涂。,
你年纪轻轻，不该这般愤世嫉俗。,
你是个好人，[Player:汉子/姑娘]。你已尽了全力。,
我自己地盘上那些勾心斗角、尔虞我诈，跟你那儿比，只多不少。,
入夜后不久……,
年轻人坚决地点了点头，便朝神殿方向悠然走去。,
不！国王下令抓你们的时候，我跟你一样大吃一惊。,
这么说，你老家——斯基恩，对吧？你是那儿的领主？这爵位怎么落到你头上的？,
再说了……眼下人多也不顶什么用了。瞧他们那龟缩死守的架势，只有出奇谋才能救得了你。,
成。不管使什么法子，我非查清他出了什么事不可。,
亚斯莱夫松开怀抱，把双臂交叠在胸前。,
好吧，至少[Player:he/she]还[i]知道抱歉[/i]，为丢下我们，任我们自生自灭。,
欢迎回来。在邓弗里斯出了那种事之后，我觉得是时候着手为入侵做准备了。,
主意倒是不错，但我对下套捕猎一窍不通。这事儿你能应付得来吗？,
他深深陷在自己的思绪里，半晌才将目光凝聚在你身上。,
但要是国王明天就颁布莱当征募令，我们部族能凑出多少能上阵的战士？不过区区十二人？,
不！住手！这里谁都不用死！我们可以——别逼我跟这些人兵刃相见！！,
找到埃塞尔雷德，去瞧瞧奥斯雷德究竟会落个什么下场。,
可即便如此，也没能拦住他夺走我的处子之身。,
那女孩回到其他奴仆中间，依然抽噎着，却如释重负。周遭很快便沉静了下来。,
回去见牧师，告诉他你已决意容留这个教派。,
你本无须出手相助，却依然仗义援手——全然不顾哈夫丹之子们手握的黄金与权势。这方土地上到底还存着公道。多谢了！,
万幸，你们的麻袋空空如也，并未装满劫来的宝物，所有的小玩意儿都贴身藏好了。守卫们显而易见地松了口气。,
行吧，不过按咱们的约定，这里头有一半归我。,
他们有多少人马？,
你的领地，你几乎对我只字未提。,
她叹了口气，目光恋恋地投向[ObjectOfAffection:Name]，随后，凯尔的身影便消隐于家门之内。,
凯尔特拉姆·麦克·穆尔霍莱格？哦，是了，他家姑娘我大概认得。,
你将来是要做斯凯恩女祭司的人。这种仪式多参加几回，保管你腻烦透顶。,
他先是试图自卫，接着就想逃跑。结果被绊倒在地，活活给咬死了。,
就帮我个忙，可别在短时间内就跟谁生一堆娃、安定下来，成吗？我可不想一下失去我仅有的两个至交好友。,
那我们最好躲远些。多谢你的警告！,
去拜访比约格迪丝，探问一下她女儿身体如何。,
{杀了他。}不如我把所有东西统统卷走！,
凯蒂尔瞪大了眼睛，死死盯着那些战利品。,
我可不是个乐善好施的人。,
她的脸腾地一下涨得通红。,
退下，你们这帮蠢货！我们只不过是想求药，去治那折磨我全家的恶疾！,
我算是准备好了要离开这鬼地方了，你准备好了没？我反正是一刻也不想多待了！,
我知道这纯粹是疯癫的梦中逻辑，可我心底里有个声音，竟完完全全相信事情就会那么发生。,
我绝不会辜负诸位寄予我的信任。诸位的性命与安康，才是我心头最挂念的头等大事。咱们人人都在渴求财富与荣耀，可倘若无福消受，不能安康地活着去享用，这些东西要了又有何用？,
我们[i]绝不可能[/i]放异教武士踏入珀斯一步！你们必败无疑！吾王正仰赖着我们！,
或许咱们的领地[i]真该[/i]合并起来。不过，得[i]由我[/i]来掌权。,
她并不像我倾心于她那般倾心于我。,
众人爆出一阵欢呼，纷纷举杯畅饮。又有几块额外的肉被投入锅中，在熊熊烈焰上咕嘟咕嘟地炖煮起来。,
呃，这真是糟透了。我喝完这玩意儿非后悔不可。,
整条肮脏的小巷遍布着挣扎与恐慌的痕迹，然而，你的目光却被墙根一路拖向河边的斑斑血迹牢牢攫住了。,
一帮不知天高地厚的蠢货。你们还不明白自己捅了多大的娄子吗？,
再次多谢你出手相助。不值得为头猪闹出人命，甭管咱们两家素日如何相处。,
行了。我完事了。咱们撤吧。,
我先折回去跟其他人报个信，告诉他们出了什么事。我向你保证，我们定会把你从那里救出来。,
我留意到你觐见国王时的光景了。在他那儿你休想有任何进展。埃塞尔雷德可要通情达理得多。,
我懂了。有种较之情爱或欲望更为强大的力量，正把你从我身边拽走。我早已见惯了这人世间的悲欢离合。,
你对你的庇护人就只有这点儿信心吗？他帝国的丰碑，在这片大地上处处拔地而起。找个新归宿，怕也没那么难吧。,
神明的恩宠，从不会平白无故地赐下。待你能够献上一份配得上神明的祭品时，随时随地，你都可以回来。,
他头也不回，只抬手做了个致意的手势。,
{查验尸体。},
这么说，咱们现在能去见瓦莱里乌斯了？,
丹尔那副面无表情的模样，端的是滴水不漏。,
我一直在寻你。,
埃迪丝那副神态，分明是恨不得叫你们所有人都明白，她才懒得管你们这帮年轻人夜里搞什么勾当。,
利奥弗里克或许已经死了，但这宅子里面，毫无疑问还有更多的守卫在候着咱们。,
你与父亲和他那些早已故去多年的侍卫们并肩而立，赢下了这场战斗。被斩杀的约顿巨人尸身倒地，仍在阴燃，面孔扭曲成一幅幅痛苦而惊诧的模样。,
盟友有需，我自然乐意相助。,
你可认识一个女孩？她跟一个叫凯尔特拉姆的混在一起。,
拿去，这就是她偷的全部东西。拿着，赶紧走。,
[i]圣母玛利亚，天主之母，求你现在和我们临终时，为我们罪人祈求天主。[/i],
他大概快三十岁，身穿一件饱经磨损的盔甲，下巴上横着一条可怖的疤痕，那是曾被长矛刺穿留下的创口。,
民兵队的首领是个老人，身材精瘦结实，双手一看就惯于粗重活计。他瞎了一只右眼。,
你就是西奥多？,
多谢了，[Player:诺尔斯人/诺尔斯女人]。看来你的灵魂也未必就没救了。,
我心里当真没什么打算。,
双方都有份！他们偷了我们的货，逼得我们为了活命只能去偷他们的！我们困在了这里，没船，没马，没有货物能买通回家的路。你说：我们还有什么活路？,
{判断一下周围的情况。},
你若是那个意思，那我一向不派旁人替我上阵厮杀。,
年轻的女巫眉头一皱。,
墙壁坍塌的巨响灌满了整条坑道，卫兵们吓得跳将起来，惊恐万状。,
斯库勒领主侵入了我的领地——我这才被迫向他处求援。,
奥斯雷德手下的一名密使正在会晤一群麦西亚人，以争取他们支持，对抗埃塞尔雷德那场迫在眉睫的政变。绝不能容此事发生，故此交给你的任务便是中断这场谈判，并将与会之人尽数斩杀。,
他话音含糊，语调飘忽不定。,
以阿萨神族之名起誓，那些传言竟是真的。,
祭司望着你，神色焦灼。,
挨了那一下，他是决计爬不起来了。斯库勒领主死了。,
那些奴仆们警惕地望着你，猜不透你打算怎样处置他们。一个下巴上刚冒出些须茬的年轻人，小心翼翼地朝前迈了一步。,
为你的叔叔格里穆尔夫报仇雪恨。,
等所有人都上了船，我才会做决定。,
想过我们的地头，就得留下买路钱……他们的货物，还有他们的命！,
罗斯克瓦——去看看你能帮上些什么。,
她梦见自己一丝不挂地走过一片草地，乌鸦绕着她上下盘旋。,
与你的侍卫们商议拉格恩瓦尔德带回的情报。,
我该着手了。,
审讯一个被俘的挪威掠袭者。,
西人凯蒂尔。,
我没兴趣与你们的国王交谈。,
墓地花,
若想再多探听些消息，你可以去找管事的牧师或民兵队长谈谈。他们正在后头叙话。,
罗斯克瓦发出一声挫败的战栗喘息，恼怒地在原地一转，便独自消失在了密林深处。,
你都卖些什么？,
用得着你的时候我自会回来。,
正是。我听到的情况也一般无二。那么请问，假使我明日便召集莱当征募军，你下辖各地能提供多少训练有素、装备齐全的战士？,
你能就此了断，倒也是件好事。,
仅余光秃的骨骸，破损不堪，饱经风霜。饿极的食腐动物将骨骸拖得七零八落，原本会流溢满地的液体，大多被变了色的泥土吞咽了个干净。,
{和凯蒂尔一同回你的帐篷。},
见你一寸寸凑上前来，贾姆珀满眼狐疑地上下打量着你，随即重心微沉，暗自提防你要耍什么花招。,
既然如此，你可愿意将你的那套说法给我讲讲？,
听着倒是个值得一试的好对手。,
肮脏交易,
英吉马正装出一副全神贯注于他那蜜酒的模样，可你瞧得出他正使劲支着耳朵偷听。,
行，那我从此便做个哑巴，一个字也不说了！,
好让你日后拿它来对付我？不如等打完这一架再来解决这档子事，嗯？除非我战死了——那你只管从我冷冰冰、硬邦邦的手里把它夺过去！,
{取消。},
古头盔,
外乡人……求求你们，帮把手……,
到村子北边的瞭望塔和祭司的儿子会合。,
容我瞧瞧你有些什么。,
那[Unlucky:倒霉蛋]不费吹灰之力便抓住了绳索，有你在旁相助，片刻之后，[Unlucky:他/她]便给弄到了安全的地方。,
敌军的伤亡少说也有我们的六倍之巨。咱们的战术果真大收奇效！,
犬妖？,
他将手中那件木工活重重往下一拍，转过身来面朝着你。他眼中怒气一瞬即逝，跟着便冷静了下来。,
赫罗德盖尔达。杀害斯库勒的凶手。,
一个自由的男人或女人，或是三条奴隶的性命。这便是进入墓穴的代价。付清代价，或是就此离去。,
她笑了——这次可是货真价实的笑容，连牙齿都露了出来，毫无保留。,
她明显喘不上气，只是微微点头，跟你打了个招呼。,
斯库利维持着一副礼貌却空洞的表情。,
这地方有什么需要我帮忙的吗？,
要来一杯吗？,
尽管那人差不多已经看见你这一记右勾拳抡过去，可你这一拳的力道根本没给他招架的机会。拳头砸中他下巴的瞬间，一声闷响，他当场昏死过去。,
我们该拿了要取的东西，赶紧离开这里。,
力量提升，持续3回合。使用两次则效果翻倍，但会因此降低灵巧和感知，直到战斗结束。,
你正捧着一碗热腾腾的美味炖菜，享受难得的清静，这时内菲娅疲惫地呻吟一声，在你身边坐了下来。,
完事了。快离开这儿。,
一张用绳索悬吊的结实宽眼网。受害者会陷入束缚状态，直到下回合结束。,
结果还不算太糟。,
你若想秘密潜入耶灵，就在通往南门的小路左边找一栋小农舍。,
谢谢你，父亲。我想你。,
你觉得埃迪丝这人怎么样？,
当[Stuck:他/她]终于从泥里挣脱出来时，[Laugher:Name]赞赏地拍了拍[Stuck:Name]的后背。,
酸液罐,
但我不能派我的战士们去支援你们。,
一旦考斯坦丁倒下，就再没人能协调珀斯的防御。军队很可能会按氏族分崩离析，四散而去。,
你能从远处把他们中的一个干掉吗？,
皮克特军队已经在镇子西侧就位。,
方圆数英里的所有贸易都经过这座港口。,
那个小女巫？她可是个救命恩人！我说的是字面意思，她不止一次帮我包扎过伤口。比原来还好用！有这样的人在身边，真是福气。,
嗯，看你们这些人在这一带的所作所为，我估摸着你们也走不了什么运，不过要是你们想去珀斯，我们可以护送你们过去。,
听着，很明显你们压根不是什么商人。我不喜欢被人糊弄，所以我觉得你们最好还是走吧。,
久到我都习惯了。不过最近情况倒是越来越糟了。,
他毫不犹豫地点了点头。,
父亲有两枚图腾，若是有人需要以他的名义行事，就会借给他们。只要你们把图腾亮给守卫看，他们立马就会放你们进去。,
其实嘛，是骑着一条龙飞来的。,
发生了什么事？,
我当然见过。像贡纳尔那样的人，谁都不会轻易忘记。我猜你也见过他了吧。但愿不是在战场上见的？,
我们在盯着你呢。你和你那帮人都给我放规矩点儿！,
我想我们俩心里都清楚，这个价码根本不合情理。,
你在干什么？,
格里穆尔夫，没错，但他不是你父亲。那艘船只配了最基本的船员，总共五个人，领头的就是格里穆尔夫。他们提到船是一位[Player:Father]的，但在海上出了岔子，他们这是要返航回家。,
丹尔转过头喊道。,
我真希望自己能说对此感到吃惊，但这恰恰是教会内部其他群体强加给我们的一贯谎言。,
我们必须到别处去寻求政治盟友。那片汪洋彼岸的伟大王国——若能获得他们的支持，我们也许就能抵御这些企图征服我们的行径。,
好吧。再拖下去也没意义了。,
洞穴边缘露出一道向下的竖井，深不见底。气流正是从这儿来的。至少在你目所能及的范围内，它的宽度足以容得下一个人。,
铁匠克维尔德乌尔夫已经退回到他熟悉的工坊里，此时正和妻子达格海德展开一场激烈的争论。,
恩巴尔德嘴角浮起一丝讥笑。,
从你们登陆的消息传到埃奥福维克那一刻起，我就知道事情迟早会走到这一步。你们的人给这片土地带来的，只有死亡和毁灭。,
谢谢你，胡尔达。我还会再来看你的。,
你这么做真是宽宏大量。当初你本可以轻易把他们俩都杀掉的。不是吗？,
沉默仿佛凝成了块，沉得都能拿刀切开。内菲娅、西格丽德和廖特尔互相交换着眼神，又齐齐看向你——不难想象，他们各自的脑海中，正在进行着何等激烈的交锋。,
斯库利那副得意的嘴脸简直藏都藏不住。他已经让你结结实实地落入了他的圈套。,
为什么？,
你居然迷上了那个“可怕女巫姑娘”！我真[i]不[/i]敢相信，你竟然会对“可怕女巫姑娘”动心。这事儿里头，该不会是用了什么爱情魔药吧？,
埃塞雷德的大厅里人来人往，忙得不可开交，可国王的部下却直接挥手示意你们通行。,
哪个男人能拒绝得了你呢？,
她花了好几个漫长的、别扭的瞬间，才让自己平静下来。当她再次凝望你时，那双眼睛虽红肿着，却泛着光亮。,
如果女人们拿起武器，我想其他奴仆只会等着看风头。但要是你最后是和厄林格一对一，她们多半会加入。,
收拾收拾,
我只是路过，对这地方你了解多少？,
听到门响，内菲娅的母亲比约格迪丝从卧室里走了出来。她一脸倦容。,
没错，你不是基督徒。他们说你们崇拜的那些古老神祇残暴嗜血，对基督普照的光芒，只渴求以牙还牙。,
咱们来点讲究战术的，大个子，你看怎么样？我觉得一开始我能在这么远的距离上先解决掉一个。,
那商人定定地瞧着你，一脸怀疑。,
冷静点，厄林格。甭在这儿装模作样，好像这烂摊子不是你自个儿惹出来的……,
过去一年，我一直在为我儿子与达尔里阿达国王唐科尔克的女儿商谈婚事。这样一场联姻，将让我们的王国和睦相处，永结盟好。,
这枚护身符是凯蒂尔唯一的念想了，是他纪念姐妹的东西。这对他的分量，很重。,
你注意到林子边上倒着一头被剥了皮的死鹿，有部分肉正在锅里煮着。,
不！求你了！至少，放过那些女人！,
你父亲的兄弟里有两人随他参与了最后一次远征。只有格里穆尔夫一个人回来了。这顶头盔，原是西格哈尔姆的，他们三兄弟里最小的那个。,
是你，是你让我丈夫给康纳尔·马克·泰格下的毒！[i]然后，你就这么一走了之！[/i],
那些饮剂和药，你卖不卖几样？,
那又怎样呢？,
他们到了！看那边！,
我是埃塞尔雷德的盟友。我或许能帮得上忙。,
{交出金鹰旗。}看，我带回什么来了。,
我……我信。,
你费了些功夫，才编出一条够长的绳索，并把它牢牢拴在竖井旁一棵粗大的石笋上。,
我的人亲眼看见了！你们这些天杀的哈夫丹之子，以为就这么……,
制皮匠吃力地把手伸到身后，摸索了一阵，才掏出一小块碎布片，上面的颜色正是奥瑟瑞德家徽的式样。,
情况比我想得还要糟心。,
那些毛贼已经死了。,
铁匠嘴里咕哝着，但还是收下了钱。,
他敷衍地半点了点头，但随即似乎又觉得不妥，改了主意。,
西行去往达尔里阿达和唐科尔克的庄园，查明究竟出了什么事。若她还活着——愿上帝保佑如此——就把芬古拉公主带回珀斯，让她嫁给我的儿子。,
不，我——我今天已经被抢过一回了！你以为这摊子烂事……是怎么惹到我头上的？！,
{杀死那头受伤的公鹿。},
你[i]喜欢[/i]我？呵，恕我直言，你这话可真没法叫我神魂颠倒——瞧瞧，你可是正盘算着夺走我的土地啊！,
幸会，很荣幸认识你。,
{攻击。}考斯坦丁·马克·弗格斯向您问好来了！,
就跟[Player:Father]一个样，即便被人指着鼻子挑战荣誉，也还是一副目中无人的架势。,
[i]我[/i]设的圈套？！国王下令拘捕你时，我和你一样吃惊。,
在此地光荣战死，强过在家里熬过漫长又无聊的一生。,
她蹙起的眉头里，带着真切的同情。,
那样的话，你便实实在在是我的人了。等到你山穷水尽之日，便是我们在我那殿堂重聚之时。,
另一艘船的船员刚一进入弓箭的射程，就开始朝你们胡乱放箭。也是运气不好，一支流矢正中[Victim:Name]的肩膀。,
你的叔叔格里穆尔夫教你用双手斧战斗，那是他最趁手的家伙。当你第一次在练习中将他击败时，他便把这把丹斧赠予了你，作为你出师的凭证。,
{描绘一番在考斯坦丁治下，北方一统，而瓦达身居显位的宏图。},
我来看看你都有些什么货。,
那新郎抬起一双浑浊的眼睛望着你，说起话来，舌头明显捋不直。,
准是我们之前干掉的那几个人。,
我可没啥好说的。,
一小条绣了字的布带，是奥瑟瑞德家族的颜色。它不值几个钱，但显然藏着什么隐秘的用途。,
要是我们能等到他们不再戒备突袭，[i]然后[/i]再动手，至少有机会在他们调动起来之前，冲到斯库勒跟前做了他。,
对这些姑娘们来说，农场上能来个新男人总是好的。她们孤零零住在那里，不安全。,
火与钢,
话说回来，我又想了想，觉得好像还是有点事……,
四个打一个！厄林格·索尔吉斯尔松的儿子们，这就是你们眼里的公平决斗？！,
我们先去找那个祭司吧。,
我们当然能做点什么！不如——你能去找胡尔达吗？问问她还有没有别的办法。[i]求你了[/i]。,
{交出80财宝。}你肯定站这儿老半天了。要是我给你四便士买杯麦酒，就能把这些讨厌鬼甩给别人去头疼。,
他承认村子有过错，却拒绝采取任何行动。,
我耕过一两块地，不过那种日子我早就抛在身后了。,
几分钟过去了，听不到一丝像是脚步声的动静。你抓着的女孩开始低声啜泣。,
哎呀！这可真意外。又来了一批海对岸的客人！朋友，怎么称呼？,
我们的氏族一直如此软弱。哈夫丹让我看清了父亲作为族长有多失败。,
求你了……我实在承受不了失去他，何况知道那是我……,
你……你对我要求太高了。,
是——是吗？,
他的逃脱能制造一次很有效的牵制。,
是啊，我听说了。要是能去，我一定跟你们一道，可你知道我这条腿是什么情况。,
艾菲低声嘟囔着。,
我——我很抱歉没能帮上艾芙拉，但我绝不会让她的……她的死……我不会放弃我的梦想。,
给，拿去，只求你别伤害我！,
她嘲弄地对你哼了一声，但接着似乎意识到你不是在说笑，神情就变了。有那么一瞬间，她以一种截然不同的眼神看着你。,
返回斯克恩，找阿斯特丽德谈话，结束你在不列颠的历险。,
我也是。,
{继续吃。}我要去赴宴……像我父亲一样……在瓦尔哈拉。,
我明白了。好运，[Player:Name]。,
恭喜你重掌权力。我想这算是敲定了我们的协议？,
这比我想象的还要糟。鲁里克竟落入了斯库勒的掌控。我怎会如此辜负他？,
你和你的家族是氏族的叛徒。我来是要杀了你和你最后一个儿子。女人统统流放。,
当然。我——呃——希望这提议没冒犯你。我们之前跟你们的人几乎没什么接触，我对你们的文化也一无所知。,
你刚意识到自己根本打不过我，对吧？,
你活不到弄明白的那天了。,
我确信父亲此刻正与奥丁一同宴饮。那老头在瓦尔哈拉肯定比他在人世时要自在得多。,
不过早做打算罢了。没准哪天，一群误入歧途的流亡者就能派上用场，这谁说得准呢。,
你在卖什么？,
收拾了那些清道夫后，年轻女孩怯生生地朝你走来。,
我们再四处转转，等你拿定主意，随时告诉我便是。,
多谢，我就不打扰你干活了。,
或许等我有了能付你报酬的东西，我会再来的。,
够了！人出行在外，最糟糕的行囊莫过于饮酒过量。打成平手算了！,
港务长不安地瞄了瞄你的刀刃。,
我正筹备一场向西的远征。,
你面前是一张桌子，摆满了木盘，盛着水果、奶酪和蜜饯。英吉玛尔站在桌子一端，咬了一口苹果，津津有味地大嚼起来。,
我当然记得。别用那种眼神看我，好像我不会记得似的。,
你拔出撒克逊刀，从霉斑周围削下一块参差不齐的树皮，古老的大树上再无霉菌残留。,
我有五个人要找。,
鲁里克绝不可能那样背叛我！,
最终，人群返回营地，又散入林中各处，去洗劫死者、救助伤员、收整行装。整个过程看起来一片混乱，毫无组织。然而，仅仅四个小时之内，埃塞尔雷德麾下军队的不同部分便开始集结成形，向南行军，离开了英吉尔森林。,
我听说过你！你最近拿下了奥克尼，是不是？,
我可拿不出200奥图格银币。,
死了？！可——等等！,
请别碰那个。那是我的东西。,
我父亲在我之前是领主。他在这片岛屿上丧了命。还有其他挑战者，但我赢得了继任的权利。,
我有什么好怀疑的？诸位瞧着就是有能耐的人。招揽你们帮忙，我毫无损失，却能赢得一切！,
要是我更像你，我当时就能阻止他们了。,
你这哭哭啼啼的小混蛋！过来，有种把话再说一遍！,
比约格迪丝把她的两个女儿紧紧拥入怀中。,
太妙了。,
既然如此，我收回反对意见。,
我们来此，是为了在故土的纷争中寻找盟友。,
年轻的女巫勉强挤出一丝笑容。,
你说得太他妈对了，维京人，他们算是遭报应了！现在走吧！祝你一路顺风！,
他们竟开始把罗慕路斯当作圣人供奉了。罗马的缔造者。你敢信？,
你知道的……我从不因别人的癖好而去评判他们。,
那可真遗憾。算了，far vel。,
真不赖！,
多谢，咱们峰顶见。,
那农夫躲在安全距离外，瞪大双眼看着这场屠杀。一瞬之间，他被恐惧攫住，差点儿把手里你给他的毒药掉在地上。但他随即回过神来，匆匆向那些木桶奔去。,
那一下是我让你的，纯粹是为了让事情有点儿意思！,
一声压抑不住的欢快笑声从青年唇边迸发出来。,
可日头一出来，它们就晒焦了；又因为没有根，便枯萎了。,
弟兄们，[i]这才[/i]是位真正懂勇气的家伙。那位屠龙勇士——[Player:本人]！,
我把那些贼从你的房子里全赶跑了。,
无论你做什么，都休想让我背叛对奥斯雷德的忠心！,
你真的什么也不需要？我很乐意帮你做点什么。,
你居高临下地逼视着他，他牙关紧咬，鼻息粗重，脸上却挂着一丝满足。,
只要你肯看清——！,
[i]可真是个[/i]混账东西。,
我从没这么好过。有生以来头一回，我站在这里是因为[i]我自己[/i]的决定。,
行啊，带我过河。,
{让他们走吧。} 行了，那你们赶紧离开这儿。,
在某种程度上，我倒真希望他如此。依我看，他是个好统治者——并不强硬，却很明智，也体恤他的人民。,
内菲娅站起身，打着哈欠伸了个懒腰。一丝蜜糖似的甜腻淌进了她的嗓音里。,
总好过一无所有。等我们恢复了气力，或许可以驾船南下，去买些牲口。,
我想我还是只要那一个自由民吧。,
当然。,
你亲自来这儿，我可太[i]高兴[/i]了，维京人——我定会替格蕾妮报仇雪恨！,
这买卖对我可是划算极了，不过听起来，我那柄旧剑到头来还是没能护住他啊。,
这次远征已筹划了数月，但空谈商议的时候结束了。就在那边，海对岸的那片土地上，我们将找到无尽的财富——而且，一分一毫都要抢个精光！,
我要了结了你！,
你以为我做这一切是为了博取掌声吗？我的敌意逼你成了一位了不起的[Player:男人/女人]，但那绝非我任何行动的动机。,
这话说得太刻薄了，眼下说出口，简直近乎残忍。即便你是对的。,
他的眉头深深地锁了起来。,
因为我决不肯在两害之中，勉强去选那个较轻的。,
我姨婆有座农场，离这儿不远。她会帮我的。,
我并非战士。这些东西曾属于我美丽的妻子，维贡德尔。,
下次你再敢这般放肆无礼，我出手[i]可就[/i]绝不止于只让你挂个彩了。,
你的举止气度倒像个德鲁伊，这已经不简单了。但愿这就足够。你愿意让我的仆人们领你去你的新住处吗，基利安？,
{评估周遭环境。},
别丢下我！我好冷，好累。我爱你……,
事情一眨眼就结束了。你攥着拳头，靠近那三个诺森布里亚人，随即拔出撒克逊刀，朝着那个较年轻的男人胸口连捅了三刀。,
滚开。,
是啊，[i]多谢了[/i]，丹尔，你的高见可真让人感激涕零。,
我向来不认同[Player:父亲]治理氏族的方式，这并非秘密。正因如此，我看不出你有什么资格继承他。但这场盛宴是为祭奠他而设，我不会在此辱没他的遗念，更不会挑战你对首领之位的要求。,
我就知道！这群人穷得叮当响，在这儿连一匹马都别想找到。,
说完，那金发战士便大步走回营地，诊治他的新伤去了。你的亲卫队其余人终于也搞清楚了方才发生了什么，他们拿他打趣取笑，显然都觉得是你占理。,
这听上去压根儿不关我的事。,
等你走近时，祭司正预备一把华美的匕首。,
你们是来杀他的，对吧？真想不出你们这种人来这儿，除了收钱索命，还能为什么事。,
你心里是什么条件？,
你们二位愿意随我们一起去珀斯吗？,
留里克小心翼翼地将一只手搭在你肩上。宴席的喧闹声中，他那轻柔的嗓音你几乎听不分明。,
留里克轻声笑了。宴席的喧闹声中，他那轻柔的嗓音你几乎听不分明。,
我们凭什么要那么做？这是我们的海滩，不是你们的！,
{支付1200贵重品。} 就这么定了。,
奥塔尔的兄弟托斯特嗤笑一声，听起来也醉醺醺的。,
行，多谢。,
格雷蒂尔的尸体,
那挺好，可你到底打算怎么办？,
走吧，这儿没我们的事了。,
这种威胁，我们可不吃这一套！,
他们把他带走了。往北去了。布雷萨尔知道在哪儿。,
好在今年没有。这阵子我这边可太平得很。我来这儿不过是为了听听消息。,
{向他展示威利布罗德给的缎带。}奥斯雷德派我来拿你的报告。,
可现在他们竟告诉我，那帮人冬天里逃了。这下可把我架在火上了——要是我的人知道我收了钱却看丢了货，他们绝不会善罢甘休。,
埃瑟琳，逃奴，其家人要活的。最后一次有人瞧见，是在一伙往北去英吉尔森林的流浪吟游诗人中间。赏格：1200财物。,
你攻击这场婚礼，[i]到底[/i]是想图个什么？,
西格丽德成天在原野上游荡，所以对领地上的风吹草动，她比谁都清楚。,
那该是直来直去的事儿，对吧？找到那个叫康纳尔的，抓住他，把他押回这儿来。,
天地万物，终有一死，谁都逃不过。,
你从纵火犯光腿盖尔蒙德那儿夺了这枚焦骨护符。那家伙在里伯放了把火，随后便逃之夭夭。,
我宁可不要。看来此地并不欢迎我们。,
只要你能赶跑那些亡命徒，让失散的财物物归原主，他们自然拿得出你想要的东西——这难道不正是他们求之不得的、天大的善意吗？,
内夫娅相信，有股诅咒在她家族血脉里纠缠不去。她认定正是这诅咒，害死了她姐姐，如今竟又缠上了她母亲。,
那你到现在都还是黄花大闺女，我敢打包票！,
[Drinker:Name] 一口气灌下了满满两大杯，这才俯身向前，双手撑在[Drinker:他/她]膝盖上。[Drinker:他/她]打了个嗝，一瞬间满脸涨红，看上去[Drinker:他/她]马上就要吐出来了。,
我方似已有几队盟友杀穿了敌阵。,
熔炉再过不久便要凉了。,
莱奥弗里克向你俯身鞠躬。虽说经历了这么多波折，他脸上竟还挂着笑。,
好。事成之后，我便回来。,
他可千万别叫我追悔饶他一命。眼下再剁了他脑袋，也还不算晚。,
[i]咱们先前合计的那桩事儿[/i]，眼下进展如何了？,
莱奥弗里克强撑着那笑容，多维持了片刻，方才敛去。他看上去失望透顶，甚于一切。,
我看得出来，你是个能讲道理的人。来做笔交易，如何？,
试过了，小子们。可别让旁人说你们老妈没试过。,
显而易见，这场盛宴办得轰轰烈烈，成了！屋里杯盘狼藉，散落一地；尚未烂醉如泥的宾客，仍在跳舞狂饮。一伙维京人大剌剌地推门入内，竟无一人留意。,
异族文化碰撞，这类摩擦在所难免。若我这微末之力，能令此等事不再重演，我便有义务继续留下。,
挖掘任务,
你朝他们那边回敬了几箭，可紧接着，其他船上的船员似乎终于瞧清了{船名}的真容，便当即吓破了胆。,
[Buzzkill:Name] 猛地一缩身子，喉咙里迸出一声低吼。,
空气中弥漫着海水的咸腥气，骇浪怒击崖壁，发出震天的咆哮，纵然远在此处，也听得一清二楚。,
这事儿，我能让你觉得值得费心。,
他压根儿不是我的对手。,
距阿尔庭大会还有些时日。海那头的岛屿，还藏着属于我们的秘密。,
击败英吉马尔。,
克维尔杜尔夫，拒绝我的请求，护不住阿斯莱夫，只会将我置于险地……,
相传，洛基诓骗他那失明的异母兄弟霍德尔，用槲寄生削成的箭，射杀了巴德尔——这正是巴德尔唯一的死穴。,
两位国王先是彼此拥抱，接着拥抱了彼此的儿女，最后轮到那位牧师。牧师对这突来的不拘礼节，似乎颇有些受宠若惊，措手不及。,
一小块空地上，赫然堆着一大摞毛皮，绵羊皮和鹿皮混杂其间。周围飘着一股腥臊腐臭的气味。,
真高兴你赶来了。我可没力气再游回去，索性在此等着。,
埃迪斯抛给你一个满是无奈的苦笑。,
他的下巴当真掉了下来。,
是你的一位同族，我忘了她的名字——那名字听着就像喉咙里发出的破风箱般的濒死嘶喘。她是个黑发的女战士，性情阴鸷歹毒。,
牧师听闻这个消息，脸色难看至极。他下意识地向后退了一步，方才如梦初醒，重新向你重复了一遍他的问候语。,
不幸的是，事情可没那么简单。他必定会考验你。这种场合，搬出《使徒信经》来考你是惯常做法。,
我几乎……[i]-咳-[/i]……喘不过气来了……,
她对你傲然一笑，那口白牙在她煤烟熏黑的皮肤映衬下，显得格外闪亮。,
所有武器应声丢下。这帮年轻人还算识相，虽说灌了那么多麦酒。,
厄林格·索尔吉斯尔松的儿子们竟袭击了你的盛宴，他的家族对你的统治构成了严重威胁。,
我们可等你很久了，赫罗德盖尔达！你总算有胆量在战场上刀剑相向了！,
这是谁订制的？,
毛科林疑惑地看了你一眼，但还是从腰间的小钱袋里掏出一枚钱币。看起来大约值二十个贵重品。,
他必须抓住这次机会。如果再不起兵，他就只好解散手下，让他们回去收割庄稼了。,
但愿你没说错！下回我非得亲手把你揍扁！,
趁还没开打，我们赶紧离开这儿。,
那个男人必定力大无穷。,
三个劫掠者齐刷刷转向你。麻袋立时脱手坠进泥里，刀剑也随之出鞘。,
罗斯克瓦头也不抬，只盯着碗点了点头。,
你向[鬼祟:角色名]做了个手势，示意跟上。你们俩蹑手蹑脚，在松脱的乱石间择路朝下方的哨兵摸去。,
你在忙什么呢？,
阿斯莱弗满意地点了点头。,
别那么说！西古尔德只要求我们养一艘战船、一队水手，不收税，也不干涉咱们自己的事。你真以为斯库勒会那么宽宏大量？,
你刚一走远，就瞧见达布格拉斯又火急火燎地插进话头，拼命想劝塔洛尔克别杀害他的表亲。,
更何况，那还是在你对朝圣者下手偷东西之前，奎恩！如今你们自甘堕落成了亡命徒，根本不配得到主的怜悯！,
听着，我得替那位老者的仪式捉些萤火虫。你要是跟着来，咱们可以边走边聊。,
最后提醒你一件事：千万提防凯尔的魅惑。我记得她当年有多勾人——她能诱使男人干出骇人听闻的勾当。,
喂！那不是你能碰的，那是主教大人的东西！请离开。,
你和你的族人在战争中功不可没。这里多数人不知道的是，早在战火燃起之前，你便已为王座鞠躬尽瘁。,
猎人若有所思地搔着他那蓬浓密的胡子。,
女猎手皱起了眉头。,
商人眯起眼睛，声音里沸涌着指责。,
{[i]再次检查他。[/i]},
看来咱们的老朋友跟当地的盟友关系有点僵。,
你们在这儿安顿下来了吗？,
你觉得罗斯克瓦这人怎么样？,
默丁几不可察地蹙了蹙眉，但还是点了点头。,
我往外面望不见希望，也看不见荣耀。每当我凝望大海彼岸，映入眼帘的只有虚无与失落。,
放心，待会儿肯定有空喝上一杯。,
解决厄林格·索尔吉斯尔松及其家人。,
嘿！嘿，这边！,
我不信你会这么残忍。,
你瞎操什么心。,
所以，干脆我把那批宝藏的位置卖给你好了，如果你想要的话。二百厄尔图格银币就成交，或者你身上任何值这个价的东西也行。,
只是……,
[受害者:角色名]怒目圆睁，死死地瞪着你。,
我名叫奥德凯尔，乃是此地祭司，也是这墓穴的守护者。此乃你们适才惊扰其安眠的众灵所授之神授权柄！,
只不过替你母亲留个心眼罢了。今晚这儿到处是生面孔，他们[i]任何一个[/i]我都信不过。,
等在你长屋前的那对夫妇瞧着有点眼熟，但你一直没认出来，直到那女人与你四目相对，径直走上前来，你才恍然想起。,
好吧。那改日再说？,
照承诺的，我会送一部分多余木料到斯凯恩镇去。,
你觉得阿斯莱弗这人怎么样？,
朝你喊叫的男人身板粗壮，生就一双渔夫特有的宽厚手掌和桶状胸膛。他因用力而满脸涨红，牙关紧咬，怒气冲冲。,
那我就跟你讲讲我的苦处，相信你不会把我当魔鬼信徒给告发吧。,
众人哄然大笑。,
牧师转过身，注意到了你的侍卫队。,
我怕是把你伤势的严重性说得太轻描淡写了。,
那他就是另有算计——定是在谋划别的坏事，要么一样恶毒，要么更毒。千万别放松警惕，[玩家:角色名]。,
向胡尔达讨取一剂毒药，好在决斗前削弱阿斯莱弗。,
那的确是[玩家:角色名]的牢房，不过里面有六个守卫——都是轻装。,
你必须找到一个有因由离开过咱们领地的人。去码头上探探口风？,
埃吉尔露出一个困惑的笑容，但万幸的是，他看起来并没有动怒。,
趁猎人们尚未反应过来，你猛扑上前抓住其中一人。刀锋自他下颚狠插进去，贯穿上颚，直捣进脑子里。,
[受害者：姓名]眼中燃烧着惊恐与剧痛。,
干杯！[玩家：父亲]已在奥丁的殿堂中得享他的犒赏，正如我们有朝一日也盼能如此。,
你倒是想得美，是吧？这回你没了偷袭的先机，你心里清楚，我会宰了你。,
那金发男子率先开口。,
你身后几名扈从愤而要冲上前去，却被国王抬手制止。,
拿着吧，聊表我们的谢意。,
城墙外头有些工匠，嚷嚷着有人欠了他们什么东西。这事儿你知道些什么吗？,
我会把你干的那些事告诉她。然后咱俩走着瞧。,
你踏进他家门时，他抬起头，一时有些错愕，随即神情很快转为严厉的责备。,
你可想清楚了？,
我倒有个法子，能解咱俩各自的难题。帮我们攻打那座修道院，得来的战利品你我平分。,
我连听都没[i]听[/i]说过那地方。,
你算是练成了一把好猎手。当然，还是比不上我老婆！不过我知道，有你在大伙儿定能吃得饱饱的。,
我们就是要下去。你要么试试拦着我们，要么保住你的脑袋。你挑哪个？,
他身子一僵，笑容也跟着僵住了，凝固成一副瘆人的呲牙咧嘴的怪相。,
不过，说回正事：究竟该如何博得恩巴尔德主教的欢心。,
拉斯维娅嘴角一撇，勾起一抹讥讽的笑。,
你这[i]混账东西[/i]。,
那你最好打哪儿来回哪儿去，就当是帮我们了。我们这儿麻烦已经够多的了，你犯不着再把自己也添上那份名单。,
毛科林似乎真的吃了一惊。,
玛尼是谁？,
你也见过她犯起病来有多厉害。她那脑子是越来越不行了。她一乏，就特别容易犯糊涂。,
一副惊人的景象迎接着你：那棵巨树的粗枝上，吊着一个身着素灰长袍的男人——一部白须又长又密，还少了只眼。,
{杀了他。} 你说得是。我便赐你一个痛快。,
凯蒂尔精神一振。,
他立在没踝的咸水里，见你进来，挣扎着想把身子站直。然而你预料中他该有的反抗或如释重负，一概没有，他迎上你目光的，是满眼的恐惧与困惑。,
冷静。我依然要你站我这边。你自会得到丰厚的回报。,
{把他打晕。},
奈芙娅张开双臂搂住你，给了你一个漫长、近乎凶狠的吻。,
愿领主的恩典临到你们，行路之人。若你们旅途劳顿，想寻个歇脚之处，我们这儿没什么好款待的，但凡我们所有的，诸位只管享用便是。,
找一个红头发、身穿蓝边黄袍的教徒。,
沙丘[i]那边[/i]去，倒霉脸。,
待所有对手从打斗中歇过劲来，令你大为吃惊的是，他们居然只拿住了你一个，旁人都不管。许是觉得你的扈从们已被揍得够呛，再难起什么敌对之心——又或许只是累极了，懒得理会。,
去和比尔德谈谈。,
既然您这么说，首领。,
你和艾菲处得可好？,
头一回要爬那座腐朽老旧梯子登顶的人，又不是我。脚下留神吧！,
你把那不安之感暂且压下，回帐篷睡了。,
他艰难地吞了口唾沫。,
索尔护符,
你[i]尽管[/i]放心，你那点阴暗的同情心，我定会禀明主教大人！,
{命人将尸体扔下船去。},
在我们修会里，她是仅次于瓦莱里乌斯大人的顶要紧的人物。看样子，是她旧氏族里一帮人偷偷摸进营地，趁夜把她给掳走了。,
可真够光滑的。我敢打赌，这玩意儿快得吓人。,
唔。我给你一百二。,
这倒比预想的容易。,
我们犯不着听你的。你乐意也罢，不乐意也罢，都得跟我们走。,
那劫掠者咕哝着应了一声。作为一支军队，这开头未免寒酸了些，却也只得如此了。,
我……对这人……心里头有些疑虑。话就说到这儿吧。,
那两个守卫脸上犹带着颇为红润的色泽，又交换了一轮意味深长的眼色，接着便匆匆跑向农场哪个角落里去了，好继续他们之间那分明已酝酿多时的情事。,
[i]当真？[/i] 哇，我想不出住在没山的地方会是个什么滋味。,
行吧，你给我们带路。,
多谢你。咱们非做点什么不可。艾芙拉已经苦撑了太久，苦捱了太久，我绝不能在这当口失去她。,
如果你需要上好的钢，得去别处寻。不过，只要你把它带到我这儿来，我很乐意为你打造你要的任何物件。,
去跟里奥弗里克谈谈先下手为强的事。他和瓦达一直在谋划着什么。,
你刚才说——诅咒？,
他和他的人袭击了我的家园。他被我们俘虏了，我亲手杀了他。,
她看起来有些措手不及，但只是耸了耸肩。,
我们所说的那个洞穴，位置正好处在要冲之地，居高临下地俯瞰着我们进攻珀斯所必须穿过的低地。,
{给他看项链。} 你可认得这枚挂坠上的纹饰？,
我们不会有事的。我们被囚期间最难熬的，说到底不过是得忍受彼此罢了。,
铁蒺藜,
有人只跟我说，让我把这个交给一个太平日子里靠打铁为生的斥候。除此之外，我没有任何别的线索。,
如果你非问不可，那只能说明你还不配知道。,
约弗维克的主教派我们到这里，是要肃清这座旧堡垒里的邪教徒。听起来，你或许有意助我们一臂之力。,
左边的是个大块头，一张圆脸，眼神里透着哀愁。,
等等。前面那片营地，肯定就是他们的。,
他们的骨头可会烧得透亮！,
你哥哥在斯库勒长屋的正厅等你。他看上去毫发无伤，但整个人的姿态却有些异样。他挺直了腰板，昂起了头。,
你可算来了！你看见外面是怎样一番景象了吗？简直是一场屠杀！,
你穿行在树林中，一阵争吵的声音飘至耳际。,
塔拉派我来的。,
说来话长。我实在太累了。,
我本不想杀他，可他逼得我别无选择。,
你们要是喜欢，尽管来追，不知有多少人试过——可我们不还是好端端地在这儿吗，嗯？,
瓦达跟我说，你知道一个叫通德瓦恩的男人的下落？,
在他眼里，这纯粹就是为了那点财富和钱币。,
人群中的大多数似乎有些困惑，但还是接受了，到了近乎麻木的地步。这时，其中一位沉默者——一个头发花白、主妇模样的女人——往前走了一步，声音盖过了嘈杂。,
阿斯莱弗主动向你效忠，那算是他的气度；你饶他一命，也是明智之举。他是个强悍的战士，定会为你好好效力。,
你可真会伤我的心。,
我的家族对……近来发生的事颇为不满。他们希望我留在此地，帮衬农场，守护氏族。,
他像是泄了气。有那么一瞬间，你以为他要落泪，但他似乎又强忍住了。,
{走近。},
我不会让你失望的，[Player:Name]。,
千万别让维京人突破！我们的援军马上就到！,
盖乌斯·埃利乌斯，他算是他们的供应商。他在下面开了个铺子似的地方，谁想要什么，他都能给弄来……,
{一把拉过来，紧紧拥抱。},
贡纳尔猛地用力拍了一下巴掌。,
{让他烧吧。},
难道我就真的没法说服你跟我一起走吗？,
鼠辈帮，我已经解决了。,
好吧，我尊重你的决定。那么，请收下这枚护身符，算是略表我的感激之情。,
那当然不是——但这或许是一个一石二鸟的好机会。你还看不出来吗？,
{等等。},
没事。你能帮我把胡尔达找来吗？,
你怎么知道他们还有更多的人？,
——况且，我是个木匠。日德兰半岛上那些最坚固的工事，有一些就是出自我手。,
我们也有与你相似的故事。实际上，我听过同一个故事的好几个版本。也许，这样的悲剧连神祇也无法幸免，才让我们这些凡夫俗子更容易接受自己那残酷的命运吧。,
你跟他们说，是前些天他们见过的另一个维京人派你来的。,
一声深深的叹息。,
行吧。行吧。那就半份树皮。我只希望……这点真的能管用。,
嗯，那个消息也已传到了里伯，首领听了印象极其深刻。,
{取走他的财物。} 你的秘密，我会烂在肚子里。,
当他们把他烧焦的尸身从火里拖出来时，你去搜寻他给你看过的那枚护身符，却发现它早已荡然无存——彻底被烈焰吞噬了。,
他是个蛮勇之徒没错，但只要他宣誓效忠，那他就是[i]我们的[/i]蛮勇之徒了。想想他眼下的处境，我敢肯定能把他争取过来。,
你把袋子递过去，对方愣了一下，随即感激地许诺一定会把它转交到正主的手里。,
{攻击他们。} 就差收个尾，把这桩事了结了……,
她吐了吐舌头。,
办这事，你信得过那个母狼？,
[Executioner:Name]迟疑了。[Executioner:He/She]紧锁眉头，凝视着那个惊恐万分的年轻人。,
你猜对了。,
也许我们该直入正题了。,
艾芙拉在哪儿？,
那就把他的尸体带过来。你要是所言不虚，我们便把基利安还你。,
你这顽固的——！好吧，我去单独跟她谈。船上见。,
前方有陷阱！,
你在努基旁边的桌边落座，你的侍卫们围拢过来观看。食物铺陈在你面前：加了大蒜和黄油烤制的大麦扁面包，撒着莳萝的烟熏咸鱼，还有涂了蜜的防风草根。,
他块头确实巨大。他双手各持一把武器，朝我们扑来时仿佛没有丝毫畏惧。我们能活着逃掉已是万幸。,
就这么定了。我会留在这儿，确保他们照你说的那样离开。一旦我拿准了，就会让领主大人知道这里发生的一切。但愿他能满意。,
也难怪他们会如此忠心——你有着极强的个人魅力，天生就让人敬畏。,
战争？！我亲爱的[Player:孩子]，你怎么会冒出这种问题？,
多谢你的帮忙。没有你，那僵局真不知还要拖到什么时候。,
那帮人凶残成性，不把他们赶走，我没法搬回自己家。,
不必挂怀，你的人拼尽全力想挡住我们。他们死得很壮烈。,
{把他打昏。} 不。我们一刀两断了。,
那么……你在那个社会里是什么身份？你显然是一位伟大又勇敢的战士。你侍奉某位了不起的国王吗？,
既然你做的就是这档子事，管你叫女巫又怎么谈得上侮辱？,
{检查罐子。},
先前从日德兰半岛来的旅客惹过不少麻烦，所以请恕我谨慎。你们此行意欲何为？,
别撒谎，你这没用的废物！我清楚自己说了什么，我可不傻！,
他是个勇敢的人，也是上帝忠诚的仆人。他会被人怀念的。,
我们逮住了你的对头。权当是我们的一点诚意。,
北边山脊上方有微弱的动静，引起了你的警觉。觉察到风正从那边吹来，你嗅了嗅空气，鼻孔里飘进一缕营火刚熄灭时留下的淡淡烟味。,
贡纳尔以一己之力抵得上三条汉子的蛮力在战斗，可他终究还是倒了下去，就像所有人最后的结局一样。趁你停下来喘口气时，这巨人挣扎着双膝跪起，撑住了身子。,
厮杀停了下来，他们都转头望向你。最年长的那位，你认出是埃迪丝最小的儿子，开了口。,
不管是什么妄想把你引到这儿来的，都休想再往前一步！该清算你的暴行了。,
贡纳尔攥紧斧柄，手上那份沉甸甸的感觉显然让他很痛快。,
[Player:Name]，容我直言……我们没有时间了。不管你打算在回去之前在这儿办成什么事，要是误了阿尔庭大会，一切就都白费了。,
谅他也不敢直接对我们下手。,
杀了我，你也不会拿到武器，这跟站在这里浪费我的时间没什么两样。,
棒极了。,
我就这么点要求。我会在——在这儿等着，在那之前。,
埃迪丝耸耸肩，笑了笑。,
西格丽德摸了摸腰间的刀，随即转身，大步流星地朝森林走去。,
斯凯恩领主正为[Player:他的/她的]战船招募精练船员！欲求雇佣的战士们，请到雅尔的营房来见领主[Player:Name]！,
我以前还真没离开过这村子。,
我没必要忍受这种辱骂。,
一瞬间，你仿佛瞥见他眼中泪光一闪。他惊叹地摇了摇头。,
{将一只手放在她肩上。},
我们去解决山脊上那些人，你们趁这功夫布下陷阱。,
真的？我觉得它难吃得要命！来，让我再尝点。,
我当然是来加入你的！,
你这[i]母狗[/i]。,
我们需要那树皮来做解药。你若不肯老实交出来，我们就[i]动手[/i]抢了！,
听着，不论他们过去遭过什么罪，都不能成为他们如今四处劫掠勒索的借口。你非得对付他们不可！,
德瑞斯坦知道这儿发生的事了吗？,
你家里人都还好吧？,
奥斯雷德让他见鬼去。你要真替他卖命，那你也见鬼去好了。,
可怜的家伙。他不该落得这个下场。,
说时迟那时快，[Hunter:Name]从荆棘丛里猛冲出来，一把将[Sick:Name]从池塘边拖开。,
听这意思，斯凯恩是托庇于一位最凶悍、最大胆的劫掠者之下了。,
再细说说。,
天气晴好，那些烽火却没有点燃——一定是有人拦住了守望者，不让其履行职责。贡纳尔的船经过北边时，本应途经三座烽火台的视野范围，它们都在耶灵的地界之内。,
这话似乎勾起了老人的兴致。,
这就是你来的目的？提议签订贸易协定？,
他脸上浮现出一抹轻松，近乎傲慢的笑容。,
行。反正，比奥斯雷德给我的多一倍。,
很好。我会留足装货的空间。,
这回我撑不过去了，对吧？你骗了我……,
{攻击。}我才不上当！准备战斗！,
他那洪亮的招呼声，怕是连斯凯恩都能听到。,
平息他们的方法唯有一条——[i]献祭[/i]。,
这件护身符你太熟悉了，那是童年的记忆。当你在指间摩挲它时，父亲那令人心安的气息便不期而至。,
你欠我一回。,
你肯定找到索尔高特了。我买下他的剑，是因为我那把又旧又钝，而他正缺银子。,
啊！噢，我亲爱的[Player:孩子]，你还活着真是太好了！来，快起来吧……,
{攻击。},
不过……废话少说。做个了断吧。,
火是你放的。那些人是你杀的。,
识相的就给我让开，省得伤着自己，[Player:姐妹]。,
是啊，都该喘口气、寻点乐子了，灌他几大桶麦芽酒，冲冲这满身的兵戈血腥气。,
一阵慌乱的脚步和几声痛苦的闷哼过后，走出一位饱经风霜、上了岁数的老家伙。,
他不该落得如此下场。他只是拼尽全力，保家卫国。,
得让他瞧瞧，咱担得起他的信任。,
这塌方看着挺新。这帮该不会是为挡我们路，特地把顶搞塌的吧？,
女祭司向你看来，那强掩的恐惧几乎没藏住。,
她被狂怒激得浑身都在抖，话却说得很稳。,
废话够多了。受死！,
咱亲爱的埃塞尔雷德，可真舍得下血本。够可以。,
轮不到你对我指手画脚。,
今儿个之前，你到底摸没摸过真家伙？,
不然他永远长不成个汉子。,
不过，它有个致命软肋，只有你能拿来大做文章：[i]那条河[/i]。,
[Random:Name]耸耸肩。,
{离开。},
我生来就这样。,
[Fin1:Name]和[Fin2:Name]死命地缩着身子，想挤过那道窄井。攀爬把他们的手和头都划开了好几道口子。,
连我一个都够他们喝一壶的。,
找到那帮强盗的营地，杀光他们。,
嘿！那小[i]畜生[/i]刚偷了咱的东西！,
是啊，不过晓得不，还有比女巫更带劲的？,
什么意思？,
骨头个头不小，但绝非人骨。你估摸着，是野猪骨头。,
他不客气地哼了一声点头。,
哼。我倒无所谓。不过你想拔头筹，让你便是。,
他四下瞥了一眼，有些游移不定。,
趁着凯蒂尔和廖特尔相互嘲骂倒彩，越来越没遮拦，逗得彼此哈哈直乐的空档，西格丽德轻轻拽了拽你的袖子，拉你到一旁，压低了声央求。,
给其他人吧。我下不去……我真的下不去这嘴。,
她紧张地朝上瞟了一眼，旋即猛地垂下头，死死盯着脚下的泥巴。,
[Follower01:Name]揉了揉眼睛，像是要把那逼人的阳光全给挤出去。,
路过的。,
你想带谁同去？,
告诉你，可不止是阿斯莱夫他们一大家子跟老埃尔林格犯眼红病，[i]周围[/i]邻里全把咱们一族看作软蛋。,
埃奥福威克的头号猛将利奥弗里克这次不在，可少他一个，多两倍的兵，全找补回来了。你的亲兵队人数远落下风。,
200厄尔图格银币，如何？,
两名卫兵互瞅一眼，一个又长又空的眼神。,
与你并肩作战，是我的荣幸。,
打得好。赢得堂堂正正。,
[Random01:Name]伸长了脖子，想望穿那些棚屋的遮挡。,
氏族若要存续，就得聚拢在最强之人的麾下。,
如今这里这么景气，我能把价压得比原来低得多。来，瞧瞧——包你满意。,
卸了甲，艾菲仅着一身几无防护的布衣。不过，她似乎惯了无甲缠身的打斗，如此，反更快上几分。,
那咱俩倒都是此道好手。兴许咱真能成。,
挑重点说。,
一杆缀着羽毛和鸟首骨的华丽长矛，从他的侧肋贯进去。身下的泥土浸饱了血。,
你在那儿坐了不知多久，思前想后，最终还是回到自己的帐篷去睡了。,
我早该料到，你杀了格蕾妮之后，会亲自来找我。,
我应付得来！,
{离开。},
{750财宝。},
绝不能让你妨碍我们的入侵。去和你的神讲和吧！,
只是来看看你和艾芙拉过得如何。,
我确实相信我们能行。,
是啊，不过它们看起来[i]也真够神气的[/i]。,
那受伤的男人用眼神哀求你。,
我在找最后一位德鲁伊。据说他就住在这里。,
哦，我这把老骨头是真想念夏天，不过还撑得下去。难为你还惦记着问我，好孩子。,
别把那可怜的领主卷进你们的荒唐事里。,
你可知他们去了哪里？,
可惜他没机会在庭上受审了，但他若想活命，就不该对你动手。杀了这人，这30便士归你了。,
你我面临同样的难题。我会把树皮分你一半。,
骑马北上珀斯，去求见皮克特国王。,
我们……我们没了她可怎么办？！,
嗯，是这样……费用嘛呃……每月十五便士。像……[i]你[/i]这样的船……按规定我得一次收齐半年的费用。,
他父亲是个精魂，他死了，又活了过来。比起[i]咱们[/i]那些神祇的传说，这可直白多了！,
他搓了搓下巴。,
农舍前那男人看起来十分悠闲。,
不。我从没明白过。你知道吗，你是对的。这世间没有我这种人的容身之处。,
瓦拉赫的羽毛护符,
那我只好光明正大地与阿斯莱芙一战了。,
他脸上浮现出迷离的神色。,
我仍坚持最初的推断：我认为他一直在试图抹黑我们，好让西古尔德·赫林格直接把斯克恩丢给他。,
好了，兄弟姐妹们，看来想拿的东西都到手了。该回船上，起程返乡了。,
西格蒙德花了一会儿工夫，才把目光聚焦在[Drinker:Name]脸上。,
底下可有些恶心得很的宝贝。真等不及要开挖了……,
这种事鲜少能按计划来。,
对你和你的族人，我们按成本价卖。你们需要什么？,
你这么做很明智。氏族刚失去上任领主，若这么快又折损新领主，那可真要遭大难了。,
证明自己,
奈芙娅的家人需要你相助。死亡病又卷土重来了。,
愿你健壮幸运，[Player:Brother/Sister]。,
我去看一眼，好叫你们这些人安心，根本没什么事。,
你拔出撒克逊刀逼向主教，赫罗德盖尔达向后退了一步。当你的刀刃捅进他心脏，他呜咽着断了气，半截祈祷还挂在嘴边时，她的神情与其说是震惊，倒更像是觉得有趣。,
我[i]原本[/i]是站在你这边的，直到你向我的族人宣战！你真以为自己有多了不起，指望我为你背叛我的教会吗？！,
哦？你是说……你喜欢男人？,
玛尼知道这事，他偷偷溜出来帮我做准备。他一直在为我的旅途搜集补给，可……他去了太久，不见回来。,
孩子怯怯地点了点头。,
[Random01:Name]在昏暗中眯起了眼。,
他顺着长凳探过身，握住你的前臂。你也回握住他，相视一笑，彼此敬重地点头致意。随后你俩都向后一靠，各自打了个响亮的饱嗝。,
冷静点，我跟你没什么过不去的。,
愿你健壮幸运，[Player:Name]——你可算舍得来看我了。,
平息哈夫丹森与马尔多森两家的宿怨械斗。,
是那把胡子。我不是说那就是他神力的来源——不过真要赌一把，我也未必会押不是！——但在激战中，当你看见那把大胡子冲你碾过来时……你绝对会本能地闪开。,
在你认识凯蒂尔的二十载夏日里，从未听他提起过有什么姐妹。看来，今晚注定是个揭晓惊天秘密的夜晚。,
她将那些知识传给了你多少？,
他胸口一片血肉模糊的猩红，血从他污秽的衣衫里渗出，冷冷地淌进他身下那泥塘的浊水之中。,
那是自然，但打响战争，第一下先发制人的重击是必不可少的。,
纵火狂护符,
修士，你是在对我们施咒吗？！在唤你的神来诅咒我们？！,
谢谢你。你总是对我这么好。,
利奥弗里克的链甲衫,
那你估摸着，自己能分到多少？,
你抽出撒克逊刀干起活来。过程利落，但不堪入目。活儿干完后，格雷提尔的尸身上再没留下半点可供辨认身份的痕迹。,
也许我们该和那个巨人谈谈，既然他现已落入我们手中。是他将他们引到此处——他必定能告诉我们缘由。,
我信圣灵，信圣而公之教会、诸圣相通、罪之赦免，以及永生。,
我相信你，埃林格尔。以托尔为证，你的家族必将臣服效忠于我。,
好吧，也许……改天再说？,
我理解。利索点。,
奥塔尔怎么处置？,
当你们终于再度分开，两人都气喘吁吁，面颊绯红，他目光好奇地朝你的帐篷扬了扬头。,
{猛力将他推开。}你竟敢——！把你的脏手拿开！,
去问格蕾妮该做什么。,
别傻站着！追上去！,
空想“当初本该如何”毫无意义。我们眼前有更要紧的事。,
船嘛，确实不错——但真正让它坚不可摧的，是船上的这帮人。,
这个你已经讲过了。,
一股奇异的焦香将你引至营地偏远的一角。罗斯克瓦正躬身守着一只托盘，盘里的草根架在平滑石块上，被一小簇文火细细地烘烤着。,
我知道自己败了。我投降。,
喂！我不知道你在你们那儿是什么规矩，但在这片王国里，别人的东西不许碰！,
从北门旁他的宅邸里盗出郡守的印信。,
如你所愿。,
瞧瞧你！都长成这么健壮的一个[男人/女人]了。,
那些是我的！岂容你说拿就拿！,
诅咒？,
幕后主使是斯库勒·碎颅者？！这简直……,
可有人反对？,
[i]这会儿[/i]倒想起关心我了？平日里你只当我是件摆设。[i]眼下[/i]闹成这样，你才想起来问一声我好不好？,
漫长的沉默笼罩着众人。胡尔达的目光钉子一般钉在你身上，早已逾越了令人难堪的界限，随后那双眼睛才渐渐失了焦，变得迷离涣散。,
她目光疾闪，掠向几名伤者，寻求确证。,
他就在后头。我们不过是前锋罢了。,
我还当你们是了不起的战士！你们原该是此番大计的关键所在！眼下麦西亚站到了他那边——,
给我整整十二便士，我便随你去。,
见你再度走近，那孤零零的奴隶抬起头，敷衍地打了个招呼，听不出一丝热乎气。,
你不能拿那个！说不定还有用！,
那徽记看着着实眼熟。依我看，是某个高地氏族的纹章。,
城门一开，我便率大队人马杀入，助你守住城堡，抵挡反扑。你意下如何？,
农夫下意识一缩脖子，贼眉鼠眼地环顾着自家院落。,
利奥弗里克颇有些艰难地站起身，随即获准放行一名亲兵上前，将他搀去治疗师处。,
这可是我这礼拜听过最绝的主意！你说呢，[Player:Name]？咱们索性把它闹成一场盛宴！,
我知道你在扯谎，所以给你一个机会：供出是谁遣你来的，我起誓放你一条生路。,
农夫下意识一缩脖子，贼眉鼠眼地环顾着自家院落。,
农夫靠在墙上，恨不能将自己挤进墙里去。他一脸茫然地朝你打了个招呼。,
战前筹备：盗墓,
好生可惜。,
此刻进攻，无异于趁敌严阵以待时自投罗网，形同自杀。我们须得忍耐。,
远道跋涉，诸位定是风尘困顿。可需要疗伤或补给？,
格蕾妮被麾下战士簇拥着，看来你恰巧撞破了他们的集会，但众人迅即转身面向你。这位珀斯的冠军勇士投来的目光，锐利得足以令人萎靡。,
若你觉得那盟约合意，便去与格蕾妮一谈。她会就眼下诺森布里亚的局势透露一二。,
听起来于我们而言是双赢。我等乐得助你一臂之力。,
我们该去查个明白。,
多谢你，吾友。他极信任你。我知你定是此事的合适人选。,
你不会有事的。,
他对知识——对力量——的痴执令他行事莫测。于奥丁而言，荣耀决不可妨碍他壮大实力、护佑子民。,
我不能……,
他就那么躺着，两眼空洞地瞪着虚空。,
你当我是奸细？你这五大三粗的蠢货，找错人了。,
马班嘴角一撇，泛起一丝自得的冷笑。,
你手下打得倒是英勇，可惜装备鄙陋，城防薄弱。你或该想想法子了！,
好眼力。这云杉生得高大，木质却嫩。材质轻盈，可让你的船疾行如飞。,
你认出其中一组符文——你浪游途中见过的别的立石上，也有它们的痕迹。,
我倒盼着下一个挑战了。,
如果他想与我们同行，你会应允吗？,
你会来参加婚礼的，对吧？父亲捎信说，他已经动身了。真盼着看到大伙儿为这场庆典再度齐聚一堂。,
他为人确实讨厌，但说得没错——我们[i]就是[/i]为你骄傲。能追随朋友踏入险境，这份勇气非同小可。,
呃，行吧，你说什么？,
别再讲你那些吓人的破故事了，你这蠢货！,
我[i]绝[/i]不会参与，更不会容许你犯下这般暴行！,
这些石碑上的名字于我毫无意义。可塞法的一颦一笑，她的音容——我记得清清楚楚。而我父母，什么都没给我留下。,
再说了——万一需要增派人手，我敢说，哪个佣兵见了这笔横财，都会急不可耐地扑上来。,
我倒不会把这事往心里去。但凡领主咽了气，总有人跳出来争权夺利。,
一丝自信的光芒，催促着他的笑容绽放开来。,
虽说前路大致能辨清，这条隧道却仿佛长得叫你肺里的空气撑不到头。,
你若也有这份心思，我打包票，辅佐埃塞尔雷德实现他的大计，带给你的财宝将远胜你劫掠一年所得。,
那人点了点头，一脸迟疑。,
你把雄鹿扛上肩头，凯蒂尔领着你穿过森林，返回营地。,
这一等，真是漫长。待到第二天，日头已开始西沉……,
{杀了他。}你的神如今在哪呢，老头？,
我听着挺不错。反正还有时间——只要赶在阿尔庭大会之前到家就成。,
你能[i]信[/i]这狗崽子吗？,
鲁里克移开目光，将自己的刀丢在了地上。,
是啊，他那个人，疯癫得让人发毛，这点毫无疑问。不过咱们都清楚，上了战场，他便如一股不可阻挡的天地之力。,
能跟我说说，上回你们碰见我们这样的人，到底出了什么事吗？,
他脸上的那抹戏谑，像面纱般倏然落下，露出赤裸裸的凶煞之气。,
一小块树皮，上面长满了黄绿色的霉，用薄布小心地裹着来防护。,
要当一个强大的领袖，未必要亲自上阵拼杀。我不在的这段日子，你要让所有人看到你的果断与胆魄。,
我多希望事态能朝着别的方向发展。,
剑已出鞘。看来这帮家伙早就料到会有麻烦。,
弗兰格的货物,
这称呼意指 [Player:一家之主/女主人]。,
管好你自己那该死的闲事儿。,
咱们就不能直接冲过去，把门撞开吗？,
是啊，今年的霜冻期格外漫长。去岁此时，雪花莲早就冒芽了。好歹锻炉能让我身上暖和，所以活计倒没耽误太多。,
仪式极为简短，况且受害人已一命呜呼，最后压根儿没用到那把花哨的刀具。,
慢着，我认得你们。你们就是袭击镇子的那伙人！,
除非斯库勒横尸在我脚下，否则这事儿不算完！,
你从村子里偷鸡摸狗也不是一日两日了，这次又有何不同？区别不过是村民们穷得跟你半斤八两，而那座修道院可是富得流油。,
咱们这事回头再理论。,
节哀顺变。,
我这就把你从这弄出去。,
你简直跟你父亲——还有年轻时的我，一模一样。外面的世界[i]确实[/i]天宽地阔——但也危机四伏。你要多多保重。,
[Player:欢迎回来/欢迎回来]，领主。您是想看兽皮，还是回收物？品质上乘，包您满意。,
内菲娅右手一把将你推开，同时左手抽出撒克逊刀，一个行云流水的动作，便割开了鲁里克的喉咙。,
请宽恕我吧，[Player:领主大人/女领主]。日后您若回心转意，我定会等着您。,
跟您做生意，真是痛快。,
你趋近时，那头猪尖声哼叫着往后退，一双黑亮的小眼珠子戒备地打量着你。它左耳上豁开两道口子，右耳上则是三道。,
他耸了耸肩，你觉着自己在他眼中捕捉到了一丝失望。,
我从没想过咱们真能拿到酬劳。多谢你出手相助。,
{放弃吧。}我实在[i]——呃——[/i]一口也吃不下了……,
你飞快地把装备甩在岸上，重又跳上冰面，一头扎进冰窟窿里。湖水清澈，却一片幽暗，你费了些功夫才找到 [Victim:原型]。,
若想繁荣昌盛，少不了众神的眷顾。,
我爱你。谢谢你为我做这件事。,
目前为止，你都查出了些什么？,
我向来不惧什么挑战。,
冠军联赛,
邓弗里斯易守难攻——城防坚固，艾布琳麾下的人又骁勇善战。咱们也只能指望你运气更好了，但跟你实话实说：我心头也满是疑虑。,
奉瓦莱里乌斯之命，你被视为罗慕路斯的朋友，可自由进入礼拜堂。,
老人与沼地,
{检查尸体。},
擦去嘴角的唾液。这些必定是那些消失在沼泽中的人所留下的。,
假设我们[i]真的[/i]杀了这串项链的主人。你最好想想，如果不帮我们，你这铁匠铺会怎么样。什么东西都可能凭空消失，人也可能受伤。,
那个女孩不是说科纳尔去见几个北欧人了吗？,
原来全是佯攻。,
最小的孩子，一个来自你船区最偏远地带的女孩，兴奋得差点跳起来。,
埃塞尔雷德的锁子甲未染战尘，但他脸上已失去惯常的自信，满腹猜疑地打量着四周。,
谁该挑战西格蒙德？,
[贪婪：Name]猛地挣脱[无聊：Name]的手，趟进木棍圈内的泥地里。[贪婪：He/She]靠近泥塘里露出的那件器物时，身子陷下去一点，但[贪婪：he/she]毫不在意，继续把[贪婪：his/her]胳膊扎进泥里翻找财宝。,
他滑稽地僵在原地，然后强迫自己冷静下来，低声嘀咕着些听不清的话。,
贾达尔最近从北方收到了一批铁，他承诺会给这笔货开出丰厚的报酬。,
{给他 500 财宝。} 你可以告诉你的朋友们，是斯凯恩领主送你回家的。,
冷静点。他就是个懦夫，也是个小偷。,
他——人类的守护者，巨蛇那唯一的屠戮者，用牛头装上了他的钩饵；被众神憎恶的那一位，大地的束带，从下方对着那钓钩，张开了巨口。,
血冰,
她的眉毛极轻微地扬了一下，但声音依旧平淡。,
不！求你，饶了我吧！,
修墙我们不需要帮忙！,
我可没见你拿出什么主意来！,
我会引你去见德鲁伊。你也许就是我们最后的机会，能让我们衰微的信仰重获生机，并让我们的旧神再振声威。,
你从哪里来，卡隆格？,
眼下看起来或许不像，但咱们氏族多数人仍忠于我们——不说别的，至少比起阿斯莱夫，他们更愿意你当领主。,
确实——它能让我们的敌人心胆俱裂。,
快点儿。我真不知道那些畜生会对我父亲做出什么事来。,
凯尔叹了一声，恋恋不舍地回头望了你一眼，便消失在自家屋中。,
了不起——能让这样的人自愿追随你，尽管他们对你并无忠诚的义务，这得靠极强的人格魅力。,
行。如果你真想帮忙，那我就把这事先放一边。,
我与瓦达谈过——我知道他在埃塞尔雷德的大厅里让你免去了一场恶斗。虽说我不愿与弑君者合作，但你既已向他许下承诺，那就会兑现。,
杀出一条血路穿过珀斯，抵达康斯坦丁的大厅。,
他从前可是个又善良又迷人的小伙子。你大概不记得了。他那父亲硬是把他这点给打没了。真是可惜。,
收获时节我们会想念阿斯莱夫的。,
盾女维贡德在弗里西亚战死后，这副她穿过的铠甲辗转回到了她丈夫手中。为凑足归乡的盘缠，他在里伯把它卖给了你。,
怎么样？,
那就仔细听好了，因为这项使命至关重要。如果现在失败，就再也没有希望实现阿尔巴的统一了。,
我们相识之前，她就已选择盾女的生活。我只想和她安顿下来，但她生命力太过旺盛，无法安于这种平淡的生存。,
银十字架,
什么？怎么会？,
又见到你了，斯库勒，真是[i]莫大的荣幸[/i]啊。一如既往地令人愉快。,
我这就去安排。等你回来时就能准备好。,
我明白了。那么，关于此事，你有何提议？,
嘿！见到你总是好的！默丁让我忙得脚不沾地，你若要帮忙，应该去找他谈。,
{攻击厄林格。} 我正有此意。,
你猛然暴起一刺，将撒克逊刀捅入他的胸膛，他肺里的气全都化作一声短促紧窒的喘息，被挤压出来。,
那个蠢女人。雷穆斯的追随者对约维塔言听计从，但[i]真正的[/i]军团听命于我。,
我几乎不了解你。我所知道的，全是村里人讲的那些故事。,
如约，你的报酬。,
也许我能帮你找到他。,
我曾做过一个噩梦，梦见我们的家在烈火中化为平地。将这般残酷的命运加诸他人，未免太过沉重。,
我接受……我会离开。我在东方还有亲人。或许……唉，罢了。,
我猜你从未听说过我侍奉的神明。,
贡纳尔抬起一只手，但他的目光并未落在你身上——而是越过你，望向你身后。你冒险回头瞥了一眼，只见更多掠夺者正在你身后集结，那是冲过大门、越过桥头的那批人。,
女巫恭敬地点了点头，但一言不发，她的嘴似乎正忙着咀嚼什么不堪言说的东西。,
你听到身后传来罗斯克瓦压抑的抗议声，轻蔑地哼了一声。,
工匠们已在奥克尼群岛加入了你的营地。,
[i]我的天主，我由衷忏悔我所有的一切罪过……[/i],
出什么事了？,
是啊，你和那个德鲁伊就在这洞穴里厮混，离我的妻儿这么近，真让我[i]作呕[/i]。,
我想他们没认出我们——正好可以打他们个措手不及。就等你一声令下。,
这看起来很公平。我同意。,
是什么风把一位[Player:诺尔斯人/诺尔斯女人|北欧人]吹到我家来了？,
您真是太慷慨了，[Player:领主/女领主]！我们终于能离开这片污秽之地了。,
精致的符号深深地刻在这些岩石上。它们显然被精心维护着，每块岩石底部长出的地衣没有一丝蔓延到铭文之上。,
我喜欢你，格蕾妮。我们不必兵戎相见。只要你和平地离开，把这个洞穴让给我们。,
那么，我们将带你去觐见诺森布里亚的奥斯雷德二世国王陛下。,
哦，别大惊小怪的，乌尔弗！看看那艘船！再看看这些年轻人！他们[i]不会有事的[/i]。,
他投来一个审视的目光。,
我是在你提出那个笼统的提议之前就派他们去的。如我所言，我们通常不抢邻居，但他们当时实在缺活干。,
维贡德的头盔,
[Detective:Name]思索了片刻。,
到处都找不到莫尔坎特。他的帐篷没了，装备也消失了。他必定是趁夜偷偷溜走了。,
可能性极低——但斯克恩有足够的战士来履行我们的义务，而且我们的[Shipname|船名]绝不逊色于任何船只。,
我不得不把钱分给他们。,
何等污秽！得有人来管管这事！,
水流太急，大车根本过不去！,
另一个女人俯身过来，在第一个女人耳边低语，同时微妙地指向你的衣着。第一个女人眼中顿时燃起了希望的光芒。,
我们的盟友在诺尔斯人中毫无影响力，再强大又有何用。我们应当从奥克尼群岛发起全面入侵，亲手拿下诺森布里亚[i]和[/i]皮克特王国。,
异教徒大军,
凯蒂尔匆忙起身走进帐篷。那一夜余下的时间平安无事。,
很好。不会有人为他掉一滴眼泪。,
他重重地倒了下去，再没开口。,
我要怎样才能说服你和平地离开？,
太复杂了——不如直接突击来得干脆。,
那看起来正是我们的目标！,
他就这么拿走了？他有这个资格吗？你可是在公平决斗中杀了那个皮克特人。,
皮克特国王考斯坦丁并未张开双臂欢迎你——若想与他合作，你得先赢得他的信任。幸运的是，眼下正有一个机会：一位觊觎王位的人，名叫康纳尔·马克·泰格。,
我叫[Player:Name]。我们是冲着钱来的。,
她卷起袖子，露出一片触目惊心的青紫伤痕。她取来一块布，蘸了水，轻轻擦拭着伤口边缘。,
我知道你在撒谎。告诉我们那个德鲁伊在哪里，否则我们就一个一个杀掉你的会众，直到你开口为止。,
我们没有足够的战士去驻守每一个村庄。,
你必须去庄园看看！我的学徒一定身陷险境！不管他们在谋划什么，你都得救他！,
凭诺森布里亚、皮克特王国，以及我入侵时带来的舰队，我手下的战士足以在一日之内踏平耶灵。,
再多的银子也掩盖不了一颗浸透鲜血的良心。你最好离开这里。祝你们俩明天好运。,
考斯坦丁，他们确实已经证明了自己。,
哦，我会很享受打烂你那张脸的。,
这有什么可说的？她之于圣罗穆卢斯，就如同圣母玛利亚之于基督。,
这东西是谁给你的？又是为了什么？,
我希望你会发现，那本身便是足够的奖赏了。,
你走到他面前，粗鲁地猛地扳过他的肩膀，迫使他话说到一半便转过身来。,
珀斯本身的工事薄弱，防守却异常严密——我们的斥候回报，考斯坦丁的兵力几乎全部收缩回城，就为保住它。,
只余一人——如果传言不假。更要命的是：他们都说他还活着。,
不错，正是。,
那至少——至少让我死个痛快！我求你了！,
没等你回过神，那群年轻人已在营地里慌慌张张抄起了家伙。,
求你了！求你放过卡尔特拉姆！求你了！！,
{饶他一命。} 事情到这地步，我很抱歉。,
你就想在这儿，在我自家厅堂前结果我？你这不知天高地厚的崽子。我这一辈子打过十几场仗。你毫无胜算。,
奥斯雷德国王？他在埃奥福维克。往西南。,
他咬紧牙关，拔出兵器。,
愿主与你同在。,
把这收好——巨魔树上的霉可长得够慢。,
这年头，活着不易……,
你又是谁？,
你目光不由落在那座护着近旁村落的木栅墙上。,
我也很快就要渡那片海了。兴许，咱们能在另一处海岸重逢。,
[Player:Name]！你们家本有机会赢得我等敬重，却被你[i]糟践[/i]了！滚出来，以战斗捍卫你的名誉，不然我们就烧了这厅堂，让它化为平地。,
斯卡拉格里姆求见您，雅尔[Player:Name]——等您得闲的时候。,
多谢你。我们总得做点什么。我决不能再没了母亲。,
他跑掉了。,
戴尔身后，你认出了那个卖你石符的年轻工匠兰恩。她在同伴间目光来回闪烁，扫来扫去。,
凭着在皮克塔维亚高地石圈领会的那番见识，你终于读懂了这些古老刻痕。,
多谢关照，常来啊。,
看来巡逻的三人，营内还有五个。都装备精良——一场硬仗。,
既有蜜酒喝，又能听[Player:Father]的豪举传奇——我哪里拒绝得了？,
你觉得他是在妒忌我吗？,
你的孩子们杀死了他，是你灌进他们心里的恐惧与憎恨，让他们迷了心窍。,
不全是——看河对岸，似乎起了场摩擦！,
就凭我是个女人吗？,
你发现那伙猎狼的小伙子正挤作一团围着营火，地上散落着一罐罐麦酒。里头最年长的看着顶多刚过十五六岁——算是个男人了，可还远不似个男人样。,
你仔细听好了：我信全能者天主圣父，天地万物的创造者。,
听着倒容易。,
四个钟头后，斯卡拉格里姆在城墙边重新与你的主力会合。,
你瞧见啦？呃，总怪不得人家小心。自打见你为村里做了那些事，咱们便盘算回来该也无妨了。,
你寻思着出哪份力呢？,
妙极了。谢啦！,
我本想陪在斯库利身旁一道会你，他却执意不让我搅进来。,
这男娃实在太瘦，没几两肉，你该喂他壮实些。,
这倒没料到。,
毛科林的笑意仿佛愈发用力强撑，眸子里闪过一丝惊惶。,
她转向凯蒂尔，目光狠狠剜住他，逼视不放。,
多保重，[Player:Name]。若没有你，我等全都将迷失无路。,
哼。你[i]又能[/i]知晓些什么怪力乱神的事？,
{杀死格雷蒂尔。} 计划有变。,
里库尔夫站起身，胡乱揉两下腿，随即卷起那幅羊毛布，慢慢穿过栈板道，朝最近那艘船踱去。,
你才回到母亲身边，她便猛地一把将你揽进怀里，紧紧抱住。,
越是靠近王厅，碰上的抵抗必定越发顽强。我们该继续推进了。,
我稍后再同你讲。,
看来那东西并没顶着天花板。你要是想清理掉，我们可以动手——不过得下番苦力气。,
她手下的弟兄们抡起斧头，风驰电掣便将大门劈作了一堆柴火，快到那些修女甚至还没反应过来自己正遭人袭击。,
他点点头，显然颇为满意。,
你部分船员高举武器，爆发出近似战吼的呐喊，狂热地表示赞同。,
你查看里头储放的口粮，发现多半已被鼠类啃咬过。里面吃食有半数都只能扔掉了。,
我们见过了你的妻子。她求我们若有可能便放你走。她盼你回到你们俩初次见面的地方等她。可知道在哪儿吗？,
不过是个梦罢了。,
{勘察此处。},
你失心疯了不成？,
那妇人显然无法相信自己的耳朵。,
我多希望原本能有和平的收场。,
要让你守口如瓶，我得付出什么代价？,
瓦达钻出帐篷，很快便拎着两个鼓鼓囊囊的钱袋回来了。,
你推开门，一串细小的骨铃叮当作响。屋内虽说得上舒适，却透着一股清苦的意味，陈腐的鱼腥味和久未洗浴的体臭混杂在一起。昏暗中，一个尖细的嗓音幽幽响起。,
在他身侧站着一名男子，一袭朴素的袍子昭示着他高阶宗教人物的身份。你步入时，他俯身凑近国王，借着谨慎的低语让国王也皱起了眉头。,
这是约维克郡长官认证公文的印信。,
前方有陷阱！,
可怜的阿斯莱夫不该死得这么惨——如今我们却得对他的家人[i]撒谎[/i]，否则这事必定会挑起一场骇人的血仇。[i]诅咒[/i]这日头。,
很好。很快，麦西亚以北全境都将归入我们的治下。,
真是引人入胜的谜团，不是吗？谁能知道这些石块中封藏着何等古老的隐秘。,
你们闹出这么大动静，是想引我们注意？,
对付他们，无非是刀刃见红，想要什么直接拿过来便是。这帮人算不得受过训的战士！对我们构不成半分威胁。,
或许你我的看法确有相通之处。你话中的睿智我领会了——我们两族分道扬镳已太久，但我相信，我们曾经共享的东西比现在多得多。,
愿你健壮幸运。敢问这可是[Player:Name]的扈从？,
我近日在码头附近置办了一处宅子，搬来这里，盼着能开辟通往弗里西亚——甚或更远之地的商路。,
行了。告诉我们你打算让我们做什么。,
清晨，当你和你的扈从收拾营地时，你瞥见[Toothache:Name]正捂着[Toothache:他/她]下巴，郁郁寡欢地晃来荡去。,
那你这条命算是捡着了！你要是回斯凯恩，替我向乡亲们问好。,
那修士霎时面如死灰，浑身的气仿佛泄了个干净。他张口似乎正要强作回答，偏在此刻，经过好一番激烈的争执之后，那女人折返回来，从方才被打断的地方续上了话头。,
我来搭把手！,
她好不容易才忍住翻白眼的冲动——总算克制得还算体面，叫你挑不出什么错处来。,
铁匠铺里间走出一个年轻汉子，赤裸的上身被锻炉的烈焰烤出一副古铜色的皮肤。他只瞥了师傅一眼，便飞快地掂量清楚了眼前的局面，随即仰头朝后一摆，招呼你跟上。,
我倒希望他当真弃权。我不想和同族手足相残。,
我明白——你确实犯不着为一个陌生人冒这趟风险。,
好极了！这将是我们诸国齐颂的日子。我满心期望，这便是北方长治久安的开端！,
她勉力牵出一丝惨淡的笑容。,
我可不打算单凭一身武艺吃饭。,
听起来倒是个值得一试的挑战。,
在某个层面上，是的。或许是我先前期望过甚了。,
给我讲讲哈夫丹之子那伙人。,
我会确保将余下活口尽数缉拿，依罪处决。,
你家闺女得的是什么病？,
咬紧牙关，裹紧斗篷！事到如今，唯有埋头前行，别无他途！,
那个异教徒碍不了事。,
他端着肩膀，凑近那垂死的牲口，在它身侧跪下。他将一只手搭上它的脖颈。它已再无力气逃开了。,
考虑到你……[i]非同寻常[/i]……的处境……嗯，我会在此基础上另加几笔费用。权当是……一点抵押吧。,
搜寻些可用的回收物。住在这儿的人，如今是用不着了。,
我恭候女领主的裁断。,
那便不出我所料。谁是这一切的幕后主谋？,
你在一片池塘边驻足稍歇。这潭死水瞧着污浊不堪，你的扈从大多避之不及，唯有[Sick:Name]硬着头皮喝了一口。,
我们该拿了此行的目标，赶紧离开这鬼地方。,
{伸臂揽住她。},
我当真不觉得。,
若是我挑的东西没能入你的眼，我很抱歉。还有什么我能为你效劳的吗？,
你是最后一个被拖走的人，可就在被粗暴地拽起来、踉跄支住身子的当口，你眼角扫见[Escapee:Name]正借着一片混战，悄悄溜过屋舍之间，直往河边遁去。[Escapee:他/她]必定是趁着战乱脱身了。,
从那无赖的尸身上取回失窃的物品。,
不！求你了！你可是答应过的！,
如此说来，毫无防备？那即便拿下也谈不上什么荣光，可若是只有那里能寻到马匹……,
她开始簌簌发抖——她试图掩饰，却全然徒劳。,
{动手。}那你就得死。,
绝无可能。我们自己要应付的麻烦事已经够多了。,
他为你献出了生命。这正是他所愿的。,
那就到埃奥福维克去拿！乘敌人阵脚大乱，我们必须直取那座城，把王座夺过来！,
一丝惊诧转瞬即逝，旋即被一抹毒蛇似的微笑掩盖。,
我信耶稣基督，上帝独生的子，我们的主，因圣灵感孕而降世。,
你四周的混沌仿佛碎裂成无数扭曲的碎片，无尽地盘旋、弯折。当这些碎片渐渐拼凑出形状，这场厮杀竟呈现出了近乎舞蹈般的韵律。,
知道了——但我还是巴不得现在就出发。,
若修道院遇袭，我们便从此地策马出击，揪出那些肇事者，杀无赦。,
好得很——和往常一样，能与您交易，我们求之不得。,
那你对我，对这里的所有人，又有何用？,
他唯一的答复，是一声轻蔑的哼声。,
你儿子当时也在那儿！内赫坦死了！是他们杀了你儿子，他们都在这么说！,
没事！我不会有事的！,
那就算了。我就凭记忆，尽力描述路线。,
丹尔扭头吼道。,
她以惊人的手速和灵巧，一把将钱揣进了口袋。,
等等。看——那边悬崖上。有暗哨。,
你这不疾不徐的语调让他一时语塞，脖颈上的涨红也褪去了些许。,
戴尔悲愤交加，狂吼着举起斧头，猛冲出去。,
仪式又持续了大约一个时辰才告终，瓦莱里乌斯一气呵成，其间无半分停顿或中断。,
我随行而来，是想让他的功绩永垂不朽；丹尔则是为了加固这座定居点。,
水杯从你手中滚落，一阵剧烈的呛咳猛然攫住了你。你摔倒在地，双手双膝着地，灼烧感狠狠撕扯着你的肺腑。涕泪横流中你拼命地干呕，终于有人一个箭步上前，在你背上重重地拍了一下。,
尽管这名劫掠者极力维持着体面的仪态，泪水还是盈满了他的眼眶。,
可真怪……我一直以为，最后会是一个女人来终结我。,
求您了！您不明白……他们抓了我的丈夫，博瑟姆！我们一家向来忠于埃塞尔雷德家族，可埃塞尔雷德才刚结束流亡回来，奥斯雷德就把博瑟姆给扔进了地牢！,
我们这儿，不和贼骨头做交易。走吧，滚出去。,
莫非是什么隐藏的机关玩意儿？,
[Fisher:Name]与那条大鱼搏斗了许久，引得周围的人阵阵欢呼与鼓劲。,
真没想到在这弹丸小村里，竟能撞见如此强悍的战士。我本以为你们不堪一击！是我看走了眼。,
你总算寻到了凯蒂尔。,
事情不是你看到的这样。,
我想我见过你兄弟。不瞒你说，我还告诉他你死了。,
恩巴尔德眯细了双眼。,
走着瞧。,
求之不得。要我谈论你最亲近的朋友，我还真有些不自在。,
你的许多事迹早已传到了里伯。想来面对西古尔德·赫林格，你也没什么好怕的。,
若不经你父亲的应允就将你夺走，那我成什么人了？,
准备战斗！,
那就把他们都带走。先把他们杀了……现在就不会再来扰我们了。,
{饶他一命。} 拿出尊严来，接受你的失败。,
他的嘴无声地开合了好一阵子，才重新振作起来。,
当他最终屈服时，你发誓，你分明看见了他眼中闪动的泪光。,
那事我记得。我们当时可没少拿你寻开心。,
奴仆们低垂着头，默默服侍你和你的同伴。英吉玛尔待他们显然不薄，因为每一个人都面颊丰润，透着健康。,
若主教大人愿作此担保，我看就没有拒绝的道理了。下次我们需要用印时，自当去拜会他便是。,
真是烂摊子一桩，不是吗？我真希望自己能成为父亲一直期望的那种领袖，这样我就不必把这一整副担子都甩给你了。,
在弄到资源重新造东西之前，我们也做不了太多别的。我看，就照库斯拉德说的办吧。,
考斯坦丁转身走向他的顾问们，你的亲卫队在门边集结起来。[Ally:Name]一脸心满意足。,
他长长地吸了一口气。,
那个北方人的声音开始变得微弱下去。,
[Finder:Name]面色凝重地向你点了点头。没有片刻迟疑，[Finder:he/她]便举起[Finder:his/her]刀抵住那奴隶的脖颈，利落地割开了这个年轻人的喉咙。,
不，我没啥可抱怨的。我在教这帮小崽子怎么躲在己方盾牌手后头使矛。他们还学得挺快。,
一旦攻击发起，你和你的战士们将充当矛尖：驾着你的[Shipname]切入敌阵之间，一举突入国王大厅。,
我们可真是让那个操山羊的老家伙尝到了厉害。啊，我差点都有些过意不去了。他是个不错的指挥官，我该多给他几分敬意的。,
何不让他们改宗皈依？这法子似乎更常用。,
可刀刃会慢慢变钝，要达成同一个目标，你就得多出一份苦力。,
作为回报，我以你我双方神明之名起誓，待我等获胜之后，将诺森布里亚南半部拱手交予你掌控。,
外头风传你突袭洗劫了离此不远的沿海女修道院。你可有什么要替自己辩白的？,
我说……等你跟那老头儿的事了结，我提一桩交易如何？,
那贡纳尔怎么样？,
没错！还是聊回我能搭把手的事——比如敲碎几个脑壳儿！,
阿斯莱夫似乎琢磨了片刻，这才应声。,
寻个由头赢取考斯坦丁的信赖。,
苹果岛,
一瞬间，她仿佛彻底看透了你，大概正在心底盘算着退路。末了，她垂下眼帘，把那件小饰品递到你手上。,
你这厮搞什么名堂？！,
凭什么叫我们单枪匹马进去？为何不索性倾力强攻这些岩洞？,
莫尔坎的眼神渐渐内敛，他无疑正在脑海里描摹那个自己熟谙于心的尘世。,
我相信那份清单你还记得吧？,
考斯坦丁扬起眉梢，随即朝手下的一名仆役一挥手，那妇人便引着基利安步出了厅堂。,
那个出逃的姑娘叫土匪给掳走了。我没能救下她。,
你曾是我父亲的朋友吗？,
可怜的孩子，你怎能对自己血亲下这般狠手？,
{出击。}受死吧，你们这群变态！,
哈夫丹的儿子们，满嘴谎话。,
我[i]瞧上去[/i]像是会吃他们那套的人么？,
欲踏平诺森布里亚与珀斯，必得先打穿哈德良长城，辟出一条坦途来。,
他竟把你写上了那单子？但——嚯，罢了，那便如此吧。,
容我想想。,
你谈吐这般古怪，定是自远方而来。好一幕奇景——一群女子结伴行路，只跟了一个修士。,
这位皮克特兰的国王捻着自己的长须，目光挟着一缕淡淡的困惑，在你和你的亲兵队之间游移。,
“你可愿助我分担这些活计，要么将鲸鱼拖回屋舍，要么把咱们的船拴牢靠？”,
那好吧。祝你好运。,
待尔等盟军在平原上被我方勇士杀败，你们便给困死在珀斯，唯有横死当场！趁眼下还有路，掉头逃命去吧，维京佬！,
{让莫尔坎入伙。}行罢，但一旦开战，你就给我留在后头。,
她的嗓音已微微透着含糊，可你察觉，她这回倒是头一遭直勾勾盯牢了你的眼睛。,
宝藏早已不翼而飞——必定是很久以前便给人劫掠殆尽了。,
嘿——你那柄剑可真是件好货啊。,
那便做个了断吧。,
过去数月来，我一直苦苦思索着一桩凶险的难题。这牵扯到一伙堕落的罪人，他们竟转而供奉起那位敌手。,
她发出一声古怪的咕哝，隔着揉捻起自己的眼皮来。,
我听说你摆平了沼泽地的麻烦——操，如今怕是整座[i]城[/i]都传遍了吧。,
万事俱已妥帖，我成功说服那邪教教众离开了。,
我不妨也谈谈我的见地。话头我会尽量说得圆熟些。,
妙极！我倒还怕这也太顺遂了呢！,
我素来乐得效力。若有旁的需求，回头再来吩咐便是。,
我估摸着我见过你那位兄弟。他此前就在那片林子里四处寻你。,
你那永不消亡的灵魂，必在地狱永恒烈焰里焚身炙烤，[Player:Name]！趁尚存一线生机，速速回头罢！,
我倒宁可少冒这份险。,
一声打嗝倏地化作哽咽，她合拢双臂紧紧抱住自己。每一下绝望的喘息都让她浑身簌簌颤抖，泪水顺着面颊不住淌落。,
我自然巴望这些个麻烦到头来算值了。,
阿斯莱夫把两条胳膊往胸前一抱。,
蹊跷——不过倒是一桩天降的好运！,
你是指[i]老子的[/i]那份财宝？！滚去跳海吧你！,
巴望这一着真能把咱们领到对的地方。依我看，是时候敲定由谁在这营救行动中作主了——免得半途撞上麻烦。,
他必定把那封信收在自个儿的指挥帐篷里，对不？是以咱们只消摸进去，攫了信，再溜出来。,
三人皆长叹一口气，满是不耐，复又埋头干活去了。,
一声低沉的呻吟自[Exhasperated:Name]喉间逸出。,
唉，我可巴不得你跟其余那帮人一起滚蛋——但从你这副神气我也瞧得出，想打发你走，索性将你追的东西给你，那才最干脆。,
你刚拔出小刀的那一霎，他敏捷地朝后一跃，躲开你迎面一刺，一眨眼工夫，鼠辈帮众人便四散奔逃了。,
还没成，对不住。,
这可不像你，留里克。你从没想过要当首领。,
他的声音因剧痛而干涩沙哑，紧绷得走了调。,
当务之急是确保我二次统治的基业长青，这样我才能安然腾出资源，助你在自己的争斗中一臂之力。,
她那双苍白的眼眸逼视着你，叫人不敢避开，嗓音如鞭子抽响般凌厉。,
你是……凯特的尼尔的女儿？抱歉，你的名字是……,
我是[Player:Name]，斯凯恩领主兼奥克尼群岛的雅尔。,
看见了吗，朋友们？这场仗我们赢定了！,
只听一连串隐隐约约、宛若鸟鸣的口哨声响起，不下十几个衣衫褴褛的男男女女应声而至，手里（你猜）挥舞着但凡能在手边找到的随便什么尖锐家伙。,
我愿效忠。此言既出，决不反悔。,
你试图让格雷特尔明白，他对这个计划的贡献，跟你手下随便哪个侍卫能出的力差不多，但你的话毫无说服力，你也没能认真想清楚一旦进入那座坟墓，实际究竟会发生什么。,
那才是真正的原因。对不住了，凯蒂尔。,
关于艾布琳，你知道些什么？,
别这么小题大做，你的麻烦已经摆平了。,
他的话音里听不出半点感情。,
要不是被那些卫兵耽搁，我们本该到得更快。,
你这一掷可真够臭的。,
有你在她身边，她现在踏实多了，我的好[Player:boy/girl]。没人料到你们能找着彼此，我想最吃惊的就是她自己，可我看得出来，你们在一起会过得很幸福。,
你以为[i]那玩意[/i]就能拦住我吗？！,
带盾的人把盾牌插进栏杆上的槽位里。装着私人物品的袋子则塞在木板底下。,
他快活地亮开嗓门，声如洪钟。,
陛下，斯凯恩是日德兰半岛最富庶的领地之一。我用以经营此地的资源，远不及斯库勒领主治理耶灵所用之丰，却令他相形见绌。不论军力如何，我治下带来的福祉，无人能辩驳。,
遵命，我的领主。谨遵您的号令。,
他审视的目光缓缓逡巡过你的扈从队。,
我们代表埃奥福维克的主教大人，前来与你一谈。,
船上见吧。,
我早料到你准会这么说。,
玛道尔脸一歪，怒火把他整张脸拧得不成样子。他仿佛花了好一阵工夫才压下那股火气，硬生生把话咬了出来。,
厄林格尔的干草一直垛得又干又脆，火星溅到你手中的草秆上，一下就着了。你将燃烧的草秆塞回垛里，烈焰转眼便将整个草垛吞了个精光。,
一群面色不善的家伙围在一张小桌旁，桌上摊着一堆零碎物件。看来他们一直在战争营地的废墟里捡破烂儿。,
悬赏：失手的杀手,
假如埃塞尔雷德攻下了城，求你务必找到其他孤儿，把他们从地牢里救出来。你可以告诉他们，我在城外那个老藏身处等着。,
{吃吧，喝吧，尽兴作乐吧。},
凯蒂尔满心焦虑，趋步上前。,
[Curious01:Name]的脸色透出极大的动摇。,
内夫娅循着你的目光望过去。,
离开洞穴。,
你礼貌地走开几步，给那场对话留出空间。凯蒂尔和廖特尔开始互相笑骂嘲弄，西格丽德趁这工夫过来和你说话。,
我的剑便听您驱策，领主。我愿追随您，直到战死的那一天。,
你一铲接一铲挖开冻土，总算刨出了一只箱子，可你的铲子也在途中咔嚓断作两截。,
别这么婆婆妈妈。赶紧付钱，丫头。,
一小队人马在城墙任意一处都能翻过去。只要你们绕到背后突袭城堡，应该就能抢在增援到达前打开城门。,
我确定了。谢谢你帮我们了结胡尔达那桩事。,
一派胡言的迷信玩意儿。,
诸神诅咒杀害孩童的凶手！你们这群没有荣耀的渣滓！,
在诺森布里亚，你找到了父亲当年最后一次远行的线索。也许这回，你能循迹查明一切是在何处终结，最终寻得几分答案。,
多亏这地界儿油水足，好东西不难淘换。我的开价自然也水涨船高。,
这将是我最后一次在你活着时现身于你面前。待到你我重逢之际，便该是另一番光景了。,
他就是条油滑阴险的毒蛇，专爱玩弄政治把戏。我绝不容忍。,
按规矩，国王须在贤人会议——也就是智者之会上加冕。主教便是其中一员，无论会议做出何等决议，他都予以支持。,
周遭的一切向你那顶帐篷逼仄挤压而来，帐布之外，仿佛什么都不复存在了。,
不不不，你这下可吊足我胃口了。接着讲。,
我得再琢磨琢磨。,
多谢你啦，只要想想我就要拱手送掉的那些金山银山，这痛楚还真就缓过来几分了！,
方圆还有旁人知晓他的去向么？我以你的神，也以我的神起誓，凡助我者，绝不会受半点伤害。,
你分明不是基督徒。那你拜的是何方神明？,
一抹苦涩的微笑。,
过了许久，你才重新漂入梦乡。,
她自诩叛逆，满口独立、自由精神之类的空话。她还真说服了所有人，叫他们相信邓弗里斯无需对任何国王俯首称臣。,
那孩子滑稽地瞪大了眼。,
多谢。这份人情，我定会设法回报。,
认定这是白费功夫，你转身离去，不再理会那棵树。跋涉途中，那地方的酸臭味儿仍在你鼻腔里盘桓了好一阵。,
关于那个异教徒，有什么是我该知道的吗？,
倘若，我们盘算的是通商……,
要搭把手吗？,
勒斯克瓦脸色刷白，声音发颤，恍如耳语。,
闹出这么大动静，肯定惊动了什么人。拿上证据，赶紧撤。,
深吸一口气，接着又吸了一口，你终于举杯。你阖上眼，凝神听着动作间麦酒的晃荡声，竭力不让自己呛着。,
让我瞧瞧。,
我唯有堂堂正正，与阿斯莱夫打一场了。,
那年轻女子吃了一惊，猛地抬头。她紧攥着手中雕琢过的石子，一时不知所措。,
你可知……打完这一场场仗，到最后能死在另一个女人手里，我倒也释然。,
你想讨回的是些什么礼物？,
这般邪物，我们该如何是好？我只是忧心咱们一家老小。,
他猛地一拍手，响声惊飞了附近枝头的几只乌鸦。,
你们将往何处去？,
好，很好。那你且听好，我有一问——若你不介意的话，是个私事。,
百无禁忌，任何兵器皆可。一旦一方战死或无力再战，这场决斗便算终结。,
他瞥见你望着这越拉越长的差事清单，面露忧色。,
能追查到他的下落，干得漂亮——更谢谢你将此事告知于我。,
没时间了！别管[Overboard:他/她]了！,
这是座奥古斯丁修会的女修道院。这里的女人们已将终身奉献给了圣奥古斯丁规条。,
一丝讶异掠过他的脸庞。,
诸神何其残忍——先是赐人一线希望，转瞬又将之碾个粉碎，犹如狂涛拍岸，樯橹崩摧，碎于礁滩之上。,
游荡诗人约斯泰因——旁人素来这般称呼你。,
返回奥克尼群岛，面见斯卡拉格里姆。,
打得漂亮，听来是场硬仗。传闻说他们的头领乃是个巨人。,
{攮死他。} 嗯，动手。,
你们鱼贯进入庭院，正撞见达布格拉斯与他兄长吵得不可开交。,
老族长身子晃了晃，残存的最后一丝气力似从体内流尽，他颓然跪倒在你面前，一遍又一遍喃喃念着感激的话。,
你最后的机会。降是不降？,
嗬，竟还活着。,
铁匠将这护身符凑到眼前寸许处，细细端详上面的刻痕。,
依我看，此事于你我二人都大有益处。,
须臾之后……,
{验一验那人。},
瓦达在洞口附近候着。是时候共议入侵珀斯的大计了。,
罢了，拿去吧。为这点东西赔上性命，不值当。,
一个腰圆膀阔的汉子眯缝着眼打量你。他周遭，一小撮人正在余烬里扒拉着什么。,
你不一道来吗？,
但凡心神一闲，那次败绩便会袭上心头——我实是身不由己。我总是一遍遍重温，反复咀嚼那份彻骨的无助。,
那年轻女巫沉默地望向远方，一时无言，方才开口作答。,
你的提议我会考虑，只是这整桩事，我心中尚未定论。,
日安，尊贵的领主。,
还活着？很好。说，谁是细作？否则，我便让你领教领教何为真正的“切肤之痛”。,
我们本想一力照拂他们所有人，怎奈这场征战抛下的孤儿实在太多，根本顾全不来。,
她做完这一切，自始至终都不曾瞧你一眼。随即她起身，迟疑了一下，朝你投来一个莫测的歪嘴笑，接着便轻捷地飘回营地，忙自个儿的事去了。,
四下街巷一片死寂。凯蒂尔瞥见一个孩童透过紧闭的百叶窗缝窥视着你们，不禁吃吃轻笑。,
没了阿斯莱夫帮衬，格里姆瓦尔德一家耕种自家田地已是举步维艰。可惜，我们地头上也匀不出半个人手。,
也罢，我定当尊重你的决断。那么，请收下这枚护符，聊表我的谢意。,
此地发生的事，仿若……罗马神话与基督教诲的混沌杂糅……,
{耗费200财宝购置护甲。} 我出二十厄尔图格银币，换这副甲。,
他似在斟酌。,
你该在这地方四下转转，[Player:兄弟/姐妹]。这儿没什么能交易的，除非你的部族正为石头闹严重饥荒。,
杀害孩子固然可怖，但这是我所能想到的、最一了百了的法子。,
我的小芬妮！你都长这么大了！看到你平平安安回到珀斯，真好。,
没错，她给我留下的印象也极深。要我说，活脱脱就是我心目中面见冥界女神赫尔的滋味。,
干掉农舍外康纳尔的手下。,
一便士。就是……银子的一种分量。喏……,
那就告诉我……凭什么？！,
快给我滚！要是真是奥斯雷德派你来的，你立马滚回埃弗维克，叫他把这些话塞进自己腚眼里去！,
冷静点，阿斯莱夫，你听我解释……,
其中一人转过身，一脸期许地盯着你。单看他那副神情，像是把奎恩的悲伤全归罪到了你头上。,
你发现米尔丁正攥着一把钝刀，专心致志地刮着立石铭文上的苔藓。,
往东到那个小村子，去找那座古墓。,
你们究竟是什么人？你们的船又出了什么事？,
尽管另一人显然是达布格拉斯的长辈，达布的回答却严厉得如同训斥。,
天气又闷又湿，你的追随者们嘴上没说，身子却已明明白白地显出疲态。你在老橡树的荫下择了处歇脚地，下令休息，大伙儿如释重负地长出一口气，瘫坐到湿漉漉的草地上。,
你们来这儿做什么？,
我的亲兵队需要几名好手。,
马格努斯抱紧双臂，一声不吭地怒目而视。,
你之前从没见过这人，他准是卡隆格口中的那个怪人。,
他笑个没完。好不容易停下来，又不得不拿袖子去擦眼角的泪水。,
内菲娅久久地打量着你，目光里满是掂量。随后她垂下了头。,
全因为有那些守卫。,
她难道不美吗？坚固，却又迅捷——气势凛凛，货舱敞亮。唉，我再也造不出这般惊世之作了。,
她的惊愕，简直像一记耳光抽在脸上，叫人猝不及防。,
我们即刻动身。,
进去等着！我去跟他们讲。,
考斯坦丁派我们去跟他们说道理，可压根儿没用。你根本没法跟那女人说通。,
我本不愿出卖付过钱的客人，可你毕竟救了我一命。,
我是西奥多。我本来是要走的。,
我是西卡。王国境内所有亡命徒的悬赏都归我管。,
格蕾妮，这回又给我捎来了什么？是把打趴下的维京人拖进我厅堂，活像猫叼死耗子，你倒上瘾了不成？,
{捅死他。} 你该亲自去会会你那“圣人”了。,
我没说换成我不会杀——可我没杀。谣言是谁散出去的？,
我真希望你不必杀了他们，可在当时那种情形下，我也着实不知怎么才能躲开。,
[Leader:Name]在走廊里立了片刻，随即闪身退回到拐角后。,
你身上有股子凶悍劲儿，有股子硬气，标着你丝毫不逊于任何男人。,
多少钱？,
我相信众神会眷顾我。,
谁说不是！没撞上抵抗，恰恰说明这策略思虑周详、执行得滴水不漏。,
我——我觉得自己不是这块料……不过，我试试。,
欢迎回来。你还要再找些人手吗？,
他往桌上摊开好几张羊皮纸告示。,
{动手。} 我可不是来耍嘴皮子的。,
那么……咱们真信有灯笼人？不该信的，对吧？,
你终于成就了一心要成的大事。不列颠群岛兴许还有你的机缘，可阿尔庭大会的日子迫在眉睫，你必须到场。,
这几个礼拜以来最动听的消息！,
泥地里有狼的爪印。个头儿不大……,
他回敬了一记憋着闷火的怒视。,
咱们接着赶路。,
击败考斯坦丁，洗劫他的财宝库。,
趁局面还没变得难堪，赶紧走吧。,
那也去你他妈的！,
但即使如此，你也赢不了——那并非你的宿命。有些仗会赢，有些仗会败。世事便是如此。,
多谢你，艾蒂丝。,
部族若想延续，就得聚在最强大的首领麾下。,
我在铁匠铺附近中了埋伏。,
内菲娅发出一声沮丧的低吼。,
阿斯莱夫一嗓子把你惊醒。,
那就这么着。莫尔坎特，你编进奎恩那队。,
听着挺险的，不过我们愿意试试。,
那可太苦了，[Player:小伙子/姑娘]。等你揣着回来了再来——可别耗太久，我们可没打算一辈子守在这儿！,
你知不知道你干了什么？！现在我们还能怎么找回那只鹰？！,
莫尔坎特的念珠,
每年一百便士。,
我想你会发觉，很难说服他结束自我放逐。不过，我祝你好运。,
能听见哈夫丹把牙咬得咯咯响。,
我了解得不够多，没法断定孰是孰非。,
格蕾妮，你留在这儿——保护好我的女儿，还有她未来的丈夫！,
谢谢你，凯尔。我会把它紧贴心口。,
康斯坦丁朝格蕾妮抬了抬手，像是在邀她加入谈话，但她选择留在原地。,
我想不出什么理由。我袭击了你的村子——杀了你的族人！我拿不出任何东西来换你饶我一命。,
那德鲁伊眯起眼睛，仔细审视着。,
布鲁诺眉头深锁，目光飞快地瞟向身旁的战士，那人依然面无表情。,
我得承认，我挺享受的。,
作为诺森布里亚冠军，利奥弗里克的这件锁子甲，是托法兰克帝国最出色的铁匠之一打造的。穿上它，你感觉自己只要挺起胸膛，就能硬扛住一头狂奔的公牛。,
这时，诗人眯起了眼睛。,
近来狩猎怎么样？,
{浏览出售的货品。},
不！求你了！放过孩子们！,
看在你为我族人做过的那些事的份上，我会给你最优惠的价！,
[不走运：名字]总算找到一个足够扎实的立足点，得以甩开身上[不走运：他/她]那群狼。,
你想顺着绳子爬回去吗？,
跟珀斯的港口主事人谈谈，争取使用码头的许可。,
最后是在山顶神殿外的雪地里，光着身子干了一架告终。我赢了，那便是我新兄弟们需要的全部证明。,
等你的对手们缓了口气、弄清形势后，便小心翼翼地抓住你的每一个侍卫，往城墙方向拖去。,
你抄起撒克逊刀，一连数刀捅进那牧师的胸膛，刺穿了他的肺、他的胃、他的心脏。他瘫倒在地，咽气时，喉咙里发出一声可怜的呜咽。,
他朝你甩来一个满不在乎的笑容。,
布鲁诺，你正在我的领地上穿行。你的货物必须缴税，我才能准你通行。,
他从某次告解中得知，有窃贼在谋划偷走你的印章。于是他自告奋勇，要把它存放在大教堂里以确保安全。,
火光跳进他的一只眼睛，那点闪烁让他看起来有几分顽劣。,
你真的对自己爹娘一点印象都没有了吗？,
我在这地方活了一辈子。哪有资格说三道四？,
这座岛如今是我的地盘了。而你们，就是我即将在此集结的大军里的头一批战士。,
那就让我们瞧瞧你有多少斤两。,
你这河到底还过不过了？,
禁祭,
不速之客,
既然是我提的议，那就我来。,
可如今药草没了，露丝克瓦得走到大森林深处，才能寻到合用的植株。,
不行，这儿有要紧事缠着，走不开。,
你那套懦夫的奸计已经败了！若你以为上了战场就能讨到好，那可就大错特错了！,
你的儿子们，破坏了[玩家：父亲]葬礼的安宁！他们或许是灌多了黄汤，可是[i]你[/i]，煽动他们与我们作对，把他们鼓动起来的！,
奥斯雷德直愣愣地瞪着你，似乎说不出话来。,
一个年轻女人正懒散地靠在不远处一棵大树的树干另一侧。她看起来正一门心思摆弄自己的指甲，但你相当确定，她在听你们说话。,
是啊。看来事情就是这样了。倒霉的是，事已至此，我们也做不了什么了。,
很高兴我们的作为能掀起这么大的风浪。,
男孩的父亲在后面吃吃地笑了起来。,
是她来找我的。她是个美丽的女人，不像[i]他[/i]，我懂她的价值。,
对不住，我的朋友们。我知道自己做了什么。这桩错事，我一力担责。,
这些麻烦是你这老家伙的，不是我的。,
那架势，犹如苏尔特本尊撕裂大地，呼啸而过！,
他的笑容变得有些盛气凌人。,
不完全对——词倒是对的，但最后几行的顺序乱了。,
这位领主可没夸大[玩家：他/她]自己的本事。,
营地里所有人都吃了一惊，猛地跳将起来，慌忙去抓各自的兵器。那两个皮克特人最先转向你，脸上挂着好奇的神色。,
你当这些娃在这城里怎么活下来的？你想请一窝贼搬到隔壁来住吗？,
在凯尔门外，凯蒂尔双臂交叉，紧绷着下巴，摆出一副严厉告诫的样子迎上你。,
{假装喝酒。}敬赤诚可敬的战士们！干杯！,
乐意效劳。,
兄弟们，拿下他们！,
依我看，这更像是一场合作。,
求你了。我再也受不了了。给我个痛快吧。,
不！我的仙环！我爱情的象征，竟落入外人的手中？！怎会如此。,
{收起图腾。} 多谢，我们即刻动身。,
我们想请教你一种疾病的事。,
去城外找到斯卡拉格里姆。,
巨魔树皮,
我谁也不侍奉。我是塞恩，一位权势滔天的酋长。,
说得也没错——在我看来，伺候谁还不都一样。,
他的双拳攥紧又松开。,
请容许我第一个用您真正的头衔来问候您，女王陛下。,
{动手。} 那就没必要了。,
[Diver:他/她] 扶你重新站起。,
接下来轮到那丫头了。,
这可是你逼我的！要想我住手，就乖乖回答我的问题！,
埃尔林格已向你宣誓效忠。该回村子了。,
我承认他对卫队很有价值，可要是西格丽德愿意顶替他来，那在我看来绝对是笔好买卖。,
港口总管冷不丁爆发出一阵豪爽的大笑。,
维京人，在你离去前，恳请借一步说话。,
罢了，帮你一把也无妨。几只鼠辈，不足为患。,
嗯，看起来是在这里造的，但这徽记我认不出来。换作是我，会去问问女巫或者铁匠。,
瞧你这垂头丧气的样子，出何事了？,
回见。,
我踩着了条蛇，被它咬了！,
瓦达用锐利的目光紧盯着你。,
是啊，那对我们大有好处——我们与外界隔绝太久了。库存的情况我都心中有数，你需要什么？,
这里离不开你。我不能带你去。,
你走到她的摊位前，那位年轻的陶匠冲你露出了温暖的笑容。,
{伏击他们。} 优势在我们手里，好好利用。,
我当初就该让那女巫下毒毒死你。,
凯蒂尔曾和他妹妹塞法一起当奴隶，后来塞法死了，你的父亲收留了他。他唯一能凭吊妹妹的念想，就是一条银项链——那东西看起来是皮克特人的。,
你在教堂里四处转悠时，那些民兵始终紧盯着你。每次你朝他们那边看去，他们握住武器的手就会攥得更紧。,
托尔瓦尔德已有十九个冬天——到了可以厮杀的年纪了。,
取消,
咱俩彼此彼此，我对你这朋友的情分，也不见得比你对我多。,
哼。,
乘船返回的短短途中，所有人都一语不发，全程没人看旁人一眼。你和内菲亚把船拖上沙滩时，凯蒂尔仍回头死盯着决斗岛。,
我本来以为他们的孩子都已遭了毒手。可在内心深处，我总不免猜疑……,
这价码对我来说有点太高了。,
[Random01:姓名] 指着洞口外悬崖边缘，那里悬着一排摇摇欲坠的巨石。,
他有权发出这挑战。只不过，挑的时机还能更好些。,
考斯坦丁·马克·弗格斯嗤之以鼻，轻蔑地一挥手，不置一词。,
喂，喂！犯不着动刀动枪的。任何人都能进要塞——只要你们离礼拜堂远点就行。,
听闻你们的国王下葬时，身边伴有一件威力无穷的兵器。,
多谢。,
他鼻翼翕张，眼珠转了转，重重地叹了口气，肩膀起落间尽是不耐。他顿了顿，像是在强自按捺住火气。,
想来是我当时太心折了，当场就向她宣誓效忠。不过那时候我自然还是太过年轻啦。,
我叫埃德加，这俩是我兄弟，赫克瑟姆和彭达。我们不过是来自凯尔敦的卑微商人。,
她的手漫不经心地摩挲着一把模样凶恶的匕首刀柄。,
利奥弗里克，我不想取你性命。让开，让我打开城门就好。,
你觉得凯蒂尔这人怎样？,
我正筹划一场征讨不列颠诸王国的宏大战役。若你和你的人肯随我出战，我担保你们得到的土地将配得上你们的功绩。,
我的同伴们说得在理。这事我得好好思量一番。,
唉，我们甚至不知道他身在何处。我们只知道他的名字——默丁·埃姆里斯。这就是我们仅有的一点线索。,
没准你把它倒过来看的话……,
我叫[Player:Name]，幸会。,
去城外找到考斯坦丁。,
可是，你的意思是……切成片的？还是囫囵整个儿的？,
不管你从前是什么，如今，你们都是维京人了。,
内菲亚双臂环抱，用一种拒人千里的古怪神情打量着你。凯蒂尔望向她，似乎盼着她开口说些什么，可她仍是一声不吭。,
我能听见众神之父的声音！,
领队紧张地清了清嗓子。,
他给了我们所需的东西，没必要再下狠手。,
这些岛屿沿岸停泊着三十六艘长船，艘艘人员齐整。据我清点，近千名战士已枕戈待旦。,
我不能收下，这太厚重了。,
哟，需要搭把手吗？,
愿主赐你晚安，[Player:Name]。这个时辰了还在外头走动？,
回去告诉考斯但丁，梅尔丁已死。,
一栋农舍外围着一大群人。有的全副武装，有的则像是顺手抄起了身边的家什。所有人眼里都明明白白写着“血债血偿”。,
你的罪孽已昭然若揭！,
呃，这个嘛……我真说不好自己是不是想说……,
愿你健壮幸运，塞恩[Player:Name]。,
仗是打赢了，但斯泰因再也无法活着宣誓效忠了。他的手下也已全军覆没。,
这真是处绝佳的防守位置，我算明白皮克特人为什么选这儿了。居高临下，任何过路军队都只能任你宰割。,
我们在这儿的事已经了结，但这片土地仍有更多机遇在等着我们。,
翌日，你与内菲娅、凯蒂尔一道，划着族里的小船，来到了那个名字平淡无奇的决斗岛。,
{拿出100财宝。}5个便士如何？听着还满意吗？,
你说动我了，我这就去安排。,
你转身离去时，他重重跌回兽皮堆里，在一阵阵剧烈的咳嗽中咒骂着你。,
你们来找那个德鲁伊？嘿，别指望我拦着。反正他早把话挑明了，绝不会跟我们合作。,
{杀了他。},
我已跻身英灵战士之列。,
你想让我们拿他怎么办？,
那你或许该回家找他去，让他知道你还没死。,
那满怀恶意的汉子迟迟方归：铁石心肠的希密尔打猎归来。他踏进厅堂时，浑身冰凌叮当脆响——老东西的胡子都冻成了冰溜子。,
我守着这农庄……帮我娘和姨母打打杂。,
[Laugher:Name]开怀大笑，一边给[Stuck:Name]鼓劲叫好。,
有话快说。,
明日我会祈求索尔助你。,
正琢磨找谁的茬呢。我可盼着这场盛宴能让人记一辈子，没场像样的斗殴，哪来的故事可传？,
看上去油水挺足。,
我没想伤你，我在找一位德鲁伊。,
那你至少还知道什么是仁慈。看来我的同胞们或许还有一线生机。,
他把你和你的同伴们上下打量了一番。,
看咱们能不能谈笔交易。,
我们眼前这一切皆为他们的财物。想拿便拿，但不可偷。,
你原本以为会怎样？,
我给你捎来了巨魔树上长了霉的树皮。,
呃……死鬼才不会在乎呢。,
原来是你杀了康纳尔·马克·泰格！,
惨白天幕之下，一颗斩下的马头骇然醒目，正挂在他竭力竖起的那根木桩上。,
你没必要走到这一步，斯卡基，转身离开就行了。,
那回确实被你打了个措手不及，我认。但这回可是堂堂正正的对决——赢的人会是我！,
你没有让我失望。这全是我的错，我竟然痴心妄想事情能改变——妄想自己能脱胎换骨。,
去城墙外找到考斯但丁。,
他满眼疑惑地盯着你。,
她久久地凝视着你，显然，这对她而言至关重要。,
你凭什么觉得你比我们更有需求？,
在我营房里放出风声，说你在招募队伍。雇佣兵常在那儿跟我的侍卫们对练。,
她战死在弗里西亚，为了掩护一队商人。,
悉听尊便。,
两个哨兵头碰头，嘀嘀咕咕地争执起来。争完后，两人各自伸出手，分别从你这儿收下5个便士，便二话不说挥手放你过去了。,
摩根特急切地插进话来，咧嘴一笑，露出满口白牙，满是骄傲。,
没谁会惦记那家伙，恐怕连斯库勒也不会。,
去与弗利里谈谈。,
片刻之后，那块岩石似乎稳住了，洞穴口传来的海浪拍岸声渐渐淹没了下面所有其他的动静。,
我听说[Player:Name]正在招募骁勇之士，加入[Player:his/her]的侍卫队。,
你和你的侍卫们不在，要约束这帮人可从来都不轻松。不过我觉得，我们干得还算不赖。,
虽说你与这人素昧平生，但斯卡基的声音一入耳，便绝不会听错。,
午夜刚过一小时，信号声响彻夜空。起初只是一声微弱的号角低鸣，紧接着又是一声，更加响亮。,
{选择一位挑战者。},
那就去别处吧。低地的人会更欢迎你。,
然后呢？,
[Eater:Name]硬撑着塞下堆得满满的两大盘，才仰靠椅背，发出一声满足的呻吟。[Eater:He/She]打了个响嗝，那一瞬间的神情，仿佛随时都要吐出来似的。,
该死的维京人！不信神的异教杂碎！你们要把邓弗里斯拱手让给诺森布里亚？就为那几个臭便士吗？,
去找泥塘里的老女巫胡尔达，听听她的指点。,
好好好，马上就来。,
我们要做的不仅仅是挫败奥斯雷德的计划，更要反将一军。打断他跟麦西亚的谈判，把那些使者全都宰了。,
赫罗德盖尔达！你胆敢攻击我们？！西古尔德·赫林格会在下次庭格大会上讨个说法的！,
她应该过得更好，应该有个能撑起家的男人，而不是一连好几天把她一个人晾着。,
你挣的远不止这些！要是我的庄园没被烧成一片白地，我定会用财宝把你淹了，维京人。可眼下这光景，报酬只能先欠着了。,
有了这笔钱，我就能重建了……还能去找几个做生意的老朋友。,
那这点倒跟这儿的大多数人一样。改了主意的话，随时回来。,
他不是在近处挨的刀。这把斧头是被人掷出来的。,
[Shifty:Name]阴沉沉地低笑了一声。,
两边营地里我都没听见打斗的动静。你都忙活些什么呢，维京人？,
你到这儿多久了？,
你把撒克逊刀从他喉头移开，他整个人登时垮了下去，彻底泄了气。,
你若能替我把这些旧日的人情债讨回来，我便许你一个回报——一个比另外三桩加起来还重的人情。,
她现在连女人都勾搭上了？别跟我说她把你给[i]睡[/i]了？,
{给予2000财物。}这群可怜虫可不值市价！再说了，我替你省了把它们大老远拖过半个日德兰半岛的麻烦。就给你一半。,
我觉得药草带得不够。,
你这点年纪，就在这儿主事了，是不是太嫩了些？,
族里一半的女人都成了寡妇，全拜[Player:Father]那些蛮干的远征所赐。,
我们可否得到您的首肯，用武力把鼠辈帮轰出去？,
我想我会先把那道破栅栏拆了，换成像样的围墙。下一步就是搭一个更宽大的台子，好让防御者们脚下有根。,
{礼貌地点头致意，然后顺着来路退出去。},
毫无疑问，你找到了瓦莱里乌斯。他立于金色的雄鹰雕像前，双臂舒展，正用一种晦涩难懂的语言，抑扬顿挫地吟诵着某种仪式性的祷文。,
孩子想说话，喉咙里却挤不出半点声音。最后索性放弃了，趴在老人肩头不管不顾地抽泣起来。,
考斯坦丁朝一名女仆挥了挥手，那女人便引着米尔丁出了大厅。,
你这一辈子猎过多少头鹿？,
知道，我知道跟你们这种人该怎么打交道。把头低着就是了。,
那块树皮咱们本可以对半分的！我们女巫说了，只要一半就够！我的孩子就是被你的贪心给害死的！,
别想太多。我们只是想求见你们的德鲁伊。,
愿死亡病缠上你！缠上你心爱之人！愿你们一个个全烂在尼福尔海姆，永不超生！,
老子会让你[i]血债血偿[/i]的！,
没了……全都没了。,
迎接你的，是一道戒备重重的微笑，活像座插满瞭望塔的木栅。摊位前那位中年妇人浑身上下都透着一种见惯了怪事的神态。,
这些积怨由来已久。[Player:Father]生前就是个争议很大的领主。,
这姑娘什么价？,
在下卡隆格——有幸结识您，[Player:Name]领主。,
若想安然通过，诸位请便。不过，奥斯雷德国王陛下恳请各位安顿下来之后，尽早来他的厅堂一晤。,
我们得把教堂拿下来——好护住它，免得被人趁火打劫。,
奇袭的优势已经没了。斥候会把咱们的行踪通报给各方使团。,
您可愿再给我们一个机会，为您效力？,
你把耳朵贴在她胸口，听见她的呼吸里带着浑浊的杂音。肺部必定是染上病了。,
是啊，那我就是你们上帝派来治你罪的大天使长。,
光是冲破这道防线，我麾下就折损了半数的民兵。我不能再拿别人去冒险了。,
你们国王的宝座在何处？,
{别管他。},
凯蒂尔把手探进衣襟，缓缓提起了挂在自己颈间的那枚大徽章。,
然而，尽管有种种执念在支配你、限制你，人类内心深处仍对自主命运抱有一种与生俱来的笃定。即使你断定自己的行为并非总能由自己做主，你也无法照此生活。,
结束了。走吧。咱们都回家。,
你该去神殿那边，找我们的祭司谈谈。,
她正强撑着不让自己因疲惫而发抖，却仍挤出一副尖刻讥讽的表情。,
我们若不参加阿尔庭大会，斯库勒·碎颅者就能肆无忌惮地往西古尔德王耳朵里灌毒药。等我们回来，斯凯恩必定已落入他手。,
那不重要！几块奥图格银币能顶什么用。倒是[i]你[/i]……你得为这事[i]送命[/i]！,
敬[Player:Name]和[Player:他/她]的船员们一杯！愿你们日日畅饮，朝朝相见！,
她绽开一抹叫人无法抗拒的笑容，将注意力转向[ObjectOfAffection:Name]。,
你[i]到底怎么了[/i]？！你不能就这样丢下她不管！你得帮忙！,
内芙娅朝地上啐了口唾沫。,
真是狂妄自大。当心别把所有人的命都搭进去。,
仪式完毕，新婚夫妇动身前往盛宴，多数宾客也随之而去。考斯坦丁在随众人出去前，把你扯到一边。,
这该能煞煞他的威风，没错——他仍不得不承认你的胜利。但你大可不必就此罢休。,
内芙娅认定有某种诅咒在折磨她家族，正是这诅咒害她妹妹染上了病。,
他百无聊赖，抬脚在雪地里划了个月牙形。,
啊！好极了。,
是啊。一儿一女。塞尔莱丝和小卡瑟尔。我们始终没能找到他们。,
他笑了笑，纯粹是出于礼数。,
眼下没事。,
他看样子并未完全信服。,
那么，这就成了？我就是诺森布里亚和皮克塔维亚的[Player:国王/女王]了。,
你倒好，一来就摆出副全世界都欠你的架势！我认识你才短短几个月！,
是的。你父亲乘船来到农庄——我记得格里穆尔夫在场，霍尔蒙也在，还有些别的人。,
将斯凯恩森林中所有可用的树木都找出来。,
我必须告诉你，我曾劝他莫要去寻访海那边的群岛。关于不设防的海岸和那些财宝的传闻，我们都听过，但那里比传闻中要凶险得多。,
好。比这更大的难题，都曾在矛尖和刀刃下迎刃而解。若真走到那一步，愿众神垂青于你。,
这手套，我愿意付钱买。,
瓦达附在一个仆人耳边低语了几句，那仆人便径直离开大厅。,
她朝友人投去一个探询的眼神。那女人点了点头。,
看来我们有部分盟友已突破外层防线。我们得去支援他们！,
什么？难道除了我，就没人看出来事情会闹到这地步？,
那年轻人立刻举起剑盾。,
干下这勾当的，是维京人。跟你一样。,
我与我的战士们只为出价最高者卖命。,
让他从我眼前消失就行。,
我们该去看看你兄弟是否在长屋里面。,
你发觉她哭了。她抬手擦泪，却把血迹抹得满脸都是。,
那民兵与牧师再度背过身去时，你捕捉到了他们交谈中的只言片语。,
她从齿缝间剔出一丝纤维，弹进了河里。,
别。别那样。,
约维塔接过罗马鹰旗时，那份肃穆与崇敬，通常只留给王公贵族、神明显灵，或是从一桶极好的麦酒里斟出最后一杯的时刻。,
你想嫁祸给奥斯雷德，让麦西亚人以为是他干的，可这就意味着你不能派自己人去。你需要我们。,
这不大可能。斯卡基可不是个懂得拐弯抹角的人。,
她抬眸迎上你的目光，脸庞霎时涨得血红，尽是羞惭。,
休要在我的厅堂里口出狂言，你这异教徒！实话告诉你，我绝不会与不信上帝之人往来——你们这号人信不过！,
那负伤的护卫无力地抬起手来。,
你真是个够朋友的人，知道吗？,
哦，还是改天再说吧。,
你踏进小村时，迎上来的那人穿着农夫素朴的衣裳，但脖颈上缠着一大串纷繁的护符，昭示着他在社群中的地位。,
他与那位特使交谈了几句，随即，那身着长袍的男子走到你近前，鞠了一躬，用一口带着浓重口音的撒克逊语自我介绍。,
他听起来就像个耍脾气的孩子。,
还没等[Toothache:Name]反应过来，[Helper:Name]一巴掌拍在马屁股上，那畜生猛地一惊，径直窜向营地外围，把那颗牙齿从牙槽里颠了出来。,
往后退，大伙儿。我们不想跟你们动手。,
你这白痴！到底灌了多少黄汤？！,
我只盼着，我们从不列颠群岛带回财富和盟友，能让他们的日子好过些。,
你……你有没有碰见过一个年轻小……小子，比我大几岁，红头发，一缕稀疏的红胡子？,
谢了，女祭司。,
我虽说讨厌替人收烂摊子，可你是我的雅尔，我自然会尽力帮你——价钱也得公道。,
哈。哈哈哈哈！你果真是[Player:Father]的[Player:儿子/女儿]。这话简直就像亲自从他嘴里蹦出来的一样！,
从你这种人身上，除了残暴和背叛，我们还能指望什么？这份教训，我们明白得太迟了。,
我宁可自我了断，也绝不让你把我带走！,
我来此要找的东西已经到手。女武神想几时取你性命，自会来取。,
就我耳闻的那些？又大又阔绰的神殿，贴着海岸边修，无人把守，只等人去洗掠一空。,
谢谢你！啊，太谢谢你了，[Player:Name]。,
凯蒂尔嗤笑一声。,
我倒想问问，是怎么整的？,
我手头的奴隶够多了，再说，你也绝不是个当奴隶的料。,
雅尔[Player:Name]，能见到您实属荣幸。您的事迹早已传遍四方。,
听着像那么回事。愿奥丁与你同在。,
我[i]就[/i]知道！你们这帮满嘴谎话的杂种！,
你走近几步，仔细打量眼前的场面。离得近了，才认出这正是那个失踪的破坏者。除了尸体，你瞅见乱叶和灌木丛里还撂着一个罐子。,
兴许我能帮你找到你要的人。,
瓦莱里乌斯死了……我几乎不敢相信。,
哦、哦哦，[i]这一下[/i]可有好戏瞧了！,
说到你的老物件，我在奥克尼群岛跟一个人买回了你这把丹麦长斧。,
亲爱的，去给这位[Player:先生/女士]称几两银子。再领你弟弟到码头，查验一下我们那条新货船。,
你个小混蛋。,
领主斯库勒·碎颅者犹在梦中，浑然不觉你的撒克逊刀已割开他的喉咙。弥留之际，他连挣扎的力气都已失去，就这样无声无息地咽了气。,
阿斯莱弗对她那花里胡哨的表态嗤之以鼻。,
我兴许真会这么干！,
有事我再来。,
眼下还没开仗呢，[Player:小伙子/姑娘]，但既然你也进来掺一脚，我估摸着仗很快就要打起来了。,
我来助你一臂之力！,
计划不赖。只要掐准时机，就能杀他们一个猝不及防——到时他们筋疲力尽，烂醉如泥，全无准备。,
米尔丁的护符,
爬到顶上，你上气不接下气地把自己拖上岩脊，咳得撕心裂肺——那伤势叫你根本喘不过气来。,
原来他们就是为了这个才抓的我。你母亲在哪儿？,
莱加塞斯特北门外的一群工匠被罗慕路斯教团赖了工钱。,
是啊，你错过了正面硬仗，可到了最后关头，你反倒成了关键一手。我希望你也认同，我把你留到最终一击，实在是明智。,
埃林格有个当过强盗的奴隶，他把自己被捕前窝藏赃物的地方告诉了你，只盼你能把他亡妻的那枚熊爪饰物捎回来。,
谢谢。你们若是追回被偷的东西，我们就替你备齐所需的马匹和补给。,
她猛地捂住嘴，眼睛瞪得溜圆。,
你若是带上我，我就能带你去看。,
凡是你在约维克民宅里找到的贵重物件，统统带回来给玛班。,
尽管痕迹模糊难辨，你仍在小巷夯实的泥地上发现了踪迹：偌大的爪印，以及长爪拖曳而出的道道沟痕。,
他近乎虔敬地接过你手中那枚镶宝十字架，高高擎起，在光里徐徐翻转。,
好，那就这样吧。,
你们家乡连滑雪板都没有？冬天怎么翻山越岭？,
让我瞅瞅你都卖些什么。,
你的敌人纷纷垂下兵刃，向后退却。你那几位倒下的伙伴挣扎着重新站起身来。,
你在这儿名声不坏，我就给你个公道价。,
格蕾妮果然没说错。,
这个交给我来替你打理。,
你可认识一个姑娘，与一个叫凯尔特拉姆的男子相熟？,
别转什么鬼念头。,
我们把原来埋好的都刨出来，留在这里给你！,
那关于此地，我大约也没什么是你不知道的可说了。,
那个小玩意儿是我唯一在意的东西——只要你帮我找到它，剩下的全归你。,
我这儿卖的全是打造武器和盔甲所需的物件。我过世的丈夫是个铁匠。我卖的东西，你挑不出半点毛病。,
改装儿童投石索,
[Player:Name]，我知道你会拼尽全力护着我女儿；而内菲亚，我晓得你根本用不着谁来护着。你已经出落成一个如此坚强又如此美丽的女人了。,
呸！这事没完……,
我还是拿不准。还需要些时间。,
凯蒂尔挑起一道眉毛，微微一笑。,
好吧，赏金猎人，我给你带来个坏消息。我的几个老伙计老远就看见你过来了。他们是来给我撑腰的。,
{阿斯莱夫遭到放逐。} 此事过后，我岂能容你再留在我的部族。我在此将你放逐。,
凯特！我听见你说的话了——是威尔弗里德手下的那帮崽子害死了你女儿吗？,
他又拔掉一根指甲，把那本厚重的典籍推到一旁。,
[Stuck:Name]在泥浆中拼命挣扎，却无济于事。尽管[Stuck:他/她]使出了浑身解数，却只能在泥沼中越陷越深。,
近来，一伙亡命徒搅得村子鸡犬不宁。他们在附近一条小溪的对岸扎了营，不时洗劫农场，或是打劫进出镇子的商人。,
你说，来杯蜂蜜酒？那敢情好。来吧，跟我们一块儿吃顿午饭。,
老人神情冷峻地朝你点了点头，拔出了他的小刀。,
几分钟后……,
另寻出路离开这地牢。,
我自己算不上，但我的朋友里头，确实有手艺精湛的工匠。,
什么？这可跟你还在斯凯恩时说的不一样……我原以为咱们就是来做买卖的。,
你在干草堆旁蹲下，抓起一把干草，两手捧着拢住你的打火镰，然后用力敲了几下燧石。,
它们的领地意识也格外强。真庆幸有你在旁相助，光靠我自个儿可招架不住。,
我们当时还庆幸它们没找到这儿来。自那以后，我们一直提心吊胆，生怕它们卷土重来。可如今……你们到了这里。这让我们该如何是好？,
有人告诉我们，你会知道最后一位德鲁伊的藏身之处。难道你真不知道我们说的是谁？,
抱歉，[Player:Name]——眼下没人找活干。只要沼泽里还有危险，我估摸着你是找不到人愿意去的。,
贡纳尔发出一声长叹。沉浸在往事中，他显得满心不自在。,
从格里穆尔夫的小屋滴落的血迹一直延伸到这里。我们得赶紧回去瞧瞧他有没有事！,
{用丹麦语低语} 总有一天，我会亲率百艘战船长驱直入这条河，将这整座镇子化为灰烬。,
[Archer:Name]因为你那一击落空而分了神，出手太早，[Archer:他/她]自己放的箭也射了个空。,
{交出500份贵重物品。},
决定如何处置莱加塞斯特城外的难民困局。,
如你所知，考斯坦丁·马克·弗格斯已然成功统一了皮克特各部，并与达尔里阿达王国缔结了盟约。,
那些德鲁伊为什么会消失不见？,
他就配得到这样的对待。,
阿斯莱夫赞许地点了点头。,
你可愿随我们一道前往珀斯？,
那位牧师就在礼拜堂里，藏在地下深处的重重隧道间，但正如我所解释的，除了他的忠实信徒，谁也不得踏入礼拜堂一步。,
你说的“地下之人”，可是指那些窝在里面，快要活活饿死的可怜虫吗？,
仪式结束后，会有一场盛大的宴会，然后……{她瞟了多姆纳尔一眼，脸上泛起红晕} 我们就该回房歇息去了。,
总之，这事儿你就不必烦心了——只等康纳尔那厮终于攒够勇气来攻，我就亲手送他上路。,
去贫民区的那条小巷里探查一番。,
商人雅尔达尔近日才到里伯，就发现新宅鼠满为患。你接下了帮他灭鼠的活儿，好让他能顺利搬进屋去。,
[Helper:Name]回头望了一眼你们来时的方向。,
你得见谅，把你也拖进了这滩浑水——但我实在别无他法了！,
得了吧，我才不上这当。,
莫尔坎特猛地把兜帽侧边拽过来捂住嘴。但看他眼里涌出的泪水，这根本无济于事。,
为人贵乎中庸之智；一个人不可过于狡诈，也不必太过聪明。,
好了，乌德罗斯特……,
听你这话里话外的意思，你倒是更愿意他来做领主。,
你该去睡会儿了。,
是啊，话虽如此……可我想随你同去。去和康纳尔一战。,
这自然是句玩笑。我打心底为你高兴。若说世上还有谁能把他那副又臭又硬的脾气给拧过来，非你莫属。,
你的族人过得还不错——斯克恩如今繁荣了，往来的商队也多了。虽然我这人挑剔，但能给你公道的价钱。,
老酒鬼一个。这小子可没那点酒量。,
{注意听斯卡拉格里姆的信号。},
我们碰上个棘手的病，想听听你的建议。,
斯库勒浓密的胡须下，一丝微妙的讥笑一闪而过。,
你对那些人撒了谎。,
喏，这个你拿着，还有猎物身上剥下的皮子。,
你一拔出撒克逊刀，他便呜咽起来，就算松了绑也没停过。,
{动手。} 我可不是来唠家常的。,
咱们要想撤出这片地方，得先把那些洞里的杂碎清干净。你就是这次打头阵的矛尖。,
一层阴翳笼上了内芙雅的脸。,
当你们身体猛地撞在一起时，一股热浪将你吞没。你们死死纠缠着彼此，双手与发丝交缠不休，那一刻，你们目无所见，耳无所闻。,
终于，你的母亲发出一声长叹。,
他不该挡我们的道。容不得我们对他心慈手软。,
我们一路循着隐秘石碑的指引，只为寻找那位伟大英雄最后的安眠之地。,
你确定？我真觉得我去那儿能顶大用。,
我挺喜欢的。连危险也喜欢。就算我在诺森布里亚，或是别的什么地方战死，好歹我这辈子也算见识过斯克恩之外的天大地大，死也值了。,
赫罗德盖尔达讥讽地哼了一声。,
我是得把那破栅栏修修了。,
你觉得这新工坊如何？,
新娘凑近她新婚的丈夫，声音里满是羞怯。,
我答应了做你的盟友，而今我也的确视我们为同盟。我会不遗余力地维系这份盟约——但只要皮克特兰之患一日不除，我[i]就绝无可能[/i]派出战士。,
海姆达尔护符,
这总比拿活人献祭强。,
我求你了——你能不能把那些趁火打劫的鼠辈赶走？只要公主还有一口气在，他们就是贼。他们在灰烬里扒拉的每一分钟，都是对我王威权和我个人荣誉的狠狠践踏。,
啊！这事儿说来可就话长了。得从一个年轻人讲起，他空有一腔热血，脑子却不太灵光。踏上一趟漫漫长旅，除了身上那几件破衣裳，简直一无所有。,
随我来。,
你感到她绷紧的肌肉在你的抚触下渐渐松弛，最终，她将自己的手覆在了你手上。你们就这么静静地坐了一会儿，感受着炉火噼啪作响间传来的暖意。,
她咬着嘴唇，飞快地眨了一下眼。,
你的娘亲，还有你的阿爹，都葬在这儿。就埋在屋子后头。来，跟我走。,
他们没什么像样的家当，但你翻出了一桶腌鱼，看着还挺好，能存放上好一阵子。,
神祇是存在的。这一点毋庸置疑。问题只在于他们以何种形态显圣——他们存在的本质究竟是什么。,
那些杀死格里穆尔夫的探子没留下半点痕迹。我寻思，他们在林子里的活计大概已经办完了——他们来，估计就只是为了取他性命。,
那是自然。面对法兰克人的狼子野心，我等必须同仇敌忾。,
内芙雅的话音里，悄然爬上了一丝冷嘲的意味。,
这儿有个陷阱——藏得稀烂。,
我等乃是奥丁神亲选的战士！我们不着甲胄奔赴战场——只身披狼皮，化身疯癫狂怒的猛兽！,
他的脸刷地一下白了，白得像雪。,
{离开。},
我喜欢这地界儿。作为一座城池，它有种无法无天的劲儿——好像这里所有的部落都只差那么一杯麦酒，就要互相掐着脖子见血了。,
你最好乖乖帮我把东西找着，不然，你惹上的麻烦绝对够你喝一壶的。,
嚯，这是要初生牛犊叫板老江湖？[Player:小子/丫头]，这趟浑水你可不该蹚。,
你遭了不少罪，但凡是我帮得上忙的，我一定帮。,
正合我意。,
她搔首弄姿地叹了口气。,
怎么会。我留着你，可有大用场。,
诺特，莫要如此。,
我们当初就该把他丢烂泥地里，现在倒好，摊上这么个百无一用的废物。,
托尔芬的魂儿好像飘远了。,
一个叫格拉文德鲁普的小镇，在菲英岛北边。比斯克恩大不了多少，所以我觉得就跟回了家一样自在。,
比约格迪丝的脸庞瞬间血色全无。,
{把东西放回原处，悄悄溜走。},
那年轻人瞧着有些古怪，似乎极不情愿领你的情。他四下张望，可他的同伴们没一个吭声的。,
科就在我父王治下的凯特王国以南，夹在福特留和瑟辛之间。,
她笑了起来，那神态活脱脱就像一只猫正对着只海鸥在笑。,
说真的，我还真介意。我在这有活儿要干，而且我想清清静静地干。,
来，我抓住你了。,
她向你微微颔首，以示敬意。,
我的儿子们真是又蠢又懦，竟敢在盛宴上对您下手。感谢您饶了他们的命。,
我在听。,
她断喝一声，随从们应声拔出武器。,
你这模样，一看就办得到。,
拾荒者们大惊失色，猛地跳了起来。,
你真是倒了天大的霉。,
年轻的女巫蹙起眉头。,
总有一天你会的。到了那天，我会把你唤到我身边——不是在梦里，像现在这样——而是真真切切地。,
等宰了你，我再跟他慢慢算这笔账。,
我信圣灵、圣而公之教会、罪赦、肉身复活，并且永生。,
有风声说，你崇拜魔鬼。,
击败艾布琳和她的防御者，拿下邓弗里斯。,
正是！我拼了命才勉强逃出城来。,
弗拉格尔一头扎进黑暗。他慌乱的脚步拍打着湿泞的地面，声响随着他身影的消失，渐渐远去。,
他一脸茫然。,
总有一天，我真该学学怎么干仗。,
【厄运：他/她】脚下一滑，顺着崖壁直坠下去，眼看就要【厄运：他/她】摔个粉身碎骨，总算拼死抓住了一块突出的岩石。,
我们会提防着点。,
他脸上顿时放光。,
纵有数十年乃至数百年积尘，它在烛火下依然泛着幽光。,
当先那女人昂首走来，下巴高抬，一双眸子直逼你的眼睛，目光里带着慑人的英气。,
从你踏上我那片海滩起，你看万物时那种眼神，就让我觉出了不同。你看我的时候，我想你是直看穿了我的心底。,
传话给那些年轻猎手，让他们回埃塞尔雷德营地里的凯特那儿去。,
啊，该死的！这——怎么回事？,
恐怕我们得杀了你的兄弟。,
你让【受害者：他/她】擦干身子，裹着毯子坐了一阵，直到所有人都准备好继续赶路。,
我难道……你对我，就一点感觉都没有吗？,
你就是苏森？,
你的话音落下，最后炸起一片震耳欲聋的鼓掌、跺脚、呼哨与敲打兵器的轰响。人群仿佛跟你的船员较上了劲，非要争出谁闹出的动静最大。,
那女人端庄屈膝一礼，倒与她周身那副从容气度判若两人。,
{吻他。}依我看，这可是个双赢的好事。,
来，走了。,
欢迎来到奥克尼诸岛。,
我这些宝贝儿可没杀巷子里那可怜人。你来这儿不就是为这个吗？没撞见干下这事的那东西，你该庆幸才是。,
右耳最外边那记刀口，毛糙不平。下刀时，那头猪显然死命挣扎过。,
英吉尔森林一战，我出过力、效过劳，总该得些赏才是。,
至少去跟格蕾妮谈谈。眼下的诺森布里亚局势，她会给你透些底。或许到那时，你就明白了。,
船长从脚边口袋里摸出一顶王冠般的头饰，递向你，手里却仍攥着那一大块徽章，当作抵押。,
这位贵妇当真晓得怎么款待男人。她做起爱来，活像被弗雷雅附了身，那股炽烈劲儿，比什么战阵都让人筋疲力尽。,
祝好运——多留神背后！,
你要能给我弄来那郡守的印信嘛……那好处，自个儿琢磨吧。,
我，呃……原打算带上我那个侍寝奴隶，一走了之的。,
能让您满意，我们自是欢喜。此番任务结果，想来您还称心吧？,
那就作罢。我们自会寻路进去。,
可听说了？昨儿晚上，有人对着埃塞尔雷德的大帐撒了泡尿。,
少在这儿脏心烂肺，你个畜生！,
不！不！！主啊，求你收了他的灵魂吧——,
定然是岛上的人远远望见你们船帆，他们当中有谁就仓促间布下了陷阱。,
那最后一名德鲁伊将小刀掷落在地，挺直了脊梁，直直看进你的眼睛。,
众人忙去抢那最后剩下的细软，你却发觉，许多器物终究是被火烧坏了。,
[i]我？[/i]我可没[i]点[/i]什么。你心里在琢磨什么呢？,
莫尔坎特在你身后咳嗽一声。,
那男人闪身进屋，待了片刻。等他再露面时，食指与拇指间正小心翼翼地捏着一只精致的白手套。,
欢迎归来，前路顺遂！,
一个干瘪老头儿探出身来，眯缝着眼打量你。,
出什么事了？我兴许能帮上忙。,
出其不意，可给咱们极大优势。不如绕到屋后，一把火烧了它。,
我所能给的，只有这些了。,
你发现农妇正埋首在一盘炸下水里，忙得不可开交。,
提神醒脑，镇静心神，让你有余裕打出更多暴击。,
那真是一场酣畅淋漓的战斗。,
你在营地边缘见到了那个男人。他披着深色斗篷，头戴宽檐帽，帽檐的阴影遮住了面容，身子倚着一根长杖。,
{朝他的尸体吐口水。},
前往珀斯，参与攻城。,
斯卡基倒毙在阵亡的扈从之间，那双钢铁般冷酷的眼睛茫然地望向天空。,
我们先从远处干掉他们的弓箭手，然后快速、猛烈地冲进去。,
毕竟，一个连女人都知道怎么握剑的村子，战士的数量就等于翻了一倍。,
随着你和你的扈从们向诺森布里亚国王的驻地前进，整齐划一的片片金色农田，逐渐被越来越密集的农舍群落取代。,
你确定？,
{使用 5 份药品。} 别动，[Victim:Name]。这会管用的。,
行吧，财宝分你一半，只要帮我们弄到那个图腾。,
唉，看来我最好还是去把那个栅栏修好。,
这话实在不好开口……,
年轻的女巫在一棵中空、覆满苔藓的树干旁，就着一块岩石建起了一座小小的神社。,
我最近听来一个故事。,
[Random01:Name]把某位族长灌得烂醉如泥，人事不省，后来被人抬到谷仓里过夜醒酒。,
索尔啊，救我脱离这该死的狂风吧。,
那真是古怪透顶。,
这儿就是格雷特尔约你碰头的地方。你想等他出现吗？,
她看着那头猪四下里乱嗅，摇了摇头。,
斯卡基太鲁莽了。我早知道他这种毫无意义的残暴迟早会送了他的命。,
你们想得太美了，甜心们。烟不是从那栋房子冒出来的——那些悬崖上边有个村子。该上去打个招呼。,
我想这也在所难免。所有人收拾装备，出发。,
我们之间还有桩事没了结。瓦达告诉我，你知道一个叫通德瓦恩的人的下落？,
也许你说得对。我这就招呼几个弟兄去卸下[Shipname]的货。,
内夫亚最基本的护甲，不过是简单的绗缝布衣，那是她母亲在你父亲的坚持下，不情不愿地为她缝制的。,
一阵冰雹铺天盖地砸下，冰冷的颗粒从天泼洒，将你们吞没。呼啸的狂风把冻雨狠狠抽在你们身上，你的扈从队伍里响起一片惊惶的叫喊。,
那火焰里藏着魔鬼……他为何单单饶过了我？上帝啊……,
我叫 [Player:Name]。你叫什么名字？,
你会发现，我们对我们合法国王的忠诚，至死不渝！,
我希望能成为您的侍卫，在您麾下效力。,
年轻的拉格纳尔·西古德森恭敬地点了点头，然后把注意力转回到那棵可怜的树上。,
国王长，国王短。这些个国王，来了又走。我谁也不欠，我唯一的忠诚，只属于信仰。,
欢迎回来，可敬的 [Player:Name]。来摊位上挑点补给吗？,
凯蒂尔焦躁地换了个站姿。,
没错，我们最好这就走。,
尽管从你这边看过去，那动作痛苦不堪，但 [Klutz:他/她] 还是设法把 [Klutz:他/她] 的身体硬挤进了那道天然烟囱般的岩缝之间。,
他笑了，一副心满意足的样子。,
{细听那些叫喊声。},
凯蒂尔猛地一拽，将脖子上的坠饰狠扯下来。他扔掉细绳，然后将它放在了母亲的坟头。,
{杀了他。} 我就怕你会这么说。,
一阵黑色翅膀的扑腾声使你偏离了原路，只见成群的乌鸦落下来，争食一具腐尸。你循迹离开小径，在视线难及之处，发现了一具倒霉旅人的遗骸。,
斯泰因对女人的身体熟得很。他自己似乎也乐在其中，无可自拔。事实上，有好几次他都不无担忧地表示，怕是你让他以后觉得别的女人都索然无味了。,
我两天前就派了伊妮德出去。天知道为什么至今没人来救我们。,
我回头再来。,
结束战役,
嘿嘿……嘿，你们知道要怎么把奥尔斯人弄晕吗？,
如果风向有利，我们应该有足够的时间在盛宴前造访奥克尼群岛。,
[Helper:Name] 终于对 [Toothache:Name] 心生怜悯，把 [Toothache:他/她] 硬拖到了你面前。,
嗯！那花样看着有点眼熟。可我一时想不起在哪儿见过了！,
多谢了，比约格迪丝。几个月后咱们再见。,
那么做是想达到什么目的？,
一个勉强可容人挤过去的洞口总算给清了出来。一个小时已然过去，[Tired01:Name] 和 [Tired02:Name] 看上去已是精疲力竭。,
我正在寻找一个名叫马尼的男孩。,
北方的掠袭者袭击了斯克恩！那场懦弱的夜袭已被斯克恩英勇的市民粉碎。,
这要紧吗？,
你惹错女人了。,
你得明白。这里不是什么村子，这是一处家族宅地。所有人都血脉相连。在这样一个地方生活，想要挣脱家族的纽带……,
你这种货色也配叫战士？,
你们这帮人是考斯坦丁派来的吗？,
我可不愿错过宴席上的美酒佳肴！,
我的小子们，萨姆尔和帕尔尼，亲眼目睹了偷窃。,
日安，朋友。你可认识一位名叫凯尔的女人？,
我是达布格拉斯。别理会他们，他们不过是在看顾自己的家人罢了。,
Co as a sibh?,
失窃的传家之宝,
他满腹狐疑地眯起了眼。,
啊，果不其然。许多男人也都尝过她的闭门羹。,
欢迎归来，雅尔。您是来光顾我的货物吗？,
你本该去教训他一顿，不是去大开杀戒啊！,
我说了，[i]给我闭嘴！[/i],
她的手抽搐了一下，似乎想给你一巴掌，可她终究脚跟一转，怒气冲冲地走开了。,
他看上去又疲惫又沮丧。,
谢……谢谢你这么快就回头……回来救我。,
一个气势汹汹的女战士立于中心，被一群同样全副武装的女人簇拥着。看来你恰好撞上了她们在议事，但这群人迅速转向，直面你。,
欢迎，欢迎！你来得可有点——[i]嗝——呃[/i]，哦，该死，哈哈哈！失礼了！——你来晚了一步，但千万别客气，留下来尽兴。你是我[Player:儿媳/女婿]的朋友吗？,
耽搁您了，长者。,
您可知我去哪儿能找到一位名叫西奥多的年轻人？,
还有其他人吗？,
看在老天的份上，你可是[i]自家人[/i]，就算只是远亲。,
戴尔看起来对这阵仗颇为不悦。,
还不到时候。,
真是暴殄天物！,
我们正向珀斯进发，去觐见皮克特人的王。,
前往艾弗维克，投身攻城之战。,
哟，远道而来的陌生人，愿你们安好。我们这僻壤可鲜少有客来访。,
他审视你的面容良久。然后，他点了点头。,
贡纳尔的嘴角悄然勾起一丝笑意，身子微微前倾。,
她心神不宁地拨弄着护身符，似乎比往日都更刻意地躲避着目光交汇。,
牧师的脸庞渐渐被惊骇笼罩，他终于认出了你是谁。,
这故事太过冗长。我尚有要事在身。,
你和那群人一样，是从奥克尼来的吗？我早料到，这不过是早晚的事……,
你为何要宣告独立？,
凭些许狡诈，辅以小小暴力。,
{放箭射那操控者。}我已将他拿下。,
若是你除掉瓦莱里乌斯，将鹰旗交付于我，余下众人便会追随我。可……你为何要为我冒此风险？,
那我便召集几个弟兄去卸下[船名]上的货。你拿定主意了？,
一小撮盎格鲁人瑟缩在一个仅支着一顶帐篷的简陋营地旁。他们显然无意久留。,
察觉到你也在注视着那名修士，[迷信：姓名]向你恭敬地一颔首，便悄然退走了。那名[迷信：职业]的离去惊动了莫尔坎特，他抬起头，正对上你审视的目光。,
你在锥心剧痛中醒来，孤身一人陷于死寂的密林。埃塞尔雷德的军营已被拆卸殆尽，尸首也早已深埋。,
我至今无法理解，你为何会准许他加入。不错，他在战场上确是一头凶兽，假如我们能指望他的忠诚，那本也无妨——但他的忠诚只献与金银，而非献与你。,
此事我得好好斟酌。,
经你那一顿痛殴，我估摸他们一时半会是不敢再动这念头了。,
我可是为他愁碎了心。只要他愿意告诉我他去了哪里……唉，[玩家：名字]，你知道你们两个我都疼，可若是鲁里克能有你一半的成稳，我这白发也绝不至于多生这许多。,
来者何人？,
你在做什么？,
一名年轻女子从一株粗壮的树干后踱步而出。她一手紧握长矛，另一手擎着猎弓。,
但愿我别再溅得一身血污。,
郡长之印,
时机未到。,
你的叔叔爆出一阵爽朗的大笑。,
查清那支深入英吉尔森林的狩猎队伍究竟遭遇了什么变故。,
这……这话倒让我心里好受了些。我们可以趁他们大啖贡纳尔时溜之大吉。,
肃清内鬼,
与瓦达一谈。,
那就盼着他们别太守时了，否则我们怕是会身陷重围。,
我敢赌，那来路不明的丫头是被一腔痴念和满口蜜语迷了心窍，竟自以为觅得了真爱。,
一个时辰之后……,
这事儿够格让吟游诗人传唱了，对吧？不过，若是我赢了，想必会更尽兴几分。,
雅尔拉格希尔德出了赏格，凡是敢于查探沼泽失踪事件的人，都能得到她的奖赏。,
要是我在镇子里碰上什么值钱玩意儿，你愿不愿意把它从我手里弄走？,
你数了数，篝火边上正好有三处能当个像样座位的。,
这表现方式可真怪——让内菲娅替你干架。,
斯克恩的[Player:Name]，听你号令。,
有什么需要，只管开口。,
哦，这儿弄一点，那儿凑一点。我一直从周边的农户那里进些寻常吃食……,
你派谁去找援兵？,
我听到了沼泽地一带失踪的传闻。,
是么？哼，看来你们这些人的故事，也没看起来那么靠得住。,
行了，你们这帮软蛋。告诉我上哪儿找这些畜生。,
只要你还要我，我就会继续追随你。我想，咱俩能相互学到不少东西。,
那死去的姑娘，这下可讨不回公道了。,
我们得动手——跟斯库勒干，也跟留里克干。,
我们得当心别让他把我们也拖下水。,
我叫[Player:Name][Player:Lastname]。,
我们是来探访那座小山上的墓的。,
幸亏大家身子都挺利落，涉过水时没人伤着。,
皮克塔维亚正步入一个全新时代。诸部族已归于一统，达尔里阿塔的多恩科切也已让他的族人与考斯坦丁的宗族联了姻。,
他们身上的粗布衣裳，被一路上的风尘沤得又湿又脏，既无颜色，也无纹饰。这些人带着惯于苦役和粗食所养出来的那股子精瘦的力气。,
这姑娘分明是被你身上的异域风情给迷住了。她一面甜蜜地低语，一面念叨着你那双谜一般的[Player:eyecolor]眼睛，手指绕着你的头发打转。等你用家乡话对她开口时，她便以更猛烈的欲火将你吞噬。,
{交付2000贵重物。} 成了，拿着吧。,
虽说这些农夫人多势众，却全未受过训练，手里的家伙也破破烂烂。待到最后一人倒下，野草已被血浆浸透。,
格蕾妮的战袍,
船甫一靠岸，内菲娅便飞也似的冲下了船，急着去送解药。,
从那堆残留下来的零碎与装备碎片来看，你推断这地方原是个商人。破烂的衣裳残片还带着颜色，当年曾是上等货。,
塔拉停下她那焦躁的踱步，看着你再次走进营帐。,
哈哈哈，要的就是这股子劲儿，[Player:小子/丫头]！那就让我开开眼吧！,
杀了这国王，又能顶什么用？,
那可是个好人。好国王。比康纳尔强，那是板上钉钉的事。祝你马到成功。,
这下你算明白了。,
卡斯雷德似是对你的出价颇感意外。他朝两边同伴瞅了一眼，那两人都点了点头。,
真不忍心把你也卷进这桩事里，莫尔坎特。真心的。,
返回你的家园，去她的摊位瞧瞧,
狼群要是来了，咱们就动手。它们一准想逃，咱们手脚就得利落些。只要能干掉大概一半的狼，往后这整片地方，它们多半就会绕着走。,
我想问你一桩事，是咱俩小时候你讲过的故事。,
这效验可强多了。,
这是你挣回自由身的机会。我们来此是为搭救多恩科切国王，非得穿过这片营寨不可。跟上我们，只要能活下来，你便自由了。,
斯卡拉格里姆朝你甩了一个豪勇的笑容，便小跑着抢到了他那些扈从的前头。,
{打了个嗝。} 我这肚子里头不大舒坦……,
但依我看，事既然已了结，那手段如何倒次要了。只要主教大人欢喜，咱们就欢喜。,
一个头发凋零、大腹便便的男人，浑身上下裹着好几层值钱的毛皮，打市场里过时朝你招了招手。,
你倒是瞧瞧那个……,
自不必说，我的船“金环号”也归你调遣——是雅尔拉格希尔德遣我到此，为你效命。,
你？！老天爷，你是怎么摸到这儿来的？,
愿祝福长伴于你，我的公主。我随后就到，必不会误了婚礼。,
依我看，从今往后，这一带怕是没人再敢触[i]咱们[/i]的霉头喽。,
阿斯莱夫嘴上[i]说[/i]，不怪我在你俩决斗前给你下毒，可心里头这道坎铁定没过去。我呢，干脆就躲着他走。,
我看这[i][Player:狗杂种/母狗][/i]是把咱们当成一群哈喇子直流的白痴了。,
刚才我还在琢磨，你打算在暗处蹲到什么时候。,
又朝着那村子方向努了努下巴。,
咱们先得攒下点信任，才能四处开口打听。,
让我猜猜：搅黄这场和谈的差事，不知怎么的，就又落到咱们头上了。,
晚上好，[Player:兄弟/姐妹]——{鲁里克咧嘴一笑} 我是说，[i]我尊贵的领主[/i]。感觉如何？,
此剑一面镶嵌编织纹样，另一面铭刻着VLFBERHT。以法兰克坩埚钢锻造而成，其强度与韧性，足见铸剑师堪称真正的大师。,
他目光空洞地注视着你，任你检查屋角各处，而你的侍卫们已在房间内各就各位。,
一旦建立起这种联系，你便开始从文字中看出熟悉的规律。将这些信息并排比对，或许就能译出你寻获的其他石板上所刻的铭文。,
向斥候头领打听托德温的下落。,
包在我身上。,
没等你发起攻击，那群年轻人便慌忙扑向树旁和帐篷边的武器。,
努基瞥了一眼他的同伴。,
你随时能走。我想你会去接那些村民，然后带着他们一起走向灭亡。,
纵使王冠易主，你仍会继续效忠吗？,
说真的，我还挺喜欢站岗的。,
王座朴拙无华，不过是一把铺着海豹皮的结实椅子。你进门时，座上之人站起身来，想要把你看个仔细。,
把赫尔索特解药送回斯克恩。,
你和凯蒂尔处得还行吧？,
去查查埃奥福维克城郊那帮动用私刑的暴徒。,
何况还有守卫这桩小麻烦要处理。,
别犯傻了，那不过是些吓唬小孩的传说罢了。,
她眯起眼睛打量着你……,
十多个你的族人聚成一群暴民，挥舞着随手抄起的武器，冲过你长屋的转角。,
我可以给你指条出路——就看你怎么回答我下一个问题了。,
我先瞧瞧你哪儿不舒服，或许还能卖你些我自己园子里用不着的药草。,
我们水淹了地道，绝无活口。,
我们总得做点什么。我不能两手空空地回去见考斯坦丁。,
当然。请便。,
这世道对鲁里克这样的人来说，实在太过残忍。但愿他终于得到了安宁。,
{选择扈从首领。},
{将信任交予【船名】。},
西格丽德说得没错，是赫罗德盖尔达！,
什么？！,
唉，我们听过你的名号。你一向以善待我族著称，但你已被宣布为敌人，我们不能放你过去。,
米尔丁这枚骨符，看着确实有上千年甚至更古老。其上铭文于你而言，全然陌生。,
打断婚礼盛宴，拿走你想要的一切。,
带着上帝的恩典去吧，祝你好运！,
从海滩给胡尔达带些花来。,
艾迪丝摇了摇头，仿佛要把自己从梦中摇醒。,
她目光如锥，死死地盯着你。,
梦境在你意识的边缘徘徊，但你再也无法沉入更深的睡眠。你不得不从床上爬起来了。,
不了，请给我看看你的货吧。,
我要杀了你，砍下你的脑袋，把它装在篮子里送给斯库勒。,
陛下……,
{醒来。},
我需要打听一下你手上那些悬赏的消息。,
[Player:他/她]说得没错，奥塔尔。这绝不是父亲想要的。,
你从他肠中抽出剑刃，他瘫倒在冰冻的地面上，发出一声漫长而痛苦的呻吟。转瞬之间，万籁俱寂。,
罗斯克瓦不屑地哼了一声。,
[威胁者:名字]狞笑着，把[威胁者:他/她]的指节按得咔咔作响。,
那我们必须立刻着手准备。距离春天只剩两个月了。,
欢迎光临我这简陋的摊位，诺尔斯[Player:领主/领主夫人]。关于贵方，我听到过许多令人安心的说法。若您要寻药草或药剂，敝处应有尽有。,
他垂头丧气地重又拿起斧头，把满腔怒火尽数发泄在柴火上。,
达布格拉斯朝他迈了一小步。,
{到他身边坐下。},
说来也怪，[冒失鬼:名字]摔得这么狼狈，竟似毫发无伤。顶多是有几处擦伤和瘀青，但也仅此而已。,
此岛位置绝佳，正是集结一支入侵大军的理想之地。你来这儿，真是选对了。,
她显然是松了口气，伸出手来与你相握。,
我没问题。,
欢笑凯蒂尔。,
你的爹娘在哪儿，姑娘？我派去的使者出了什么事？,
就现在！我们得谈谈。,
只管搜搜那小孩，你准能摸出个小钱袋，里头的便士多到一个她这年纪的女孩儿根本不可能弄到手。,
我的侄女只是有些坏毛病罢了，仅此而已。我们都是诚实、敬畏上帝的良善百姓。,
那女人曾是皮克塔维亚的骄傲。她在战场上的英姿，整个王国无人能及！,
内菲娅久久沉默，凝视着灰烬。当她再度开口时，声音里翻腾着压低的怒火。,
既然你这么想，又为何还留着那只手套？,
我接受。若你助我替军团了结此事……我们将离开莱加塞斯特，永不回头。,
若你想把他们赶出老巢，不过是白费力气——你前脚刚走，他们后脚就会卷土重来。,
你已给了我需要的一切。你赢得了一个痛快的死法。,
说到兽皮，这林子是我的，里头所有猎物，也归我。,
我从他身上学了很多，可他还有太多东西来不及传授给我——那么多的智慧、旧神的传说、森林的奥秘，还有他那些仪式。,
没有。你若敬重我的意愿，就告诉你的国王，我早已入土。告诉他，我只剩一座荒坟，爬满了苔藓。,
不干。,
动手，莫尔坎特。,
基利安深深鞠了一躬。,
我可不记得我给了你选择。,
阿斯莱弗似乎想要辩驳，但转念又将话咽了回去。,
[Random01:Name]用一种掩不住的警惕目光打量着你。,
是啊，我是这么听说的。他说康纳尔带着一队人会在洛蒙德湖东岸的一座农庄扎营——就是这儿往西偏南那个大湖。,
“罗穆卢斯军团”又是什么人？,
除那之外……克韦尔杜夫也许愿意替你弄些好点的装备。你不该就带着[Player:Father]给你的训练旧兵器去决斗。,
那附近应该还有别的长蘑菇的地方。不难找。,
[Eater:Name]死命往嘴里塞着食物，呼哧呼哧地直喘粗气。[Eater:He/She]先瞥了努基一眼，又看向你——眼中满是绝望。,
拉拢他一点不难，他们这个冬天熬得太苦了。,
离岸已百英寻，波谷浪峰之间，你望见斯卡基那颗光头蓦地冒出海面，只一瞬，又沉了下去。,
那头蠢母猪这一两天就要下崽了——我向拉格恩维格承诺了，到时候去搭把手。,
她满脸是笑，连口吃都好了个干净。,
我倒想听听，你看我手下其余那些人怎么样。,
这招最好管用，不然我这气可不轻。,
别担心，我们自会照料你，你那些巫术本事，对我们也大有用处。,
多谢。你也没那么差劲嘛，狼皮战士。,
那贡纳尔呢？,
我听见了天穹上方的唱诗班……,
你自己看吧，他们找到了我。我能活着逃出来，已算捡了条命。,
都打起精神，凶起来！该撞开那塔的时候到了！,
她用水将伤口洗净，又取来晒干的牛尿为其消毒，末了，展开一方织布条，将肩膀裹好。,
她身边那受伤的兵士惊得一动，却似乎发觉自己连站起来的力气都不剩。,
唔，我会加小心。,
[Player:Name]，你得窥了一线自己命途的端倪——那是所有武士共有的归宿。你的时日终将临头。,
我要怎样才能让他吞下这个？,
当心，这地方到处是陷阱！一群孬种。,
我没意见——反正这里想接手的人有的是。,
你要找的是我姐妹，戈姆莱斯。,
我没事，多谢好意。,
{把死掉那姑娘的脸毁个干净。},
你想挑谁做你的旗手？,
他把兵器重重砸在第二面盾上。,
与此同时，[Partner:Name]也了结了另一名男子，只剩那女人。她立时瘫作一团，哭得涕泗横流，抽抽噎噎地抖个不停。,
山坡顶子下的蕨丛间立着一个男人，正借着岩石朝外侦察。直到你逼近至弓箭射程之内，他都似未察觉分毫，随即他猛地转过身来，一只手已按上刀柄。,
你二人并肩走进营地时，其余的同伴投来一道道深长的目光，却没人多说一句。,
我就这么点本事了。你若有耐心等，我本可做得更好些。我担保这不会取他性命。你确定不要么？,
回到珀斯，将默丁引见给康斯坦丁。,
瓦达说你知道一个叫唐德瓦恩的人的下落？,
我一直都看走了眼。多谢你，小[Player:brother/sister]。我会好好想过。,
一点儿也不——自打我那大车被拉出泥沼之后——全亏了你！——几头原牛重新套上缰绳之后，就再没遇到半点麻烦。,
坦率说，你的解释我已经听够了。你的斟酌、你的权衡——我们得[i]行动起来！[/i],
在你的治下，斯基恩的贸易真是蒸蒸日上。如今我进货又便宜又方便，我的价格自然也低。,
阿斯莱弗忽然浑身不自在起来。,
天空一整天都澄澈无云——连一丝云影也瞧不见。,
[Query:Name]走近你坐的地方，眉头深锁。,
一个老人站在他的农舍前。你认得他，却不熟——他那一家人总爱待在边缘地带，从不愿意管你父亲叫领主。,
他话说到一半就噎住了，眼睛瞪得老大。,
我向来乐意帮你管好这帮人。,
还有那些仪式。跟生灵对话，跟精魂对话，跟神祇对话。还有那些人人都害怕的东西——土地的诅咒、生育的诅咒、瘟疫、厄运。,
西格丽德摸了下腰间的刀，随即转身，大步朝森林走去。,
怎么回事？你们在准备什么？,
这地方要是能有一口井就好了……,
真到了那一步，一切就全完了。,
你根本用不着怕诺森布里亚。他们的王位正争得不可开交！,
{进攻。}我父亲总说，最好的防守就是出其不意的进攻。,
去搞些马匹和补给来。,
亲爱的，你又不是米德加德的中心。你的主意不错，对斯库勒和对你会一样管用。奥斯雷德会是个有用的盟友。,
作为这场争端的挑战方，按规矩得由你来宣读决斗规则。,
[Random01:Name]用脚捅了捅国王的尸身。,
我觉得你最好还是离开。就现在。,
愿你健壮幸运，[Player:Name]。多久没见了——得有半年了吧？看起来这段时间你可真够忙的。,
向西航行，找个合适的地方登陆。,
那会儿我脑子里净想着自己是领主之子这回事。,
考斯坦丁诚恳地把手按在心口上。,
谢谢你，[Player:Name]。你胜而不骄。我们会好好为你效劳。,
你们共度的第一夜，满是笨拙的摸索、吃吃的笑声、别扭的瞬间和放肆的坏笑。每回出点什么岔子，凯蒂尔都能甩出一句俏皮话轻轻松松化解过去。,
[InjuredHirdmen1:Name]受了伤，不过问题不大。其他人都好好的。,
这听上去像是一份强有力的盟约。,
{放了那男孩。},
荆棘堡,
我要你的命！,
命你即刻脱离战斗，去对付那帮维京人，不得有误！,
他活着的时候，你那几句重话他或许当得起，可如今人都不在了，就原谅他的愚行吧——就当是为了你自己。,
有什么事吗？,
只要咱们别节外生枝就行。,
请快些，这些人不过是先头的马队。后面的大队人马说话就到！,
我只挑最强壮、最健康的奴隶——你要是从我这儿买，我保你的投入不出几年就能见着回报。,
许是他们黑暗仪式的残迹？事成之后就随手丢弃了……,
考虑一下让贡纳尔在你身边当个侍卫吧，只要你肯收他。,
各式各样的都有——可没哪样能证明他们是一支战斗部队。,
你救了我叔叔唐科伊斯，我要亲口向你道谢。重建家园尚需时日，可多亏了你，我们好歹有了这个机会。,
好极了。该动身的时候，咱们在村子边碰头。不过现在嘛，我是真得把这只母鸡拾掇完。,
拉斯科娃的手攥紧了那个罐子。,
主教从《圣经》上抬起眼来，脸上微微带着几分惊讶。,
所以甭管谁来，咱们接着便是。以为咱们能盼来什么，一帮庄稼汉吗？他们一见咱们准又跑没影了。,
嗯，我说不好……不过我想，既然你这么提了……,
他的眉头拧成了一个疙瘩。,
事情未能按计划进行。德鲁伊死了。,
他是我哥……我哥哥，他叫狄奥多尔。很久以前他就投了罗马军团，不过两个礼拜前，我终于把他劝出来了。,
哈哈哈！那可太棒啦！可我敢打赌，你们的神可赢不了我们的上帝，我们的上帝什么都看得见，什么都听得见。,
瑞亚·西尔维亚已然回归我辈，圣礼便可重行！我定会向禁卫军禀明你的功绩。,
是啊，这么说还算客气的呢。,
啊，我现在算明白了。[i]你们[/i]就是鼠辈帮。,
等她稳住气息，嗓音变得冰冷而锐利。,
那你接着忙吧。,
凯蒂尔憋着笑，结果像猪一样哼了一声。,
翻越山岭时，你们须得穿过一条格外狭窄的通道，脚下的岩石松垮垮的。你安然通过了，但[不幸的：Name]就没那么走运了。,
随你怎么想。我见识过他的力量。,
很好——你的话就是命令。我会把消息传达到集结的部队中去。,
谢谢你！谢谢你，慷慨的[Player：战士/盾女]！,
最后一个德鲁伊——他在哪儿？,
她恭顺地低下头，却仍努力保持着镇定。,
你是真心愿意加入我的亲卫队？,
我明白，你那次出手动机很单纯——不过是想发笔财。所以，你是个对暴力毫无顾忌的[Player：男人/女人]，而且你的忠诚是可以收买的。,
马班也派你来这儿了？,
那扇门不如看上去那么结实。破开它用不了一分钟。,
没那个必要。想必你也看出来了，我向来以固执己见而闻名。,
我们这儿有供奉奥丁、索尔和芙蕾雅的神社，不过你若想取悦任何一位阿萨神族或华纳神族的神祇，我也很乐意为你献上祭品。,
这是仪式的一部分。我向芙蕾雅许了份礼，我们若是让她失望，她会很生气的。,
在不被发现的情况下盗取解药。,
东边入口传来一声喊叫。,
艾菲缩了缩身子。,
法兰克帝国的威胁，如巨大的阴影笼罩着我们所有人！与法兰克人的战争不可避免，当战事来临，我们必须强大。我们必须[i]团结一心[/i]。,
祭司没再回话，只是板着脸点了点头。,
他粗声粗气地点了下头。,
{翻找那堆东西。},
她笑了，那模样活像一只猫对着一只海鸥在笑。,
是吗？那可真是慷慨。希望那些孩子能不负你的厚望。,
我们为何允许外族人踏进战营？,
埃塞尔雷德几度想打断你，可你都巧妙避开了他的插话，继续说下去，直说到连埃塞尔雷德的贴身护卫看上去都快信了。,
虽说你们信仰古怪，可我们确实感激你们所做的一切。,
但凡有胆量找出并解决此事的，就能拿到一大笔银钱赏格。,
拿出点尊严来面对你的命运，维京人——要是你还有半点尊严的话！,
没错，千真万确。我们背靠着背，一次就要对付他们三四个。那场仗打了一整天！,
她抽出几卷鞣制好的狼皮，铺展开来盖在地上。然后，叫你大为惊愕的是，她竟在你面前褪去了衣衫。,
是格蕾妮训练的我。格蕾妮那女人，可是个危险人物。没错。,
我环顾四周，满眼除了死亡与苦难，什么也看不见。我不过是个统治着废墟的君主罢了。,
你不必担心，我只是问几个问题。,
等我们需要你时，自会派人传话。,
我们要花些时间把所有东西都打包好，为这趟远行打点妥当，不过别担心：我们很快就走。,
你傻吗？！——抱歉，我不该说这话的。,
我们警告过你，别再回来！,
当——当真？那事，算是了结了？,
这枚护符代表着和平与纯洁之神，阿萨神族的巴德尔之光。,
如您所愿，亲爱的[Player：男孩/女孩]。我本不该多管闲事的！,
想个法子，在那帮邪教徒面前证明自己，好叫他们的首领愿意见你。,
{攻击他。},
你先把最小的物件往口袋里塞——钱币、戒指、手镯——接着又把那些大件东西使劲塞进麻袋，直到半点值钱的都不剩。万一他们要搜你身，但愿别搜得太仔细。,
露斯可瓦眺望着大海，平静如水晶般的蔚蓝海面一望无垠。,
我先解释一下。你若告诉恩巴尔德自己已受洗，他定会考验你的信仰，最有可能就是拿《使徒信经》来考你。,
又或者，索尔碰巧把雷神之锤从天上丢下来，又碰巧砸烂了阿斯莱夫来这儿乘的那条船。,
依你看，这儿发生了什么？,
是我没错。我认识你吗？,
正面迎战赫罗德盖尔达，将她击败。,
那我们就跟着贝尔去查个究竟。,
若你需要我的建议，我的大门始终向相邻的塞恩们敞开。,
可你倒好，没让我们直接把看上的东西抢回家，反叫我们当起了雇佣兵！如今我们竟卷入了这些——这些本就不该与我们相干的本地战事里！,
这话我同样可以还给你——虽说你比我年长几岁，可我倒觉得，我的见识让你那套几乎全过时了。,
他笑出声来，声音里却没有半分欢喜，也谈不上半点魅力。,
我听说你在诺森布里亚的旗帜下作战。康斯坦丁可得吓得尿裤子了吧！,
我得跟你坦白。奥斯雷德国王根本就没派我过来。,
我看你是个能分辨草药的人。相信你一定会对我挑选的品种满意。,
等等，等等……我们能谈谈吗？,
我这是自找的。,
你可以告诉他我们没事。没什么好担心的。,
她的眼眶盈满泪水，挣扎着不肯放下那股怒气。,
凯蒂尔清楚自己卷入了什么，你也应该一样清楚。,
我们总不至于要等个间谍现身，请我们去某个林间营地跟这个康纳尔谈谈吧？,
{震惊得说不出话，只是盯着她。},
这是个糟糕的消息。如果斯库勒在暗中跟我们作对，那后果不堪设想。,
我会热切期盼你的归来，哦，神秘的陌生人。,
这不公平，我刚才分心了——全是因为你长得太他娘的[i]丑[/i]了！,
谁该护送库斯拉德和他的同伴们去奥克尼群岛？,
又是那女人在说话。,
古代胸甲,
[笨手笨脚的人: Name]疯狂地扒着碎裂的岩石，一阵乱抓乱挠，总算找到了一个抓手，止住了[笨手笨脚的人: his/her]下坠。[笨手笨脚的人: He/She]吊在悬崖边上，死死攀附着冰冷的石头。,
抱歉，我不能再待下去了。,
把手拿开，否则——！,
好了，我得继续去准备了。祝你们一路顺风。,
当然，它还是得按照战舰来建造——我们村庄的位置让我们负有某些义务，我相信你心里很清楚。,
牧师和民兵队长正扎在一堆筹划着什么事，争执不下。当你刚好走到能听见他们说话的距离时，他们便停下话头，转向你。,
阿斯莱夫长叹一声，再次举起盾牌，点了点头。,
这只被切下的原牛角上雕刻着精美的交错图案，让你想起了自己心中的某种信仰。,
我以为——我以为我们是朋——[i]朋友！[/i]闹了半天是在拿我寻开心，对吧？,
冷静点，我们不是来伤害你的。,
我会确保你们的名字永不被遗忘。,
我听说过你们这些人——维京人。他们都说——关于你们的说法可太多了。我想亲眼看看。,
打得不错，我的孩子。你父亲会为你感到骄傲的。,
唉，我现在有好多活儿要干，得把突袭里被打烂或偷走的东西统统修好、换好。,
{把他打晕。} [i]够了。[/i],
你在里伯做的事都留在里伯了。奥克尼群岛是个全新的开始——别糟蹋了它。,
码头上，一个面容粗犷、装备精良的男人站在一艘威武的战舰前，懒洋洋地打量着过往的行人。,
事已至此，我不会强求你做出任何承诺。我会先行一步，让埃塞尔雷德知道你要来。,
听着……我听说过一些关于你和你族人的坏事。有这样的名声，如果我不太想给你们武器，希望你能谅解。,
据我所知，她一天战斗训练都没受过，但她挥舞起剑来，仿佛体内蕴含着上帝的雷霆之怒。,
德雷基,
我知道你为什么来这儿。你是来取我[i]脑袋[/i]的。哼，你休想得逞！,
[侦察兵俘虏者: Name]割开了那人的喉咙，他的鲜血喷洒在雪地上。他的身体瘫软下去，[侦察兵俘虏者: Name]一松手，尸体颓然倒地。,
去邓弗里斯，找到我们的人手，马格努斯·麦克·瑟腾。告诉他康斯坦丁派你来打破僵局，他该听说过你。,
所以，我们要找的东西是埋在某个大家伙下面？银蛇那个说法我没听懂。,
毫无预兆地，凯尔突然哭了起来，用双手掩住了脸。,
如果你告诉我哪里能找到马匹和补给，我保证最后一个杀你。,
我确信那对你自己定是莫大的安慰。但在这里，你得不到任何宽恕。,
我根本就不想让他死！该死的，伙计，你儿子和他妻子正在外面跟一伙维京人对峙呢！我们得去帮忙！,
总比没有强。哼！我会留下来，看看有没有别的队伍愿意收留我。或许我还能教教这些菜鸟一两手战斗的本事。,
一位酋长！那就是掌权者了。正合我意！,
那你喝不喝？,
是的，我们见过他。他叫我们放了你，并告诉你到你叔叔的农场去见他。你知道那地方在哪儿吗？,
他看起来丝毫不觉得好笑。他回头扫了一眼他的朋友们，他们一个接一个地站起身来，但没人向你走来。,
那女人离你最近。你握着藏在背后的小刀向她走去，可就在你进入攻击距离的一刹那，她察觉到了危险。,
坟墓旁站岗的一个女人向你微笑，点头示意。,
够了！你别太嚣张，阿斯莱夫尔！,
哦，没错！领主的人跟我们这些人对着干！,
瓦莱里乌斯递给你一满怀的上好毛皮。,
我见过你说的那帮人了。我们早就打发过他们了。,
我们需要的是个帮手。让我们看看你肯不肯搭把手，我们自然会和平离开。,
少管闲事。,
那部分交给我。我把猪拴在树上，我们围成一圈，打个埋伏。,
我还看见你招了整整一队人马。看起来都是些靠得住的家伙。,
或许是吧，可你犯不着这样！我不是来挑事的。事实上，我是来入伙的！,
算不上快活，不——可总该心满意足了吧？一场实至名归的胜利。,
把他熏出来，正好撞进我们的埋伏？我喜欢。,
咱们的胜利，[i]板上钉钉了！[/i],
见到你我也高兴。,
他苦笑起来，眉头深锁。,
那你定是位勇猛过人的战士了。,
我还在想你什么时候会动手呢。,
多谢了，[Player:Name]。要不是你，咱俩怕是早就死了，不在今日，也熬不过一个月。,
你这[i]狗娘养的[/i]！,
当初帮了我们，倒能给你长脸。,
博得赞许、受人爱戴，实乃福分。,
稍大的男孩把手搭在年少同伴肩头，轻轻将他推向前去。,
老人的笑容薄似刀刃。,
在一个把荣誉看得比什么都重的世道里，[i]这[/i]可就耐人寻味了，你不觉得么？我们从中能悟出什么？,
她看起来像要着起火来。,
让统治权就这么父传[Player:子/女]，并非我们的规矩。若要重振氏族雄风，便得推举最强的战士当领主。你并非我等之中最强者——不过是你父亲膝下不那么孱弱的崽子罢了。,
{打量守卫。},
朋友，何必如此敌视。容我解释……,
那堆财宝层层叠叠，凌乱不堪——胸针、戒指、成匹的布卷，甚至还有几尊模样古怪的小雕像。脏兮兮的窗户透进暗淡的光，它们在那微光里招摇地闪着。,
大概……大概值个一百便士。,
修士只是点头，一脸颓然认命。,
收起你的唾骂，留给你的同类去吧，异教徒！我们这副模样也许入不了你的眼，可为守住家园，我们定会血战到底！,
来呀，重新杀回去！,
若你不想与他交手，让我替你出战。,
话音未落，一个搜查的人便从你的一个袋子里扯出一只灰扑扑的银杯。,
恩巴尔德抬手止住你的背诵。,
{献上1000财物。}这东西我要了。,
是……我——我指望——不，还是先做完祷告。,
在一个墨黑墨黑的夜里，于林间迷了途。,
奎恩坐在石头上，盯着自己满是血污的双手。那看着不像是她自己的血。,
随后的庆祝在你的记忆里渐成一片模糊。你只记得三两个欢闹的碎片——[Openminded:Name]跳上了桌面，纵情起舞。,
我万不该——信了你。你是我此生最——最不堪的劫数。咒你！也咒我……竟这般[i]蠢笨如猪[/i]。,
消灭挪威残寇。,
哈夫丹之子，一窝毒蛇，偷走了咱那头最肥的猪！,
他们从我们这儿偷抢，这可不是头一遭了。,
谁？马尼，是你到底回来了吗？,
一股不祥的预感拂过你全身，犹如冰冷的手指抚过脖颈，你却辨不清这股不安从何而来。,
可不！入侵大获全胜。等着雅尔和西古尔德王听说了，那还了得。,
陛下，您可真够慷慨大方的。,
我哪儿也没去。,
{不理这场喧闹。},
多壮观的建筑啊，是不是？你可知道，正是罗马人最先把基督教带到这片土地上来的。我在想，倘若他们留下来不走，如今这世上又该是怎样一番光景。,
你扑向那孑然一身的修士，一记重重的挥砍，却被他侧身避过。你眼角扫见他手中寒光一闪，便纯粹凭着本能拔出撒克逊刀，抢在他挥刃之前，一刀捅进了他的心窝。,
你们找到了什么？财宝在不在那儿？可见着地底之民了？,
和瓦达谈谈他那争取主教支持的计划。,
你到底跟他说了什么话？,
他重重跌回兽皮堆里，在你离开时，一边剧烈咳嗽，一边咒骂着你。,
内菲娅·霍尔蒙纳多蒂尔自愿代替[Player:Name]出战。我是为自己而战。,
我知道你是一心为我好，可你根本不明白那是种什么滋味。我需要这么做。,
无所谓。我们是来抓你们[i]每一个[/i]人的。你们太危险，早该在你们刚冒头的时候就把你们解决掉！,
埃迪丝只是微微皱了下鼻子，这是她察觉到那股气味的唯一迹象。,
玩闹到此为止。依我看，事情的经过是这样的……,
等这一切了结，我要用金子把你从头到脚埋起来！,
我会考虑你的请求。,
想来是奥丁一时兴起，刚赐了我无碍的言说之能。我又何必说谎？,
我们得赶紧离开这儿。,
格雷蒂尔眯着眼打量了你许久，然后耸耸肩，往后退了几步。,
这儿出了什么事？,
这位是[Player:Name]，[Player:Father]与阿斯特丽德的[Player:son/daughter]。你还记得[Player:him/her]吗？,
不会吧？,
我定要复仇！,
这间密室里藏有一柄曾属于某位罗马英雄的武器。别人是这么告诉我的。你若找到它，便归你所有。,
主啊……这般毫无意义的屠戮！仁慈的上帝，拯救我这些勇敢子民的灵魂吧！,
我会在山顶与你碰头，我得去把最后那点东西收拾好。现在快去！去助他一臂之力！,
威利布罗德发出痛苦的惨叫。他那只手短时间内是甭想再鞣制皮革了。,
我怎能眼睁睁看着你们走向命中注定的绝路。,
{继续说。},
我试过，可我的心根本就不在上面。我更喜欢航海，战斗……还有劫掠。,
你和领主斯库勒·碎颅者是什么关系？,
其余的扈从都在那边。,
是宝藏！我们该把它挖出来，天知道下面还埋着什么！,
我总爱说，驱策着我的，是一种被强烈自大狂所调和的、深植骨髓的自卑感。,
为你的远行招募至少九名扈从。,
我失手了，就这样。,
要办成这事，你得先引开他们的注意，我好对麦芽酒动手脚。,
那女巫让我浑身发毛。我不知她与何种黑暗力量相交，但她确实懂得怎么疗伤，所以我明白你带上她自有道理。,
[Curious01:Name]的神色愈发忧心忡忡。[Curious01:His/Her]目光游移，搜寻着出口。,
新来的人里有一位似乎是个铁匠，一个身形精瘦、手臂强健的女人。你猜是她独自一人把这里原本那座盖了一半的房子弄完，改成了她的铁匠铺。,
去跳崖吧。,
我不知道！多了去了！干嘛这么问？,
你照我说的做，不然我就宰了你。这事儿就这么简单。,
一个孤零零的奴隶放下了斧头，隔着一段安全距离看着打斗。燃烧的农舍火光冲天，给他周身镀上了一层橘红色的光影。,
从这儿往北，一直走到格里穆尔夫的小屋，然后走那条偏东的远路进森林。,
嗯，你瞧……这事儿怕是轮不着你选。懂吗？,
这么明确的指示，足够我们找到那地方了。,
祝各位安康，远行的旅人。愿精灵为你们指引前路。,
当然有效。怎么，你打算接受了？,
既然人们说起你时，那口气活像你是个货真价实的珀斯英雄，那我自然得给你压到最低价。过来，让我看看。,
我们来这儿只因为已走投无路。,
隔板那边，只闻其声的修女用上了长辈训斥孩子的口吻。,
我想瞧瞧你的货，乌拉赫。,
别发牢骚了。快看！他们把吃食端进来了。,
就这么大摇大摆地穿过咱们的营地。,
内菲娅的脸颊微微泛红。,
[Player:Name]，我自愿代你出战。,
这算威胁吗？你想靠威逼让我就范？,
[Archer:Name]探出身看过去。,
{拒绝她的提议。} 门儿也没有。,
又见面了，[Player:lad/lass]。可算凑够银钱啦？,
可怜的乌尔夫。他闯过了那么多险境，到头来却倒在了自己家中。他本可以在你外出时，帮着训练那些年轻人的。,
明白了。,
{献上1000财物。} 给你50便士，告诉我，这是为谁打造的。,
商贾们将我们的富庶之名传遍全国。我们甚至已开始买下更多周边的土地，以扩张我们的势力。,
看来这儿就能采到不少蘑菇。,
这买卖，你我都划算。还有别的吗？,
卡恩文南,
但愿这把匕首你用不上，嗯？,
{提供 200 财宝。} 十便士，能让你离开岗位一小会儿吗？,
要么让开，要么拔剑。我们无所谓。,
利奥弗里克在洞穴深处找到了你。,
哦！这些人就是我跟你提起过的！,
抱歉，我们呃……不想惹麻烦。你问吧。,
那边泥塘里的老妖婆还卖给我几瓶药酒呢！你瞧我说得没错吧，我这摊位货源可足了。,
那你又如何证明自己配得上呢？,
你怎么能这么说，西格？！他从小不点儿的时候我们就认识他了！,
她的脸腾地红了，双手捂住了滚烫的脸颊。,
他微笑着，眼里却闪过一丝精明。,
放过……那些女人。求你了……,
若你行事得法，兴许能当上埃奥福维克的新统治者。我本想为你的效劳提前兑现这份酬劳，可其中牵扯了太多政治上的顾虑。,
够了！你虽是领主，可也是我的[Player:外甥/外甥女]！看在我这糟老头子自己那份悲痛上，就容我留些秘密吧。,
也许吧，要是有机会的话。,
猎人抹掉糊在眼睛上的泥。,
{攻击奥德凯尔和他的门徒。} 是，我心意已决。,
这是我的权利！我是长子！我逃避这份责任已经一辈子了。是时候面对我是谁了。,
事已办妥。该回村了。,
你把财宝藏哪儿了？嗯？！,
他们都错了。我是你的[Player:哥哥/姐姐]，我清楚你的力量。你那来自智慧和仁慈的力量。,
不知道！我什么都不知道！贡纳尔改变心意之前，我们连奥克尼群岛都没能过去。,
珀斯远在北方，在那片皮克特人的蛮荒之地。有些皮克特人仍守着他们的旧信仰，我希望能与他们会面，记下他们的故事。,
真高兴你俩终于勾搭上了。他朝你暗送秋波都好些年了，我看他差[i]这么[/i]点儿就要跑你帐篷外唱情歌了！谢天谢地，你总算是躲过了那场灾难。,
{攻击他们。},
站那儿别动，够近了！,
我可没打算空手离开。,
[i]两个[/i]女巫。,
那就试试看吧。,
[Random01:Name] 挑起了一边眉毛。,
叫他们把武器丢掉，否则我们就给他们一个永生难忘的教训。,
是吗？那些地方，除了几周内就能渡海抵达的北方人，怕是没什么人感兴趣。,
你何不先去墙里跟铁匠谈谈？等搞清了需要什么，我的摊子还在这儿，我太乐意把铁匠要用的材料卖给你了。,
神明不青睐谨小慎微之辈，所以今日我们得亲手握住自己的命运。正如我们每个人终将独自踏上前往瓦尔哈拉之途，我们也须从自己内心寻得力量，去直面前方伺伏的任何险境。,
为父亲摆平事情。帮帮小弟。,
约斯泰因摇了摇头，轻笑出声。,
阿斯莱夫曾是我们最骁勇的战士之一。至少他还活着，真是万幸。,
每当锤子落在铁砧上，她的嘴角便会浮起一丝浅笑。待你走近，她心满意足地舒了口气，擦了擦额上的汗水。,
你将让这地方被无辜者的冤魂所充斥。这便是你为求青史留名，必须偿付的代价。,
有件事我一直憋在心里。在里伯遇见你时，我实在太粗鲁了，为这事我心里超级过意不去。,
带你前去珀斯，出任国王的宗教顾问。,
国王重重叹了口气。,
等我长大了，也要当个维京人。你都去了哪里呀？,
沿着屋舍间逼仄的通道走去，一小群年轻战士聚在篝火旁。你心中猛然一惊，认出了那是斯库尔的斥候，斯凯恩森林里的那几个。,
我和你一样吃惊，这还是往轻了说。你怎么会在这里？,
斯泰因看起来已全然从剜心之痛中康复。他在自己的近卫队前踱来踱去，掂量着手中盾牌的分量。,
那场席卷了贫民区的大火，到底能带来什么好处？,
好了。你不会有事的。还需要什么吗？,
我们当初就该留在奥克尼群岛。我们在那儿混得挺好……那些彩绘者也没本事把我们拖住太久。,
你这蠢货。胆敢违抗地底之民，可怕的灾祸必降临于你。,
我同意——拖延并非万全之策。但若你确信我们能及时赶到，我便听你的。,
你终于达成了当初立下的目标。不列颠群岛或许仍有你的机遇，但阿尔庭大会召开在即，你必须出席。,
唐科尔斯王，我们来救你了。,
看得出，你心里已另有牵挂。若你肯派个手下带我去新住处，我便不打扰你们谈话了。,
他从脚上抬起目光，在你脸上搜寻着什么。接着，他的下巴像是被一只无形的手托了起来，缓缓扬起。,
杀了她确实可惜，但留她活命带来的麻烦，远大于她这条命的价值。,
你示意[Archer:Name]跟上，两人悄悄摸上土坡顶端就位。你们一同瞄准，同时放箭，各自的目标无声无息地倒下。,
回头见。,
考斯坦丁既然信你，那我也信你，我的价钱会说话。让我看看。,
我们会赢！我们别无选择！那艘船是我孩子唯一的活路！,
我接受。,
约斯泰因从你身边跑过时，抬手行了个礼。,
我们此刻本该都在家，逗孩子玩耍，帮妻子干活，料理自家农庄。,
投石索石弹,
你到底干了什么……？,
{搜寻凯蒂尔。},
你饶阿斯莱夫一命，已是仁慈，但我明白你为何不能留他。,
西古尔德·赫林格早就该认下你这雅尔的名分了。,
那一下肯定很疼。,
[Eater:他/她]伸手抓起一块腌牛舌，龇出[Eater:他/她]赤裸的牙齿便撕咬起来。两人埋头大嚼，空气里顿时满是咕哝声、咳嗽声和咂嘴声。,
那矛真不错。这帮家伙肯定训练有素。,
咱们从邓弗里斯镇入手。我们两国在那里的冲突，已酝酿许久了。,
很好，那我们就看看谁是最强之人——但别在这海滩上动手。来，随我来。,
向艾迪丝问问她从前总挂在嘴边的那个墓地的故事。,
众神必将赐福于你。收下这枚护符，作为你虔诚的见证。,
异域项链,
我知道一处伏击的好地方。这边走。,
威斯哈尔！我猜你来此，是要用我的血来玷污你脚下这片圣土吧？,
你若在备办远行时需要个落脚之处，欢迎在此扎营。但告诉我，你把船开上我的海滩，为的是什么？,
我以家族荣誉起誓，以诺森布里亚昔日与未来之王的名义向你保证。只要我一日身居王座，便一日是你的盟友。,
恰恰相反，多谢你的款待。,
这个，请你收下，略表谢意。,
他率手下袭击了我的氏族。我们击败了他，我饶他不死，换他为我效力。,
近来麻烦事不断，没人腾得出手去替她多寻些药回来。,
谢谢你的胆量。我们手头已少得可怜，我实在不忍心再失去祖父留下的这最后几尊小雕像。,
你将计划和盘托出，逐一说明每人承担的部分和其中的风险，并刻意强调，每位随从的角色都不可或缺。,
这还真是……了不得。可你终究偷了他们。你洗劫上帝的殿堂，夺走他们劳苦所得的果实。,
生命汲取者,
听见了。我已等不及要见识那边有什么在等着我们。,
阿斯莱夫狠狠剜了你一眼。,
战况比我希望的要凶险。斯克恩人打得比预想的顽强得多。,
其他人大都已睡下，只有凯蒂尔还坐在火堆旁，用箭头拨弄着余烬，出神地想着什么。听见你的动静，他抬起头，招手示意你靠近。,
我相信你。,
所以呢？,
哦，得了吧，弄混了又不是咱们的错。我不想为这事跟你们动手，但要我们交出来，那是门儿都没有。,
当你从诗人的肠子里拔出剑时，他栽倒在地，脸上挂着一副滑稽而又难堪的傻相。,
要调制解药，里伯的女祭司需要沼泽中巨魔树的树皮。,
你的防御简直是纸糊的！没有栅栏，就那点土垒也配叫工事。你可真是个活靶子！,
她抬头望着阿斯莱夫，眼里闪过一道亮光。,
你用水清洗伤口，又取来晒干的牛尿消毒。涂抹药膏时，你感到她浑身绷紧，却一声也没吭。,
告诉我们财宝藏在哪儿！,
金纳玛尔哈西夫？,
机不可失，时不再来。,
找到火灾中的一个生还者。,
如果这场仗打完，我能少付一个探子的钱，那省下的三十便士，我就能付给[i]你[/i]了。,
那事可怪不到我头上。,
迫不得已的话，我们会到的。,
听说你有个攻打皮克塔维亚的计划。,
她朝市场的另一头打了个手势。,
我抓住你了。,
你手下那个女猎手，西格丽德，卖给我几张鞣制上好的毛皮，隔壁村的铁匠又卖给我一小批金属边角料。,
那就来场挑战吧！就像索尔在乌特加德那样！,
贡纳尔虽败，但对斯克恩的声誉与防务造成的损害已不可挽回。西古尔德·赫林格会在阿尔庭上站在我们这边。,
明智的选择！那你至少会留下来，给我们点儿精神上的支持吧？,
领主[Player:Name]！我真不敢相信，你就这么把这个地方给了我们。这可是整整一座农场啊！,
听你这么说我就放心了。我能为您做些什么，为您效劳？,
最好把炉火烧旺些。今晚又是个寒夜。,
一个面色凄苦的男人坐在木栈道上，面前的羊毛毯上摊着一小堆装备。,
众神果然眷顾我们！我们大家肩上的重担，总算是卸下了。,
艾布琳伸出手来，握了握。她已疲惫不堪，那手劲儿也虚弱无力，但她目光中的锐利，却丝毫不减。,
告诉我，你打算怎么处置这地方？你将怎样领导你的氏族？,
[Lover:Name]意味深长地瞪你一眼。,
真希望那时我脑子是清醒的。,
莫尔坎特端起一副老修士给一群见习修士讲学的腔调，将那石碑揭示的内容娓娓道来。,
你可知道我们在哪儿能找到她？,
她扔给你一只小口袋。,
他当然是这么干的！而且这么看来，能跟你共事，而不是跟你的对头，我该庆幸自己走运才对。,
{选一名侍卫把[Stuck:他/她]拽出来。},
主教大人，您大驾光临我这厅堂，实在是我的荣幸。,
我早就听说[Player:Father]这些年疏于照管他的氏族，可眼前这景象，实在可悲。,
那是里克维的尸体，这个从斯克宁厄来的年轻女子，曾跟一个商队护卫私奔。,
是我叫她给你下的毒。你如果还为这事气不过，就冲[i]我[/i]来。,
达布格拉斯摊开双臂。他声音里的绝望一听便知。,
[Shipname]是一艘好美的船。,
欢迎回到我这寒酸的小摊，北欧人。大伙儿都说，你们一直在费心弥补你们族人那……[i]不怎么样[/i]的名声。冲你们的这份心，你们若要买东西，我给你们算个好价钱。,
我同意。我们若真决定抓住这机会，在奥克尼群岛的斯卡拉格里姆就得知道这消息。怎么决定，在你。,
我们得在这些哨兵惊觉之前，就把他们料理了。,
这男童的相貌，和你之前在埃塞尔雷德营里审过的那个探子一模一样。这些孩子准是他的儿女，被关在这儿，当作要挟他的人质。,
他面色阴沉地看你一眼。,
你眼光很毒，我的北方朋友。,
那铁匠抱起粗壮的双臂，摇了摇头。,
起初他们面面相觑，一脸糊涂，可随后，这些年轻的猎手似乎明白了，你是当真的。,
这分别或许只是纸上谈兵——异教信仰，也不过是那大敌戴过的众多面具之一罢了。我只盼着这些人别再盘踞莱加塞斯特了。,
格里姆已从我手下除役。如今他效忠于你——奥克尼群岛的雅尔。,
恕我欺瞒之罪。难道就再没法子能挽回您对我们的青眼了么？,
她猛地转过身，拾起衣服，近乎发狂般地将衣服往身上套。她抽着鼻子，一边吹灭了蜡烛。,
你应允过，要跟我讲讲你们自己的信仰。,
闭嘴，丫头！,
我也就是这么一想。,
别吵吵了，我们得想法子。,
你过奖了，凯尔。可在你面前，我却觉得自己方寸大乱。,
他又点了点头。,
如今，挡在你和诺森布里亚王座之间的，就只剩埃塞尔雷德了。是你把他扶上那把王座的，我很确定，你要把它从他手里夺走，也易如反掌。,
没问题。不过丑话说在前头，除非你们名声变好了，否则别指望我给你打折。,
管好你自己那摊烂事儿。,
跟我讲讲玛多尔之子的底细。,
你从前可认识一个叫凯尔的女人？,
听起来是个好办法。咱们一准备妥当，我就立刻动工。,
米尔丁抬起头来，回你一个感激的微笑。,
你说得对，这农场不能落在一帮偷鸡摸狗的小崽子手里。那就跑吧，我倒要看看你能跑出多远。,
你何不渡过河去？,
我听说你饶了他们的国王一命。你比我更了解他，所以我不会评判这是对是错。他将来可能会给我们带来麻烦，但也可能派上用场。,
希望你别因此记恨我，但我要把你的奴隶都放了！,
白手套,
贡纳尔还待在你离开他的地方。一头公猪正好奇地嗅着他的裤子。,
那你并非全无慈悲之心。谢谢你。,
或许市场里的某个商人能帮我们处理掉这个。,
那真是……让人开了眼界。,
说得对。谁知道那边会有什么等着我们，但只要有我做你的旗手，你便无所畏惧。,
我们为斯克耶恩的荣誉，受了多少苦啊。,
是吗？那你打算怎么办呢？,
再见，我的神秘陌生人。愿仙灵指引你的前路。,
我不是诺森布里亚人。我是北欧人，是奥斯雷德派来作为中立方使者的。,
很高兴听你这么说。你们斯克耶恩那边可真会酿蜜酒！那么好的酒危险得很——但这种危险我甘之如饴。,
斯卡尔基在我们找上他之前，一直在跟康纳尔合作。看来斯库勒可能也尝试过类似的结盟，但他选错了要支持的国王。,
是北风，将人鞭笞成了维京人！,
他挺直脊梁，声音如暴风雨前滚滚而来的闷雷。,
一群基督徒正在追捕躲进莱加塞斯特古罗马堡垒寻求庇护的异教徒。,
现身吧，否则便领教我的剑锋！,
把那东西放下！那是我们的！,
再会。,
你的举止气度，透出一股不输任何男子的力量。我想，你一定是女神西芙的化身。,
如果你愿意接受一个女巫学徒的帮助，我或许有你能派上用场的东西。,
我已经把绳索系在那边了。那根圆木就巧妙地藏在头顶的树枝里，不过等他靠近时，你尽量让阿斯莱夫的注意力集中在你自己身上。,
走这么远，够了！,
你好。,
国王居然雇了你？嗯，这么想来，倒也不无道理。,
她用毫无猜忌的目光注视着你。,
听起来太复杂了，咱们索性把这些人揍一顿，拿了要的东西就走。,
格蕾妮愤怒又痛苦地紧闭双眼，却一言未发。,
奥尔德温就住在那条小巷子里。求你了，让他心里对上主生出敬畏。,
{把她打晕。},
共饮一角蜜酒，追忆往昔。,
他很快就会站在法庭上受审。若非他逃跑，本可从轻发落。现在嘛……我看悬了。活捉他归案，赏银55便士。,
阿斯莱夫不屑地咕哝了一声。,
瓦莱里乌斯正与他的门徒们讨论着什么。看到你时，他抬起头，露出微笑。,
斯卡拉格里姆咧嘴一笑，满脸兴奋。,
我们不是去烧杀抢掠的匪徒。在大海的彼岸，我们将找到一个伟大的王国。我们会与那里的国王缔结盟约，再带着无人能敌的威势重返故地，让任何人都不敢再对我们刀兵相向。,
不叫我们遇见试探，救我们脱离凶恶。,
呃——,
一日不见他的尸首，他便一日是活着的！你明白吗？！,
[恋人：名字]似乎已经起身离开了你的帐篷，去忙早晨的杂务了。,
博学之人，若其心沉潜于瀚海书卷，便鲜少能纵情欢笑高歌。,
我们还有时间。这趟旅程，顶多一周。,
{前往珀斯。},
你好，我叫卡思拉德，有什么能帮你的？,
好吧，我会替你找到那个德鲁伊。,
我明白了。只可惜，[玩家：他/她]来得太晚了。伦比约恩号早已扬帆远去。,
没错。我们要进去。,
这倒的确是个清理地道里邪教徒的省事法子。不过，这手段未必值得称道，也解决不了地面上那些邪教徒带来的麻烦。,
哦，艾丹是很容易发火，但火气来得快去得也快。达布选择出面调停，让他冷静了下来。,
他们本打算往东走出高地，去跟一伙北欧人会面。,
默丁……？,
隐藏储物箱,
若遇见凯尔特拉姆·麦克·穆尔霍莱格，饶他一命。,
我不确定。,
你已经落入我的掌心，插翅难飞！,
我们跟你北边的邻居，另一位领主，早有约定。他吩咐过自己的守卫，只要看到我们的船帆，就不得点燃烽火。,
那个看似禁卫军统领的男人，用矛杆末端重重地敲击着地面的砖石。,
那你有何高见？,
我和他谈过了。他很快就会离开。,
明智之举。我已经看得出，你会成为比[Player:Father]更出色的领主。如我所言，他是位伟大的战士——可显然，他的心思也全扑在那上面了。,
在后方，你留意到一张熟悉的面孔：艾菲回到了她最初的女主人身边。,
与此同时，你和你的侍卫队可以驾着[Shipname]一路直插城市腹地。,
奥斯雷德手下有个叫沃尔瑟夫的收税官已经潜逃了。对他的审判，注定会以一张巨额罚金收场，要补齐他拖欠的全部税款。,
你的家人不在这里吗？,
凯蒂尔轻笑一声，脸上随即浮起若有所思的神色。,
我们会在西面大道上伏击奥斯雷德的使团。然后，我们再去找麦西亚人，许诺重金，让他们支持我们入侵诺森布里亚。,
真是招妙棋。看来我们全都小瞧你了！,
女武神之花,
准备工作：长船,
这个险我甘愿一冒。要我说，跳。,
意识到自己一败涂地，绝望将他死死攫住。,
我们是来拜谒墓冢的。,
他恭敬有礼的外表下，闪过一丝懊丧。,
{攻击。}我看出来接下来会怎样了。,
一群农夫已经集结起来，要守住外围的农场，抵挡那些已经突破外围防线的你的盟友。他们看上去装备简陋、心里发虚，但胜在人多势众。,
我们确实给过他们承诺。走吧，去把他们的忠心攥在手里。,
她缓缓站起身，随后走进卧室，把门在身后关上。,
我绊了一跤！它滚到墙那边去了，然后……我只好赶在父亲回家之前去把它捡回来。,
{刺他。}这就让你看看。,
我没工夫跟你瞎磨蹭。你要什么？,
你估摸她的年纪在二十出头。一双碧眸在乌黑的刘海下亮晶晶的。她个子不高，身量健康丰满，皮肤光洁白嫩。纤巧的双手搭在髋上——离她的小刀刀柄不过咫尺之遥。,
我求之不得。我和我的战士们已经很久没在厮杀中遇到过对手了。,
你究竟为什么要放那个间谍逃走？你有什么把握他们不会把所有事都捅给奥斯雷德？,
一个穿蓝衣裳的人袭击了我们，偷走了一尊小雕像。,
记住——我们得留活口。他必须交代要去见谁。,
一切都妥当了，她便在你身边坐了一会儿，感受着篝火噼噼啪啪的暖意。然后，她也起身去拿了点吃的。,
嗯。,
我不是那个意思。,
他是努基。,
我知道。阿斯莱夫尔是个身经百战的战士，你还是做些准备为妙。,
他终于抬起头，眼中满是悲恸与狂怒。,
[Lover:Name]笑着向后一靠，轻轻在你胳膊上捶了一拳。,
那人把斧头从劈开的原木上拔下，擦了把脑门上的汗。他转过身来面朝着你，漫不经心地搔着胡子拉碴的下巴。,
诺森布里亚行动迅速，抢占了穿过哈德良长城最方便的通路。,
我简直快等不及要宰了那个毫无廉耻的杂种。,
巨人耸了耸肩，那动作简直像狂风中的橡树弯下了腰。,
是弗利里偷了那头猪吗？,
什么都没有！什么都不能叫我们离开！,
一种说不清的、混杂着悲伤和释然的情绪涌遍他全身。他久久凝视着你的双眼，接着，仿佛被决斗抽掉的精力又找回了几分，他站起身来。,
刚从竖井里挣脱，你就往下坠了一小截，落在地面上，这才意识到没了绳索，非得另找一条出路不可。,
你试着往下咽，可那口食物堵在喉咙里，怎么也不肯下去。反而肠胃一阵抽搐，翻涌上一股强烈的呕意。你勉强扭头避开了桌子，一口酸臭的胆汁混着嚼烂的食物就从嘴里喷了出去。你又是干呕又是反胃，难受了好一阵子。,
行。我们认了。,
一抹病恹恹的狞笑扭曲了他的面孔。,
一个不信神的异教徒，他的誓言分文不值？！,
我现在该怎么办？,
艾迪丝快活地笑出声来。,
堡垒？那是个安宁之所……敬拜之地……,
你苏醒过来时，洞穴中一片寂静。[Random01:Name]正跪在那位德鲁伊身旁。[Random01:他/她]抬起头，迎上你的视线。,
我们可不能叫那些沿岸不设防、遍地是宝藏的奇谈怪论冲昏了头。我不会重蹈父亲的覆辙。,
我信他成——奥丁除非是傻子，才会把像他这样的战士拒之门外。,
巨人一脸惊愕。,
{冲[ObjectOfAffection:Name]翻了个白眼。},
你什么也不用怕，有[Guard:Name]在放哨呢。,
埃迪丝已经把一袋袋补给往海滩上扔了，手脚麻利地准备扎营。,
我也这么想！我才不会拿我儿子的命去赌！,
你的挑战者朝你伸出一只手。,
"""仁慈""可不是一个真正的领袖该琢磨的事。把这种轻飘飘的东西留给那些吟游诗人吧。",
不过我听说你为这事给她弄了样东西。希望能管用。,
得了吧，莫尔坎特，他们全都活得好好的。,
他那巫术的威胁似乎已经减弱了不少。修士们正在争论如何才能最好地处置他。至于你嘛，这是你的赏钱。,
把船调头！,
你们家族的繁荣昌盛远非我刚来时可比。我想，你会觉得我现在的价格相当公道。,
关于雷穆斯，我的想法跟你一样。我认为你应该掌权。要是我们除掉瓦莱里乌斯和他的心腹圈子，你愿意接管罗马军团吗？,
我们没得选。冬天里，你要是不在脚上绑一双冰鞋或者一副雪板，就哪儿也去不了。,
我会跟你把我们的处境说清楚。皮克特兰历史上出过不少国王，但从没有一个人能把所有的氏族都统一在一面旗帜之下。,
我也一样。,
愿上帝怜悯他们的灵魂。别让这些事情的后果沉甸甸地压在你心上——你的所作所为，都是在为一个更崇高的善业而效力。,
一个高大的战士手执剑盾立于自己的部下中间，脸上写满了钢铁般决绝的神情。,
哨兵立刻退到一旁，恭敬地鞠了一躬，让你通过。,
"辛弗德正坐在那座旧神社的台阶上,读着一本装帧华美的手抄本《圣经》。那真是一本庞然巨著——他要是走到哪儿都扛着它，体格这么好也就不足为奇了。",
埃奥福威克的城墙，加上利奥弗里克对它们的指挥，让攻打那座城市成了一件极为凶险的打算。,
你从凯蒂尔身边挣开，朝自己的帐篷走去。他一脸惊愕地怔怔望着你离去的背影。,
这么说，你们已经领教过了那些跟我作对的人是什么下场——你们觉得，若是挡了我的道，自己又会落得个什么收场？,
她耸耸肩，装出一副满不在乎的样子，可你瞧得出来，她心里正恼火。,
要是那封印在主教大人手上弄丢了，他可担待得起吗？,
咱们来聊聊你能打些什么装备吧。,
要是约维塔留下，那[i]我[/i]也留下。,
{帮她卸下盔甲。},
好吧，这还真是……一种别样的体验。我估摸咱们很快就会撞上卫兵了。万一免不了一战，我们可得事先议定由谁来领头。,
全死光了。你女儿的仇，已经报了。,
远离了那熙攘的大城，待在自己新家里，“跳跳”看上去倒更符合他的岁数了。,
营地里北欧人和皮克特人的帐篷混在一处，可那一面面旗帜上全绣着斯库勒的纹章之色——一眼便知，这里是谁说了算。,
我是[玩家：父亲]的[玩家：儿子/女儿]，[玩家：姓名]。,
他只是朝她草草点了个头。,
她用一种空洞到极点的表情掩饰了内心的感受，这面具的痕迹实在太过刻意。,
你可曾见过唐科伊斯国王了？,
所有人都停下手，掂量着这话的分量。众人交换着阴沉的眼色，心头满是疑虑与忧惧，但似乎谁也说不出一个能服众的替代之策。,
我知道这种事你门儿清，可去问问胡尔达还是更稳妥些。当然，你也不必就此止步。,
夜色渐浓，你留意到凯蒂尔打猎还没回来。往常，他可不会在外头耽这么久。,
她没有回答，只是那样站着。就在你抽身离开时，她凝望着你，脸上是一副愣住的神情。,
我没有半点不敬的意思。既然如此，来吧。你既然死活要保住这座长屋——那就为它而战。,
我不知道你所做下的一切，是否还能得到宽恕，但如今，这一切都了结了。我想要你随我们一起回家。,
布鲁诺打手势示意他妻子将板车赶上来，两口子随即解开几只口袋，露出里面的货色给你看。,
[CaptainObvious:姓名]低头瞅着[CaptainObvious:他/她]的脚，活像是踩着了什么腌臜东西。,
可怜格雷蒂尔做梦也没料到这样的背叛，根本无从抵抗。当你一把将撒克逊刀捅进他胸口时，这年轻人的眼珠滑稽地暴突出来，随即倒在雪地里，喉间汩汩冒着血水，垂死地咽着气。,
皮克特兰的国王一边捋着长长的胡子，一边用略带几分困惑的目光，上下打量着你和你身后的亲随武士。,
他那一击虽狂热不堪，却笨拙得要命，被你轻巧地一闪避过。你反手扣住他的胳膊，用力一拧，直到他扔掉了那把刀。他痛得嗷嗷直叫，抬起眼来死盯着你，眼神里交织着愤怒与恐惧。,
这么说，他拿了嫁妆，却赖掉了“晨礼”，还把咱所有的货都卷走了，就这么跑出了城。,
别客气。我应该不会太久。,
你想知道什么？,
米尔丁的尸体,
说到这个，计划是什么？如果我没理解错任务的话，我们是要去挫败一场外交联盟？,
希望你不是来找麻烦的，[Player:诺尔斯人/诺尔斯女人]。我们这儿麻烦已经够多了。,
你已经证明了你是位强大而睿智的雅尔——只需你承担我的开销，这就是我索要的全部报酬。,
我父母养了条狗。一条老是流口水、叫库西的大杂种狗。那狗招人喜欢。,
除非你皈依上帝，否则我想我们谈不拢。像你们这样的团体，实在是过于[i]政治不正确[/i]了。,
你是港务长吗？,
灰蒙蒙的天空下，男男女女的身影映衬在岩石上方，注视着你们下船。海滩那头，两个胆大的少年正警惕地打量着这群神秘来客和他们的雄武战船。,
老妪抱怨着。如今没了鲁斯科瓦搀扶，她身子微微摇晃。,
求你了，[Player:Name]！你非要走就走吧，但别带走我的女儿！,
我当然不能强迫你，也不会胁迫你——但事实是，我眼下还抽不出战士给你。,
我们荣幸之至。,
难说路上会遇到什么事。别耽搁太久，还是早些回来的好。,
有陌生人靠近！所有人，准备战斗！,
吃完你们的饭，小子们！收拾东西！,
“挣得”？世上唯一能挣得东西的途径，要么是辛劳流汗，要么是战场搏命。只凭尝试却落败，可成不了自由人。,
也许我晚些再来找你。,
这些石头跟一个古老的传说有关——我以前在古卷里读到过，但我本以为它纯粹只是神话。,
她交叉双臂，一脸得意的坏笑。,
我从北边的农场买进鲜肉和腌肉。目前看，卖得还不错。,
女祭司用恳求的眼神望向艾菲，但这年轻的捕兽者却像尊雕像般僵立原地，双目圆睁。,
西格丽德用手掩住了嘴。,
快！把你的背包割了，这样你就能爬上来！,
具体是指哪几位神？,
尊敬的首领，欢迎光临我这简陋小摊。听闻您正在进行新的营造工事，特来为您效劳。,
现在我还有别的问题要问。,
嗯，是。你比看上去要深藏不露得多。那就接着说吧。,
斯卡基手下的劫掠者们面露不屑，但那两个皮克特人却把头凑到了一块儿。,
看来我们错过了埃奥弗维克那场大战。,
你站起身来，众侍卫也紧随其后。考斯坦丁茫然无措地看着你的手伸向暗藏的撒克逊刀并将其拔出，目光里满是不解。,
你转身时，基利安的目光与你相遇。他朝着洞穴口的方向不易察觉地点了下头，接着便朝那边走去。,
一脱出竖井，你便随着绳索利落地坠下一小段距离，落在地上，绳索随即瘫作一小堆。,
托尔芬伸长脖子，好好打量了一番那间长屋，那模样好像他平日里不是大多时间都待在离它一箭之遥的地方似的。,
这是你的麻烦，瓦达——不是我的。,
贡纳尔……人称“和平者”。,
是野蛮人！快跑！,
他们为什么还要夺走更多？,
我是[Player:Name] [Player:Lastname]。,
击败幸存的挪威劫掠者。,
他的举止明显透着不对劲——身上散发出一股怪味，动作也有着诡异的抽搐。,
与当地王国缔结盟约是我们氏族最好的出路。这事你只能信我。,
他朝你投来一个不悦的眼神。,
想来那些可恶的畜生是被比古尔在你的谷仓里逮到的。养那只猫，终究是笔划算的投入。,
维松德氏族的首领曾有过全盘计划。他想在皮克塔维亚的海岸建个定居点，把整个氏族都迁过来。,
{杀了他。}流放已是我给你的仁慈，而你却在我攻击我时将这份仁慈弃之如敝履。,
所有奴仆中只有一个在战斗中活了下来。这唯一的幸存者，一个下巴上刚可怜巴巴地冒出胡茬的年轻男子，战战兢兢地走上前来。,
你把那帮杂碎解决得可真利落。真是正中我[Player:心怀的男人/心怀的女人]意。,
原来你在这儿！我还在琢磨你跑哪儿去了。我猜，是在忙那些首领该干的事吧？要是有什么我能帮忙……缓解下压力的，尽管开口。,
帮助艾布琳保卫邓弗里斯。,
你说的什么？是说悬崖上那堡垒吗？,
很高兴能见识到你听到真话时能辨明是非。,
我想让你知道，你为我们做的这些，我们心存感激，所以你在这儿会拿到公道的价钱。给我看看坏的地方。,
你心平气和地向厄林格条分缕析，他的家族究竟给自己惹上了怎样的烂摊子，并毫不含糊地挑明，若你不施以惩戒，此事将给你的声望——进而波及你氏族的实力——带来何等重创。,
[深为震动:角色名]顺从地一点头，悄然退回到近卫队中。,
这已是我所能做到的极致。,
[入侵者:角色名]轻轻将你拉到一旁。,
阿斯莱夫凑近身子，话音压得低沉而镇定。,
{那堆破烂，别去动它。},
泥地里犁出新鲜的沟痕，即便是外行人也能辨出那一大帮人的足迹。前方已有人声传入耳际，火光在林木间明灭可见。,
{剜下一块树皮来。},
它逮不住我，休想……它休想逮住我！,
这位是格布兰德，来自弗里西亚的行商。,
我没忘——这种事你向来拿手得很。要是这主意蠢得冒烟，你便直说，我是这么想的：把一头猪拴在树上，咱们围成一圈，守株待兔。,
我又不是钻阴沟的捕鼠夫。那些龌龊鼠辈，你自己去打发。,
您真是位再慷慨不过的东道主。在下便不再叨扰了。,
[夏洛克:角色名]伸手掩住[夏洛克:他/她]的嘴。,
你总不能是[i]信仰[/i]之名，行这全部勾当的吧？,
也罢……这倒算是个公道的要求。若此番破费真能买我在这片领地上旅途中寸步不离的护卫，这十枚厄尔图格的银子，我情愿割舍。,
他瘦骨嶙峋的脸上，骤然撕开一道狰狞的讥笑。,
你若执意如此。,
{招揽他。} 你说你是商人。斯克恩这地方，生意最近可冷清得很。,
女武神！她们来迎我了……,
这必将是场万世流芳的鏖战。,
截住哨兵，别让他们搬来救兵。,
山高地远处出了个女巫，她出手诅咒珀斯，为的是砸烂她仇家——珀斯那名叫乌拉奇的治疗者——的金字招牌。乌拉奇今已应允，若你揪出那四根余下的诅咒柱连根毁掉，她就拿良药酬谢你，往后的价钱也好商量。,
啊，就是你们这几个好心的后生，救起了我的徒弟？我这双老眼可早想见见你们了，远方来的生客。,
啊，那可真不凑巧。望你早日寻到他。,
那匪首发了疯，正朝长屋扑去！他暗地里又领一伙人绕着村子兜了大半圈，从东头硬钻进来了！,
身为统领万千之主，此生所背负的，唯有一桩重任——他治下的子民。,
{把剩下那些奴仆给我盯牢了。},
可如今想来，反倒成了慰藉，阿尔瓦尔德毕竟是死了。他活着时，好歹我是实实在在地拥有过他的。这儿其他寡妇，哪个真识得自家男人的脾性？不过是在天远地远的绝境里，昏头昏脑就丢了他们的性命。,
你不在的日子里，我已着格里姆远赴奥克尼群岛代你撑起局面。放宽心，待你归去时，他绝不会碍你的道。,
斯库莱那批货，大半叫我们吃下了。他呢，便打道向东，从那来的地方去了。他倒留下一艘船在这儿，发交一个女人统管，约莫几周后便扯帆朝西南方向去了。,
行啦行啦，可没人拿刀子逼你做什么。你若是眼红考斯坦丁的援手，便知该如何做；若是不肯，缺了你，我们照样能挺过去。,
我手上这些破损的甲械，你修得好吗？,
恕我冒昧插言，可我必须得同你谈。,
我已在你母亲跟前许过诺，定给你把药弄到手。,
你们是从哪块地界来的？,
我[i]早就知道[/i]！杀了这些贼骨头！,
此等事，你从前可曾做过？,
分头走。我点一队人，去会会恩巴尔德，余下的人，沿来时的路，走个干净。,
区区小事，何足挂齿。我等本就乐于相助。,
内菲亚戳在她的帐篷外，剑紧攥在胸口，整个人失魂落魄地原地打转。,
去跟帕尔尼谈谈。,
亏得你照应我们。,
[受害者:角色名]把[受害者:他/她]的衬衣一把撩起，你眼见那毒针仍嵌在伤口内，四周已高高肿起。情状可谓凶险——[受害者:角色名]恐怕当真要寻人治上一番了。,
你口中说的“[i]更有[/i]客人”，这是什么意思？,
那位盾女摇了摇头。,
宽宥我，雅尔。此番是我行事逾矩了。,
是啊……原该是我成全你，不对么？这便让你掏五十个厄尔图格带走它。可还中意？,
你就没有什么话，要对[玩家:他/她]讲么？,
咱们船上会合。,
{猜译那些鬼画符。},
我们得备下刀兵，迎这一仗了。血光之灾，转瞬即至。记住我这句话。,
取了他性命，剥掉他的衣衫，剁下他的头颅。这事儿，神不知鬼不觉。,
你跟那些人保证过会帮他们。是你鼓动他们去攻打领主的宅邸，然后反手就把他们卖了。,
再这么犹豫下去，等你拿定主意，我怕是早被烧死在火刑柱上了！,
那匪首像条狗似的，龇出一口牙。,
我们约弗维克见。愿奥丁与你同行。,
好。我们这就把你弄出来。当心守卫便是。,
这指控非同小可。你可有证据？,
一座古塔的残垣断壁歪斜着，像棵枯死的老树。[Pointman:Name]目光警觉，扫过稀疏的草木。,
斯卡拉格里姆看上去身板硬朗得很，尽管他和手下为了火速赶来见你，膝盖以下溅满了泥。,
那帮拆船贼飞快地刨出他们的宝贝，随即一哄而散。,
一踏进格里穆尔夫的屋子，一股甜腻的、令人作呕的死气便直钻你的鼻孔。格里穆尔夫倒在地上，早已毙命，鲜血溅得他满身皆是，门旁的墙上也四处殷红。,
那狼皮战士眯缝着眼，上下打量着你。,
是，当然。多谢了。方才我不是有意要显得那么不识好歹。,
我叫玛尼。你……是不是在哪儿听过我的名字？,
一场突袭。我没看到是谁下的手。只看见他们留下的满地惨象。,
一百五十个奥图格银币，没错吧？成交。,
{刺向他。}等待到此为止。,
我们跟你干，[Player:Name]。,
这仪式，真是绝了！,
埃塞尔雷德的营地比你上回来时更显忙乱，空气里绷着一股紧张的期盼，像雷暴前蜇人皮肤的静电。,
高地上。,
你们是考斯坦丁派来的？你们是……雇佣兵？,
昏暗的火把光在她脸颊的泪珠上跳动。她抽了抽鼻子，道了声歉。,
你办到了！,
留神——这里视野极差，遍地都是可以藏身的地方。像我们这么点人，太容易中埋伏了。,
去把她请过来吧，劳驾。,
那个想行凶的家伙，你能告诉我些什么？,
转瞬之间，[Rescuer:Name]猛地破水而出，身后拖着[Victim:Name]。,
我们领受圣餐，是为接纳基督的身体；我们饮下狼乳，也是如此，为的是接纳圣罗穆卢斯之道。,
还望你赏光，与我共饮一角蜂蜜酒，以寄追思。寒舍就在集市南边。今夜我们开怀畅饮，尽情享宴，既为新交。请万勿推辞！,
看来，那一窝子狼在这附近算是让我收拾干净了。,
他们中有一人高声向你挑战，语气中满是威喝。,
去跟你的侍卫们议一议贡纳尔带来的情报。,
我会亲自去查勘那处所在，务必叫黑暗之主的每一丝痕迹都消失殆尽。且等我先壮起胆子。,
真想早点看到那艘船完工的样子。,
我是湖中仙女薇薇安。这几位是我的姐妹。,
那我这就回斯克恩，即刻开工。你若是还有什么需要，就去那儿找我。,
你们的首领是谁？,
纵使如此，我也非要那个女巫不可。,
使目标格及其相邻3格覆上一层油滑之物。行经其上时，须通过一次物理抗性检定，失败则会摔倒。,
那你索性就视而不见？,
丹尔耸了耸肩，嘴边挂着一丝得意的坏笑。,
好了，我得回去干活了，不然索瓦尔德该发火了。祝你们好运！,
嗯，说的是。记住死中孕育新生，总是没错的。,
哈哈哈！爽快！我这就把家当搬上你那艘气派的长船。你这决定，绝不会后悔！,
你倒自个儿撞上来了！,
你心里是怎么个打算？,
这城正好建在两条河的交汇处——你要是能弄到许可，往后大可以直接把[船名]开进城去。,
那我就祝你们二位明日好运了。尽量别闹出人命。,
我们的斥候长几周来都在追踪奥斯雷德手下最得信任的一名封臣，通德怀恩。她确信此人那儿有你想要的情报。,
那些人不在袭击者当中——若在，我不会记不住。姑娘，求你了，把刀放下吧。,
奥克尼群岛的统治大权，尽归于你,
约弗维克已是我囊中之物，但珀斯的事儿还没完。,
那大块头的气焰一时间像是被噎住了，乱了方寸。,
{让内菲娅代你一战。}我把我全部的荣誉都押在你身上了。别辜负我。,
总算有识货的了！,
这么说来，你[i]果真[/i]在替奥斯雷德当探子。多谢你亲口认了。,
你这人，勉强还算不赖吧。,
{别碰那条船。},
那受伤的汉子眼里霎时噙满了泪。,
[i]妈的[/i]，疼死我了。,
我就算蒙上眼，把双手反绑在背后，也一样能把你揍趴下。,
你的人可以自由离去，但只要他们还留在埃奥福威克，就会被严密监视。,
你若打算对他动手，我建议趁他在路边扎营的时候出击。祝你好运。,
可是——！是。当然，领主大人。,
内菲娅摇了摇头。,
你挑的这个招募时机，真是糟得不能再糟了。,
听说西古尔德·赫林格在奥克尼群岛又任命了一位女雅尔，我深感快慰。拉格希尔德雅尔着实打破了一些成见。,
仿佛整个世界都从你身旁滑走，又从你脚下坠落，而你被猛地撕扯，拽回这清醒的人世。,
你说话的调子真怪。能用你自己的语言说一句吗？,
很好。现在你只需想法子引开那些守着木桶的蠢货。,
你踏进大厅时，考斯坦丁早已站在那里。他久久地凝视着每一个跟在你身后的人，等看清了所有人的面孔，他的失望之情可谓溢于言表。,
几天后，我们沿着海岸找到一个洞穴，随后便将劫掠来的所有战利品都搬进了洞穴深处。,
但他们肯定听见了里头的厮杀声——现在准已严阵以待，就等着我们了。,
姐姐，求你明事理些。圣罗穆卢斯代表的是秩序、纲纪，还有——没错——凭武力缔造的和平。,
狂怒之下，力大无穷的赫米尔旋即用一只钩子独力钓起两头巨鲸；而在船尾，奥丁的血亲，雷神索尔，却狡黠地布下了自己的钓线。,
能请你帮我一把吗？,
{杀了他。} 记得我说过会把你留到最后再杀吗？[i]我那是骗你的！[/i],
{高举号角。} 敬[Player:Father]！干杯！,
这种活儿我们先前没接过，不过想来也简单。你打算给多少酬劳？,
准备战斗！敌人已到眼前了！,
很好。我们将在城南河对岸，借一处合适的场地，本着友谊的精神，以模拟对战一较高下。,
你早该告诉我们，她是头母狼。,
{与阿斯莱芙一同入场。},
我需要你们的援手，要你们强健的臂膀和坚毅的下巴——我出钱买下你们的时间。,
那个干山羊的高地佬，如今看着不那么硬气了吧，嗯？咱可真把他揍得没了脾气。他会是个上好的肉票。,
那是基督教神明的十字架。我在弗里西亚劫掠时见过。,
有那么一瞬，他活脱脱像个斗败的公鸡，可随即，那副满不在乎的假面具又稳稳地挂回了他脸上。,
或许，你能这般幸运地到此，正是弗蕾亚女神对我洁身自好的犒赏。,
我们干掉了你的对头。权当是我们诚意的表示。,
这些石碑的边缘根本拼不拢，上头刻的铭文，也瞧不出有什么特定的阅读顺序。,
一柄古意盎然的匕首，显然专为刺击而非切割打造。它精巧的象牙握柄上，镌刻着一个名字：“卡恩文南”。,
你定是盖乌斯，不会错吧？,
{支付400财物。} 一杯能消解疲乏的饮剂。,
骗子。她正是死于你手，同我料想的丝毫不差。,
这样的蜡烛和骨头，我以前见过——在你里伯的家中。,
旅途伏击,
站住！来者何人，要去何方？,
{支付1200财物。} 一言为定。,
我能派一名我的侍卫，护送你前去。,
不……他们拖到这么晚才完工，我绝不给钱！,
比约格迪丝长长地吁出一口气，带着颤抖。最终，她将女儿紧紧搂入怀中。,
紫色。紫色……还有黑色。,
肃清唐科尔斯农庄的洗劫者。,
你我之间的差事已了。你可以自由离开了。,
这是诺森布里亚最后一次听闻我们的音讯。去告诉你的主教，莱加塞斯特的宝座，如今又空悬了。,
这消息真令人痛心。随着最后一位德鲁伊的逝去，我们痛失了一个能团结我族的天赐良机。,
甚好。修缮会很快——待你归来之时，便可完工。,
他死死盯着你，目光阴沉得骇人。,
不必客气。,
斯卡拉格里姆阴沉地轻笑一声。,
要让我们进那墓穴一探，你究竟要什么条件？,
大约十来个劫掠者自你和倒地的同伴身旁走过，追随贡纳尔返回海滩——他们定是从另一边成功突围的那批人。,
{放他走。} 为他……不值得。,
约维塔拔剑出鞘，朝着你大致所在的方向，恶狠狠地挥舞着。,
真他妈的绝了！竟让你得手了！,
我们到了。我真心盼着，结果能比我预想的强些。,
最后一波攻击者倒下了。眼见败局已定，剩下的那些来自耶灵的战士便撤出了树丛边界，远遁而去。,
他像所有战士一样战死了。这事就不多说了。,
阿斯特丽德打量着眼前的场景，脸上带着只有母亲才会流露出的自豪。,
那让我来帮你。,
她本该在家照看农场。别误会，我喜欢有她在这儿，她做的饭菜也[i]好吃极了[/i]，可是……她冒的风险太大了。,
疗伤是我们教团的核心职责。我们的秘术能治好无论多重的伤口。,
一瞬间，凯蒂尔那样子像是要一拳揍到你脸上，但他还是压住了火气。,
是啊。那可真棒。了不起。,
一群乌合之众在里伯的街头伏击了你。其中一个人挂着一串异国风情的项链。,
观察力真敏锐啊，蠢货。,
接着，她只一点头，脚跟一转，就大步流星地走了。,
我们干嘛要在意这个人的死活？他不过是个农夫罢了。,
他跟我说你是个女的，我还当他在拿我寻开心，但你还真就在眼前。真是了不起。,
哈——！,
你有什么打算？,
她悄悄瞟了鲁里克一眼，后者正埋头砍柴。,
阿尔瓦尔德给他的儿子们留下了头盔和盾牌，我戴上倒也合适。再带把斧头……应该应付得了。,
她嚎叫一声，一头冲进屋子，狠狠甩上了身后的门。看来这事儿算完了。,
拉格瓦尔德咳了一下。,
这么说，你[i]果真[/i]在替奥斯雷德当探子。多谢你认了。,
国王皱紧了眉头。,
行，那我就帮你粉碎诺森布里亚，但你必须起誓，等仗打赢了，把你的战士派来支援我。,
那男人拔出剑来。另一个皮克特人一声咆哮，把弓举了起来。,
裂尸斧,
你话里那道不容抗拒的威严，转眼间就让他换了副神情。只一刹那，他重又把你当作自己的领主，也明白过来自己越过的界限有多严重。,
你数出两个皮克特人和三个维京人。既然已经清掉了放哨的，你依然握有突袭的先机。,
我[i]的确[/i]玩得很尽兴，可我还是等着你履行你那一半约定。,
如今剩下的，就是拿下埃弗维克城，把埃塞尔雷德从他新近篡来的王位上掀下来。,
你在这儿打算干什么？,
你杀过人吗？,
你在农舍边找到了埃迪丝，她一手抓着一只没了脑袋的母鸡，另一手握着小刀。身旁的地上铺满了羽毛。,
好吧，这可真是怪事一桩。,
赫罗德盖尔达侧身靠过来，冲你肃然点了点头。,
……对斯库勒再也构不成威胁……要是[Player:他/她]能从那身[Player:他/她的]伤里挺过来……,
贡纳尔转过身离开，右手朝一个你看不见的人打了个手势。,
我琢磨着，就算不修，这玩意儿也还能再撑些时日。,
这世界可真小。那，这回碰面，最后怎么样？,
不管你动机是什么，铲除这个邪教定是为诺森布里亚百姓立下的大功。,
明儿的决斗过后，我们还得对付厄尔林格。,
我乐意得很。,
那位[Follower1:archetype]重重叹了口气。,
在不列颠继续积蓄力量，直到你的大军足以长驱直入。,
为咱们这些麻烦，我倒真希望她给你的，不止是折腾一回床单就完事。,
她一边说，一边掰着指头数。,
照我看，你俩都会是出色的领主，可我倒宁愿你们平心静气地把这事商量开，别动刀动枪！,
还没呢。,
噢，[Player:Name]。是内芙娅叫你过来的吗？,
你们就是瓦达招来的那帮外邦佣兵，对吧？,
他举了举杯子，算是致意。,
也没什么特别的。回头见。,
榆木要更轻些，也更柔韧，拿来造再宽大些的船能载下许多货。,
打猎的事，我还是懂点门道的。,
你要是改了主意，只管说——天晓得我们多盼着能多做些买卖，越多越好。,
{消耗20木材修复桅杆。},
别的劫掠者纷纷把目光转向那个大块头。他沉吟着咕哝了一声。,
[机会主义者：Name]凑上前来，[机会主义者：他/她]脸上闪着对战利品的贪婪。,
你一走到卢特林和多娜达的摊位，他们就当场停下手中的活儿，一下打起了精神。,
我们德鲁伊在这片土地上曾握有无上大权，而罗马人为了取而代之，非得除掉我们不可。他们成了，这是我心底最深的伤痛。太多东西都这样没了。,
我们会在珀斯再见的，[Player:Name]。愿神庇佑你。,
我在城里有朋友。我会告诉他们你做的事。所有人都会晓得你是个好人。,
【咄咄逼人：[名字]】对此嗤之以鼻。,
没问题，我爸就在后面。要有麻烦我就去叫他。,
她举起双手。,
既然你这么说，[玩家：小伙子/姑娘]。呵，我可觉得你真干得出来。,
你就是郡长伍尔夫西格吧。,
我们跟着你，维京人。咱们就让那群混蛋尝尝地狱的滋味吧。,
幸好你没把他们全杀光——一个家族一旦开始自相残杀，往往就停不下来，直到满门死绝。,
我就是来尽量给你添堵的，[玩家：名字]。瞧你这副表情，看来我办到了。,
是啊……我敢肯定。可不是嘛。,
让我瞧瞧你的货。,
不是。远在我们来这儿之前。我们的家，在东北边凯什海岸的一个小渔村。,
他们人数比我们多一倍，装备也更好。这仗我们打不赢。,
{消耗10根细绳。} 现在就把它拽出来。,
暴风雨中，桅杆彻底断成两截，你和几个船员拼尽全力才勉强把它稳住。【笨手笨脚：[名字]】最后因为用力过猛，弄伤了手。,
是本地民兵！看这架势，是专门给咱们设的埋伏。看来咱还真是打出名声了。,
没——错——！你眼前瞧见的，就是里伯最叫人印——象——深刻的铺子，打铁的、裁缝的料子，样样齐全，甚至还有呃……,
好像[玩家：你]会屈尊跟这号人混在一起似的。,
多亏反应及时、营救又利落，[受害者：名字]倒没在冰冷的深水里泡太久。,
奥德克尔发出一声短促而冰冷的嗤笑，满是难以置信。,
很难不注意到避在一边的那个年轻姑娘和两个衣衫褴褛的吟游诗人，一个个耷拉着脑袋。,
一个讲故事的？也许我先前看错你了。那就讲吧。,
她笑了起来——是一种又尖又嘶哑、上气不接下气的喘笑。,
【发现者：[名字]】带着心满意足的笑容，把奴仆摔在【发现者：他/她】脚下。,
杀了这些毛贼，弟兄们！用他们的血，洗掉我们失手的污点！,
邪教将被允许留下。这就是我的最终决定。,
还行。日子还过得去。凑合着活呗。,
{杀掉辛弗德。} 主教会听说邪教徒已全数伏诛，但不幸的是，我们到得太迟，没能救下你。,
这……这是真的。,
你真以为西古尔德·赫林格会把斯克恩[i]拱手相让[/i]吗？,
前国王埃塞尔雷德已表示，若你肯助他重登王位，他便支持你。这计划的第一步，就是争取主教恩巴尔德的支持。,
少跟我来这套，我是不会把你拖去地牢的。,
萝丝克娃小心翼翼地端起那盘烤根茎，拂去上面的余烬，妥帖地收进她肩上的背包里，然后把包甩到背后。,
来，拿着。,
过了片刻，他结束了地上的活计，随后开始将一根高长的木杆竖起来。就在这时，他那活计底下可怖的真相便暴露无遗了。,
我去哪儿找这个瓦莱里乌斯？,
世界本就残酷，莫甘特。早些习惯吧。,
欢迎，欢迎，北欧人！我方才还在寻思，你们什么时候才肯光顾我这顶呱呱的摊位呢。,
那是由树枝绑成的十字架，模样令人想起人的形状，上面还挂着一撮羊毛。,
简易小刀,
闭上你的嘴，女人。[i]是他[/i]先挑事的。,
{别管那艘小船。},
击败一个你所尊敬的敌人，或许会让人心中不安——但在这件事里头，却有着莫大的荣耀。,
他笑了起来——那笑容温暖而真诚。你都记不起上回见到阿斯莱弗神情如此……[i]友善[/i]是什么时候了。,
你要处决一个手无寸铁的阶下囚？,
塔拉没好气地答了一句。,
港口通行权限已解锁,
她挠了挠自己后脖颈。,
内芙娅邪邪一笑。,
米尔丁咕哝了一声，但还是点了点头。,
会是艘像你父亲那艘一样的长船——一艘浅龙骨、窄长的战船。我会安上二十对桨位，这样你的亲兵和一些奴仆就都能坐下了。,
我们说过会处理的——这话怎么说都行！,
我表哥哈夫丹和他姑娘兰薇格来过这儿。,
【小丑：[名字]】顽皮地冲着【扫兴鬼：[名字]】咧嘴直笑，【扫兴鬼：[名字]】正费劲够着【扫兴鬼：他/她】背上发痒的地方呢。,
住手！你[i]到底[/i]在干什么？,
我受赫拉弗迪娅·戈德维夫派遣，代表奥法·盎格鲁之王前来。我的女领主希望陛下知晓，他已接受您的提议。,
你儿子的死，我会补偿你。想要什么？,
哦，哇。那你肯定是来找毒药的。,
我可不做施舍人情这种事。,
起初，[Sick:Name]还硬撑着不当回事，可等你们一动身，[Sick:他/她]的脸色很快就垮下来了。,
是吗？我倒很高兴他和你更合得来。或许是我待他太温和，反倒被他拿捏利用了。,
莫康特露出惊恐的表情。,
最后的机会，退后。我警告过你了！,
你们不再言语，将身上收拾干净。你甚至开始怀疑斯泰因是不是真的变哑巴了，可就在他套上外衣时，那股情欲的迷雾终于彻底散去了。,
他们完蛋了。这座桥，他们休想过去。,
他竟然[i]敢[/i]卖掉我的戒指！那个混蛋！你打算怎么惩治这件恶行？,
{站在[贪心:Name]一边，盗掘坟墓。},
她费力地抬起眼睛，试图迎上你的目光，她成功了。这一下，她似乎连话都说不出来了。,
好了，欧甘，别再缠着陌生人了。快回你妈妈那儿去，她正到处找你呢。,
{让他们搜查你。}当然不会。请便吧。,
总的说来，他们算不上值得劫掠的肥羊，不过他们的土地倒是肥沃得很。而且到目前为止，我们还能牢牢控制住他们！,
凯蒂尔挑起一边眉毛，露出微笑。,
这恐怕是日德兰半岛最寒酸的蜜酒厅了。,
农舍里传出一阵阵充满恐惧和绝望的哭喊。,
我们策划得很周密。他们根本没有还手之力。,
难道我就没有一点办法，能赢得你的信任吗？,
考斯坦丁的卫兵和格蕾妮的战士们，纷纷将武器对准了你。那些原本盯着你看的人，都转过身去。唐纳科尔斯把脸埋在芬古拉的头发里，低声抽泣。,
那就快走，滚远点。,
嗯，要是那样，咱们这整趟差事可就[i]开了个绝妙的好头[/i]，不是吗？,
要是这人还活着，怕不是得快有一千岁了。世上最后的德鲁伊。想想都不可思议。,
也罢，等我从这场灾难里缓过来，最好还是去把那栅栏修好。,
要是有人敢对你不敬，尽管告诉我。我保证，不会有下一次。,
哦，我说姑娘，你可得让自己放轻松点，全当是为了你自己好。,
她温柔地吻了你一下，随即抽身离去，将注意力重新转回到病人身上。,
唉，可惜他被自己的骨肉至亲背叛，战死沙场。他的遗体被送回了这里，当年，他就是在此地从一位睿智的女术士手中接过了王者之剑。,
哦，嘿，[Player:Name]。来得正好！我正跟西格讲咱们跟那个三个头的巨人干仗的事儿呢。,
一个孤身女子守在一段楼梯旁，倚着一杆长矛，自顾自地吹着不成调的口哨。她极其轻微地偏了下头，算是打过招呼了。,
你们这些人看起来没什么威胁。我会禀明主教，是神父弄错了，你们不该被打扰。,
{别理他。},
莫康特！看到你平平安安的，真是太好了！你不必那样偷偷溜走的。,
那是一个古老的阴影，所到之处皆有死亡相随……正是被那些受诅咒的珠宝所吸引来的。,
[Supporter:Name]重重地叹了一口气。,
嗯，有那个老头儿和他的儿子们，他的妻子赫约迪丝，他们的女儿盖尔比约格，还有奥塔尔的妻子尤娜。,
用一圈火焰来驱走那些灯笼人……,
这么久以来，我拼命把这些念头从脑海里赶走，总想着你会拒绝我，自己吓自己，或者……哇，你真是[Player:英俊极了/美极了]。,
不。若你想要尊严，那就战至你咽下最后一口气吧。,
她的儿子们需要她。我知道他们两个都已是成年男人了，可是……你听我说。在任何一场战斗中，我都很乐意在艾蒂丝的盾牌后举起我的长矛，但我觉得，斯克恩比我们更需要她。,
他们的热情倒是高涨，可惜技巧实在不敢恭维。你的亲兵卫队绝对能好好指点他们一番。,
我们足足找了三个星期，全凭一个愚蠢的猜测！,
去埃塞尔雷德营地东边，寻找狼的踪迹。,
{杀了他。},
好吧，那么，按照咱们说好的，其中的四分之一归我。,
嗯，你的麻烦很快就能解决了。你最好找个地方先躲起来。,
你昨晚可没什么耐心可言。,
我以前就打败过格蕾妮，再赢她一次又有什么难的。,
今夜到现在为止还算太平……,
你这张嘴一开一合，净往外喷粪。我是不是该跟你屁股那头说话？,
那片土地上的部落被内斗撕咬得四分五裂，但一直传说南边有更大的王国。那些地方财宝堆积成山，防御却形同虚设。,
这件事，多谢了。,
那我们就该待在战场上，对吧奥斯克？让这家伙替咱跑个腿。,
内菲娅瞧着也像在防备什么乱子，所以我决定蜜酒少喝两口，把招子放亮点。,
攒够你干那行当的家伙什了吗？,
怎么回事？,
我在诺森布里亚小看了你。绝不会重蹈覆辙！这一回，我可是全副武装来的！,
达布格拉斯用眼神苦苦哀求着。,
把大蒜塞进那儿，保准治好。,
我看这些就是[Player:Name]在埃塞尔雷德营地审完那个间谍后，[Player:he/she]提到过的那几个孩子。,
牧师正指挥卫兵们把长椅拖到门口，用它们加固教堂。,
他一挥手遣退了谋士，起身在自己的厅堂里迎接你。管他是不是国王，那副做派一如既往地粗野。,
我以为上回咱们聊的时候，我已经说得够清楚的了。,
他用手比了个驱邪的手势。,
我们[i]就非得[/i]每次都动手吗？,
凯蒂尔那张破嘴也太大了。他最好把自己的舌头看紧点。,
阿斯莱夫是位远房堂亲。氏族首领的权柄在你和他这两支血脉间轮转了好几代。他向来以骁勇善战、勤勉耐劳著称。阿斯莱夫这会儿正和他最要好的两个朋友坐在一起。,
那么，聊聊那些补给的事儿……,
哈德良长城上的诺森布里亚驻军已然崩溃，通往艾弗维克的大道正为考斯坦丁的大军洞开。,
是啊，我受命管辖泰河上的商贸往来。你有什么事？,
我要是你，待在那姑娘身边可得多加提防。甭管她是什么公主，这女人根本不知荣誉为何物。你要是决定对考斯坦丁动手，她转眼就能把咱们全卖了。,
他摇了摇头，叹了口气。,
恐怕你是对的——斯库勒也会一心想取你的性命。,
我不明白这事儿有什么要紧的。,
{用他引开敌人的注意。},
我把教训记在心里了。我保证。,
我们齐聚这大厅，庆祝我们王国一个辉煌新纪元的开端！“无所作为者奥斯雷德”已死，北方终于统一在一面旗帜之下。[i]我的[/i]旗帜！,
他……让他给脱身了。,
她倾身向前，送上一个温柔的吻。,
{把你剩下的亲卫队全召来。},
如同一盘散沙，这将是它败亡的根源。只要考斯坦丁一死，都城落入我们掌控，就算咱们无法彻底掌权，至少各个氏族之间再也别想齐心抵抗了。,
呵，算了，至少你品位还不差。算你走运。,
你[i]又[/i]懂什么鬼神之事？要我说，小心驶得万年船。,
你眼里写满了欺骗！你若想免去我这桩伤心事，那可就错了：那个诗人必须死。,
好吧……你得拿下那座镇子。想办法撕开那些木栅栏，然后打垮艾布琳和她的人马。,
鲁里克轻轻叹了一声。,
一抹怒意让她脸色阴沉下来。,
听着不难。告诉我暗语。,
稍等，容我收拾一下。,
拾荒者已经解决了，可那个年轻女人没能在这场恶斗中活下来。,
瓦达望向你身后，一瞬间愣住了神，但跟着就回过了味来。,
等等，容我再瞅一眼。,
教堂是最叫人眼馋的肥肉。劫掠它是[i]我们[/i]天经地义的权利。,
夜色渐浓，多数人都埋头忙着手里的活计。你正在营地外巡查边界，阿斯莱夫满面警觉地朝你走来。,
哼，我就知道！去告诉那个老混蛋，让他自己滚上来跟我说话！,
那么，打今儿起，你就是斯凯恩的人了。,
一个接一个，众人都醉得昏睡过去，瘫倒在自己坐的位置上。,
一个男人倒卧在泥血混杂的污浊中。他双眼哀求地望着你，嗓音干涩又嘶哑。,
你们干吗不干脆攻过来？,
我是[Player:Name]，[Player:Father]的[Player:son/daughter]，斯凯恩领主。,
多谢！多谢！您可真是太仁慈了！,
他身形高大，体格健硕。双腿分跨，长满硬茧的拇指勾在腰带上，挺起胸膛，一副浑身上下都散发着自信的姿态。,
这杆长矛乃迪尔姆德·奥·杜伊布内所有，由安古斯所赠。传说凡触及它矛尖的魔法，皆会被其破尽。,
你准备好动身了吗？,
要是我能弄到些毒药呢？,
故事到此为止。你还喜欢吗？,
击败毛科林和他手下的村民。,
凯尔的眷顾,
瓦达脸上的笑容更深了，可笑意始终不曾蔓延到他的眼睛里。,
清早刚一起身，你就觉得浑身不自在——好像哪儿出了毛病。可你一时又说不清到底是什么。,
我可不想找麻烦！,
这未免有些太阴沉了，你不觉得吗？,
嗯……你跟叔叔谈过狼群的事了吗？我觉得他原本是打算去处理它们的。,
凯蒂尔在队伍最前面停下脚步，凝望着远方一座在天空映衬下显出轮廓的山丘。,
打得漂亮！,
唉，行了。你想知道什么，我告诉你就是。,
借一步说句话，麻烦你。,
他们身上没什么油水，不过你从这些尸体当中还是搜罗到了几样可以用来鼓捣小玩意的材料。,
公主要是由着我的性子，早就当面找他们对峙去了，可我冒不起这个险——尽管一想到这种可能就让我心如刀割，但她或许是她父王仅存的血脉了。,
住在这里的人可能很快就回来了。,
我跟追你的那帮人小小地交了下手，桥那边已经肃清了。,
我实在搞不懂，国王怎么会准许你们这帮家伙踏进这座城。,
船上再见。,
领头的那名女子隐隐有些面熟——你以前见过她，但只是匆匆一面。她那几缕红发在风中乱舞，显得整个人有些狼狈，待她转过眼望向你时，那双眼睛里布满了血丝。,
不！此时此刻，我已不是什么诗人，我只是个不中用的、满口胡话的白痴，连一句囫囵话也凑不出来。,
我没见过。,
凯尔凝视着[ObjectOfAffection:Name]，那眼神足以让最铁石心肠的战士都面红耳赤，随即她踮着脚尖转过身，领着他进了自己的屋子。,
你尽管叫啊，要是想让你的家人和朋友都遭殃的话。,
莫尔坎特立刻伸出一只手，礼貌地拦住了他，另一只手同时朝你这边比了个手势。,
我们一旦能动身，就即刻扬帆，直奔埃奥福威克。,
{奉上10份贵重物品。}我们出一枚银币。,
你不配手持王者之剑。为此僭越之行，你唯有以死谢罪。,
行，既然都这么说了……,
如今回到家，反倒让人心里不是滋味。我不在的这些光景，孩子们都在变。弄得我都想等你们离开时，干脆留下来守着不走了。,
他那几个兄弟毫无生气的尸身，横七竖八地散落在大厅前面的院子里。要是你当初没能劝住阿尔，让他抽身而退，他眼下也定会躺在这堆尸首中间。,
说老实话，我只是……觉得你总该比这强点儿。到头来居然跟那种货色搅在一起？你可真是条母狗。,
当初我们就该把那人直接抓来做奴隶。咱们的同族在里伯南边跟那些基督徒打得不可开交，你倒好，居然把一个基督徒收进了亲兵队？,
那次劫掠完你们之后，我们一伙人就散了。那艘船太旧，损毁得又厉害，而且我手下大部分船员今年夏天都想待在自己的田庄上。,
虽说他的争议并非源于乡土之情，但杀人抵命，这报偿也太过了。而他们的渎职之罪，倒落得个无人追究。,
当然可以。你想打听什么？,
我是不是该料到，过个几年还有别人会为它找上门来？,
{焚毁小船与所有货物，作为向众神献上的祭礼。},
一丝怅惘的微笑掠过斯库勒的嘴角。,
这到底是什么去处？,
这个道理我懂，可我无法接受。人一旦接受了死亡，或许就放弃了与之抗争。永远别放弃抗争，[Player:Name]。,
你的兄弟发出一声痛苦的号叫，猛地抽回手，准备再度劈下。,
除了那苍白无瑕的皮肤，她看起来[i]活脱脱[/i]就是内芙娅——两个人就连梳头发的样子都别无二致。,
还没到手。等我弄到之后，自会回来。,
别把你们那些异教徒的阴谋算计扯到我们头上，听见没？！,
上回我打败你的时候，你滑溜得像条泥鳅一样逃了。这次，你休想活着离开。,
化解皮克特维亚与诺森布里亚在邓弗里斯对峙的僵局。,
一张矮桌上摆满了热腾腾的吃食，在这寒冷的空气里犹自冒着白气。靠着长屋的墙根，一长排酒桶的龙头已经装好，随时可以取用。,
斯库勒的旗帜。,
这世上只有一件事，比想到要与这个男人并肩作战更让我胆寒，那就是想到要与他为敌。,
作为一座教堂，这地方瞧着未免太寒碜了点儿。不过，这儿倒还真有几样值得一偷的东西。,
有刺客！,
我们只是碰巧路过，便想着来拜访一下贵教堂。好一座气派的教堂啊！,
虫杖,
等他们差不多相互慰藉够了，唐纳科克回到你面前，身后几步跟着双眼通红的芬古拉。,
你们的视线刚一对上，她便移开了目光。脸颊上泛起浓重的红晕，那却不是羞耻——而是因遭背叛而生的愤怒与痛苦。,
没错，那不成问题！只要有我们牵制住他们，他们就顾不上骚扰你们！,
听着像去送死。,
男人戒备地点了点头，却一言不发。他完全符合西卡对那个杀人未遂者的描述。,
今天不用动手了，弟兄们！这结果可比我想的强太多了。咱们把这些人带到珀斯去。,
玩笑归玩笑，你们俩在营火边可伤了不少人的心，就你们……你知道的。我就不明白了，我认识你这么多年，怎么就——我是说，这些年你怎么就没跟妮芙雅搞到一起去？！,
桥上那帮人想取我们性命——或者比这更惨。他们已经追了我们整整一个星期！,
你是何人？,
埃塞尔雷德的厅堂被鲜花和缎带装点得金碧辉煌，彩缎之色取自所有参战的家族。你甚至能从中找到自己旗帜的颜色。,
我没法把你弄出这里。,
那边有猫腻！,
你真照他们说的，行了那献祭？,
我本该暴跳如雷！我本该下令将你处决！,
第三杯酒被塞进你手里。你低头望着那深不见底的液体，一个酒嗝涌上来，把胆汁的酸苦味顶到喉头。你用鼻子深吸几口气，将杯子端到了唇边。,
是时候去讨个说法了。这些劫掠者到底是什么人，为何要盯上你的家园？,
跟我讲讲马尔道森一家的事。,
我要马上把这两个人都找出来！人不齐，我们绝不上路！,
你筹备远征所需的一切都已齐备。一旦下定此行决心，便再无回头之路。,
听起来，她已经拿定主意了。,
他们为何追你？,
谁敢挡我的道！,
行啊，你就走开吧——见死不救！,
但我手头实在没几个子儿……,
留神脚下，要是在这儿失足摔死，那死法也太窝囊了。你说，那样能算战死沙场吗？,
老女祭司脸上闪过一丝惊惶，顿时警觉起来。,
{攻击。} 我有个坏消息要告诉你……,
我会瞧瞧，但得跟你实话实说——就你的名声，在这儿可拿不到半点便宜。,
国王漫不经心地朝斯库勒那边挥了挥手，裂颅者便应声而行。,
在我们开始之前，你肯不肯把我叔叔那把斧头卖还给我？,
这场仗对我们来说很短暂。两场战斗，便告结束。,
你觉得如何？完好如新，对吧？,
那是，嗯……是的……当然，呃，我想我可以出价40便士，可我们全部家当就只有这些了！,
当你从她身边走开时，她把你的硬币拿给年轻同伴看，两个姑娘咯咯地笑了起来，你猜想，那大概是这位年轻工匠生平头一遭做成的买卖。,
你打得很好，阿斯莱夫。没什么可抬不起头的。,
他像个懦夫似的缩在这底下！典型分文不值的基督徒。干脆宰了他，一了百了。,
那我便祝愿你此行至今一路顺遂，并愿日后亦能畅行无阻。若诸位愿意，今夜可留宿于我们的神殿会馆。,
我也说不上来，那地方很好，你明白吗？土地荒芜得惊人，悬崖高得吓人，海浪更是大得没边。我们能在那么艰苦的地方活下来，大家心里都挺骄傲的。,
还没忙到抽不出空来看你的地步。,
那头发脏兮兮的男人对你咧嘴一笑，露出一口烂牙。,
你真的从不知情？,
妮芙雅脸上浮现出一抹得意的坏笑。,
{查验尸体。},
你是个女巫吗？,
你正被一个女人打得落花流水呢！真丢人。,
考斯坦丁审视了你表情片刻。他似乎在你的脸上看到了什么，竟显得颇为诧异。,
可瞧瞧我们现在。我们身体健康，吃得饱足，仓库里堆满了余粮。人人都很快乐——唯独除了我。,
我们顺道来拜访此地的一位好友。,
放箭 [弓箭手:Name]。,
这摊位上的价格似乎颇为公道，我敢说，这价钱里透着感激。发出邀请是个好主意——我们镇上永远需要更多的买卖往来。,
听了你的话，罗斯克娃似乎真的得到了慰藉。,
我们从国外回来之后，他整个人就变了。你注意到了吗？我不太确定自己喜不喜欢这种变化。他现在看起来更老成了些，也不怎么说那些傻里傻气的笑话了。,
埃塞尔雷德面露欣然之色。,
完美。奇袭的先机仍在我们这边。现在我们可以安心解决掉河这边剩下的诺森布里亚人了。,
默丁！我给你带客人来了！他们可不是基督徒！,
水色昏暗，你根本辨不清方向，但凭着[潜水员:名字]的指引，你很快便从洞穴另一头的水里冒了出来。,
你有什么想法？,
到时候我们自然会去。眼下有更要紧的事要处理。,
国王大厅就在附近，我的活计在那儿也受看重。要是有人想闹事，我能叫他的卫兵来摆平。,
抱歉，我有要紧的事。,
他身上总带着一把。另一把嘛，我也能弄到手，只不过根本不值当。,
下不为例——我向你保证。,
这说的是真话？不知怎地，我听着……难以置信。,
我原指望国王会亲自到场。,
啊，可你看，压根儿不是那么回事——这事跟我可大有关系。,
你跟谁提起这事，我劝你都小心着点。这儿的人对那座坟，看来是格外在意。,
贡纳尔直直地盯着格里马尔的眼睛，盯了好一会儿，然后——毫无预兆地——一拳狠狠砸在老朋友的颚骨上。,
{杀死跳线者。},
行了，你们这帮小鬼赶紧滚开。走，跑起来！,
他们个个身披锁子甲，腰佩长剑，手持坚盾——这等装备远非一座小村子能负担得起的。整个阵仗透着一股说不出的古怪，可你就是指不出到底哪里不对劲。,
我怎么治理我的王国，还轮不到你来指手画脚！你的提议我听了，答复也给你了。,
你可有什么争端要呈报国王？,
你利落地抽出小刀，可在转移重心准备刺出时，偏偏慢了那么一瞬。埃尔林格凭着几十年的本能猛然后仰，张口便喊人求援。,
你父亲生前树敌不少，多数还是他本族的人。容我说句实话，他对族人的心愿和需求，从来就没当回事。,
如果那是真的，咱们倒可以把战利品卖掉，把整艘船装满货物。,
哈！我听说你父亲对那些西方遍地是财富的传闻可是深信不疑。嘿，你倒替他证明了他没看走眼。,
{撒谎。}他是被耶灵的人杀死的。,
罗马鹰旗,
我是[玩家:名字][玩家:姓氏]。你一个人在这密林深处做什么？,
嗯，你们是来找那隐士的，是吧？我看这儿可没人愿意跟你们这号人做买卖。,
{杀了他。}多谢，我会给你个痛快。,
他缠着我们问这问那，闹了半夜。那小子如今也该是个汉子了。想起来已是那么久远的事，真叫人恍惚。,
内菲娅小心地在姐姐床边坐下，握住了她的手。,
嘿，好啊，[玩家:名字]。,
见你走过来，她们便散了，达格海德也悠悠地走开，找别人嚼舌根去了。,
弗朗格欠我一条命，他的价钱最好给我记住这点。,
谁要你的臭钱。你们这些该死的维京人，以为凡事都能由着你们——,
若还需要什么，我会再来。,
可邓弗里斯就在我们境内，诺森布里亚派了民兵过去，我们自然也就派了一队自家的战士过去。,
你的话似乎没进他的耳朵。,
而且他至今还没公开骂过我一句异教蛮族。算是我遇见过的最通情达理的基督徒了，远远超过其他人。,
滚出我的地方。,
瓦达一脸木然地看着你，彻头彻尾地透出一股毫不觉得有趣的味道。,
我没有能驾驭这么大一艘船的船员。得招募新手，那就得扩大规模——有点儿冒险。140怎么样？,
你这话什么意思？他们会怎么样？,
那头红发，那副天真无邪的模样，实在叫人招架不住。,
我想这大概是[玩家:名字]在[玩家:他/她]审问过埃塞尔雷德营地的那个间谍之后，说起过的那个丈夫。,
我有个主意，就用在这儿！,
凯蒂尔是你亲卫队里难得的通情达理之人。我和他聊过好几次——他那种好奇心令人钦佩，心态也相当开放，这在你们族人里可不多见。,
是我太大意了，竟让他突破了我的防线。算我走运，他没更好地利用那次机会。,
等你再找到萝丝科瓦时，她只是怯生生地咕哝着，声音小得像蚊子。,
他叹了口气，朝你点点头。,
你直面了我的勇士，夺回了我的定情信物。,
活计干完，那德鲁伊扔下铲子，擦去脸上最后几滴泪。,
我要向你致以最诚挚的歉意。作为亲卫队的领袖，你屡屡做出与我截然相反的决定。你所寻求的那些解决之道，是我连做梦都想不到的。,
凯蒂尔朝你咧嘴一笑。,
你……愿不愿意私下跟我讲讲，你所知道的事情经过？,
那个掠夺者说起西边有个庞大的王国，海岸线毫无防备。北方人已经开始在那些岛屿上定居了。,
那些被困的麦西亚商人——或者说是强盗，全看你怎么问——在修道院大门外集结，其中几个手持工具斧。,
领导的重担终于压得他再也扛不住了。他犯下一个错误，导致团队分崩离析，之后他便孤身上路，我再也没见过他。,
[扫兴者:Name]转过身，好让[玩笑者:Name]在他/她背上找个位置。,
他笑了笑，或许是因为你的诧异而感到受宠若惊。,
事实上，还挺[i]有趣[/i]？有意思。,
你发现了一堆令人不安的腐烂兽皮，堆在一小堆北欧珠宝上面。这究竟意味着什么？,
我看，你族人的劫掠行径同样难逃罪责。但没错，奥斯雷德的间谍已经听说了埃塞尔雷德回来的风声。幸运的是，他们至今还没摸清他的下落。,
这片土地很严酷。就连植物都粗砺而顽强。只有离开家，你才明白家对你有多重要。,
皮克特国王的大厅中弥漫着浓烈的煎肉香气。里面的空气温热而静止，却有种惬意的舒适，丝毫不觉得闷。,
我说不准——情况一直很复杂。,
我们待在这儿很安全，但维京人，那也救不了你们。这座洞穴将成为你们的坟墓！,
我在想，我们或许能免去一场恶斗。,
“只要你能把那酿酒的大锅从我们家里弄出去，就随你。”洛基试了两次想挪动它，那口大锅两次都纹丝不动。,
如果我们现在离开，那个农夫就死定了！,
如果这一切都是你捏造的，我会让你成为亡命之徒。你将永不安宁。,
斥候队长全速冲进帐篷，却又猛地收住脚步。,
老人透过浓密的胡须搔了搔下巴。,
我拿到了你的白手套。这个倒不难。,
把你那套信仰留给自己吧。我族里的孩子，轮不到你来教导。,
如果艾芙拉还活着，她会希望我走这一趟。她会希望我拿到这个。,
听我一句劝。用兽皮把他们盖好，否则恶灵就会找上你。,
{检查号角。},
我们低估了那个异教徒。他跑了。,
我希望能让我们两族结成联盟。,
他们会担心我败坏了你的信仰吗？,
不行，你只会拖累我们的速度。,
另一个盗贼仔细清点出一半的财宝，然后两人一同离去，始终不曾将后背暴露给你。,
或许在一个公正的世界里，这件事本该如此收场。你现在就该杀了我，让天平恢复平衡。,
你也许有兴趣知道，我已经给罗加兰的几个熟人捎了话，告诉他们你在这儿干的好事。,
这不过是你应得的！,
事到如今也不怎么想活捉黑猎犬了，所以不管最后怎样，我都会付给你全额赏金116便士。,
那名女护卫清了清嗓子。,
嘿！我带你来是要你为你父亲的荣誉干杯，[i]不是[/i]让你顺手牵羊偷我东西的！,
如果你再这么东摸西摸地磨蹭下去，我也打算干脆在这儿坐下了。,
我，呃……听着……,
这是他父亲的。格里穆尔夫不肯告诉我它出了什么事——只说它丢了。,
她当然是头母狼。你难道不知道经上写着，有福的罗穆路斯和他的兄弟雷穆斯，是吃一头母狼的奶长大的吗？,
获取奥斯雷德致通德温的信。,
把间谍信物出示给一位“虽年纪轻轻却历经磨难”的斥候。,
这些年来，我亲爱的家人和我靠着商人、朝圣者和其他旅人，日子过得还算体面，但你可以想到，我们绝不能碰这座漂亮镇子上的居民。,
当然，只要价钱公道。埃塞尔雷德并没有[i]全部[/i]拿走我们的东西——我可以再运些货进来，补上卖给你的。,
你用尽最后一丝力气拼命向前一窜，猛地冲出水面，大口喘着气，咳出呛进肺里的水。,
事情比看起来还要复杂些。奥斯雷德扣押了他们的亲人作为人质。,
两人握了握手，约定之后，他转向儿子。,
别担心，你的人尽力阻挡过我们了。他们死得其所。,
没有人[i]生来[/i]就会战斗，那是逼不得已才学会的本事。别再袖手旁观、自怨自艾了。拿起剑，操练起来！,
好吧，我去把我的东西搬上船。你准备好了就上船找我。,
哦，呃，我们很抱歉。我们，呃，给我们点时间。,
罗斯科瓦像一尊雕像般静默。你回头瞥了一眼，只见她怔怔地望着凯尔，脸色由苍白转为死灰。那是一个女人目送丈夫出海征战的神情，心中确信这是此生最后一面。,
如果我理解你想要什么，这或许正是你所需的那种机会。,
我比你更需要你的女儿。她是我最亲近的挚友之一。,
爬上去！,
{给她沙滩花。} 我从海滩摘了些花给你。,
查理曼在南方进展稳固。萨克森几乎已被全部征服，所有人都预料法兰克人即将入侵日德兰半岛。,
暂停！,
她身子晃了晃，几滴鲜红的液体飞溅开来，顺着她的脸颊滚落，但她似乎毫不在意。,
{杀了他。} 我父亲多年前就该这么做了。,
我不会告诉你们这帮人的。话说回来，你这玩意儿是从哪儿弄来的？,
我们是来调查异教崇拜传闻的。,
她逐一点燃蜡烛。然后，将其中一只碗高高举向天空，口中咕哝着咒语，猛地将其倾空。,
有过一次——就在去年夏天。他驾着三艘船来，满载木材、肉、盐和其他补给。说到贡纳尔——他似乎跟那位“碎颅者”相处得挺投契。,
就在牧师终于要完成仪式之际，格蕾妮猛地破门而入。她的盔甲上溅满了别人的鲜血。,
塔拉久久地注视着你。,
我十岁那年登基为王，那时篡夺我父亲王位的阿尔雷德刚刚被逐出埃弗威克。,
你花了些时间研究那几组不同的符号，可除了微微的头痛，以及扈从们那明显的不耐烦之外，一无所获。,
那还等什么！我们立刻反击，把耶灵彻底荡平！,
我把它落在下面了。,
找到他了！,
你的本事，我倒是可以学学。,
老人揪着小姑娘的耳朵，几乎将她整个人提离地面，嘴里厉声喝令。小姑娘立刻掏出你的钱袋，乖乖放进老人摊开的手掌里。,
带我去看。,
没什么。,
他跳了支胜利的小舞，满心欢喜，接着竟从身上掏出好几大把钱币来。,
现在去吧。去高地洞穴见格蕾妮——我的军队又需要你的援手了。,
我可不想落得跟他一样的下场。他是怎么出的事？,
你敢发誓，布鲁诺轻轻蹦了一下，活像一条刚被丢了块碎肉吃的狗。,
其主人定是哪一国的国王。,
教士默默地扳着手指数算了一会儿。,
等他们变得……你知道，太过放肆的时候，我们或许得拿一两个来杀鸡儆猴。,
她迟疑了一下，也许在怀疑这是否是什么残忍的玩笑。,
我已做出了我的决定。,
{试图捉一只萤火虫。} 那这事儿跟米尔丁有什么关系？,
盖尔人之王唐科奇此前正与考斯坦丁商议联姻，打算让考斯坦丁之子多姆纳尔迎娶唐科奇之女芬瓜拉。但盖尔人最近未作任何解释，便退出了谈判。,
那画面，简直就像看着格蕾妮一样！,
{取回珠宝。} 那里面埋着东西。,
算不上[Player:king/queen]。我是斯凯恩领主，[Player:Name]。,
这事毫无半点荣誉可言。,
下毒？我要的是打败他，又不是[i]杀[/i]了他！,
女猎手大笑着摇了摇头。,
几乎就在同时，一个搜查者猛地从你的一只袋子里，扯出了一只落满灰尘的银酒杯。,
他从兜里摸出一把硬币来。,
考斯坦丁神色严峻地点了点头。他上前一步，将一只手重重地搭在你肩上。,
他永远不会为我们所用。对这些人来说，只有基督徒才能名正言顺地坐上他们的王位。,
你抵达了铁匠乌德罗斯特所描述的区域——靠近东海岸，是一片低矮而开阔的平原。,
她恼火地咕哝了一声。,
若他接受了，这位德鲁伊将在珀斯，在考斯坦丁国王的宫廷中被授予一个执掌宗教事务的权威之位。这将为你所信仰的一切带来莫大的正统性。,
让我解脱痛苦吧，但倘若你遇见了那个男孩，就放他一条生路！,
你太逾矩了。我做出了选择，你最好接受这一点。,
赫里沃德，此人以在东北沼泽地率领其信众崇拜旧神而闻名。取其性命，赏52便士；若能活捉，赏金翻倍至72便士。,
就在你走近时，国王的顾问向他引见了你。,
看你们的装备，我猜你们是从耶灵来的。斯库尔手底下的那帮斥候，跑到这儿来做什么？,
我教会的人曾满怀恐惧地找到我。这些恶魔崇拜者，[i]数月[/i]来一直在乡间四处散播他们的腐败秽物。,
通往海滩的小径上，新冒出个摊位，那上面分明带着基督教的印记。,
我们不能！我们跟他有约在先！,
故事大略是这样的：瑞摩斯与罗穆卢斯本是兄弟。甫一出生便被弃于荒野，却为一连串奇迹所救。,
这可帮了大忙。,
我们只是想找个地方避一避。门就那么敞着！,
你再次寻见拉斯克娃时，她的嗓音已化作怯懦的呢喃。,
把默丁的尸身带回村里。,
那奴仆扬起双手，二话不说，转身便朝劈柴的砧板走去，身后在雪地里留下长长的拖痕。,
我只是对你不抱那种心思。,
懦夫。想走便走，但圣瑞摩斯的追随者将留下。,
尊贵的诺尔斯雅尔。此剑乃诺森布里亚的埃塞尔雷德国王陛下所定制，用以馈赠盟友的礼物。,
可……不是科尔比亚纳尔松。让那婊子养的烂在赫尔海姆吧。,
但我不会追究。误会时有发生，不是吗？有康纳尔·马克·泰格在我身后穷追不舍，比起你们这一小股维京人，我有更大的麻烦。,
你追逐那年轻女孩，进了一方院落，周遭是几幢破败不堪的屋舍，你的到来竟惹起了[i]好一场[/i]风波。,
助埃塞尔雷德重夺王位，定能为你挽回声誉，无论此前你道德上有过何等亏欠。,
她端上晚餐，在你对面坐下，你们边吃边谈笑风生。这顿饭可真不赖，胜过你在这片土地上尝过的任何东西。凯尔无疑是个手艺高绝的厨娘。,
待你再次醒来，发现凯蒂尔已安然返回营地。他面露微笑，向你道了声早安。,
国王的神情骤然严厉起来。,
哦，埃林尔这些年处心积虑要挑战你们家，这早不是什么秘密了，但谁也没料到他会趁盛宴下手。[i]那[/i]可就太下作了。,
他们先前准是渔夫。看样子已漂流许久了。,
我的意思是……凯蒂尔是个好人，他从不会表露出来，可他心里压着很重的心事。要是这些担子快把他压垮了，你就去跟他聊聊。他需要你。,
我要拿整份。,
恕我冒犯。方才是我失态。绝无下回。,
“埃利瓦加尔之东，天穹的尽头，住着睿智无匹的希密尔；我那暴烈的父亲，拥有一口锅，一口足有一里格深邃的宽广大锅。”,
{暂且别管它们。},
唔……好吧。我倾心之人并非女子。,
你也不过如此！,
我会在来世找到你，你这猪狗不如的[Player:you son/daughter]！我定会在冥府寻着你，叫你抱憾！,
我们确非基督徒，这确属实。,
可你们这帮人——你们不是基督徒。理应从那些草木皆兵的混账身上榨出更多油水来。呃，他们有所提防也确有道理，可那又如何！,
你拿那东西想干什么？！是要诅咒我们的田地吗？,
孩子，若论交战，我的众神将[i]鲸吞蚕食般[/i]灭掉你的魔鬼。,
你可想清楚了？她今日的状况可不算好。,
要是我对托尔芬还有几分了解，这样的活儿，他可梦想许久了。,
将狩猎队的事告知凯特。,
你与内夫娅一路走回海滩，她缄默不语，也未曾回头再看家人一眼。,
什么？不……不，不是现在！别是今天！,
他眼底掠过一丝内疚。,
脚下留神，朋友们！,
[Random01:Name]一脸茫然。,
我连考虑这种可能性的余地都没有。我的氏族断无资源卷入此等纷争。,
我[i]决不[/i]投降！,
与阿斯特丽德交谈，以结束这场战役。,
我们会没事的——要是出了岔子，不还有你替我们疗伤吗，对不？,
你讲起段子来也是利索得很……听好了，我这儿只备着修车轮、钉马掌的存货，可论起挥剑抡斧，我也堪堪耍弄两下。,
只顾自个儿待着，没招惹谁。,
{拔剑出鞘。}放马过来。,
这报酬听着公道。就跟你定了。,
是他。如今他是我扈从团的一员了。,
我本指望能遇着个更强劲的对手——你几乎没怎么还手。,
我看见你进了城墙里头，还跟人搭了话。,
{拽过一个奴仆，叫他们喊出那失踪者的名字。},
哼，走了倒干净！,
我这人对于帮手，向来不会推拒……,
留里克何在？,
我是西古尔德·赫林格王的侍卫，他统治着日德兰半岛、西兰岛和耶阿特兰诸地。,
要是你觉得还可能用得着这把斧头，我很乐意把它卖还给你。是把好兵器，但我最擅长的是两手各持一把轻武器，这斧头太大，单手根本使不开。,
唉，实在对不住，我这儿没有适合打造武器和盔甲的材料。我勉勉强强能凑出些边角料，修理只破罐子还差不多。,
你家乡那边是什么样的？,
不巧的是，[Repairer:Name]——[Repairer:他/她]的手艺本就谈不上灵巧——反而把自己的手给弄伤了。,
对着一只猫亲热地咕咕叫？收起你这套吧，丫头。猫在农场里算是有用的畜生，但把你的母性留给真正的孩子去。,
你在干什么，[Player:Name]？,
等待如此漫长。太阳渐渐沉了下去……,
此刻国王正在演说，族长们彼此交谈的嗡嗡声都恭恭敬敬地安静了下来。,
你——你有必要杀这么多人吗？,
{杀了他。} 不能让你把这事捅出去。,
越来越糟糕了。,
你的[i]嗓音[/i]——你说话的方式真是古怪。你能用你自己的语言说几句吗？,
他们把我揍得不轻，但我还能打。,
你必须离开。听我说，瓦莱里乌斯……,
当然，你总不至于想违背你家族对西古尔德王的义务。只是当心，千万别像你父亲那样，屈从了那海洋的召唤。,
要是个更虔诚的人，恐怕会以为我们命中注定就该来到这里。,
唉，或许那样最好。,
你在她手下的尸堆中找到了赫罗德盖尔达的遗体。她那傲慢、怨恨和阴谋诡计的痕迹此刻在脸上已荡然无存。她看起来就像在安详地沉睡。,
抱歉了亲爱的，这些没一样是我要找的。,
要是你能办到，日后来找我交易，我都会给你个好价钱。说起来，既然都来了，想不想看看我手头的货？,
就在你们林子深处，一座破旧老房子旁边的井里。用绳子拴着，坠着石头沉下去的。,
你们必须丢下我，继续往前走了。,
把武器放下，不然你的朋友可就要成乌鸦嘴里的肉了。,
女猎手交叉起双臂，脸上挂着温暖的微笑。,
由于人手有些吃紧，大家清点装备很是花了一阵功夫。你的侍卫们找到了几件损坏的装备，喊声接二连三地响了起来。,
那汉子看起来有些坐立不安，目光一个劲儿地朝岛上女巫的屋子那边瞟。他连气都不换一口，嘴里的话像连珠炮一样往外蹦。,
贡纳尔握紧斧头，感受着手中那股沉甸甸的分量，脸上分明露出满意的神情。,
你占了我的上风。,
我们根本不可能在不惊动他们的情况下走到洞口。要是不把他们解决掉，他们准会跟进来，从背后把我们来个前后夹击。,
你这批货是从哪儿弄来的？,
一个人不肯随随便便交出忠诚，这也怪不得他。,
{两个一起放倒。} 那小的交给我。放箭！,
哦，是吗？他可从没跟我念叨过这个念头，不过我知道你说得对。,
前往邓弗里斯城外的诺森布里亚营地，与伍尔夫西格会面。,
他抽了抽鼻子，抬起袖子往上一蹭。,
瞧瞧咱们这儿撞上了什么？一位郡长老爷，在暗地里和外来的异教徒勾勾搭搭？要是陛下听说了这事儿，您猜他会作何感想？,
最后就这么妥协了：阿尔瓦尔德在[Player:Father]他们外出的时候训练孩子们。侍卫长瞧出了这主意里的明智之处。,
不过，你选得好，我真替你高兴。只是别太快安定下来——要是我一下子因为这种安稳日子同时失去两个朋友，这世上可叫我怎么活？,
你把我喊出来打这儿，撇下篝火不管，就为了杵在这儿，张着大嘴、目瞪口呆地瞅一个老太婆？！,
他们日子还过得去。有他们的叔祖父镇着他们。听起来收成也挺不错。不过能回来终究是好事。待在这儿，心里踏实多了。,
取消,
我知道你都干了些什么。要是你还想要我的货，那就得高价买。我先把丑话说在前头。,
凯蒂尔声音里的激动霎时消散得一干二净，他接着往下讲，语气淡漠，就像在叙述别人转述给他的事情。,
你居然[i]放过了[/i]他们？！你这个骗子！,
国王露出欣然之色。,
你一喊出[Exempt:他/她]的名字，[Exempt:Name]便径直走到你跟前，近得只够说几句悄悄话。,
你不由自主地注意到，教堂里挤满了卫兵。他们个个全副武装，身穿的盔甲和手持的兵器，都是清一色的制式。,
你的下巴艰难地蠕动着，呼吸沉重而艰难。面前的食物不久前还显得那么诱人，此刻却只让你胆汁上涌，直犯恶心。,
{捅死他。},
他是个好人，也是个好国王。只可惜我们不得不杀了他。,
算了。回去干你的活去。,
马班举起双手，表示投降。,
阿斯莱夫是我的家人。他不会对我动手。,
你若真能办到，那倒值得钦佩。,
毫无疑问，他们是怕一旦被迫对我们公然发起进攻，我的阅历会成为你的助力。,
嗯！有点意思。年轻人啊……,
胡尔达……,
{检查骸骨。}他们一直在吃人……,
吕迪克？！吕迪克！你听得到我说话吗？,
你饮尽杯中酒，起身走向那些小酒桶。守卫们并未多加留意，做点手脚轻而易举。回到座位上，你向侍卫们低声发出警告，他们便不再碰那酒了。,
他们马上就要离开了。,
阿斯莱夫向你发起决斗，以争夺氏族酋领之位。,
你会为此后悔的。,
布拉娜的一切都是我给的，她的要价最好能反映出这一点。,
到你母亲身边坐下。,
我不能和任何人切磋武艺。我父亲不准。他是国王，他说了算。,
你[i]可真是勇敢！[/i]我怕那个畜生已经很久了，还以为根本没人能从他手里夺回号角。可如今它就在这儿。,
你们把格里穆尔夫的猪拴在树上，然后在空地边缘各自找好了藏身之处……,
我将亲率主力沿河而上，在远离城市的地方登陆。守军定会火速出城，在平原上与我们决战。,
[弓箭手：Name]探出身子，向外望去。,
我不配苟活于世。我辜负了我的国王，背弃了我的职责，玷污了我的荣誉。杀了我，反倒是对我的仁慈。,
我担心的是货！这艘船生来就不是扛这种重货的料！,
她轻声笑了起来，那满脸的笑纹也随之漾得更深了。,
{与诺森布里亚结盟。}我们与你同在，伍尔夫西格。,
仆从们退了下去，你的手下正要大快朵颐，埃塞尔雷德却站起身来，席间的嘈杂声随即平息。,
呃，他们拖了这么久才完工，我凭什么付钱！,
那个亚麻色头发的战士公主？看来她也没那么差劲。她简直[i]没法儿[/i]沟通，把自己严严实实地裹在自卑感筑起的围墙后面，但这大概也正是她如此强悍的原因。这么说来，那些自卑反倒成全了她。,
你对莫尔坎这人，有什么想法？,
{离开。},
她眨了眨眼，竭力理清思绪。,
凯蒂尔极力憋着笑，但还是发出了声音，不过那男人并未察觉。,
我想我刚才问的是，你们怎么沦为了皮克特人的阶下囚？,
约斯泰因放声大笑，笑着笑着又变成一阵剧烈的咳嗽。,
我不会杀你——没这个必要。你让埃奥福尔维克防守空虚，我只需挥师直入，夺回我的王座便是。,
你说话时，她眼中闪烁着好奇的光芒。,
[i]是你？[/i]嗯。[i]这[/i]倒是有趣了。有权有势的男人品味如何，还真是全无道理可讲，对吧？,
我得好好想想。,
老子当然醒着！其他人呢？！,
我知道你们两个是情人——其实大家都知道——所以看在你的份上，我不会说她一句坏话。,
[征服者：Name]和[盟友：Name]交换了一个窘迫的眼神，之后便再没多话。,
听到同伴这声叫喊，所有人都猛地停下脚步，吃惊地转过身去。,
他再次垂下了头。,
那个去拿柴火的混小子死哪儿去了？,
感觉像熬过了一辈子那么漫长，[救援者：Name]终于破水而出，身后拖着[遇难者：Name]。,
那些德鲁伊究竟是何方神圣？,
不过，你说得对。一切都结束了——多少年前就已经了结了。实在没理由再为这事耿耿于怀了。,
{攻击。}转念一想……,
凯尔拉起你的手，急切地引你走向她的床榻。,
对埃迪丝，你有什么看法？,
跳跃者轻蔑地从鼻子里哼了一声。,
不，没事，一切都好得很。,
愿你健壮又幸运，我[尊贵/美丽]的酋长。您可是来向这萨克森以北最出色的铁匠，订购一把武器的？,
真是个精明的老狐狸！我敢肯定，他对我们的大业将大有裨益。,
埃迪丝若有所思地微微一笑，顺手拂去围裙上几片零落的羽毛。,
我或许是说过，那又怎么样？,
我再问你点别的。,
我刚替恩巴尔德主教办妥了一件要事，这会儿正往回赶。,
你们看着可不像是打仗的料，但这位阿斯莱夫尔，却是十足十的战士。交出一半的战利品，我便不会让他敲碎你们的脑袋。,
坦白说……我们实在是好奇，当女人领兵打仗时，那些战士是如何作战的。,
这不重要——就算我们真有入侵的实力，我也不会背弃盟约。,
快走吧。越早离开这鬼地方越好。,
要是狼群没了，野鹿回来，那我们的日子就好过了。,
我们离开的这段日子，这边情况如何？,
这话像是抽走了她全身的力气。她双唇颤抖地望向奈芙娅，终于一把将女儿紧紧搂进怀里。艾芙拉也挤了进来，脸上挂着一丝淡淡的笑意。,
我可以乖乖跟你走，但你必须放我的同伴离开。否则，我们拼死也要拉上你们几个垫背。,
我领了你的道歉。我们之间并无芥蒂。,
埃尔林格已被逐出氏族。是时候回村子去了。,
有你们，便是我所需的全部家人。,
干草叉,
我与皮克特人共度了漫长的岁月。他们那座建在艾奥纳岛上的教堂，是献给基督教信仰与不列颠尼亚文化瑰宝的一件绝妙赠礼。,
血色从他脸上褪得干干净净，显然他此刻才猛地意识到自己正在做什么。,
他脸上忽然掠过一丝怜悯，仿佛直到现在，他才看出你是个多么可怜虫。,
{离开。}也许改天再说吧。,
不过，那位金发战士看上去怒火倒是平息了几分。,
倒也没那么糟，我来帮你一把。,
直到那可爱的姑娘告诉了心头一条她知晓的妙计：“等海米尔撑得动弹不得时，就往他脑袋上砸：那脑壳可比什么杯子都硬。”,
一个身穿铁匠皮围裙的老人坐在铁匠铺前，倚着墙。看着像是在打盹，眼角的余光却扫了你一下。,
{饶了他。}你完了，埃塞尔雷德。拿出点男人样来。,
老人的视线一刻不曾离开你，却直到此刻，才开口对你直说。,
这是在威胁我吗？,
法尔维尔。（再见。）,
他和手下们收拢了你交的买路钱，以惊人的麻利劲儿藏了个严实。他朝他们点点头，那些人便慢慢退后，散入林中，将你的去路重又让了出来。,
彼此彼此。,
诺托尔夫的尸体,
恕我岔开一句，有件事我不得不问。,
你看，瑞亚·西尔维亚消失不见了。你晓得这意味着什么，对不？,
还有别的什么人需要我去谈谈吗？,
你们是被派去洗劫那片洞穴的吗？我们会备好支援。,
我可不跟你这等货色做交易。,
至于[i]你[/i]，自然可以不受阻拦地离开，兄弟。,
他可是我兄弟！你怎么下得去手？！,
呵。私下说一句，你晓得吧，[玩家：父亲]这辈子真正深爱过的，只有鲜血和蜜酒。,
埃塞尔雷德重重叹了口气，复又瘫回王座的怀抱之中。,
诺森布里亚人那边当然要惨得多。自打他们的国王断了令，战线转眼间便溃不成军。,
这么说，你打败了阿斯莱夫尔，是吗？了不起。我得认，原以为胜的会是他。啊，不过瞧见你俩都活着，还活得好好的，我就放心了。,
{奉上10张兽皮。}我们从自家地界带来了上好毛皮。这样的薄礼可还够格？,
从来没人提这茬，可过去这镇子每选出个新酋长，我们悄没声儿地也就选了个国王。我们到底算诺森布里亚人？还是皮克特人？,
我不怕。把这事交给我去办吧。,
冻死个人了这鬼地方……,
多谢！多谢了。你在他身上搜到的别的东西，全归你。只消把我祖父的偶像带来给我……,
他仍旧没拿正眼瞧你。,
一把细而尖的凿子，被逼到走投无路时，也能拿来当刺杀的兵器。,
给女巫当学徒，都学些啥呢？,
他不敢直面决斗的公道裁决，我便立起这根尼德柱，诅咒这懦夫。,
她的语气听着，倒也并非全无希望。,
我们马上去觐见国王。,
那得全看，是怎样的一种安排。,
自然。若我欺瞒过你，那本就活该如此。好了，恕我失陪，我得去寻条能回家的船了。,
奈芙娅，你留在这。我来料理这群[i]尼丁格尔[/i]。,
只是……千万小心。阿斯莱夫尔若当了领主，那可糟透了。,
你想让谁来做祭品？,
胡尔达如今已拦不住我了，可……我也说不上来。总觉得对她有所亏欠。,
你是怎么跟他通上消息的？,
不。夜里若靠近那入口，偶尔会听见它们弄出的声响。像尖叫一样。,
行了，这话题让我犯困。还有别的事吗？,
快看！,
石怪呻吟，石原雷鸣，远古大地一齐震荡；随即，那巨鱼又沉回了海底。,
看在你为我们做了这么多的份上，我看这事能成。再次向你万分感谢！,
你仔细扫视四周，四下却一片寂静。看来，山脊上那俩斥候，就是唯一提前派来的探子了。,
莫尔坎特满怀希望地望向那几块神秘的石头。,
那是自然。埃奥福威克固若金汤，而我们的战略，核心就在于将所有兵力压在一点。,
他走了啊……,
我从你们自家的女猎手西格丽德手里买了批上好的皮子，又从邻村的铁匠铺收了些旧金属废料。,
赫尔索特诅咒,
[Random01:Name]指向西北方，那里一处宅子正燃着熊熊大火。,
也许我能帮忙找到他？,
跳跳在他裤子上勉强算干净的地方擦了擦手掌，然后握住了你的手。,
那些居于大地之下的生灵——矮人、精灵、还有祖先之灵。一旦踏进坟墓，便永不复还。,
我还没想好要怎么处置他们。,
啊，埃奥福威克——说来算是我的第二故乡。集市街那食物的香味儿，总惹得我流口水！,
若军令下达，我会跟从——说实话，我乐意至极。只是，我们的职责在此，与氏族同在。,
结果好得很，我包你对此满心欢喜。,
他从兜里掏出一块毛料，擦了擦后颈的汗。,
这地儿是不赖，也从不缺事干，可……你连那些邪教徒也非请来不可吗？,
“伦比约恩号”明天就得回港，等船一开，你爱睡多久睡多久。但在此之前，你给我站好我让你守的位置，把你那张臭嘴闭紧了！,
我真不知说什么好。今天这事不是你的错，但这后果，却得由[i]你[/i]来咽下。,
苏尔特绝不……绝不会。他会——你根本不明白！他那把烈焰之剑。待到终末之时，他！必将燃尽大地！,
毒坑陷阱,
诺托尔夫，我晓得你是个贼，但你会杀人吗？那套破装备，犯得上让你为之夺命吗？又值得你为之送命吗？,
艾菲走到那对鸳鸯跟前，和他们简短地聊了几句。可他们的声音压得太低，那浓重的土话实在听不真切。,
我手头的线索，就剩这个挂坠盒了。,
男孩一言不发，只是继续用那同样炽热的目光，死死盯着你。,
格里姆尼尔？,
仪式的价值，在于它能以一套共同的理想和对世界的共识，将众人凝聚在一处。你说是吧？,
你帮了我们。我晓得这并非平白无故，但邓弗里斯总算不再是强敌环伺了，这是太久以来的头一遭。我向你道谢。,
怪了。这儿真安静。[i]太[/i]安静了。,
次日清晨，你们带着满当当的财宝，聚在国王大厅前。守门的卫兵冲你们微笑致意，带着由衷的敬意。,
那就是凯蒂尔·麦克·拉克兰了？,
正好——反正咱们手头的麻烦事也够多了。,
待那最后一人倒地，你匆匆扫了一眼村子，并没什么真正值钱的物件。那些门窗紧闭的屋子里，隐约传出远处的哭声。,
那竟是我干的？,
你的人纵情谈笑，直至夜深。贪杯的出于对不饮者的敬重，也留着量，但人人似乎都乐在其中，做起事来都带了几分轻快。,
大地与森林,
莫尔坎特露出了笑容。他感到事情正一步步向前推进。,
它是一位朋友的。他很小的时候，就给维京人掳走了。,
尝尝[i]这个[/i]，你这混账东西！,
那我们就去守住南面的入口。,
转瞬间，屋门被猛地撞开，奥塔尔·埃尔林松手持利剑，塞满了整个门框。你瞧见屋外，他的兄弟们正站在扑地的凯蒂尔身旁。奥塔尔嫌恶地扫视着屋内。,
他撂下手里的木工活，给了你一个兄弟般的拥抱。有那么一瞬，你似乎瞥见他脸上掠过一丝不悦。,
你吻上去的时候，他把你紧紧搂在怀里。你能感到他的心跳得飞快。,
别人说什么就信什么。,
就是好奇。,
[Diver:Name]的身影消失了好一阵，但没多久便上气不接下气地折了回来。听罢[Diver:他/她]描述了在水下摸索的路径，你心里有了谱，觉着大伙儿准能在耗尽气息前，憋着气穿过这条水道。,
谁管她今天过得怎么样！我需要毒药！,
这怎么看都不安全。看来这么做是为了降低隧道里的水位，免得河水倒灌进来。这玩意儿根本经不起几下折腾。,
这年头谁没有武器，老娘也有，光凭这点可算不上可疑。,
我们已经跟他们交过一次手了，输的是我们。,
让前国王奥斯雷德二世躺在那儿吧。没了王位，他对谁都不是威胁。等仗打完了，自会有人来处置他。,
内芙雅只往前迈了一步。,
我们可盯着你呢。,
那就是手握大权之人绝不可信。,
一套用上等鞣制兽皮精工打造的护甲。,
{提供200贵重物品。} 我给你10便士，换你供出接头人——算是甜头。你要是不识相，那就让你尝尝苦头。,
打得漂亮！真痛快！,
愿你健壮幸运，远道而来的朋友们。你们是来订做——哦不，是来订造一艘船的吗？,
是啊，你杀了那几个儿子，眼下就剩那老头、他妻子赫约迪丝、他们的女儿盖尔比约格，还有奥塔尔的妻子乌娜。,
只是路过的旅人罢了。,
他的死正好杀鸡儆猴，让那些胆敢反抗你统治的人瞧瞧。,
他抓住你的手摇了好几摇，这才又拎起斧头，干起活来更加卖力了。,
愿你健壮幸运。有什么能为你效劳的吗？,
真是莫大的荣幸，多谢。,
我们的筹备行将结束。如今最后一块拼图也稳了，权力交接将畅通无阻，王座之路已然分明。,
最后一批村民刚一倒下，默丁便匆匆赶回学徒身边，一把将他搂进怀里。,
众人收拾好行装，准备动身。,
我们不是给这帮人卖命，是在给他们下套。一旦博得了他们的信任，我们就从奥克尼群岛猛扑回来，夺取大权。,
那边的好汉！可要雇船？,
呃，这外交手段……还真是别具一格。干得不赖？,
我只知道……在北方，众多部落厮杀不休。而有传闻说南方有个伟大的王国，可惜我们始终没能走到那儿。,
自上一次献祭以来，着实隔得太久了。,
毛科林眼中燃着希望，却又怯于开口。,
{继续聆听。},
我正想法子拦住一群狼。打秋天起，那群遭瘟的畜生已经叼走我四头牲口了。,
还有别的事要问吗？,
去珀斯城外与埃塞尔雷德会面。,
多谢陛下，这礼物真是精美。,
容我进一言，陛下。利奥弗里克今日为护主而战，英勇非凡，无愧于冠军勇士的职责。我恳请饶他一命。,
马班掏出一枚小小的护身符。,
修士缓缓起身，稳了稳神，然后就这么浑浑噩噩地晃荡开了。,
我业已将他们流放至极北的一座远岛。他们再也不会来搅扰你们了。,
你还好吗？,
我们都该多学学我妹妹。过来，你这家伙。,
你瞎了不成？,
日头西沉，[饮者:名字]将一小桶蜜酒滚进了营地。,
你能为我引路吗？,
我带你来此，要你看的一切都已看到了。好好思量这些启示，牢牢记住，待你在米德加德的试炼终结之时，什么在等着你。,
雅尔拉格希尔迪单点了一下头。,
且让我问问其他侍卫的情形。,
从不曾有什么故事[i]仅仅[/i]只是故事。每个故事都是数千年口耳相传的结晶。,
行啦，上船去，跟自己家一样就行。,
你们刚才是不是上墓——我是说墓冢那边去了？我方才听见那头好一阵喧嚷。,
诺托尔夫的护卫并非百密不疏，你还是抓住了他猝不及防的当口。一拳打中他的下巴，那闷响听着畅快极了，诺托尔夫当场瘫倒在地，人事不省。,
内芙雅的母亲猛地转向你，嗓音陡然拔高了至少一个八度。,
以这般收获、又经诚心祈祷的槲寄生，可制成一种效力强大的饮剂，能解百毒。,
他还能有这本事？！哈！真没想到那老肥猪还有这两下子。实在是天赐的好运。,
她咬着嘴唇，朝你抛了个媚眼。,
即便卸下了行囊，对[不幸者:原型]而言仍是一场煎熬。[不幸者:他/她]挣扎了半晌方才重新站起，但显然已被这番磨难折腾得精疲力竭。,
她递给你一卷织好的布，你紧紧裹住她的肩头。依内芙雅的性子，这点瘀伤休想影响她挥剑。,
我[i]就喜欢[/i]麻烦。,
荆棘堡,
只是一种直觉——说不太清楚。你见过那位祭司了吗？,
他把火煽得更旺，企图掩护自己逃跑……,
这些小堆的篝火，和中央那个坑洞一样，都是最近才点燃的。究竟有何用途，却很难判断。,
他挑起一边眉毛，不为所动。,
这枚护符象征着亚萨神祇、阿斯加德的守望者海姆达尔那永恒的警觉。,
遗憾的是，我们那位不太英明的国王奥斯雷德也没闲着。他正在南方寻找盟友。,
这整个乱子，都是从霍尔蒙——愿他的灵魂安息——和你父亲从遥远的北境远征归来时开始的。,
你沿路才又走了不过十来英寻，灌木丛中便猛然冲出大批手持长矛和利剑的战士。你发现自己已身陷重围。,
我当时在场。情况比你描述的糟糕得多。,
陛下，这些没有一句是真话。那次袭击是强盗干的。,
你说得对。其他女人准会妒火中烧。,
在小营地外围，两个强盗意味深长地交换了眼色。接着他们悄悄溜走了。其余的强盗拔出了武器。,
好吧，那就祝你好运吧。,
尽管上次我拒绝为你服务，但我很高兴你还是回来了。自那以后，你已赢得了好名声。告诉我你需要什么。,
我以前常在城墙外跟他见面，但他再也不肯出来了。他一定在要塞里的什么地方。至少我真心希望如此。,
一个叫赫罗德盖尔达的女人付钱给我，让我把一群神色诡秘的人运到里伯。,
当你一言不发地从他身边走过时，那人的表情垮了下来。他含糊地咕哝着什么，分明是在自怜自艾。,
要做到万无一失。流言在斥候之间传播的速度，比在无聊的农妇之间还快。,
找到那些异教徒，解决掉他们就行。等事成之后回这里来，我们会帮你铲除那个邪教。,
在远离众人和温暖篝火的地方，四个戴着锁链的奴隶由一个面色凄苦的猎人看管着。,
你已经证明了自己是个好[Player:男人/女人]，也是诺森布里亚人民的朋友。如果有什么我能为你做的，我保证会给你公道的价格。,
埃塞尔雷德的军械大师从营地的另一头跑了过来。,
他用肩膀朝身后比划了一下。,
当然。一定要担当起这份托付给你的责任。,
{描绘一番你的统治，以及他在其中至关重要的地位。},
谢谢你，兰薇格。我就不打扰你继续干活了。,
当你的侍卫们手忙脚乱地放下绳索时，你注意到[Klutz:Name]的胳膊扭成了一个不自然的痛苦角度。它无力地垂着，全无用场，而[Klutz:他/她]小心翼翼地，似乎不愿让它承受丝毫压力或重量。,
（给予240贵重品。）那我宁可要你那位带弓的朋友。你意下如何？,
他过往的一些事……我偶尔想从他嘴里掏出来，但他总是闭口不谈。真希望我能知道是什么在困扰他——兴许能帮上忙。,
他看起来十五六岁，一头乱糟糟的棕发，深色的眼睛阴沉沉的。他个头高，身材瘦长，动作迅捷而精准。他穿着一套非常简朴的装束，没有任何装饰或配件，只有左大腿上绑着一个刀鞘。,
霍尔蒙在我们离开前，从塞法的尸体上取下了它。,
也许村里有人知道。,
我们从全村带来了这份礼物给你。请接受它，连同我们永恒的谢意。,
我们是站在你这边的！门口的人刚刚放我们进来的。没人通知你吗？,
国王笑得弯下了腰，拍着自己的大腿。,
在精心编成的发辫下，一双深色的眼眸审视着你。这女人身上有种神秘而危险的气息。,
别拒绝这番判决，你这蠢货！你难道看不出来，就凭你的所作所为，这已经是网开一面了吗？,
劫掠可憎异教徒,
我找到你的奴隶了。,
来，坐下好好享受吧。这将是个难忘的夜晚！,
那我晚点再来。,
年轻的女巫耸了耸肩。,
你是怎么成为一个狼皮战士的？,
当格蕾妮叫她公主时，你身后的艾菲尴尬地咳嗽起来，而格蕾妮却没能藏住一抹坏笑。,
艾芙拉被埋在好几层毛皮下面。她翻身面向你，看清你是谁后，便昏沉沉地坐了起来。,
那胖子对着他华丽的金色胡须咕哝着。你觉得他是在表达羞愧。,
那个我们稍后处理。如果斯库利在跟我们作对，你知道意味着什么吗？,
烽火没有点燃吗？,
{拔出你的[Player:武器]。},
里伯的沼泽又吞了一个人！上个沐浴日，索尔瓦尔德·索莱弗松去沼泽里打鱼，就再也没回来！,
你幸灾乐祸也怨不得你！那是你挣来的权利，哈！,
我早就知道。,
殿下，请稍候。,
你花了些工夫梳理这些足迹，渐渐地，一个规律浮现出来：来的人很多，离开的却少得多。而那些离开的，正沿着海岸向南而去。,
我看是时候做个决断了。而且得快，不然就要变成一场混战了！,
干得漂亮。现在，说吧，什么事？,
很好。当一方所有的战士都无法再战，战斗便告结束。,
一丝得意的笑从他脸上一闪而过。,
他有气无力地朝自己挑的那堆东西挥了挥手。,
他当时在躲什么人。这里就是他背水一战的地方。,
这件事对我也同样重要。我正在林子里准备一个仪式，可我一个人完成不了。,
你拔出钢剑逼上前去，凶悍的目光逼得那瘦子退了一步。,
太好了，谢了！,
要是还需要什么，我会再来的。,
海滩上的那些劫船者搅得村民们不得安生，眼下还盘算着要重操旧业。,
什么麻烦？,
嗯。你父亲肯定来过这儿。,
没有。,
那小东西准是顺着溪水漂来的。风里裹着一股恶臭。,
我们就是来执行这正义的。你对我们做下的事，得用命来还！[i]死[/i]，来抵你的怯懦！,
母亲说你近来老是不在斯凯恩待着。,
斯凯恩卡在通往萨克森的商路上，位置得天独厚，你跟南边的邻居打惯了交道，也学会了他们的话。反正你说得跟这人差不多一样好。,
有什么麻烦？,
你的话像石片在水面上打水漂，一下下都从你兄弟的苦楚上弹开了，可他尽管心里不情愿，还是硬撑出一副勇敢的样子。,
所有的目光都落在你身上，惊得睁大了眼，可格蕾妮却像个战场上发号施令的指挥官那样对你开了口。,
第二天清早你走出帐篷时，他已经不见了。哨兵们说，他在黎明前没多少工夫就走了。,
恕我冒昧，可罗慕路斯称不上什么圣徒，这么宣称只会让你们沦为一个异端教派。,
你怎么说得出这种话？这事你早就知道了？,
找到那失踪的劫船者。,
让我瞧瞧你都有些什么。,
尊贵的大人，您是再欢迎不过的了。,
六个时辰之后。,
男孩一边说话，一边低头盯着自己的脚。,
你在里头扮演这角色，我可一点都不眼红。那位可爱的贵妇向来……情绪敏感。我担心，她可听不得什么坏消息。,
领主的位子，绝不该像传剑传马那样，从父亲手里传给[Player:儿子/女儿]。咱们的族人要延续下去，就[i]必须[/i]保证是由最强大、最有智慧的人来统治我们。,
比约格迪丝的声音里满是疲倦。,
我不知道出了什么事，[Player:名字]。有种东西碎了。,
差不多就是这么回事！,
那还用说。你在这地界名声不赖，我乐意帮你把家什保养得好好的。让我看看坏成什么样了。,
这把剑原是康纳尔·马克·泰格的，你从他手里夺了过来。他没给它起过名字，可这把剑搁在手里就该有个名号，所以如今它叫“生命汲取者”。,
你觉得凯蒂尔这人怎么样？,
你这混账。,
仗打赢了，眼下大部分人都要回家忙收获。别犯愁！我心里有几个从没在阵前缩过脖子的家伙，我这就叫他们开往日德兰半岛。,
哦，又是你们这伙蛮子。,
你还好吗？,
那段祷文我还没学会。先念使徒信经不行吗？过后，你要是肯教我这主祷文，那是我的荣光。,
凯尔特石符,
我祝你吉星高照。现在，你该回去操练了。,
对奈夫娅，你可有什么看法？,
等等。,
要是你碰上康纳尔，还有我的凯尔特拉姆遇上麻烦，求你帮帮他，成吗？求你千万护他周全，成吗？,
珀斯如今在世界地图上便可前往了。,
好运。等村子拿下来，我们自会备好支援你的。,
是么？你又是谁？,
[ScoutCapturer:名字]想插到那旅人和他的兵器之间，脚下却慢了半拍，可还是奋力拔出了[ScoutCapturer:他/她]的小刀，划伤了那旅人。,
我们人人都得多留个神，别把自己弄成了可悲的牺牲品。,
就依你。,
他拿疲倦的眼神盯牢了你，那神情像是在琢磨该不该骂你这般无情，可转念一想，又把话咽了回去。,
不——不对！是一群维京人在跟奥斯雷德的人厮杀！带头的那个女人，打起仗来活像个恶鬼！,
[Query:He/She]耸耸肩，转身离去，脸上带着些许失落。,
说我们偷了那头猪，还多切了个耳缺，让它看起来像我们第七窝的猪崽。,
{说服他们在斯库勒面前说谎。},
冰霜浸透你的意识。厚重的雪幕蒙蔽了你的思绪，冻结了你的心跳。从无尽的寂静里，它递送鲜血的搏动和绝望的余味。,
以诗来说不算差，但我听过比这好得多的。,
这算什么残忍的玩笑？没了那面鹰帜，没人会追随我。罗马军团便会分崩离析！我命你马上把它交出来！,
玛班双手向上猛击你的前臂，迫使你松开了他的领口。他紧接着向后跃去，拔出了刀。,
我痛快极了！我一直在盼着这一天，我终于能自称诺森布里亚的[Player:king/queen]了！,
啊！希望你不会觉得这太唐突——我自作主张，在这给你立了块符文石，聊表敬意。,
这么说，妥协终究是走不通了。,
一丝狡黠的微笑，掠过了牧师的脸庞。,
我们是为和平而来，只带了一条船。你若是将我们拒之门外，或者干出更糟的事来，那后面跟着的船可就不止这一条了。,
这把短斧用来劈柴是把好手，要杀人么，可就差了点意思。,
行，抱歉。,
Dominus Vobiscum，[Player:Hlaford/Hlafdia]。本想盛情款待于您，可您也瞧见了，眼下我们这儿正乱成一团。,
你试着把这凯蒂尔的旧事说给老人听，要他明白帮凯蒂尔一家团聚才是正理，可你口拙舌笨，总也说他不服，他脸上明明白白写着不为所动。,
不管怎么讲，等这摊子烂事一了，你再想招揽人手就容易多了。,
她松了一口气，眉宇间却仍藏着一丝哀愁。,
她笑逐颜开，利落地一扬手，变戏法般捧出了一碗咸香的肉条。,
我没想冒犯你，只是……你不如先回去，等在这片地方真混出些名头了，再来登门吧。,
奈芙娅的妹妹艾芙拉病得很重。再没有新药，她怕是熬不过这个冬天了。,
我出钱，你开个价。,
荣誉这东西没法论斤称两地卖，不过你替我卸了这副担子，总得拿点什么作酬谢。,
他兄弟们那毫无生气的尸身横躺竖卧，遍布你厅堂前的院落。厄林格·索尔吉斯尔松一脉，算是被你连根断了。,
我弄到这个瓮可着实费了不少劲，一百八十，不能再低了。,
那个维京人也在这儿落过脚，趁他那帮人吃我的粮、喝我的酒，我可有的是工夫把他们一个个瞧仔细了。你，压根不在里头。,
以你这个年纪，见识倒不浅。,
我懂了。我跟你们走，绝不反抗。,
我们是盎格鲁人，这片土地是诺森布里亚王国。我是一名修士，上帝卑微的仆人，也是个游方的学者，专研各种文化、语言，以及信仰。,
想来我也没有说不的份，毕竟你们人多势众。,
深入那片沼泽，找出失踪的祸根。,
我们该稍待片刻，让眼睛在黑暗里沉一沉。天晓得这地道里蛰伏着什么凶险。,
谁说不是呢——刀口底下做的决断，事后再说长道短，总是再轻巧不过了。,
击溃村民，将该村洗劫一空。,
返回埃弗维克，去觐见恩巴尔德主教。,
这究竟是谁干的……？我们该循着外面的足迹追下去。,
去探探基利安的口风，看他能不能帮你劝服默丁。,
她绽开甜笑，探手拈去脸庞前一缕金色的发丝。也不知怎的，这个动作临了她那柔若无骨的手竟顺势落下来，轻轻搁在了你胸口。,
奈芙娅退开一步，让你近前察看那已被她降服的敌手。,
乐意之至。咱们讲好的价钱是五十银奥图格，没错吧？,
你丈夫怎的从不曾跟我父亲一道出海？,
你这是打算上哪儿去？,
厮杀声止息了，天地间重又只剩下海浪拍岸，一下接着一下，沉稳如常。,
我姐姐穿这裙子的模样你定是见过的，那还不都一样。,
赫约迪丝没有立即作答。她沉沉地接住你的目光，过了许久，方才低下了自己的头。,
你朝厄林格走近几步，仿佛要说些机密话。眼瞅着你逼上前来，老人下意识地往后缩，怕是觉出了你不怀好意。,
散了这宴席，歇息去吧，明日还有场生死决斗。,
那好，我的身家性命，便托付给[Player:Name]你了，奥克尼的雅尔。,
我早该料到。,
有落在荆棘丛里的，荆棘便疯长起来，将它们的生机生生挤死了。,
你寻着玛尼了么？,
那这小村子一定就在路前头。走，看看那地方给我们备了什么。,
我不会跟外族的人上床。,
考斯坦丁·马克·弗格斯，这位如今争议稍息的皮克特之王，正如同一只旁观战场的乌鸦，用满是好奇的目光打量着你。,
多谢你费心了。,
哦！我们在珀斯救的那个工匠！我竟把这事忘了个干净。,
多谢！只是……请容我们片刻。,
奈芙娅捻着外衣的下摆，一脸沮丧。,
{一剑刺穿他的手掌。} 答错了。,
还以为咱们一转背他就会溜。怪了，他竟还在。八成是没那胆量跑路。,
不，你且听我说——,
哪来的什么战斗！“蠢货”奥斯雷德把整座城丢了个空，全军到英吉尔森林来打我们。他的人马随即溃散，我们便长驱直入，进城扯了他的旗！,
[Player:Name]啊。我刚正跟妈妈和艾芙拉叙旧呢。你有事？,
先人的智慧，理当共享。我若先走一步，你可愿拿故事来换？,
那是……暮色。就像夏日里那永不消逝的昏昏暮光。,
你可认识一个叫西奥多的年轻人？,
没什么比得上一场激烈的争吵，更能唤醒沉睡的旧情了。,
[Player:诺尔斯人]。你有何贵干？,
那商人扭绞着双手，做出一副忧心忡忡的模样。,
那个么……我们说的是哪种船？,
你为故主效忠如此，我极是敬佩。盼你日后也能以这般赤诚事我。平身吧。,
格蕾妮举手作别，随即转身，将注意力重又投回被打断的会商中。,
出这种事时，你不在这儿拦着。你抛下了你的族人，就跟你爹当年一个样。,
不设陷阱。要打，便堂堂正正地打，否则作罢。,
这里有利伯来的战士，若让他们听闻此事，定会取你性命。我的缄默，于你价值几何？,
这珠宝没受诅咒。这是诺尔斯人的东西，我自会留着。,
他头也不抬地做着木工，随口招呼了你一声。,
我绝不敢留你一人对着那桶麦芽酒。,
阿门。,
若无诸位鼎力相助，这一切绝无可能。诸位皆做出了莫大的牺牲，甘冒奇险来助我。论功行赏，诸位将得赐田产、显爵与丰厚的财富。,
莫尔坎特抬起头，吃了一惊。,
弗伦格已加入你的家园。,
你就没什么回收物要卖吗？,
{离开。} 我且与你道声再见。,
这种石头我之前见过——我师父曾说，这是数世纪前德鲁伊们立下的。,
埃迪斯索性抱起双臂，站到了壁炉的另一边，眉间微蹙。,
比追踪我父亲打紧的事多着呢。,
亏你眼力不错！能跟我匹敌的人可不多见。,
你是觉得我老到连你的无礼都听不出来么？,
最后，她在地图上东边那座大岛的南侧，在路的尽头处，画了一个又肥又大的圈。,
强盗抢走了我的钥匙，却不知它有何用。,
紧接着塞法扑到他身上，想把我拉开，他却一把抓起她，狠狠搡了回去——下手极重。那之后的事我便看不大清了。我眼里满是血、鼻涕和泪，糊成了一片。,
你不配。,
我只求你能平平安安回珀斯去。,
好极了。接着干吧。,
我瞧见他大概是午夜走的，我只当他是想要独处祷告。如今想来，他当时[i]确实[/i]带了一堆东西。,
正巧听见你讨要酬劳遇到了难处。或许我能帮上忙？,
这主意当真疯得没边，倒恰恰可能成事。,
我们歇够了，接着走吧。,
我还当你乐意领受这等差事呢。,
这都是为基利安他自己好！那异教术士已腐蚀了他的灵魂！他须得得到净化！,
了结我的痛苦吧……[i]求你[/i]了……,
那位乡绅已被丢进埃奥福维克城下、被奥斯雷德用作地牢的旧罗马隧道中。是时候展开营救了。,
这是我的。我姐姐临死前给我的。这是她留给我唯一的念想，也是我爹娘仅存的遗物了。,
我想在离开前，先四下转转。,
他阴恻恻地低笑一声。,
好吧，若是将来你又改了主意，想要些什么，定要回来。,
你可辨得出这些足迹是往哪个方向去的？,
勒什克娃从包里掏出水袋，几乎是强灌着让唐科尔斯喝下。她以两指撑开他的眼皮，查看着他的瞳孔。,
答案我有很多，但你刚才用的是什么头衔来称呼我？[i]吉斯-雅？[/i],
我会让我的人从你的船上取走我们的报酬，然后奥克尼就是你的了！来吧，我们出去，把这事儿告诉大家。,
也许我该走了。,
阿伯莱姆诺教堂，十万欢迎。通常我们乐于接待客人，只是……今天实在不凑巧。,
拿着，这瓶子，按约定归你了。你要是感觉昏沉，喝了它立马就能清醒。只是千万别过量！,
我们向你们致敬，与尼尔·麦克·布雷南的女儿同行的维京人，尽管你们的族人正在四处劫掠。,
你曾是个薄弱环节。你的地盘夹在耶灵和南方边境之间，又正好卡在那条河上。若斯克恩由我掌管，我们所有人都更安全。,
妈的，快看！是维京人！,
我们不能就这么把他们丢在那儿——我们该怎么办？,
出什么事了？,
你爱怎么说都行。别告诉我你是来帮忙的。,
啊，疼吗？好极了！,
谢谢你。也祝你一路顺风。,
在邓弗里斯附近一个溺死鬼身上找到的小钥匙。,
那是个绝美之地，峡湾如刀劈斧凿般深深嵌入大地。在那儿，你无时无刻不被提醒着自己的渺小。,
真的？太棒了！谢谢你……谢谢你！,
[Eater:Name]看起来松了口气。[Eater:He/She]伸手探向长凳那头，一把握住了努基的前臂。努基也反手握住，两人相视而笑，郑重地点了点头。然后他俩都向后一靠，各自打了个响亮的大嗝。,
闭嘴，让他把话说完。,
不。是真正的、活生生的人。,
我早就准备好了。,
我们在外面……碰见了你们的朋友。我们这就把你们弄出去。只是你们得小心守卫。,
你想就这么死在遥远的异乡，毫无意义地送命吗？！我可不能再失去你了，不能这么快，就在——,
这是我所能给你的最大帮助了。要是打得顺手，这东西就归你了。,
这里的情况正在好转。我尽着自己的本分。要是我能学着成为大家期望的那种人，对谁都好。,
不……这绝不会是我们最后一次听到斯库勒的消息。,
你和艾菲处得怎么样？,
你一头扎进池中。黑暗转瞬便吞没了你全部的视野。,
从他举手投足间看得出他已年迈，可身子骨似乎还硬朗。令所有人吃惊的是，他竟用一口毫无口音的北欧语对你开了腔。,
让我瞧瞧你的货。,
现在投降，就饶你们所有人一命。,
是啊。我们该回家了。,
送粮的迟了。该不会被狼给叼走了吧？,
主出口从另一头被堵死了，而且有重兵把守。,
你的大名早已在此地传开，我听到的可[i]全是[/i]好话！诺森布里亚的朋友就是我朋友，我向你保证，我的价钱绝对对得起这份交情！,
年轻的女巫耸了耸肩。,
以达格达之名……,
你沿着竖井缓缓而下，越往下越窄，只能拼命挤过去。快到尽头时，你背上的衣衫和铠甲在岩石上刮得嘎吱作响，你不得不硬生生地挤出去，才得以脱身。,
看得出来，你对那位老德鲁伊心怀应有的敬意，而事实上，我们确实因共同的信仰而灵犀相通。,
凯蒂尔的衣服虽已磨损得厉害，却保养得一尘不染。结实的绗缝布料，宜于户外活动，遮挡风雨是一把好手，但也仅此而已。,
扎下营帐，好好思量你眼下的处境。,
再挨那么一下，我就成虫子窝里的烂肉了！,
他警觉地打量着你，目光扫过他全身上下的细节，嘴角叼着根稻草，心神不宁地嚼着。,
房子几乎烧成了白地。我那可怜的妹妹，被奸污，又被开了膛。她的丈夫被大卸八块，就像——,
然后呢？,
没了这个，你要怎么过活？,
原来你在这儿！,
奥斯克瘦削的脸上，浮起一丝贪婪的微笑。,
在单挑中击败阿斯莱芙。,
我得罩着我的朋友们。,
多谢诸位赏光驾临。各位能来，我们深感荣幸。,
国王陛下没工夫再见你们了，北方人。我们已接到命令，若你们再想求见，就直接轰走。,
你找到他们没有？他们死了吗？,
你也是来买木材的？,
别当着这些人的面违抗我！,
地底之民是什么人？,
登上你的长船，启航前往不列颠群岛。,
她奋力回忆着梦魇的细枝末节。,
费了九牛二虎之力。,
我倒是[i]老[/i]琢磨着再搞一次劫掠，不过认真的打算嘛，还没有。,
就因为这个？你知道，有什么事你都可以跟我说的，对吧？,
你这个……叛徒！卑鄙无耻的……异教徒……,
他们怎么会落得这般田地？,
我喜欢，这就是原因。你又能奈我何？,
他打得很顽强，这我不得不服。,
[Sherlock:Name]拔出了[Sherlock:his/her]武器。,
[ObjectOfAffection:Name]用一种无比恳切的目光，牢牢凝视着你。,
{给予120份口粮。} 我们从[Shipname]上带来了食物。这些足以让你饱食好一阵子，等其余军队抵达时，也能供他们果腹。,
他用那早已结满硬痂的袖子擦了擦鼻子。,
这张桌子旁的人，谁不是感同身受！所幸这笔买卖，大家都有好处。,
我就犯了个蠢错误——掉了什么东西，科尔比约恩便勃然大怒。我看他是真怕你父亲，却把气撒在了我身上。他就是一个劲地打，往死里打我。,
难道胡尔达就一点办法也没有吗？,
他们中的有些人……也没那么坏。只要他们愿意放下过去，好好谈谈……,
{举起你的双手，致以和平的问候。},
那帮劫掠者慌忙收拾好家当，卷包逃走了。,
你这[i]卑劣的畜生！[/i]把它还回去！我们绝不会再卖给你任何东西！,
说着，他点了点头。,
嘘——！有雇佣兵……,
你这铁石心肠的杂种。,
你该明白，我在里面可没下死手。那些抵抗的人不过是被打晕了，所有人都还活着。,
瞧这棵白蜡树，树干多挺拔。这般坚固又厚重的木料，定能造出一艘气派的船，还能腾出足够的地方来装货。,
我去随便弄点。等妥当了，我再来找你。,
太可怕了！那后来呢？,
贡纳尔的铠甲,
{说谎。} 哪有什么宝藏，那根本是座空坟。,
你连忙升起风帆，抽出船桨。调转你们轻快的舰船简直不费吹灰之力。眨眼功夫，你便把[Overboard:Name]拽回了甲板上。,
唉……话虽如此，我理当将它物归原主，毕竟这怎么说也算是件传家之物，可我当初确实为此花了大把银子，总得把我的钱讨回来。,
陛下——待您定夺的事务，已是堆积如山了。,
[Player:Hlaford/Hlafdia]？这是我们语言中表示敬意的尊称。它的意思是……,
罢了，反正也与我无关了。Far vel。,
来，让我瞧瞧。,
你……你是什么人？,
嘿，你，给我过来。,
不错，早有耳闻斯克恩突然一夜崛起，赫然成了能与里伯分庭抗礼的贸易重镇。这究竟是怎么做到的？,
她……都跟你说了些什么？,
内菲娅正搀着阿斯特丽德的臂膀，仿佛你母亲随时都会倒下一般。,
或许这也只是迟早的事。但说真的，我没料到他们会走到这一步，可是……,
我懂了。那……得闲时，你知道上哪儿去寻我。,
恕我直言，只要你还踏在这片疆土上，我们就不得不时时留意你的举动了。,
世事无常，谁能说得准呢。,
我既答应给你折扣，就绝不食言。如今这事儿也了了，我甚至可以考虑开始卖奴仆给你们氏族。有兴趣吗？,
那男人抱起双臂。,
是死亡让我变得多愁善感了。,
现在如何是好？听外头这动静，恶战恐怕才刚开场。,
你昏了头吗？！我父亲身陷囹圄，我绝不嫁人！你若要我去珀斯，最好先去把我们的国王救出来！,
[Aside:Name]用你的母语咕哝着，语气里满是鄙夷。,
你稍加思忖，便拖过一大块涂满蜂蜜和榛子的烟熏鲑鱼，拨到自己盘中。待你望向努基，他也正迎着你的目光，伸手去拿第三份时，眼里交织着挑衅与绝望。,
只管告诉他我们安然无恙，无需挂念。,
我奉埃塞尔雷德之命而来，为的正是叫这联盟胎死腹中。向你的神求和去吧！,
凯蒂尔扔掉手里的苹果，顺手在衬衣上蹭了蹭手。,
他们休想活着离开此地。,
这是我们称呼那些通晓神明古训的女子的尊号。莫非你不是这样的女子吗？,
{放弃任务。} 我会去告诉考斯坦丁，他的德鲁伊已经死了。,
我警告过你一次了，[i]小贼！[/i] 你比你那敲骨吸髓的爹还要卑鄙无耻！,
霎时间，那人身上所有盛气凌人的神气全都消散得无影无踪。他双膝一软，跪倒在地，将那死狼紧紧搂在怀里。,
就在你快要吃饱的时候，她凑上前来，拿那双饶有兴味的眸子定定注视着你。你的胸口分明感到一阵悸动——她的美，果真绝世无双。,
若你在决斗中活下来，[i]你[/i]便可效力于[i]我[/i]麾下。但若你不敢接受我的挑战，你的名誉便扫地了，我则会成为领主。,
那主妇咕哝了一声。,
迟不迟到的，不付钱的话，风声就会传出去，往后没人会愿意跟一个欠债不还的人打交道。,
求你了！发发慈悲吧！别再折磨我们了！,
站住！这里不大对劲。,
说得是，这到底怎么回事？,
好了，到底发生了什么？你准有事瞒着我。,
您真是太慷慨了。我们接受！,
我会让我的话掷地有声的，领主。,
我们之中，只有我能射得那么准，能办成这事。我或许能独自射倒一个敌人，但这不够。,
为什么？嗯，她穿了件黄红相间的绗缝外套……,
嗯……这想法有趣。倒让我想起了你叔叔格里穆尔夫曾跟我讲过的一件事。,
你觉得罗斯克瓦这人怎么样？,
你是何人？,
内菲娅深深叹了口气，可你分明看见她嘴角抽动了一下。,
我们即刻动身。,
你搜遍这片区域，也没找到半点值钱或可用的东西。你心灰意冷，继续赶路。,
皮克特人的吆喝声攫住了所有人的注意力，众人纷纷望向崖壁。,
我乃埃奥福维克的冠军。这名号挣来不易，我引以为傲。,
力战不屈，虽败犹荣。,
你打哪儿来？听口音，像个朱特人？,
你们就住这儿？,
国王身旁的那位修士抬了下手，那手势随意得有些古怪。,
日子不好熬啊。,
我甘愿效劳。,
那……很抱歉，让你失望了。你还有什么别的吩咐吗？,
没有。所以我才担心。,
我为何不能进入这小教堂？,
等你搜刮走那点可怜的物什后，[埋葬:名字]开了口。,
这趟差事纯属浪费我的时间。希望你能有更配得上我们本事的任务交给我们。,
你很快寻到了艾菲。她身上的曲线碎裂，四肢以诡异的角度折断。死后，她看上去就像个孩子。,
我们是丹麦人，是朱特人，或就只是诺尔斯人，但我们这些出海闯荡的人，被唤作维京人。,
听好了，你这不知死活的蠢货！你要为我效力，我就权且忘了你的冒犯！,
我回头再与你细说。,
这可帮了大忙了。,
这话似乎勾起了那老头的兴趣。,
[i]嘿！[/i]我这辈子怕是没法再用老眼光看待炖菜了。,
港口长官紧张兮兮地觑着你。,
正是那种本该能让这过渡期好过些的人。,
还在找呢。这片林子大得很。,
那么至少，我希望经我这么一讲，你心里琢磨出了些新东西。还有什么旁的事需要我效劳吗？,
等我确认一切恢复如初，我就会去禀报主教大人此间发生的事。感谢你的援手，[玩家:诺尔斯人]。你今日为上帝效力，做得很好。,
你将成为战俘。一旦你重获自由，就回家与你的家人团聚吧。,
有谁想试试把手指头戳那玩意儿里头去吗？有人吗？,
我们必须火速赶回奥克尼群岛，告知斯卡拉格里姆，时机已至。,
国王向你微微欠身，以示敬意。,
嗯，我要是你，就离那座旧要塞远点儿。那儿盘踞着些亡命徒。,
那杆长矛，是仅存的遗骸了。而且是杆好矛啊。,
这算什么？莫非那些老弱病残都孬得没法列阵迎敌了吗？,
我们当初真是不该帮她，如今倒要对付起那个悍妇来了。,
别担心，[玩家:名字]，这分明是个误会，我相信很快就能水落石出的。,
知道吗？我打定主意了，要跟你一块儿留下。,
你莫非是……？不，显然不是。我要是你，就不会进那地方，那里面的人脑子都有毛病。,
看法？自然有。你想说谁？,
一个身着麦西亚王国服色的男人立于沙滩上。他毕恭毕敬地鞠躬致意。,
咳，现在可是打断我的绝佳时机，偏巧我正困在这节骨眼上，一筹莫展。,
说实在的，几天前也有一伙人打这儿经过，同样打听那座墓穴的事。也不知道他们到底有没有摸进去。,
看不见！出什么事了？,
你将撒克逊刀捅入他心脏时，米尔丁仅仅短促地倒抽了一口冷气。他颓然倒在那长满青苔的岩石上，断气前，还把手搭在了你的肩头。,
接着说。,
我去问旁人吧。,
依我看，这就不剩什么外交斡旋的余地了。,
我们部族的人眼下倒还饿不着肚子，但再有个风吹草动，我们就要落得个饥肠辘辘、一文不名的田地。,
悄无声息地从通德怀恩的帐篷里偷出信来，再不留痕迹地离开。,
{攻击他们。}我信我的直觉，而我的直觉告诉我，你们得死！,
我已准备好踏平皮克塔维亚。说，要我血洗何处？,
谋杀。偷窃。你难道全无廉耻？！你难道半点羞愧之心都没有？！,
我的亲兄弟，竟与我们氏族的死敌并肩而立。你怎能做出这种事？,
我有个提议。我要你加入我的扈从队。,
那件事我毫不知情。,
罗斯克瓦死死盯着你的鞋看。,
你要让谁来示范？,
可不就是嘛！来，试试这些……,
他的笑容依旧真挚。,
斯库勒用脚一蹬，将自己从桌边推开，椅子在木地板上刮出刺耳的声响。他脸上浮现出真挚的同情。,
马尔斯胸针,
请稍候片刻！,
为什么？,
我觉得那恐怕是一蓬胡子。,
{攻击他们。} 那都无所谓了。你转眼就会去陪他。,
那头猪是玛尔多尔的。归还你偷走的东西，就此和解。,
我们到你牢房之前，经过一面开裂的墙——风就是从那道缝灌进来的。,
{试图悄悄摸近，无声无息地杀死他们。},
我想你会发现，自己照顾自己，我绰绰有余。,
格里姆尼尔踏上那道横跨裂谷的石桥，威风凛凛地向你阔步而来。,
这我不能收。斯库勒若是来犯，你或许用得上它。,
无人上前。起初你为自家扈从这般露骨的怯懦而震惊，随即才醒悟——没人对自己泅水的功夫抱有那么大的信心。,
看来无论你说什么，都无法抹去她脸上那抹笑意。,
她脸上没有一丝宽慰或喜悦的痕迹，整个人如同着了魔一般，死死盯着自己的双脚一动不动。,
所有人沉默地凝视着火焰。压在各人心头的事再清楚不过：或许已是无路可走了。,
{离开。},
{接着听。},
有没有可能，像设陷阱捕熊那样，用陷阱去捕获一个人？,
如何才能当上一名军团士兵？,
你有空的时候，能和你哥哥谈谈吗？,
我们与你同在。不胜利，毋宁死！,
盛宴开始前，你应当去逐一问候每位塞恩——但要仔细听他们说什么。,
我相信你跟我一样清楚，若想在此地的冒险继续下去，你非得有一个更强大的王国做靠山不可。你无法凭一己之力侵略一国。,
对阿斯莱夫，你怎么看？,
那地方阴森幽暗，葬着一位古代君王，而地底之民正满怀戒心地守护着他的宝藏。,
考斯坦丁还剩一口气。他翻身仰面躺着，那双充血的眼睛竭力想在你身上聚焦。,
他让我们暂且留下——等着——还提起了什么智者。他们正去领一个能帮上忙的人过来。,
你怎么看？,
这一仗不公平！,
我发誓！那东西当真不在我手上了。,
米德加德的人民渴求宏大奇观。你们拼命想逃离的，不过是日常生活中的庸常恐惧，可你们偏偏无法在太平与富足中寻到半分快乐。,
句句属实！是斯库勒·碎颅者唆使我干的。我俩在奥克尼群岛碰的面，他口口声声说你们村子值得下手——比那些彩绘蛮子富裕，还远没那么凶悍。他不是在撒谎，就是瞎了眼——哈！,
那个下毒的女人？我以为我对她的看法，已经表达得够清楚了。,
别像个娘们似的！他挑衅的是你的荣誉！跟他面对面、了结这场决斗，是你的[i]本分[/i]。,
乞求你的宽恕。从今往后，我必努力以你的眼光看待万事，处处以你为榜样。,
找到那座林中营地，决定如何处置那些旅人。,
他翻了翻白眼，那副居高临下的神气，活脱脱是个不明白自己压根儿没资格居高临下的年轻人。,
不错，我也在琢磨这事。你心里有什么具体的打算吗？,
解决掉高原上的岗哨。,
那人收刀入鞘，缓缓靠近，伸出一只手来从你这里接过包裹。,
来吧。不着急。仔细着，一滴也别洒出来。,
这个[Player:男人/女人]是个冒牌货！这帮人全是异教的闯入者，不配替我们国王代言！,
在埃塞尔雷德营地擒获的那个间谍曾供称，她丈夫被奥斯雷德的手下囚禁，作为挟持她的人质。眼前这个男人似乎正合她的描述。,
瘦高男人放下杯子，就着袖子抹了抹嘴。他咳了一声，那副龇牙咧嘴的德性便又挂回脸上。,
阿斯莱夫清了清喉咙，老大不情愿地背诵起氏族传下来的那套单挑规矩。,
那么看来，你我已陷入死局。我这就告退，将不再叨扰，陛下。,
够了！打爆他，内夫娅——你能做到的。,
要我绕开这个问题，得花多大代价？,
一个尖细的声音从昏暗中冒了出来。,
你最好把这事放下。真正的硬仗还在后头呢。,
正是在下。我在南边的低地过活、打猎，这里你看到的每一样东西，都是我亲手做的。,
你赢了，[Player:父亲]的[Player:儿子/女儿]。来吧，给我个痛快。,
{射那个大块头。} 干掉他，[Archer:Name]。,
我对考斯坦丁那点亏欠，还犯不着受这种窝囊气。你想割开自己的血管，请便。,
你手里那堆东西值十奥图格银子，想要的话，找我儿子说去。,
她凑上前来，压低了声音，一副要密谋什么的模样。,
我们从来没到过那么远的南方。或许将来我会折回那些岛屿，再往深处探一探。,
多数时候如此。反正从头到尾我们都在跟他打交道，所以，咱们的报酬八成也攥在他手里。,
我们这儿待得最久的，已经熬了五十年了。我才不过服侍了两年。,
那就让尼德霍格把你叼了去吧！,
不许那么说！你不会死的！,
我也许能想出办法，让天平朝我这边倾斜。,
那就去把那个该死的间谍揪出来，假装是奥斯雷德派你来买他的消息。等他上钩，就杀了他。,
{放弃任务。} 你们这帮小鬼自己玩你们的聚会吧。等到你们灰溜溜地爬回凯特跟前时，告诉他，我尽力了。,
你父亲带着他的亲随卫队扬帆西去了——我当时心想，他这算是完了。,
[Scout:Name]死死扳住你的肩膀。,
我们会把唐库尔斯救出来的。你在这儿安全吗？,
老人像一尊石像那样僵住了。,
你在帮那些奴隶？,
我也“恨”高兴认识你，[Player:Name]！,
这位涅菲雅，论刀剑可是有点造诣的。我巴不得就杵在这儿，看她怎么在你身上施展。你要想免了这场好戏，乖乖把一半的钱交出来就行。,
“我这种人”——你指的是口袋里塞满钱的那种人？,
涅菲雅伸出一只手，搭在了女猎手的肩头。,
想给战船找水手，该上哪儿去？,
没过多大一会儿，[Helper:Name]折回来了。,
什么——？可……！,
你觉得勒斯克瓦这人怎么样？,
考斯坦丁捻了个响指，一名侍从便款款挽起芬古拉的手臂，将她领到大厅的一角。不消片刻，她的新郎官现身门边，走向了她。,
你再次踏进大厅时，空气中的弦绷得紧紧的。,
噢！——唔——你又回来了！来找补给的？,
还在想法子。,
埃奥福维克城里有人在扒窃过往旅人的东西。这里头或许藏着个机会，就看你想不想插一脚。,
我看见了八个维京人，外加一打皮克特人。皮克特人武装稀烂，可那几个维京人，是冲着打仗全副披挂的。,
[Player:Name]——我凭耶阿特人、丹麦人与朱特人的国王西古尔德·赫林格及其麾下白衣拉格希尔雅尔所授的权柄，就此承认你身为奥克尼群岛雅尔的权威。,
我不会跟你动手，阿斯莱夫。我需要你站在我身边。,
我没法放你走。我们需要你的学识。,
埃西尔特近来总像是心绪不宁。,
离那东西远点儿！看在你这身荣誉的分上，我就当我什么都没瞅见，塞恩。,
要是我进不去礼拜堂，可否请你们的首领出来见我一面？,
这笔账咱们不亏——反正我们本来就打算去珀斯，对吧？,
回家去吧，姑娘。这种男人，从来都不值当。,
我跟她不熟。我倒觉得她在躲着我。但有一样，她的身手，确实一再叫我叹服。,
把基利安带到立石那边的密尔丁那儿去。,
破晓将近，你发觉另一艘船正不疾不徐地咬上你们。它在海天一线间还只是个小黑剪影，而你们前方的海面上，成片的雾堤像毯子一样拥着平寂的水面。,
{揪住他，狠狠掼在地上。},
{给4份口粮。} 你走的路不轻松，拿着这个，能顶点用。,
你竟敢……？你就看不明白……咱们的仪式全靠蒙受赐福的瑞亚·西尔维亚的乳汁！,
她转过身去，简直是一路小跑着投回丈夫的怀中，那汉子自始至终只带着浑浑噩噩的惊骇望着她。他将手臂圈住她的肩，带她走出斯克恩之前，朝你投来了哀戚的一瞥。,
那好吧，祝你好运。往后若还缺什么，我没准会再来。,
我们在家乡的战事中寻求盟友。我们相信，以我们的效劳，足以为贵方朝廷奉上可观的回报。,
别往嘴上亲！,
{一语不发，从他身旁走过。},
他丝毫没有掩藏那副失落至极的模样。,
我要去睡了。愿索尔赐你力量。,
她身穿一件简陋的兽皮甲，抵御刀剑时聊胜于无，但挡风遮雨倒是绰绰有余。脖子上挂着好几枚各不相同的十字架，头发只靠一根布条束住。,
我在沿海镇子上有些朋友，他们从我手里接过船再去转卖——你先别急着问，他们把船弄上板车——呃，就是用马车拉走的，明白了吧？,
她愣了愣，才把心思从战事转到买卖上来。,
嗯，只要让他们忙着，就没工夫惹事了。,
当你从后方逼近，两边人马都往后退，可诺森布里亚人这下却被你和你的盟友们夹在了中间。,
喏，拿着。,
我可不是由你玩弄的。,
就这么白白浪费，实在可惜了……,
这就能说服我？没门，我不付钱！他们没按时交工。,
埃尔林格已向我宣誓效忠。恩怨到此为止。,
他空睁着一双眼睛望着你，几乎没意识到你就在跟前。,
洞中的空气出奇地温暖干燥，可无论是什么超自然的气流在此流转施恩，也未能驱散笼罩这片地方的沉闷压抑。,
女祭司花哨地行了个鞠躬礼。,
沃尔瑟夫，税吏，缺席法庭审判。最后出现在斯卡伯勒。赏格：活口一千一百财物，尸首六百。,
也是赶路的，嗯？我们要去里伯，但好像走岔了，啊……,
这就是与我为敌的下场。在场的人都给我好好记住。,
很快，昨夜的一切便了无痕迹，仿佛从未发生过。,
开动吧！大伙儿敞开吃！,
请你——别把这次败仗太放在心上。战场上，谁也不是我和我手下这帮勇士的对手。,
诺森布里亚之王,
谁下去潜进那水潭？,
你能感到她的目光狠狠剜着你的太阳穴——接着她猛地跳起来，气冲冲地走了，去找别人帮忙了。,
{放了他们。}既然他们这么想要自由，那就给他们。,
努基瞥了[Eater:Name]一眼，又望着那空盘子，脸上浮现出沮丧的神情。,
这事儿你怎么看？,
他一把从你手里夺过那罐萤火虫，对自己的粗鲁全然不觉。,
那会儿是大半夜，我们都在床上。哪有工夫拿武器，我们是赤手空拳跟他们拼的！等我们以为总算完了，却看见了他们的首领……,
不想掺和进来？那也许才是最明智的选择。,
这么说，你就是个捕鼠的，对吧？专门来清理那些害虫的……,
斯凯恩的百姓奋起反击，打退了那伙劫掠者，活捉了他们的头领。剩下的北方人乘着他们的船逃走了。,
我认得你。斯凯恩的领主，没错吧？在你父亲的葬礼上，见过你教训几个装备破烂的农家崽子。,
这番好意我心领了，可这些年鼠辈帮一直为非作歹——偷商人的货，深更半夜在街上撒野。,
这块古老的石碑揭示了通往一位传说中的王者安息之所的部分详尽指引。,
那可糟了！你不该拜魔鬼，他是恶的！你是坐船来的吗？,
打得漂亮！不会再让你有这种机会了！,
我之所以如此推断，只因你以同样的残忍对待过我的众多兄弟姐妹。,
不要低估艾菲。她与格蕾妮之间的关系，远非下属效命于指挥官那么简单——她曾是格蕾妮的亲传弟子，而格蕾妮的名号，在整个皮克特兰都备受敬畏。,
我没想到，道别竟会如此轻易。,
采用云杉木。{高速 / 低威慑力 / 低载货量},
你的同伴们看看你，又望向那些奴仆。一息之间，屋里无人动弹。下一刻，兵刃已执于手中。,
……对不住。,
哦，感谢主，帮助您的仆人了却了这桩心愿！多谢您，[i]真是万分[/i]感谢您的大恩大德。告诉我发生了什么。,
远征所需的一切，你已准备就绪。一旦下定决心，就再无回头之路。,
德鲁伊死了。我们带来了他的尸首作为凭证。,
是啊……,
看来正是如此。,
你家里人近来如何？{注：原文“How's your family doing?”为询问家人近况的常见问候语，此处直译以保持语境},
{杀了他。},
你们这些不忠的狗东西在干什么？！给我滚回来！,
嚯，你看上去一团糟。,
眼下这情形嘛……奥斯雷德、埃塞尔雷德那帮人我不清楚，但要是寻常情况，我们大概完全不介意让他们各行其是。,
很好。我们放你的[i]一个[/i]同伴走。,
听着，我是说，你和[Player:Name]该打一场，我就坐到那边那棵树下看着，顺带把昨晚剩下的蜜酒喝完。,
索尔大步上前，一把攥住船头，将那海马连同舱底的积水、船桨和戽斗一并发力，悉数扛起；他竟把那巨人的鲸鱼与小船一道扛在肩上，径直穿过树林山脊。,
{轻轻推开他。}对不起，我无法回应你的心意。,
够了！拿剑自卫吧！,
这种事我实在忍不了。怎么就有人能干出这样的事来？,
我们军队的集结情况如何？,
离开长屋前，别忘了把武器装备上。打开物品栏，把剑和盾拖进你的装备栏。,
她微微侧身，目光越过你，慢悠悠地从你身后的侍卫们身上一一滑过。,
大概吧。,
我这会儿正教小梅金比约恩给他爹做根新桨呢，那老家伙用旧桨生生砸断了一个掠袭者的脊背。哈！,
啊，荣幸之至。不知大人想商议何事？,
你费了些功夫才找到利奥弗里克倒下的地方。令人意外的是，这位埃奥福维克冠军居然一息尚存。,
他不动声色地接过毒药，将其掖进衬衣底下藏好。,
莫尔坎特的长袍,
他面露迟疑，仿佛答案实在太过浅白。,
无论是斯克耶恩、那条河还是峡湾，我的防线都固若金汤。我乃奥克尼群岛的雅尔，亦是诺森布里亚与皮克塔维亚的[Player:国王/女王]。,
哼，那根绳子看起来[i]可真够[/i]可疑的。,
内菲亚拔剑出鞘，步入圈中，与阿斯莱夫相对而立。西格丽德朝她的对手打了个手势。,
你已经帮了我一个大忙。科纳尔及其氏族，至今仍是我统治最大的一根心头刺。,
西格丽德不自在地挪了挪重心。,
我可不信这套。我见过你们这帮人乘的船，高大狰狞的战舰，船舷挂满盾牌，船头刻着兽形怪物。,
哦？一笔交易。我答应了。,
不过，在里伯待的这一辈子，我已经受够了。,
她无力地抬起双手，一摊。,
你这毫无人性的疯子。,
跟随艾菲，去见那个可能知晓科纳尔下落的年轻女子。,
我不会原谅你的，[Player:Name]。你背叛了我们。,
先看你能否从战场上活下来[i]再说[/i]。[i]然后[/i]我们再看功劳归谁。,
可你难道就不想知道缘由？或者经过？唯一清楚那边发生了什么的人，只有格里穆尔夫，而他至今守口如瓶。,
最终，你力辩流放乃唯一可行之道，雄辩滔滔，连厄尔林格自己的女儿都转而恳求他接受你的裁决。,
彩绘者究竟是些什么人？,
他自然不会心甘情愿地交出那东西，不过你已证明自己身手了得。去跟塔拉谈谈，她会告诉你上哪儿去找他。,
阁下对我们这座教堂的兴趣，我固然感激，但为了所有人的安全，我必须请你离开。,
你的扈从们花了几个钟头在附近搜查踪迹，却连猎物的丝毫痕迹都未曾发现。,
{查看。},
兄弟，愿上帝佑你疾行——,
你把这里打理得真出色，[Player:Name]。就连格里姆瓦尔德那老骨头，都不再对你的统领指指点点了。,
再会了。,
倘若你肯让你的战士效忠于我，我保证你的城镇可保独立。,
替那个幸存者寻个去处。,
他们不动声色地交换了一记眼神，但那点细微动作，并未能逃过你的眼睛。,
好了……告别这事，越是拖延便越是难开口。愿诸神之风鼓满你的船帆，我的[Player:孩子]。,
你怎会认为我们会被处死？,
你若能在此长住，多半还能再见到他。他每年夏天都会从西福尔扬帆前往奥克尼群岛，一路沿着海岸劫掠。,
内菲亚将一只手搭上你的肩头。,
也不知怎的，斯卡拉格里姆竟在一片混乱中寻到了你。,
{握住他的手。},
他们有宝藏吗？嗯？那高墙后面可藏着大笔财富？,
我眼下无法离开，尚有一事未了。必须有人，为那孩子的性命付出代价。,
你叔叔格里穆尔夫的那柄双手斧，已然卖给了奥克尼群岛的智者斯泰因——这仿佛是一个标志，意味着格里穆尔夫的浪游岁月就此终结。,
你搜寻良久，却几乎找不到任何能揭示这些战士身份的线索。不过，你倒认为自己或许能从他们身上回收部分兵甲——免得任由风雨侵蚀，白白糟蹋了上好的钢铁和结实的皮革。,
救救我！[i]来人啊！[/i],
{饶他一命。} 希望你好好享受了宝座上的那点滋味。如今它是我的了。,
你看见赫罗德盖尔达了吗？,
拿下这头雄鹿，咱们回去。我俩都得好好睡一觉。,
回你的长屋去，告诉你母亲你都发现了什么。,
他的一名手下端来一碗鱼和根茎蔬菜熬的汤，外加几块还算新鲜的面包。你们两边的扈从都在别的屋里吃饭，所以你和斯泰因得以独享宽敞的空间。,
斯凯恩正在造一艘新的长船。[Player:Name] [Player:Lastname]已经雇了一队船员。[Player:He/She]打算向西航行。,
哎哟哟！这不是我的老朋友，斯凯恩领主嘛。,
现在怎么办？我们从这里再往哪儿去？,
你！你是怎么——？！,
我们干脆联手，一起把那座塔拿下来？,
卫兵队长仔细打量着你的衣着和你的扈从。你周围，好几处交谈声都渐渐平息下来。,
当我什么都没说。,
你把最不起眼的小物件——钱币、戒指、手镯——塞进口袋，这些东西容易藏。如果他们搜身，但愿不会搜得太仔细。,
{离开。},
这样我们也就有时间从诺森布里亚召集援军了。埃塞尔雷德的民兵多少能扳回些局面。,
我们还剩些留念的物件——算不上什么财富，但也够找个地方落脚了。我们会往南去麦西亚寻个生计。求你，收下吧——我们不会有事的。,
漂亮的一击，但还放不倒我！,
你捆住他父亲双手的时候，两人中年轻的那个眼神空洞地望着。他转身就跑，老人则垂头丧气地顺从了新主子。,
那谁来照看内菲娅？你以为你去外面就能护住她？你以为你能护她躲过那些恐怖之物？那些东西可是夺走了你父亲的性命——他可是族人中从未有过的伟大战士啊！,
莫尔坎特缓缓点头，目光紧紧钉在牧师那具毫无生气的尸首上。,
我们给她弄来药了。没有用吗？,
好——那能拖住他们一阵子，咱们趁势直奔国王大厅。,
我想听听你对扈从队里其他人的看法。,
她发出一声微颤的叹息，手指舒展开，轻抚着你的手背。,
这事应该可行。一支庞大的舰队正泊在奥克尼群岛，等你号令。我们手头有一千多名战士可供驱策。,
他们穿的是什么颜色的衣甲？,
我也看出来了。这么一来，事情确实有趣多了，不是吗？,
[i]用手引导学识！[/i],
唔，那小子呢？他这会儿早该到了。,
当然啦！一百厄尔图格银币，再不济，你身上有什么等值的东西都行，它就是你的了。,
你胆子不小，容貌也动人。我可不愿让你这样的女人过早踏入芙蕾雅的殿堂。,
只要我们能摸到牢门旁边，[Player:Name]兴许就能加入战斗，只要[Player:he/she]伤得不太重。,
贡纳尔俯过身来细瞧那条项链。,
弗尔克范格在等着……,
我猜，是缪斯女神差你来制止我以诗艺犯下的罪行吧。,
愿你健壮幸运，领主。,
{检查它们。},
这是我们的洞，那宝藏也是我们的！甭想就这么大摇大摆闯进来，拿走不是你的东西！,
内菲娅讽刺地哼了一声。,
盾女轻哼一声。,
斯卡拉格里姆的扈从们正忙着把从村里抢来的一袋袋战利品往三艘船上装。饶是如此，他脸上仍是一副恼火的模样。,
解释一下你的行径。,
重建吧。众神在试探你。去打动他们，别退缩。,
“精灵骑士”对你露出一个试探的微笑。,
至于我这头，我献上自己的盾——[i]奥丁之盾[/i]，作为我效忠的信物。,
哈！几乎算不上什么功劳。不过是你把他们赶跑的？,
你知道的……咱们现在大可以一走了之。我们没什么可搭进去的，永远也不会有人知道。,
那支小小的商队停在二十步开外。衣饰考究的汉子先跟一名战士匆匆交语几句，随即在两名全副武装的卫士左右簇拥下朝你走来。兵刃未出，他双手向前摊开，掌心冲着你。,
取消,
战斗结束，皮匠威利布罗德正缓慢地从落叶堆里苏醒过来。,
你[i]击败[/i]了和平者贡纳尔？要是真的，那你和你的战士可真就所向无敌了。,
不碍事。望你早些好转。,
男孩点了点头。他妹妹依旧一言不发。,
那人倒是真正尝到了厮杀的滋味——跟他那些兄弟可不一样。记住我的话，[Player:Name]：真正的纽带要在战斗中锻造，而不靠血脉凝结。,
很好。我的侍卫队里，可容不下软弱的男人。,
这到底算是什么考验？,
我们即将面临许多危险。我希望你能独当一面。,
{展示塞法的项链。}你可曾见过像这样的项链？,
你若敢动基利安一根汗毛，我发誓必叫你血债血偿，断子绝孙。,
我认为[Player:Name]既无资源也缺乏经验，无法掌管峡湾沿岸如此关键的战略要地。,
他俯身过来，把声音压低了些。,
那家伙招了吗？你都查出了些什么？,
我们这位未来的国王，性子可真够烈的，不是吗？,
他不耐烦地哼了一声。,
战斗结束了，四周死一般的寂静，震耳欲聋。凯蒂尔死死盯着埃尔林格的尸体。,
“冒险”。这个词曾承载着我所有的梦想——那苍翠的森林，广阔的海洋。我想，我大概从未真正掂量过它的分量。,
心烦意乱的[Name]揪着村长的衣领。老头儿虽然血流如注，但还有一口气在。,
阿斯莱夫看上去一副扬眉吐气的样子，仿佛一切都印证了他的话。,
当心，别过分依赖它。,
这个地方非常适合打伏击。你想在此等候诺森布里亚使团的到来吗？,
击败聚集在此保卫教堂的教士和朝圣者。,
算是吧。说来也怪，我顶着杀父仇人的姓氏活了这么久，却一直没去想过。直到我们站在那儿——我父母的坟前，我才回过神来。,
地上那根绳子——肯定有陷阱！,
我们怎么打架，关你屁事？,
她们是芭德布、玛查和阿南德。她们会化作渡鸦，飞临战场上空，预示着厄运与战死。,
你提起“玛多尔之子”，这是什么意思？,
间谍信物,
不！他们杀进来了！这怎么可能，那些防御工事都——！,
重刀,
我无意左右你的决定，[Player:Name]。只是别忘了，就算我们替皮克塔维亚或诺森布里亚拿下邓弗里斯，我们也照样能找到为自己夺权的机会。,
别扯那些权谋了，直说吧，你要什么。,
怎么是一堆兽皮？,
她又垂下眼帘，声音轻得几乎像在嘟囔。,
还有，你要是聪明，就别到处去打听那个隐士的事儿。,
你们想干什么，外乡人？我知道，这事儿跟你们绝对脱不了干系。,
[Cautioner:Name]谨慎地出言提醒。,
就在他攥紧拳头，一把抓住包裹的那一刹那，你拔出利刃，猛地刺进他的腹部，接着顺势一划，将他腹中的脏器绞得稀烂。那匪徒厉声惨叫，仰面倒在了雪地里。,
大约过了一个时辰……,
我向来跟父亲不太像。恐怕帮不上什么忙。,
最终，小船开始进水，那团烈焰就这么沉入海底，悄然熄灭。这葬礼，称得上是任何人梦寐以求的了。,
那船吃水很深，绝不像是空的，可你却没看见船上有人。船上一根孤零零的桅杆竖着，却没挂帆。,
我们已大有进展。我们的人民安居乐业，国王大道沿途的贸易也日渐兴旺。,
她似乎泄了气，敛去了几分嚣张，身子开始微微发抖。她的眼中泛起泪光，随即猛地转过身去，大步走开，想找个没人的地方独自哭泣。,
能带走多少就拿多少，但要神不知鬼不觉。,
那小子反应倒快，眼皮都不带眨一下的。,
划船返回家园。,
她把一直弯腰捆着的那捆麦秸扎好，直起腰来，脸上瞬间掠过一丝痛楚。,
我们之间那些鸡毛蒜皮的争执在这儿都不作数。我们只遵国王的旨令。,
我父亲的朋友，就是我的朋友。我们乐意登门拜访，为他举杯追忆。,
回去找工匠们，知会他们一声。,
鲁里克在耶灵，跟我的领主待在一块儿。他终于决定担起责任，去争取他与生俱来的权利了。,
死了。,
咱们是来求财的。带我们去见你们的头领，好叫我们把条件摆出来。,
关于米尔丁的事，我一直没对家人完全坦白。我知道他们怀疑我去见那个老头，可我都在想法子瞒着，而且每次这事一被捅破，就会大吵一架。,
幸运的是，你为部族带来了极大的繁荣，因此我敢打包票，你完全不必惧怕西古尔德·赫林格。,
对方船只刚一进入射程，箭矢便如雨点般朝[Shipname]飞来。[Victim:Name]和[Victim2:Name]当场被这阵齐射击中。你的亲卫队反应神速，立刻集结，予以痛击。,
西格丽德步履轻快地朝你走来，又在隔开一段敬而远之的距离时，猛地站住了脚。,
我见过。,
这档子破事，最好能在收获节前全部了结。,
谢谢你，父亲。我爱你。,
一名陌生的战士伫立在悬崖顶上，一直注视着[船名]缓缓靠近。此刻他跑下来迎接你，恭敬地垂下了头。,
你这念头准是从你母亲那儿来的——你父亲对诸神压根儿就没在意过半分，这我可清楚得很。,
我替你除掉那些找你麻烦的战士，如何？,
利奥弗里克扼守着穿越旧墙最重要的一处通道。去那儿见他，他会告诉你需要你做什么。,
我很抱歉，比约格迪丝。我们失败了。,
一尊木质少女小像，简朴，却摄人心魄。,
艾菲的嗓音温柔而和善。,
一个精瘦的女猎人站起身来，她方才一直用匕首剔着指甲，冷眼旁观着这场交涉。,
那件事既然了结了，我还有几个问题。,
你想杀了康纳尔·马克·泰格？,
我们现在是知道了，可那是另一位领主当初声称的——就是你北边那位邻居……,
请宽恕我刚才那番残酷的试探——如我所言，我必须绝对确保我们会面的风声不会传入国王耳中。,
我最关心的是你能不能活下来。,
你知道吗，有件事我一直没琢磨透。你对姑娘们好像从来就没多大兴趣？,
有何不可？不过是些基督徒罢了。阿萨神族才不会在乎。,
他握着武器的手猛地收紧了。,
米尔丁的前脚刚踏进村庄，所有成年人便立刻弹起身来，扑抢各自的武器。,
我知道是谁造成了这一切……所有[i]这一切[/i]。,
我们的草药出自我姑妈贡劳格之手——她是个充满智慧的老妇人，凡是你能想到的病痛，她都了然于胸。,
把你的脏手拿开！你这全族的[i]耻辱[/i]！,
[玩家：国王/女王]？你？一个对诚实、善良、同情这些基督教美德一窍不通的人？你这德性，连统治皮克特人都不配！,
你只能信我了。现在，付钱。,
啊，能款待您是我们的荣幸。您是来向诸神祈福的吗？,
她叹了口气。,
传闻南方有个强盛的王国，财富堆积如山，守备却形同虚设。,
此话当真？诸神在上……多谢！,
恕罪，[玩家：领主/领主夫人]。我绝无不敬之意。是我祖母嘱咐过我，不得与……你们……的人打交道。,
我们必须假定他无所不为。,
兴许我们能让你觉得此事值得一做。银子，如何？或者珍奇的宝石？,
帐篷里空空荡荡，只有瓦达在里面。他看起来和你上次见他时别无二致，没受什么伤。,
{交出500财宝。} 把钱收下便是。,
我若帮了你，往后你可得在价钱上给我些关照才是。,
他摇了摇头，但声音里已没了底气。,
你正筹划的是什么仪式？,
利奥弗里克被他的战士们簇拥在中间，一手执剑，一手持盾，脸上带着钢铁般决绝的神情。这一次，他脸上不见一丝笑容。,
小伙子！你这片好心可要害死咱俩啦！我要是乐意招待客人，当初才不会选个山洞来住呢！,
尽量[i]不要[/i]让你的防御空门大开。,
因为那帮[i]杂种[/i]我一个都信不过。那条船上的每个人，都是贪婪自私的狗崽子，包括我自己在内。,
找到赫丁维的第二批奴隶。,
他不屑地哼了一声。,
一丝惊惧掠过他的脸庞，随即他强作镇定，掩了下去。,
老婆把我踹出了门，如今我全部的家当都在往泥塘里沉。,
{交出2000财宝。} 我接受你的提议。,
可曾见过类似这枚吊坠上的图纹？,
他目光扫过整片空地，落到了帕尔尼身上。,
托你的福，皮克塔维亚如今没了勇士——这可是天赐良机。要依我的主意，就该趁他们折损大将、方寸大乱之时，先拿下珀斯。,
我自有我的道理。你只需知晓，我不会与你共枕。,
自打劫掠归来，你似乎一直有些郁郁寡欢。,
你睡得警醒，这很好。我们人人都该如此。,
那座神殿的尖塔在冲我低唤。它们细语道：“此处藏有泼天富贵。够胆，便来取！”哈！,
见谅。不过是些操持塞德魔法和配制药酒的寻常玩意儿：些许骨骸、些许草木、些许陶罐罢了。,
这位女战士步履轻盈地踏上山丘小径，朝山下她的战士们等候的地方走去。,
你是说，此事终究可行？,
你若能一字不差地背诵出来，那便足以作为凭证。,
但愿你所言不虚！你打得不错——能再败你一回，我倒乐意得很，哈-哈！,
刚好有个礼物给你。,
你还想否认？他胸口那道伤已经告诉我，就是你干的。你靠出示[i]我的图腾[/i]才骗过守卫，进了那墓穴。,
海姆达尔，居然是个娘们儿！天老爷，我把这事儿忘得一干二净。,
这条路的危险既已扫清，前往珀斯的大门便向我军敞开。利奥弗里克料定沿途还有些零星的抵抗，但不值得你或他为之费神。,
你后颈的汗毛微微竖起。你环顾四周，查看是否有人在暗中窥视，却一无所获。,
{拿起矛。},
你最好直接滚回家去——[i]否则[/i]的话……,
且放他们一马。改日再跟他们算账。,
唉……,
河对岸那家农场会收留你。不过，你得卖力气干活儿来抵。,
我听说你入了皮克特人的伙。埃塞尔雷德哪还有半分胜算！,
可惜你不肯带上我，罢了。祝你好运。,
利奥弗里克将一根精良的长矛靠上栅栏。矛身装点着代表他家族的纹色。,
[Shifty:Name]清了清[Shifty:his/her]嗓子，[Shifty:his/her]脸上挂着一副心虚的表情。,
{离开。}我相信总还有别人能帮你。,
还没到火候。,
你挑选使节的口味当真古怪。他们的到来给我惹来天大的麻烦，还赔上了我那学徒的一条命。,
那贵妇返身进了屋，良久方出。待她回来时，手里已多了一枚精雕细琢的珍珠护身符。,
早该明白，跟肮脏的异教徒做交易准没好事……,
{提供30份药品。}我们手上有灵验的药剂，足以应付多数寻常的病症。,
你的扈从队正穿过林中一处极幽深的地段，前方一块空地却骤然开朗。[Hunter:Name]警醒地抬手示意众人留神。,
这听上去根本就是去送死。,
若我们兵戈相见，你我心爱之人里必有一人要送命，便是眼下咱们这些个，恐怕也难保能全须全尾地活着离开。可要是我们分了这解药，兴许大家都能活下去。,
你可介意同我谈谈扈从队里的旁人？,
喏，这是他们头儿身上带着的。如今看来，倒像是一桩寻常的劫案了。这些钱币你留着，权当帮我一场的谢礼，这才算公道。,
斯泰因的家门外，罗斯克瓦的目光与你猝然相接，霎时间，她的脸涨得通红，活像一颗甜菜头。她连忙扭过身去，可就在那一瞬，你早已看见泪水顺着她的脸颊滚落。,
那就来吧。咱们做个了断。,
巨人和精怪，可不是闹着玩的。,
您可真抬举我，实在感激不尽。,
那他妈的是什么鬼？！,
木十字架,
我懂，亲爱的，可眼下咱们只能夹着尾巴做人。,
两个男人被绑在木桩上。他们已是形销骨立，衣衫褴褛，可口吐的却是地道的北欧话，足见他们本是维京人。,
再一琢磨，我倒还不十分拿得准。,
要是你们能胜了我们，“吸血杖”便双手奉上。既是出自我口发的挑战，便若我们赢了，我也不索求半分奖赏。,
贡纳尔双臂交抱，杵在他跟前，如半截铁塔也似，在浓须后头闷声咕哝着。没过多久，他像是耗尽了耐性。,
{爬下去。},
赶紧说，我还有要紧事要办。,
他确然是提了。我们还没拿定主意要不要应承他。,
多亏了你和布雷萨尔，他们压根儿就没逮着我。你们在前头拖住他们的当口，我早已从后门溜之大吉了。,
先前是起过一场争执，不过看样子已然平息了。,
才不呢！她回回在射箭比试里赢我！嫉妒得我都快魔障了！,
我定要叫你为此付出代价！,
哦，我敢说，倒也不是[i]个个[/i]都在使劲琢磨怎么弄死咱们。不过，我对那个斯库勒总有种古怪的预感——我看他们管他叫“裂颅者”，绝不是平白无故的。,
没准儿我能帮上点忙？,
败在他手下的，你也不是头一个了。下回运气总该好了。,
倒果真是应了那句老话，不出所料。,
一伙猎人在里伯镇外的沼泽地里扎下了营帐。你若想打那儿借道，怕是非得料理了他们不可。,
那是自然。我早已将你视作皮克塔维亚的挚友。请收下此物，以全我昔日之诺。,
你眼前这年轻女子，双目只是死死地瞪着你的脚。她的脸红过了甜菜头，一双手指，兀自不住地绞着一绺头发。,
{把两个奴隶都放了。}这一回我且饶过你，休要再来试探我的仁慈。,
要不要我替你俩牵线搭桥？,
{攻击。}不如此刻便打破这僵局，如何？,
布鲁诺一脸大惑不解的模样，但当你与你的扈从队含着笑意从他身旁鱼贯而过时，他依旧默不作声。你的扈从们似乎也不全然明白这一趟究竟所为何事，但他们到底还是把满腹的疑问闷在了肚子里。,
她定能载你安然穿越任何一片汪洋。,
[Player:Name]……你的提议让我倍感荣幸，但我不会重蹈我母亲的覆辙。她以为既能当盾女又能兼顾家庭，但她错了——女人必须做出[i]抉择[/i]。,
没什么。我们就是干了一炮。,
我不知道！我只知道我们不能离开！,
我跟你说，那姑娘真让我来劲儿。,
我可不感冒。,
嗯，德鲁伊几百年前就死绝了。,
领主[Player:Name]及其[Player:his/her]侍卫勉强击退了进攻，但这暴露了该地区防卫中的诸多严重缺陷。,
很抱歉我选的人没能让你满意。也许改日吧。,
我原以为我们的目的是建立贸易路线。也罢，寻找盟友是明智之举，但若你再改主意，务必通知我们其余人一声。,
鲁里克摇摇头，深深叹了口气。,
嗯，是啊，我也这样认为。不过嘛，这得让你破费点——60便士，准确地说。,
妈的！,
你能看出她正鼓起勇气，准备提出一个建议。,
{流放女人们。}你们必须离开。给你们一周时间准备。,
内菲娅把盾牌固定在背上。,
我会的，但首先有件事必须告诉你。,
守卫任务,
嘿，戴尔，你觉得我能从这儿一箭射穿[Player:his/her]脑袋吗？应该不比猎狐狸难吧，嗯？,
我开始意识到，我们所有人都一直低估了你。你很懂我们。,
还有兴趣替我们拆解那条船吗？,
这儿有一整片蘑菇！,
[Guide:Name]望向悬崖顶端。,
你悲观得毫无道理。我们将轻易拿下那座城。,
你们跋涉了几个小时，忽然在前方注意到有两个人跟你们往同一方向行进，只是步速更慢。,
行，你想告诉谁就告诉谁。我的名声没那么金贵。,
她的目光本能地闪向一旁，却又强迫自己重新直视你的眼睛。她正皱着眉头。,
你渐渐察觉到街那头有个女人在瞧着你。当你们目光相遇，她脸上绽放出一个带着促狭意味的笑容。她优雅地抬起一只手向你打招呼，示意你走近些。,
在凯尔的门外，内菲娅用一副[i]冷若冰霜[/i]的目光迎接你。,
奥斯雷德倒在他的卫兵当中，死了。,
好吧，我会帮你。,
滚开！我早该知道你们这些不信神的异教徒信不得！想要邓弗里斯，除非先从我们的尸体上踏过去！,
你[i]怎敢[/i]？！那是教会的财产！,
太感谢您了，年轻的[Player:先生/女士]。我们实在无以为报。请收下这张旧毛皮，聊表我们永恒的感激。,
凯蒂尔将一只手放在内菲娅的肩上。,
他快步走近，一只手臂在前方伸出，手里攥着奥德凯尔的信物。,
她咬着嘴唇。,
{杀了他。},
幸好你们没抵抗。他们懂得如何战斗。,
什么？！,
若你纳闷我为何一直让你置身这场战争的正面会战之外，你今日的作为恰好能解释缘由。我把你和你的船留到珀斯是对的。,
乐意效劳。,
啊！大洋的飞沫，呼啸的狂风，碎浪的怒号！真正的力量正是在这般地方铸就。,
那太残忍了。,
只要是船带回来的，看着有用就成。喏，你瞧瞧。,
你错了，你们[i]所有人[/i]都错了，我们会证明的。,
我听说的，是他困守在北方的高地平原上，远到皮克特兰境内。没有挪动，所以他可能已掘壕固守。当心着点。,
我们能不能继续赶路了，[i]拜托[/i]？,
嗯，我相信稳定供应的劳力会给你部族的繁荣带来奇效。,
一股刺鼻的烟焦味将你的注意力引向小径旁的一棵树，往山坡上行百步开外。那树仍在闷燃，树干焦黑，被一道闪电的力道劈成了两半。,
我什么也不会付给你——活儿全是我们干的！,
米丁小心翼翼地将尸体从火葬堆上移开，放到地上。,
刚克服了他们竟能如此快速动员起这么一大群人的初始震惊，你的目光便投向了最前方的那个人影。,
让我们领你去见毛科林，这个郡的郡长。然后嘛……走着瞧。看看事态如何发展了。,
我们坚守的理想，通过仪式代代相传，与基督的教义完全契合。,
你们都英勇奋战！肉、酒、歌，是你们应得的！,
一个孤零零的奴隶正在农庄外缘劈柴。听见你走近，他放下斧头，抹了把额上的汗。,
内菲亚一把揪住你的领子拽过去，给了你一个湿漉漉的深吻。,
你的意思到了。放了他。,
为什么非得有他的支持？,
{暂且不管他们。},
这事你知道多少？,
我把她抓来了。这可费了大功夫。,
你砰地撞上崖壁，嶙峋的岩石狠狠扎进肉里，痛彻心扉，但你总算抠住了一处小岩缝，才没坠落下去。,
拿到奥斯雷德写给唐德温的信。,
行，有何不可。,
我来瞧瞧。,
我听到了打斗的动静。你毫发无伤，真替你高兴。,
内菲亚举手拦住了身后的亲卫队。,
他冷硬的神情柔和下来。,
这小子话头转得飞快，你脑子差点没跟上。,
清晨，凯蒂尔早早醒来，想偷偷溜出你的帐篷。起初似乎没人察觉，但早餐时，营火旁那些揶揄的浅笑与紧锁的眉头，却道出了另一番真相。,
侍立国王身侧的瓦达，嘴角弯起一抹几不可察的讥诮笑意。,
实用斧,
这几周势头很快。要我说，一支像样的入侵大军已初具雏形。,
那一天，众神齐聚。为试探誓言的效力，他们拿起手边一切东西掷向巴德尔，却发现无一能伤他分毫。然而，他兄弟洛基素来诡计多端，用槲寄生削成利箭，又说动了同为巴德尔兄弟的盲神霍德尔，拉弓将箭射向了他。,
你跟这里的人不一样，对吧？全副武装，步履坚定果决……是个能成事的人。,
从听说他重夺王位那天起，我们就在等着你来。欢迎来到邓弗里斯——这地狱泥潭般的困局。,
我虽不敢断言，但你能这么想，更显你为人可贵。我当然盼着能对所有罗马军团成员都抱有这等好感，但事实是，在你之前，无人相助。,
他低沉的轻笑里，隐着一丝威胁，但并非冲你。,
别用这种口气跟我说话。,
他死了或许倒好，省得修士们为发落他而伤神。只是你只能屈就那份薄赏了。,
别犯傻了，莫尔坎特。让开，或死。,
我不是那个……算了。,
他心甘情愿献出生命，只为你能承其遗志。,
哈哈哈！,
年轻女子双眸一亮。她将小饰品递给你，接过钱，满脸掩不住的感激。,
幸会，[Player:Name] [Player:Lastname]。你从何处来？,
就不能寻处水浅的地方带他们过河吗？,
奥斯雷德抬起手，掌心冲你，做出回绝的姿态。,
走近了，才发现众人关注的焦点，原来是一只瘦骨嶙峋的小金毛野猫。内菲亚正拿晚餐的碎屑喂它，小家伙狼吞虎咽，喉间发出满足的咕噜声。,
我们已得报说你们要来。入口在下方。,
那价我出不起。您能让让价，教这斧头重归家门吗？,
{讨个价。} 我给你 [i]笔钱[/i]，彼此两清。,
隐藏储物箱,
闲言碎语是有一些，但母亲远胜过父亲，一直更像真正的领主，所以这样看来，一切如旧。,
凯蒂尔转过脸去——他神色难辨，但绝不是开心的模样。,
他带着手下洗劫了我的农庄，卷走我不少家当。,
用10000份贵重物品雇佣斯泰因和他那伙人。,
我要在你营里转转。,
凯特王国吗？在哪？,
用那根松木。 {中等载货 / 中等航速 / 低威慑力},
哦，内菲亚。罢了。罢了。见你离去，我心如刀绞，可明摆着，谁也拦不住你。,
{站 [Boring:Name] 这边，别动那座坟。},
你找到那强盗了吗？拿到祖父的雕像了吗？,
你定会追悔莫及！我发誓！,
你父亲是我生平仅见的最强战士。部下爱戴他，毕生远行无数。无论他在那个彼岸找到了什么，终归还是被它夺去了性命。,
[Random01:Name] 逐字逐句，细细琢磨着说明。,
我 [i]亲眼所见[/i]……下一个就轮到我了……,
她用力捏了两下自己肩头，像是在确认是否还牢牢连着，随后又扯了扯护甲边缘。,
当你驾船破浪前行，货物在舱内剧烈地左冲右撞，几只货篮和麻袋被径直甩出了船舷。若当初造的是条更能装货的船，你的货物也不至于就此永沉海底。,
这一路过来，没遇上什么麻烦吧？,
你任由风推着你向前，[Overboard:Name]的尖叫声在远方越飘越远，直至彻底断绝。那天余下的时间里，没人再望你一眼，也没人再跟你说半个字。,
{放了他们。},
斯泰因生着一双湛蓝的明眸，即便脸上其余部分都收敛成一副淡然的神情，那双眼睛也仿佛仍在含笑。,
那我劝你，对付他们的时候，也得拿出你裁决他人时的那份谨慎。,
你们见过贡纳尔那家伙没有？人送外号“平和者”——我敢说这绰号纯粹是拿来寒碜人的。我可是亲眼见过他赤手空拳，把一个人的脑袋从肩膀上硬生生给拧了下来。你想看个现场示范，还是乖乖掏出一半的钱来？,
仪式长矛,
{离开。},
准备战斗！这帮异教徒在毁书！,
真没料想还能再撞见你，[Player:Name] [Player:Lastname]。你总不至于把我徒弟给吃了吧？,
埃奥福维克才是更要紧的目标。那儿的城墙会是块难啃的骨头，我们该先拿它开刀。,
不！你们在对那些书干什么？！,
你我都心知肚明，那并非事实。我本可以就那样随你而去，把审判他们的事全丢给神明。但我不为发生过的事后悔。,
埃尔林格狠狠地啐了一口。,
我们不过是过路的旅人罢了。,
那当然，那当然！,
[Aggressive:Name]跟某位郡长的几个侍卫干了起来。[Altruistic:Name]正在料理斗殴留下的伤口。,
这镇子真是古怪——连半点防御工事都没修建，却一直太平无事。住在这儿的人，想必剽悍得很。,
返回奥克尼群岛，去找斯卡拉格里姆谈谈。,
我改变主意了。给我进攻！,
我又给你带了点花来。,
你仰起脖子，张开喉咙，任由麦酒径直灌进肚里，连吞咽都省了。一股灼人的燥热在胃底翻腾灼烧，等你大口喘过气来时，眼泪都呛了出来。,
吾乃[Player:Father]之子/女，[Player:Name] [Player:son/daughter]，诺森布里亚与皮克塔维亚的征服者。,
要是我们拖得太久才能攻破他们的阵地，他们就能重新调动兵力，把我们彻底堵死。,
我刚在琢磨，可以从远处先干掉他们一个。,
那不是我干的。是那个黑色的王……是他干的。是苏尔特逼……我。去做那件事。那不是。不是我。,
你在岩石四周搜寻了一番，发现一道血迹向着密林深处延伸而去。倒霉的是，你很快就在茂密的枝叶间迷了路。这一耽搁就耗去了将近一个钟头，而你也很快就被疲惫攫住了。,
承蒙您过问，雅尔。直到眼下，一切还算顺当，但您这一拿下奥克尼群岛，可就把我的补给线给搅乱了。,
另一伙掠夺者从东边包抄了过来。他们的头子正直奔长屋而去！,
弗蕾雅……指引我前往您的殿堂吧。,
还有什么人是我该去聊聊的吗？,
这么多血，都是从哪儿淌出来的？哦……,
{板着脸，投去不以为然的目光。},
我叫[Player:Name]，那丫头偷了我的东西。,
格里姆瓦尔德之子，阿斯莱夫，你的挑战，我接下了。,
你已经输掉了争夺不列颠的战争，缔结强大同盟的指望也彻底落空。但倘若你至少为你的部族带来了繁荣，或许在阿尔庭上，还有给自己辩驳的余地。,
有人打算布置一道哨兵防线，但那阵势一眼就能看穿——组织这档子事的人，这辈子就没受过一天的打仗训练。,
不，这等重任显然超出了我的能力，我琢磨着，除了圣徒本人以外，怕是没人能办到了。我只是想让您理解我的同胞，以及我们的信仰。,
这儿对你来说太危险了，你再待下去可不行。你必须走。,
在北边，大海对岸群岛上住着的人。他们往身上涂满了彩绘去打仗……正跟南边的一个王国交战……可我们从没能到过那么远的地方……,
你这在忙活些什么呢？,
你将自己看出的铁证一一摆出：贡纳尔那场袭击挑的时机实在太巧了，赶在你部族因你父亲的死而元气大伤之际——这家伙背后必定有人指使。,
卡隆格恼火地朝你耸了耸肩。,
他看上去真是如释重负。,
有那么一回，我是被一阵翅膀扑扇的声音吵醒的。,
话是这么说没错，亲爱的，可我还是希望你在修道院那些修士兄弟跟前，别把这话嚷得那么大声。他们可容不得旁人挑战自己的信仰。,
你既然这么铁了心想要，给你也无妨——这玩意儿本身不值几个子儿，不过是系着些过往的美好念想罢了。,
我尊敬的朋友！你为我们安排的这个场所真是太棒了！我们的教派终于可以大展宏图了。,
他怒视着你，双眼充血，嘴角泛着红色的唾沫。你拔刀而出，一刀、两刀捅进他的肚子，任他瘫软在地。,
你今天在这里的所作所为，是一桩罪行——违背了一切善良与纯洁之物。,
我知道很多人不认同对我的任命。这将是一段艰难的过渡期。,
那个疯杂种……,
哦……不过藏东西的地方本身倒八成没人动过。,
[玩家:姓名]快看！一条船！,
来了结此事吗？那就动手吧。用不着嘲弄我。,
"""占有""你？",
行，这事该挺简单，对吧？找到那个叫康纳尔的人，杀了他。,
唔，除了阿雷，你把他的儿子们都杀光了，所以眼下只剩下他、那个老头子、埃尔林格的老婆赫约迪丝、他们的闺女盖尔比约格，还有奥塔尔的老婆乌娜。,
我给你的，正是这个问题的解决之道。,
一个人的命途，多半从一开始就已注定。你现在脚下这条路，若非你生为领主的[玩家:儿子/女儿]，永远也不可能为你敞开。,
内夫娅蹲在营火残余的余烬旁，全神贯注地盯着地上的什么东西。,
那帮强盗凭什么觉得，他们可以就这么跑到我们这里来杀人？！,
又过了一阵，你发现[受害者:姓名]开始止不住地哆嗦起来，还咳得撕心裂肺。[受害者:他/她]浑身湿透，[受害者:他/她]的眼睛亮晶晶的，却带着烧迷糊了的热度。,
好！这下终于能出发了。,
你……你可真够磨蹭的……但还是谢了。,
恐怕你在这边欠下的旧账可不少，我的价钱自然也得把这层算进去。不过你放心，我的货色绝对对得起你掏的每一个钱子儿！,
这……这也太可怕了。,
他目光凝在你身上，然后笑了。,
我需要从你手上搞些装备。,
北方佬捅中了蒙吉尔的肚子。他怕是不行了。,
罗斯克瓦微微一笑。,
到此为止！不会再心慈手软了！,
记住我这话，那女人早晚有一天会把自己男人逼疯。但我喜欢她！她打起来，活像一头被逼进墙角、护着崽儿的母狼。,
他本应留在这里，照管好自己的氏族。,
并非主要目的。我是想结成一个同盟。,
"崖居者埃吉尔坐在那儿，快活得像个孩子。而敬畏之子索尔，桀骜不驯地逼视着他的双眼：""你需得常为阿萨众神筹办酒宴了。""",
随着北方野人们正在交战……我也算是个男人了。非保护家人不可！,
就在你转身欲去时，她眼眶里涌出大颗的泪珠。,
{放弃目标。}他没跟我说。你们得自己去问他了。保重。,
[随机01:姓名]有些不好意思地挠了挠[随机01:他/她]的后脖颈。,
在沼泽中赶路的人接连失踪。关于巨人和鬼火的流言，正在四下散播开来。,
那年轻男子似乎稍稍放松了些，但还是阴沉地冲你摆着一张臭脸。,
跟我讲讲现在的形势。,
你这该死的维京人。只要你还赖在我们的王座上一天，就愿我们的族人永世诅咒你的名字！,
夜里你猛地惊醒，帐外传来有人连滚带爬翻出帐篷、又被什么绊倒的动静。,
我不是来嘲笑你的。你打得颇为英勇，作为我的俘虏，你将得到应有的尊重。,
{杀死贡纳尔。}这我不能接受。,
岩洞并未向山腹内延伸太远。离洞口不远处有道高耸的岩架，瞧着似乎能攀上去，通向洞穴更深处。,
你能帮我们把一艘旧船劈了吗？,
别忙，[玩家:小子/丫头]。那趟远征送了他的命，也搭上了我们大部分船员的命。你没跟着他一块儿死在那，就偷着乐吧。,
他们躲不了多久。等其余人马一到，我们就能找出他们。,
这什么味儿？哦……,
诅咒那帮杂种强盗！不知从哪儿就猛扑过来了……,
谢谢你带我来这儿。虽然觉得浑身不自在，但能如此近距离窥见一个蛮族部落的日常起居，可真是[i]迷人极了[/i]。,
格蕾妮对你灿然一笑。,
{交付200财物。}就这么说定了。,
让我跟他打。,
失去迈尔丁，我深表难过。,
你连怎么卸盔甲都忘了？,
他缓缓地点点头。你吃不准他有没有真把话听进去。或许最好还是改日再谈这事。,
陷坑陷阱,
你要是真有法子弄到手，我倒不介意和你并肩作战。不过，我的忠诚可不是白给的。两条路，你自己选。,
去吧，没事。农场的这一侧，我们会牢牢守住的。,
你准备好了，就到珀斯来会合。,
那修士的脸唰地一下就白了。他犹豫了片刻，才向众人转达了些情况。看他们没有立刻翻脸动手，你猜他的措辞八成要委婉得多。,
埃尔林格这一死，算是了结了一桩陈年宿怨。这些年，他一直在族里煽风点火。如今他死了，事情也就好办多了。,
基利安的样子惨极了，满脸是血，遍体鳞伤。塔洛尔克割断绳索，用一种与外表截然不同的温柔，把那男孩搀了下来。,
我问这话，不过是因为科纳尔已经威胁不了任何人了——我亲手送他上的路。,
他点了点头。,
他出身在一个勉力支撑的商贾之家，全凭那根油滑的舌头，哄得我下嫁于他——真是莫大的耻辱。,
真高兴有你这大块头在我们这边。别把一场败仗搁心上——奈芙雅那么骨瘦如柴的女人，力气可是大得吓人呢！,
果不其然，是斯卡基。,
巨人……,
他草草地鞠了一躬，便退下去忙自己的活儿了。你亲卫队的其他人很快就弄清了事情的原委，你治下不严的风声紧跟着就传开了。那一晚剩余的时间里，一股阴郁的情绪始终笼罩着亲卫队。,
{击倒守卫。},
回到你的家园，去他的摊位转转。,
试试这些，亲爱的。它们能麻痹痛楚，让你撑住，直到寻到安稳地方，再好好疗伤。,
他审慎地上下端详着你。,
艾迪丝的声音沙哑粗粝。,
清晨，你被杂沓的脚步声和惊惶的呼喊声吵醒。有人把你的门擂得又急又凶，你甚至能听见门轴在吱嘎作响。,
一夜无事。,
[Player:Name]？我听过你的名号。奥克尼群岛现在尽在你的掌控之中，对吧？,
去英吉马尔的住所。,
这个任务眼看就要酿成大祸。无论此人是谁，他都受了天大的冤屈。,
这事儿我会让你吃不了兜着走！,
沼泽深处的怪物,
我会把这片狼藉清理干净。,
那老巫婆咯咯地笑起来，活像一扇缺了油的老旧门扉。,
抱歉，我不认得你们，也不知我等领主是否会应允。也许，换个时候再说吧。,
阿斯莱夫的又一面盾牌，从把手上碎裂开来。他满脸沮丧，只得回到船上去取他最后一面盾。,
他一边不满地咕哝着，一边在口袋里摸索着什么首饰。,
这事与你无关，我只是盼着……[i]真该死[/i]。,
他的声音轻得几乎是耳语。,
你这儿都卖些什么？,
六个村子里的年轻男女，聚在你们和出口之间。个个手持武器，摩拳擦掌，恨不得马上动手。,
那未免也太冷酷无情了……,
此事我会斟酌一下。,
又见面了，雅尔 [Player:Name]。今天我们有什么能为您效劳的？,
让我再瞧瞧刚才那一下。,
猛攻的势头暂停了一瞬，看来奥斯雷德的第一波攻击者正在后撤，为第二阵线让路。,
终于被打垮了吗，嗯？干得漂亮——不知多少人试过都没办到的事，你给办成了。喏，这是你凭本事挣来的赏钱。,
她那双眼睛一下子睁得又大又亮，苍老的躯体猛地涌出一股奇异的狂热。,
血色从芬薇拉脸上霎时消退。注意到她的不安，唐纳科尔斯猛地握紧拳头，挺直了脊梁。公主轻轻将他拉到一旁，紧接着便是一阵低声啜泣、泪眼婆娑的低语。,
我注意到那些奴仆了……你肯不肯把他们换成钱？,
你们这些种地的听着：速速离开，否则，就以袭击领主之罪，当场处决。,
你的口音听着像诺斯人，格里姆尼尔。你从哪里来？,
她抱起双臂，若有所思地凝视着不远不近的虚空中。,
很好。该去料理真正的麻烦了。,
向一群你闻所未闻的神明或邪灵祷告，再蘸着受害者自己的血，在他皮肤上画下些粗陋的图案。,
对你的伤，我无能为力。,
我想，待你发起大举进攻之时，他们会非常乐意加入你的军队。,
{仔细查看那些原木和石块。} 曾有人在这里坐过……,
我相信，在埃塞尔雷德屯兵于此之前，这林子里的盗匪可是猖獗得紧。依我看，他前脚刚走，那帮强盗后脚就会卷土重来。,
那女孩坐立不安地摆弄着手里的蜡烛，留得长长的指甲一下下抠着蜡块。,
伏击你，我捞不到半点好处；但你我联手，却都能获益良多。,
他挑起了半边眉毛。,
那商人眯缝起眼睛，话声中满是愤恨的诘问。,
每天都有越来越多的人涌入。这支军队的规模，真要很可观了。,
鲁里克？真没想到他会嫉妒。我敢肯定，他从未想过要离开。,
对我们来说，恐怕事情还没了结，但我不会再麻烦你们了。外围的几个郡还有不少扫尾工作要做。要在此地巩固权力，会是个漫长而乏味的过程。,
她脖子上挂了好几种不同式样的十字架，但你注意到，她腰带上还系着些工艺更繁复的护身符，用骨头和木头刻成，上面装饰着精美的纹样。,
那群没骨气的懦夫……,
你的兄弟双手反抄在身后，立在沙滩上。他觉察到你出现在背后，整个人似乎都垮了下来。,
你这是要毒死我！,
阿斯莱夫和凯蒂尔互相搀扶着，从泥泞中爬了起来。,
不！那不过是年少轻狂干的蠢事罢了，没别的！你再也用不着怕我们家族了，我[i]发誓[/i]！,
你为何袭击我的村子？,
你对他们说了些什么？,
一场恶斗下来，我们赢了。但不幸的是，你们那位牧师送了命。,
那一定就是那儿了。那些石头和埃迪丝描述的一模一样。,
拉赫兰之子凯蒂尔。没错。知道了。,
你觉得斯库勒在盘算些什么？,
降临在你身边的灾祸，简直难以言喻。阿萨神族与巨人族的浩荡大军在你周遭厮杀，那震天的喧嚣几乎能把你逼疯。,
我们在天上的父，愿人都尊你的名为圣。,
你是说，大个子搞错了？,
海水一波接一波地漫过船舷，所有人都湿透了。刺骨的寒风加上冰冷的海水，对某些人来说，足以致命。,
对不起，我不能。,
那就下地狱去吧你！扔下我，自己走！等你们滚了，要是那些[i]野人[/i]来找我，来就是了！,
恩巴尔德长久地、严厉地盯着你，那目光仿佛要刺穿你的皮肉，直看进你的灵魂里去。,
大家都没事。接下来怎么办？,
我的提议就是：[i]进攻！[/i],
结束战役,
要是我现在卷好铺盖，一走了之……你不会拦我？,
嗯……那行吧，我看可以。,
你需要一艘新船，还得有一队真正的扈从来当船员——光靠你那几个侍卫可不够。,
秘诀就一个字，快。要是你没法儿快些打开城门，敌人就会像潮水一样把你们吞了——所以，手脚麻利点，赶紧把门弄开。,
主与你们同在。,
我事务繁多，无暇耽搁。再会了，英吉马尔。,
基利安的模样惨极了。他满脸是血，遍体鳞伤。但好在你及时赶到，他总算还有一口气在。,
你将一块成色极好的白银，搁在那棵树盘根错节的树根间。银光在深色木头的映衬下闪闪发亮，形成了鲜明的对比。,
我听说国王抓了你！可现在，你却活像个从地狱遣回来缠我的尸鬼，从我们的地穴里爬了出来。这怎么可能？,
告诉我他们是谁，我们去碾碎他们。,
啊，又见面了。是来瞧瞧我这儿有什么好东西卖吗？,
他朝凯蒂尔逼近了一步。,
前往位于皮克特兰东海岸的异教祭祀地。,
当你的扈从们将礼物呈上时，那老妇人惊得瞪大了双眼。,
那么……那片湖。,
他一直静得出奇——而且，有时一出门就是好几个礼拜。我压根儿不知道他去了哪儿，一问起来，他就闪烁其词。,
那些逃出来的家伙满是戒心地打量着你。他们看着个个儿都像惊弓之鸟。,
我们那时入了维松德号的伙。约斯泰因是个吟游诗人——,
记好我的话，[Player:诺尔斯人/诺尔斯人]：那古旧的城墙内，还躺着另一个枉死鬼。,
我们有些装备坏了。你能给瞧瞧吗？,
我去去就回，带着你的酬劳。,
什么？你掏得出那么多钱？,
鲁里克和我一同出去迎他。他说你在沼泽地里救了他一命。,
一个腿脚利落、举止笨拙的男孩，耷拉着脑袋，愧疚地缩着肩膀，大步流星走到母亲身边。,
{实话。}东西大半给袭击我们的人卷走了，不过我们找到了值一百五十个奥图格银币的货。,
他们当然会的，可我还不能祝他们句好运了不成，你这婆娘？！,
行了，行了！犯不着来这套。那就拿一半钱去得了。还有，告诉马班，他那份该死的钱，我扣下了。,
嗯，说实在的，没错。,
[i]他——妈——的。[/i],
你知道老子的名号吗？！,
真是个既可鄙又可怜的男人。换作是我站在你那儿，早当场要了他的命。,
簇拥在你身边的侍卫们终于松懈下来，放下了戒备，彼此交换着如释重负的微笑。,
“典型的一无是处的基督徒”？你也不听听自己都说了些什么？他不过是个老头儿。别为难他了。,
三人一齐注视着你，目光中交织着宽慰、猜疑和决死相抗的桀骜。,
说真的，我只是……以为你会做得更好些。不管那女人多美，以后克制着点就行。成不？,
[Player:Father]如今已在瓦尔哈拉，[Player:Name]。这点毫无疑问。他是做着自己所爱之事倒下的。,
还不行。,
那个，我拿走了。,
这条河必定紧贴着地牢淌过。他们想得实在太欠周到了。只消一击，水便要灌满这些厅堂。,
[Impressed:Name]的下巴仿佛真真切切地不听使唤，一下脱了臼。,
你朝她走去，那位吟游诗人便用满含期待的眼神望着你。,
我们在奥克尼有个定居点，正缺手艺精巧的工匠。你要是能到那儿去，就再不必担心收不到报酬。,
好，我要的就这些。很抱歉事情不得不走到这一步。,
你喝她的奶？,
比尔德咬紧牙关，把头别了过去，沉默了片刻。,
什么是“民兵”？,
要是我拒绝跟你走呢？,
我好不容易拖住了他们，可他眼看就要没命了。跟我来，我们试着去把他救出来。,
返回埃塞尔雷德的营地，回报你的捷报。,
我肯定用不了多久又会转回来的。,
一片暗影掠过他的脸庞。,
这话听着就像胡尔达会说的，在她……之前。,
死狼,
{不必为这事烦心。},
米尔丁抬起头，回报你一个感激的微笑。,
我想这样挺合适。就这么着吧！,
考斯坦丁正进行着一场战略会商，此时盖尔人的芬古拉先你一步迈入大厅。他当即遣散了众顾问，大步流星地迎上前去，一把将她拥入怀中。,
全给我滚回家去，你们这些蠢货。我知道咱两家自来势同水火，可要是今夜我们让彼此溅了血，往后的仇杀就永无休止了。,
那大块头极不客气地转过身去，把背脊朝向你。,
那么……我接受你的慈悲。,
几个麦西亚人看看你，又望向自己的首领。那首领重重地叹了口气，然后点点头，拔出了佩剑。,
亮出来让我瞧瞧。,
扎下营地，好好思量你眼下的处境。,
那就看看你有什么本事吧。,
走近时，你发现了战斗的痕迹和被鲜血浸透的泥土。好几具尸体散落在这片地方，黑羽的禽鸟已经开起了盛宴。,
{出击。}这可就有意思了。,
揩去积垢，你发现这些财宝有种说不出的眼熟。那是一小捧胸针、臂环和雕刻的吊坠，上面带着北欧的如尼文，以及奥丁那匹八足神驹斯莱普尼尔的图案。,
那是艘货船。船名叫[Shipname]。,
确实，你真是给我们找了不少麻烦。,
我知道你在里面！我的同伴们都饿得要死了！,
不管艾芙拉会遭遇什么，我都无比感激你做的这一切。,
要是你想弄脏双手，干点基督徒鲜血之外的活计，我很乐意有你来帮忙。重新描摹那些古老的铭文可是桩苦差事。,
邓弗里斯的战士们冲杀进农庄，对着珀斯最后一道防线的守军挥起武器。,
斥候松开抱着的双臂，板着面孔对你重重地点了一下头。,
我是斯凯恩的[Player:Name]，应郡长瓦达之邀而来。,
这实在太令人忧心了。我会和其他塞恩们谈谈，也征询我顾问们的意见。,
差不多。听懂了一部分。他先是问我们是谁，从哪里来。我看他现在是在邀我们同去。,
比约格迪丝将两个女儿都拽进一个有力的拥抱。等她松开手臂，奈芙娅后退一步，双眼死死盯着地面。,
路障门,
到头来什么也不用了？,
凯蒂尔割断了贡纳尔的绳索。那狼皮战士揉捏着自己的手腕，好让血液重新流通，随后攥紧拳头按在胸口。,
给我个解释。,
他仿佛在嘴里咂摸着这名字说出口的感觉。,
你永远是我的塞恩——可事态[i]已经[/i]变了。,
它是艘船，不过没错。,
我们才扎下营，那蠢货就在小村里瞅见一张漂亮脸蛋，跟着她跑了。那下流胚的名字叫诺托尔夫。,
多亏了你那双锐眼，你才得以循着那受伤野兽留在灌丛和枝桠上的血迹，一路追踪它穿过浓密的树丛。,
我已建起一座宏伟的教堂，来博取我基督徒同胞的欢心。如今我必须向我们当中的异教徒们表明，我能宽容他们不同的信仰。,
成，我会帮你征服皮克特人，但你必须发誓为阿尔庭提供军事支援。,
这也算意料之中吧——这些人当然不会说我们的语言。我们到底该怎么跟他们打交道？,
你们刚一撤开，麦西亚人和诺森布里亚人便立刻重新扑向那场被你们打断的战斗，杀成一团。,
奈芙娅的孪生妹妹悄然滑到母亲身后，轻轻按住她的肩膀。艾芙拉仍未换下睡衣，只是又裹了两层编织毯子。,
{走调地哼唱。}昨夜我做了个梦，梦见绫罗绸缎，还有华美的皮草。,
她的嗓音醇厚顺滑，浓如蜂蜜。,
这跟我想象的不太一样。那边的人倒也没那么不同——他们向别的神祈祷，风俗古怪，却和我们有着一模一样的烦恼。,
我们必须扩建长屋，才好在下次全庭大会上提升我们的声望。,
临别之前，还有最后一件事要了结，[Player:Name]。,
好啊。那我们就杀光你们！然后换[i]我[/i]来当领主！,
当你搬出那堆木料，他浓密的眉毛直往后退的发际线上猛扬。,
那我们该怎么办？,
回头再谈。,
两人又交换了一轮疑惑的眼神，这次以互相点头收场。还没等他们的首领拦住，两人便飞奔过来，接过你递出的珍宝。,
两个孩子干得不错。看起来已经不大需要他们叔祖父帮忙了。想想吧，一旦我们成事了，他们的日子会是什么样。这辈子都不用再弄脏自己的手了。,
格蕾妮凑近身，像要密谋什么似的压低声音。,
斯库莱转过身，礼貌地招手示意哈夫丹过来与你们会合。你的这位邻居看来很乐意从命。,
我们已是日德兰半岛最富有的氏族。,
休想！你得为此偿命！但凡我的朋友里有谁死了，我发誓定叫你死得又慢又惨！,
看见没有，桥对面。它正在巷子里啃食我眼前那具遇难者的残骸。,
你们这些小鬼到底[i]是[/i]谁？,
邓弗里斯最后一名防御者几乎才刚倒地，你便听见披甲武士奔跑逼近的沉重脚步声。,
古纳尔那张脸，被一个极尽灿烂的笑容吞没了。,
是啊，我的兴趣……在别处。,
[i]操[/i]，奈芙！,
战斗赢了，可战争败了——基利安死了。,
放心，我这绝不会找你麻烦。那摊烂事我是能躲多远躲多远。说起来，不如做个交易，如何？,
他不悦地叹了口气。,
一场恶斗骤然爆发。,
别高兴得太早，阿斯莱夫。这事还没完。,
要不，去市场上找个人问问？,
我亲爱的奈芙娅。你已出落成如此坚强又美丽的女子。,
真不走运，没能灭了奥斯雷德那帮人的口。如今他知道我和你联手，我回不去埃奥福威克了。,
我们压根没想救人，那些人是我们的敌人。,
等你准备好了，就来外面找我。我去召集弟兄们，告诉他们咱们有了新领主。放心——我们谈判的内情，天知地知你知我知。,
若你觉得跨海的征途可以到此为止了，我们就把[Shipname]拖上岸，开始忙着收获。,
……贪多嚼不烂啊……依我看，眼下也别再惦记结盟这回事了……,
愿你健壮幸运，[Player:Name]领主！,
也罢。那片区域许久未见动静，想来也不急于一时。再见，愿你康健。,
在城墙之内，再寻一个犬妖所害的遇难者。,
我给你瞅瞅我们的存货，只是别指望什么友情价。,
这地方叫我后颈汗毛倒竖。你也有这种感觉吗？,
我倒是挺中意。我决定把它留下了。,
凯蒂尔用靴子捅了捅地上的一具尸体。,
是啊，眼瞅着就剩一条路：进攻。,
他将你一把拽进一个紧紧的拥抱，心满意足地叹了口气。,
够你顶上一阵子了。,
血战持续了好几个时辰。最终，皮克特人突破了防线，攻占了埃奥福威克。,
我再问一次：你想干什么？,
我得动身了——祝你好运！,
你[i]喜欢[/i]我？真是抱歉，既然你想抢走我的土地，你这番话可别指望让我生出什么姐妹之情！,
你接下来要说的话，可得万分、万分小心……,
妥了。,
你叫什么名字，旅人？,
当然不是因为你，你这没脑子的黄口小儿。我这么做，正是出于我对西古尔德·赫林格解释过的那些理由。,
呃……我两边都喜欢。能别聊这个了吗？,
可在我心底深处，一直有种感觉，是众神选定了我。每一战前，我都要向他们呼喊，而他们从不曾叫我失望。,
奈芙娅也勉强握了握阿斯莱夫的手。,
我告诉过你不行，我依然坚持。,
我不需要维贡德的装备，但我会资助你的旅程。,
{接过它，用你的双手包住她的手。}谢谢你。我发誓，我会善用它的。,
若连自己的土地都守不住，你便不配统治它。等我成了你的[Player:国王/女王]，一切都会不一样。,
我希望来往我们城市的人们能一路平安。这件事若不尽早解决，里伯的名声就会受损。,
他缓缓站起，双拳在身侧紧握。,
虽然那些谎话把你骗来，但你是睁着眼睛来的，这让我很欣慰。那么，你要离开吗？因为我们肯定是走不了了。,
你确定他们不会卷土重来？,
只是，我正忙着给母鸡拔毛，准备晚饭呢。话说回来，如果不是为了那头母猪，是什么风把你吹来的？,
你慢条斯理地把所有易于藏匿的小物件一一收入囊中——钱币、戒指、手镯。,
{杀了他们。}没什么比一个胆大包天的奴隶更危险了。我们最好结果了他们。,
芬古拉的脸更红了，但她还是露出了微笑。,
伍尔夫西吉是位经验丰富的指挥官。和我一样，他忠于王权，无论王冠戴在谁的头上。他和他的民兵在那儿已经待了好几个月，肯定已经制定好进攻计划了。,
你想商议什么？,
愿它经久耐用，忠心为你效力。,
我们会告诉贾达尔，他的麻烦已经解决了。等我们结束了在里伯的事务，你可以随我们一同返回。,
要是[Player:父亲]能亲眼看到这一幕就好了。你的亲卫队齐聚在你的船前……他该多么骄傲啊。,
他是你什么人？,
真是可惜了。要是你再年长十岁，或是我再年轻十岁……,
这事儿你以后再掰扯。我还有更多问题要问。,
我就当这是夸奖了！不，我不是军团士兵，也不是瓦莱里乌斯的信徒。你也不是。,
格雷提尔的脸活脱脱就是一副失望的模样。,
很抱歉这么叨扰你，但我见你出行的随从，便知你是位地位不凡的[Player:男人/女人]。,
这法子没用。艾芙拉只能靠她自己的力量恢复了。,
一派胡言。他们这是在等援军。趁现在人数对我们有利，立刻进攻！,
为您效力是我们的荣耀，[Player:姓名]雅尔。,
{将鹰旗递给她。}不过是个小玩笑。拿去吧。,
好。既然这些杂事都了结了，是时候你向我宣誓效忠了。,
那么，我们只得强行拿下你的城镇了。,
我们决不能低估了皮克特人。,
你挤过一小片纠缠的林木与茂密的荆棘丛，来到一块小空地。这块空地整个笼罩在一棵巨大白蜡树亭亭如盖的树冠之下。,
对不住，我让你失望了，留里克。我一心只想让你平安。,
他们宣称罗慕路斯是位圣徒，并自称是他的追随者。,
正当你从奥德凯尔身边走开时，一个男人向你挥手。,
那年轻人稍微放松了些。,
我不是你的奴隶。你没法命令我帮你和阿斯莱夫互相残杀！趁我还没发火，立刻从我眼前消失。,
你怎么敢在城中心口出这样的狂言？你们这些人就没有一点羞耻心吗？,
长话短说吧，那位乡绅的野心大过了他手下的本事。皮克特人袭来，我们被掳到了珀斯。维松德号就那么丢下我们走了。,
此地受地底之民守护。唯有诚心以献祭表达敬意之人，方能获准进入。,
我们当时帮了他，没有理由怀疑他。,
老玛多尔在惹麻烦。她指控我们偷东西。,
记得休息，把斧头磨利！你固然可以不眠不休地埋头苦干。,
我向你保证，我们会是彬彬有礼的客人。我们自有办法让你的臣民放下心来。,
这些洞穴位置居中，我推测他们是打算在我军登陆时迅速集结，打我们一个伏击。,
巨龙带了谁来？你可遵从了德鲁伊们的嘱托？,
一个非常年轻的女子，仿佛刚刚成年，站在一张桌子前。那桌上密密匝匝地摆满了药草与菌子。,
哦，是吗？那这片海滩可是块肥肉，你的出价最好够看。,
你的母亲一边思索，一边挠着自己的胳膊。,
听你这么说就好。还请你体谅我们的谨慎，这地方总有些不对劲。更糟的是，我们最近刚折了一个人手。,
我是个做买卖的商人。手头有些精挑细选的货物，也颇有些人脉。,
米尔丁注视着你，那副不置可否的神情，就像一个已经把话说绝了的人。,
凯尔咯咯地笑起来。她的嗓音变得清亮，不再像先前那般撩人，反而更加真诚坦率。,
斯卡拉格里姆开心地笑出声来。,
一种特制的佳酿——调制起来很费功夫，但效力奇大无比。,
他妈的真该死！,
听起来这安排不错嘛！,
除非你红运当头，斯凯恩领主，否则想都别想。,
可不是嘛，凶险万分！不然我们老早就把它拿下了！,
那么，怎么说？,
你赤裸着双手撕开一整盘黄油拌的红萝卜和青豌豆。你连嚼带咽，呼吸越发粗重，额头竟渗出细密的汗珠，哪怕这空气冷得刺骨。,
不如这样，我跟你说说我信仰的门道，你也给我说道说道你的。,
不等泪水彻底决堤，他抄起一把铁锹，着手给那男孩刨起了坟坑。,
刚走出斯泰因的家门，凯蒂尔就拦住了你的去路。他双臂交抱，下巴铁硬，一副要狠狠数落你的架势。,
就刚才，我的心肝宝贝们吓得跟疯了一样，对着墙猛叫，活像撞见了魔鬼本尊。,
我跟我的人会猛攻那座塔楼，把守军从其他防御工事引开。到时你就能从南边那个缺口摸进去了。,
喂，干嘛——别这样，领主大人，想要啥东西，总得跟别人一样付钱吧。,
快，我们得立刻离开这儿。,
赶紧跟上，你们这群拖后腿的废物！敌人随时都可能扑过来！,
求你宽恕我。,
哪来的证人？谁指认的我？,
不就是一个想自己当国王的家伙嘛，这种人多了去了。只不过这位不知从哪儿弄了支军队——知道我是怎么想的？我瞅着，背后准是诺森布里亚人给他供钱。,
这婆娘，大概是你这辈子见过最蹩脚的骗子了。,
就算[情感对象:Name]留意到了你的暗示，他也没表露出来，倒是像被近在咫尺的凯尔搅得魂不守舍。,
可不是嘛，天大的悲剧！看样子，她从前部族的一些人，夜里摸进了营地，把她给偷偷掠走了。离了她，咱们就没法举行那世俗圣礼了。,
{一言不发，以目光逼视。},
他将拇指和食指探进唇间，打出一声尖锐的呼哨。其余那些个掠袭者，早就竖着耳朵在听你们说话了，这会儿纷纷拍掉衣服上的余烬，跟着他走出农庄，沿大路扬长而去。,
我已遣格里姆去拿下奥克尼群岛。他若功成，便是奥克尼群岛的雅尔——不妨说给你听，这头衔，本来可以是你的。,
碰巧路过罢了。,
夜色愈发深沉。你吃着东西，谈天说地，心里却始终绷着一根弦，没法真正放松，因为你清楚接下来要面对的是什么。,
[i]木工活。[/i],
我去过你的宅邸——在里伯。,
凯蒂尔死盯着埃尔林的尸身。,
那可得花些时日了。我一辈子都活在这些高地上，这片地方……唉，比我想象过的任何光景，都要来得壮阔。,
她的声音细若游丝，你不得不凑近身去，才听得清她喃呢的是什么。,
来呀。让我瞧瞧你有几斤几两。,
年轻人一张脸，凝固成一副被怨毒浸透的面具。,
他沉吟了片刻。,
{凑上前，吻住他。},
农场里的一个女人望见你走进来，便吹了声响亮的口哨提醒他。那男人抹了把前额的汗，反倒蹭上了一道粗粗的泥痕。,
不行。,
等这场遭天谴的仗打完，我非得去向我们郡长陈情不可。,
不过是在拾掇我的船，预备出海溜达一趟。奥克尼群岛上有几个老伙计，正等着我过去聚聚呢。,
看来，这王国各处曾立下七块石碑，每一块都揭示出通往国王长眠之处的一部分路径。这些，恐怕就是你先前撞见的那几块石头了。,
说不定他那[玩家:儿子/女儿]，能比他干得好些。,
不管你最终打定什么主意，都务必保证，他们绝没有卷土重来的机会。,
多恩科切在哪？,
[队长:Name]将[队长:他/她]的袖子往上一撸，带着一脸决绝，点了一下头，领头踏进了那阴湿的廊道。余下的人随后跟上。,
也该是时候了！哈哈！,
奈菲娅望向阿斯莱夫，目光里竟泛起一丝近似忧虑的神情。,
对埃迪丝，你们都有何高见？,
你待如何？,
战斗止息了，周遭的死寂震得人两耳发聩。埃尔林还活着——他正拼命挣扎，想从地上支起身子。,
就这么说定了。,
如此精心打造的投石索实属罕见。它绝非一件凑合的兵器，上面点缀着色彩斑斓的羽毛，索坠更是用刻纹骨头削磨而成。,
别往自个儿脸上贴金了，小子，我可嫌你太嫩。,
你方才提起，有人亏欠了你什么东西？我想助你一臂之力。,
不。但我想，我[i]非得[/i]知道不可。如果这话能让你明白我的意思。,
正是。,
罗马军团其他人等皆在撤离，为何你偏偏不走？,
那这威胁不就算是被削弱了不少，你意下如何？行吧——我这就答你的问。,
这些年来，你为她所做的一切，真是慷慨之举。,
他身侧的双拳缓缓攥紧，又慢慢松开。,
更糟的是，我们得知你竟然用[i]母狼[/i]的[i]奶[/i]来主持圣餐礼。我见识过无数异教与蛮族的崇拜，但如此亵渎的行径，连我都深感骇然。,
斯泰因显然很难把目光从你身上移开。这下可好，他一边心神不宁，一边在盘子里瞎捞着最后那块滑不溜秋的鱼肉，给自己添了麻烦。,
公主……,
斯泰因把手枕在脑后，心满意足地仰靠下去。,
虚弱者,
行啊，我跟你打，赢了归我。,
孩子想开口，嗓子却发不出半点声音。他索性不再挣扎，趴在老人肩头，浑身抽搐般地呜咽起来。,
跟考斯坦丁谈谈。,
斯卡拉格里姆侍卫队里有个你认得的弓箭手，朝你走了过来。,
[领队:姓名]耸了耸肩。,
他冲你咧嘴一笑，那稚气的笑容让他看起来足足年轻了十岁。,
阿斯莱夫停下浆洗的动作，出神地凝视着树林深处，目光游离。,
跟那姑娘好好快活去吧。她脑子彻底疯了，不过，她是我这辈子睡过最够味的女人。,
我改主意了。,
难道我亏待过你？你来这儿干什么，兰恩？是想要我的命吗？,
把你关起来是不对的。我知道，加在你身上的那些罪名，你是清白的。,
正是！你在日德兰的奋战，我会倾尽全力支持，直到为你征召一支战士去保卫你的村子。谁也不能说这不是你该得的。,
斯泰因若有所思地捋着胡须，一时间，那沉思的模样让他不像个久经沙场的老兵，倒更像个睿智的贤者。,
说罢，赫罗德盖尔达走回自己的阵列，攻势随之展开。,
如今看你造好了船，亲自出海劫掠，我才觉着你真是个出色的维京人——不过我一点都不意外！我早就看出，你有打仗的脑子。,
我也没指望您会答应！您准是把我错当成别的什么人了！是了。即便如此，还是多谢您肯赏光见我，雅尔。,
没问题。有你上船，我求之不得。,
是不该？还是压根儿不愿？,
早就该料到的。,
我为你高兴，真的。你和她，天造地设。,
这可怜的杂种。看来他说对了——那畜生到底还是把他弄死了。,
我听说你缺些粘草。,
好歹马尼和弗里德盖尔德是死在一块儿的。,
碰上麻烦了？,
就算我倒下了，我的朋友们也定会为我复仇！,
你跟我生气，天经地义。只是……你要明白，我心里装着的，从来就只有咱们部族的未来。,
你怎么能……就那么把他丢在那儿……,
弗尔克范格的草甸在我眼前铺展开来。,
走得可真及时。请务必收下我这柄剑，算是我感激的证物。它自然没法跟你那上好的宝剑相比，但这已是我仅存的一切。,
我正打算这么干——还不止于此，我正在筹划与西边达尔里阿达的邻居们结盟。这可不是什么轻松的差事。,
{喝吧。},
这皮克塔维亚头一位，也是最后一位国王，发出一声绝望的叹息，随即又狂笑起来——那笑声阴鸷刺耳，近乎呜咽。待你背转身去，他仍在笑个不停。,
你想什么时候回来都行，但只要那些商人还吓得像惊弓之鸟，你就别指望这局面会改变。,
那边那个盖尔姑娘，她那儿的货色足够你挑的。,
这些该死的异邦佬，还真以为跑到这儿来就能想拿什么拿什么！,
{快逃。},
那姑娘的脸唰地变得像雪一样惨白，当她又走上前来、逼着自己开口道歉时，你敢发誓，她的双肩当真抖了一下。,
我这会儿没兴致讨价还价，不过你可以一口价全包圆了，二百奥图格银币。,
你以为能打动我？就凭——凭什么呢，几句好听的软话？,
你一刀接一刀地把匕首捅进他的身体，他那双枯瘦如柴的手只能在你身上徒劳地抓挠。随着每一下刺入，浓稠的血浆便溅满你的双手，他的垂死挣扎也迅速地溃散。,
{提供8000财宝。}那我便翻个倍。有了这样一笔横财，足够你支撑好长一段时日了。,
篝火旁的人全站了起来，互相递着眼色。所有人的目光最终都聚到一个人身上，他大步走上前来。,
诺森布里亚和斯特拉斯克莱德来的上等好货！,
也许他们是，奥斯克。可也许，他们不过是摸错了营地。,
此刻，你蜷伏在荆棘丛中，藏身于暗处，正握着出其不意的先机。,
那两个被俘的维京人，看样子是在混战中自己挣脱了束缚。,
{把里科维那具残缺不全的尸身丢到他面前。},
在西去的大路上，设下埋伏，截击奥斯雷德的使团。,
我们的国王驾到。他点名要见你。,
她将手深深探进背包，掏出一个小罐子。,
是啊，那是个错误。,
日落之后不久，你带着亲兵抵达，被领入考斯坦丁的厅堂。国王亲自前来迎接。,
那他们活该，谁让他们跟你这种奸诈的败类结盟。,
我得先处理点别的事，但我们会尽快出发。,
只好硬闯进去，再瞧瞧有没有机会可乘。,
我们从东边日德兰半岛海岸的斯基恩来。,
干掉那个看守两个维京人的皮克特战士。,
考斯坦丁既明智又聪慧。他若看出这能拯救子民，就会为我们所用。,
这太不公平了。这么多年过去了，好不容易才找到彼此……,
求你了。要是你听说哪儿有人家还能收留我……我一定卖力干活。,
对埃伊迪丝，你有什么看法？,
战败后，你退回长船……,
你的盾牌,
我们必须离开这儿！,
我会与本地长老合力照管它，直到你与斯库勒的仇怨了结。你这新生的王国稳如磐石，[Player:King/Queen][Player:Name]。,
主教只是微妙地抬了抬手，示意你继续下去。,
真是白费了。,
侥幸的话，这不过是个小误会。,
你的成长同样塑造了你。若非父母把那份骄傲与不屈灌进了你的骨子里，你也不会渡海而来，捍卫自由。,
当最后一个攻击者倒下，四周骤然静了下来，先前的厮杀仿佛成了遥远的事。,
但愿这一切都已过去。,
拉格希尔本人出现在门口，脸上挂着一丝不以为然。,
{攻击。} 我就是要你亲口认了，好让我名正言顺地 [i]这么干[/i]。,
给你添乱了，对不住。,
那你准是拉格纳尔了。,
你的远征进展如何？,
格蕾妮后退一步，矛尖仍冲着你的方向。,
来啊，兄弟们！好生“欢迎”他们一下。,
转念一想，这剑还是该你拿着。终究是你兄弟的剑。,
看样子，埃尔林格的女儿要嫁给赫拉芬凯尔·特罗斯坦森了。还记得赫拉芬凯尔吗？特罗斯坦一家常来这儿卖他们农庄的出产呢。,
我试它一试。,
你在山间的跋涉一路还算太平。[Klutz:Name]正贴着岩架小心翼翼地往回走，就在这时，从上方的巉岩间，一道掠食的暗影裹着一团模糊的羽翼与动作猛扑下来。,
对不起，默丁。我们当时回天乏术，救不了他。,
抱歉，我就这点东西了。,
格蕾妮指挥完城堡的加固防御后归来。,
真他妈漂亮的一仗，维京人！不瞒你们说，我原先还犯嘀咕，可这一仗全给打没了！,
我的孩子，你打得很好。我知道，堂堂正正较量的话，你准能把那群懦夫揍趴下。,
那一夜可真够劲儿。,
把它传给有需要的人——这样我们也好继续上路。,
看看他们的盾牌和穿戴，[Player:Name]。是斯库勒的人。,
你本想装出站在他那边的调调，口口声声为他着想，可给人的印象却完全不同：简直像是替本地人在放狠话。,
她这番话彻底浇灭了那小贼的气焰。又迟疑片刻后，他把剑扔在你脚边的地上，扒下了盔甲。,
乌斯河上，你几乎没遇到像样的抵抗。几个哨兵从岸上瞎放箭，箭矢只是闷闷地扎进[Shipname]船舷的盾牌上，毫发无伤。,
让我给你好好上一课，关于个人财产权的。,
我不会因为那人把你 [i]给[/i] 他的戒指拿去当了，就要他的命。,
我们已经折损得够多了。塔洛克！你清醒一点！,
你站在诺森布里亚之王奥斯瑞德面前。,
求求你，给我点什么止止疼。救救我！,
吃 [i]这招[/i] 吧，恶棍！,
他花了长得可笑的时间才琢磨过味儿来。接着，一脸茫然慢慢化作了惊恐。,
你 [i]这魔鬼！[/i],
我们现在怎么办？,
雅尔·拉格希尔悬了赏，给有胆子查清此事的人。,
[Player:Name]……这事，难不成跟你父亲有关？,
这 [i]卑劣至极！[/i] 众神对此等…… [i]匪盗行径[/i] 绝不会坐视不管。,
带着这样一队扈从，你定是哪一位 [Player:king/queen] 吧？,
看看最近发生的这些事，我不得不这么想。,
再说，你没杀我，也没杀我任何一个姐妹，就凭这一点，我也敬重你。不像那个软蛋康纳尔·马克·泰格。,
年轻人显然松了口气，一边连声道歉，一边带着那女孩退回他们的地盘。[Finder:Name]见你如此缺乏管束，明显很不高兴。,
{交出 100 财物。} 里面有5便士归你，只要你给我指个方向，告诉我有谁可能知道他在哪儿。,
这倒是真的。你对付康纳尔的时候，就已经赢得了我的信任。那些德鲁伊的下场，我不得不信，并非你能左右。,
嘿！把它给我！,
那就是存心找茬了。,
[Scout:Name]巡逻归来，报告说没有发现那个猎人的踪迹。,
你怎么把你的人给弄丢的？,
我就知道！我就知道你会站到那群魔鬼崇拜者那边去！,
冥顽不灵的老东西。,
你们是遭了狼群袭击吗？,
[i]他妈的[/i]，行了吧。我要是付了东西的钱，你至少能把这事儿给咽进肚子里吗？,
我真的很抱歉。,
耽……耽误你片刻时间。,
让我瞧瞧你的货。,
我在此立下这道尼德柱，将这诅咒投向埃格里姆。这诅咒也投向栖息在这片土地上的尸鬼，让他们全都迷失方向，找不到归乡之路，直到他们将埃格里姆从这片土地上驱逐出去为止。,
你上一个雇主派我来找你。,
我觉得你没那么坏。我知道你心里是为我们大伙儿好的。,
阿斯莱夫？真的？老天，姑娘，你这是打哪儿学来的这种品味，挑男人的眼光这么不入流？,
{一把推开他。} 滚开！,
哈！你总算做了个明智的决定。,
女祭司清了清嗓子。,
这是莫大的荣耀，公主殿下。我家世代都是凯特王国忠心的臣民。您怎么会和一帮维京人混在一起？,
我万没想到，最惊讶的人居然是你。,
我们会在盛宴进行时抵达。那时你正好下手，除掉国王和他的手下。然后你再出来与我们会合，开始真正的劫掠。,
只是随便转转，看看风景。,
也只能凑合了。但愿咱们能尽快重新出海劫掠。,
我不想看着你离开，可我知道你会让你父亲为你骄傲。你不在的时候，我和你哥哥会照看好氏族的。,
介意我问你几个问题吗？,
我的王位被阿尔雷德之子、奥斯雷德的堂兄艾尔夫瓦尔德篡夺了。艾尔夫瓦尔德去年死了，正如你所见，如今是奥斯雷德坐在王位上。他的统治长不了。,
当第一个奴隶的双手被祭司的门徒反绑在身后时，恐惧让另外那两个人抬起了头。,
你们的村落坐落在一条主要商道上，我原以为你们会很富庶。,
这正是我想说的。这种消息……可是会惹祸上身的。你若是能凑出，比如说……20个奥图格的银子，我就把我知道的告诉你。,
我们还没料理那些狼呢。它们数量实在太多了。,
现在，求你……了结这一切吧。,
我现在什么也不需要，但有你们在真好。我就不耽误你干活了。,
除了[Prompter:Name]和[PrompterFollower:Name]去追那些奴隶了，其他人都没事。接下来怎么办？,
是我扶你登上王位的。我们之间可是有协议的。,
Beod ge gesund，远行的旅人。愿精灵为你们指引前路。,
一定就是这里了。看来我们赶在了那些代表团的前头。,
赫罗德盖尔达……,
雅尔拉格希尔德的旗手斯卡拉格里姆已如约而至，在营地中央附近为他的手下选好了地盘。,
听你这么说，我很高兴。我们的国王绝不会忘记那些在战场上援助过他的人。,
胡尔达眯起眼睛，凝视着学徒离去的背影。,
二位若是商人，想必一定有什么可以用来交易的东西吧？,
“高个子”格里穆尔夫是你的叔叔，但在你的整个童年里，他始终是个笼罩着几分神秘色彩的人物。,
康斯坦丁带着一丝揶揄的笑意，迎向康纳尔的目光。,
邓弗里斯曾经是我们的地盘。后来几年前，老酋长死了，这个叫艾布琳的丫头被选中接了他的位子。,
当你走出来时，你的侍卫队和斯坦恩的侍卫队都候在外面。你的手下们满怀期待地望着你，可你还未来得及开口，斯坦恩的一名战士就从门缝里瞥见了他的尸体。,
嗯，这玩意儿肯定值点什么。咱们看看能不能找个买家。,
{支付 500 贵重品。} 那种能磨砺心智的东西。,
不瞒你说，我还挺喜欢——采药。我爱那份寂静。,
与埃奥福威克的港口长官协商泊船许可。,
他双臂抱胸盯着你，却一声不吭。,
真庆幸我没喝酒——今晚的事，我想记个明明白白。,
枪阵,
凯蒂尔坐得稍远，看来也比你先醒了。,
奥塔尔望向聚在你身后的塞恩们，焦躁地换着脚，身子晃个不停。,
老者的面庞忽而茫然无措，忽而惊恐不安。,
斯库勒不自在地清了清嗓子。他分明知道会闹成这样——明知如此还敢继续提他的主张，胆子真够大的。,
你怕我伤了那些帮过你的人？我不过是想抓到科纳尔，他的氏族跟我们再没半分瓜葛。,
这可怪了。我们不是来商议两国结盟的吗？陛下为何派个不相干的人来替他说话？,
他无力地晃了晃头。,
啊，我听说过你——奥克尼易主的消息一传来，我这堂上可炸开了锅。,
竟没人看见他们走？,
你呢，[Player:Name]？你觉得胡尔达会变形？,
这是场误会。我从没想过会弄成这样。,
不管母亲遭了什么，你做的这一切，我感激不尽。,
守住考斯坦丁的厅堂，抵御斯卡基。,
盾女维贡德尔曾戴过的这顶头盔，她阵亡于弗里西亚后被送回丈夫手中。为凑够回乡盘缠，他在里伯把它卖给了你。,
接着打！,
行，赶紧滚出我的林子。,
[Player:He/She]杀了斯泰因！你这狗崽子！,
行行行，你说得对，我们是贼。想怎么着？,
咱们打他们个又快又狠。沿沙滩往北，从侧面摸进院子，我们不是跟你同去，就是兜到东边夹击。,
拿去吧，可怜的傻瓜。拿得远远的。,
只要你站我们这边，这话听着就顺耳。,
你逗我玩吧，伙计？我们俩人顶你一个！,
当然。我倒想听听你自家嘴里讲出这些事的版本，不过那得先搁一搁。,
肯定还有咱没试过的法儿。,
老酋长抬起一只手。,
主教摸着光溜溜的下巴，倒像那儿真有把胡子可捋似的。,
我看我还是眯一会儿吧。,
{逗你玩的。}你可算爬到了，真够磨蹭的。,
{走了啊！},
干脆打一架定输赢，我看这法子挺好。,
你在奥克尼挖出来的一把斧头。斧刃上刻着异域风的精细花纹。,
你这人的骨气怎样，我无意冒犯，只是上回你们那边来的人——是帮劫匪。,
你这双[Player:eyecolor]眼里有簇火苗，透着机灵劲儿和洞见。我觉得你比我自己还懂我。,
你将绳索牢牢系在根粗壮结实的石笋上，把绳头抛向手下的侍卫。他们逐一攀上，与你会合在岩台上。,
那女人当即利落地转过身，领着她的人便朝出口去了。瓦莱里乌斯一言不发望着他们步出，双拳紧攥。,
用不着，你只会越搅越浑。,
接着那巨人鞠了一躬——你倒是诧异，他那一身横肉竟没叫上半身栽个跟头——随即便大步走开，另寻人去纠缠了。,
趁你还来得及，降了吧！,
改主意了？没事。,
凯蒂尔朝你歪嘴一笑。,
[ObjectOfAffection:Name]满脸丧气，却没驳你的命。,
帕尔尼往墙上一靠，乐得闲看他兄长挥汗。此人身形精瘦，筋骨结实，眼里闪着狡黠。,
没那面鹰帜，他们死也不会跟我走！军团非散架不可！,
闹成这样，就因咱俩上过床？,
她一心想叫我出丑，好让她自个儿当新女巫。她的话一个字也别信！我这身体好着呢。,
她别过脸去。,
你要造什么样的船？,
那草……是猪草。再不赶快洗掉汁水、调贴膏药镇镇皮肤，[Victim:Name]怕是马上要疼得死去活来。,
就是扎在这山脊上头的那群下贱渣滓。我的钥匙一准还在他们手里。,
我们找到具年轻女尸，穿着那样一条裙子。人已经没了。,
格雷蒂尔踏着轻快的步子往村子走回去，兜里叮叮当当地轻轻响着银钱声。,
{一言不发。},
我叫[Player:Name] [Player:Lastname]。我是个维京人。,
你要是照做，里头有好东西等着你呢，亲爱的。,
那些该死的北方人打起来活像疯熊！,
屁也没有。我们会战至最后一滴血！等街上空无一人、淌满居民的鲜血时，你们才能拿下邓弗里斯！,
就是熟悉熟悉这座城。,
在斯凯尔宁厄，你碰上了一个耶灵来的商人，他手底下一个护卫最近卷走了一批值钱的武器装备跑了。他不在乎那人，只想讨回自己的装备。,
这墙内不搞任何异教礼数，我的好[Player:先生/女士]。我们都是敬畏上帝的基督徒，你尽管放心。,
年轻的女巫叹了口气。,
我们珀斯再见。愿奥丁伴你左右。,
[Finder:Name]一脸难以置信地瞪着你，可当[Finder:他/她]对上你的目光，便看出了你话语中的狠厉。[Finder:他/她]把[Finder:他/她的]小刀抵上奴隶的脖子，割开了这年轻人的喉咙。,
这地方待着不对劲。总感觉有谁——或者[i]什么东西[/i]——在盯着咱们，可我回头去看……空无一人。,
我替你高兴。干得漂亮。铭文说的什么？,
日安。,
不不，只是……我想我现在信了那些他是怎么拿下耶灵的传闻了。,
咱们先别急着瓜分这人的家当。往后有的是工夫。,
回老渔夫那儿去，看看曼尼平安回来了没有。,
你的话空洞得很，维京人！我们什么都捞不着，却可能赔上一切！我们会在你开战之前就把它扼杀掉。,
在这儿我们起码是安全的——当着国王的面，他不敢造次。,
我会找到那家伙，还有那小雕像。,
兴许我们该琢磨琢磨邀贡纳尔入伙。,
为了一头猪犯不上动手……玛多尔之子们该撒手才对。,
好大的傲气。我见过这股傲气把多少英雄儿女给毁了。你要真是跟斯库勒拼个你死我活，可别只为了一口气，得有个更强些的理由。,
查查那些年轻猎人的营地，当面戳穿他们的谎话。,
围住你的这群人看着是格蕾妮的残部——全是女子，不少人衣服上或装备上都佩着她的乌鸦标记。,
多谢相助，[Player:诺尔斯人]。我会为你们的灵魂祈祷。,
那假先知已被铲除！行吧，这话兴许是说大了些。,
你该拿出点感激的表示来。,
艾菲不见了。她的帐篷没了，装备也全没了。准是半夜偷偷溜了。,
你要是饿了，可没工夫在桌边闲扯。,
她还担得起她的职责吗？,
你是什么打算？,
埃迪斯拍了拍你肩膀，给你鼓劲儿。,
[Klutz:他/她]直坠而下，狠狠撞上一块凸岩，痛得发昏，接着滚到了下头一处岩架上。,
也罢，我来终结你的痛苦。,
这些钢片一看便知是拿来当甲胄穿的。少说也有几百年光景了，却品相奇佳。上头考究的纹饰足以说明，它最初的主人必定身份显赫。,
你试图说服克维尔杜尔夫——对他晓之以理，说既然阿斯莱夫已经有了那套装备，他再扣着不给你，只会让你更容易送命，哪里谈得上保护他。可你说得磕磕巴巴，话里全无半分说服力。,
他抬手掩住嘴。,
你们这帮人没长眼睛不成？防线上豁着个大窟窿，赶得上[i]一片湖[/i]了！,
能再跟我多说说那逃跑丫头的事吗？,
哦？哦，不成不成，像您这身份贵重的人，我哪好意思请您帮忙。,
好一棵漂亮橡树。里头的料子刚够打造一艘沉重逼人的战船。,
四个人——三男一女——分立在墓道入口两边，正随口聊着天。,
[Killer:Name]把你紧紧拥入怀中。,
你满心畅快地与那二人道了别，他们的感激让你脚步都轻快了。不管他们往哪儿去，这一程的吃食总算是不愁了。,
那么……跟你做生意很是愉快，不过你要是没打算雇我这班弟兄，我还有别的要事得忙。,
除掉斯坦恩的人马，把奥克尼群岛的掌控权夺到手。,
那就只好硬来了。,
万分荣幸，陛下。,
你曾有用处，考斯坦丁，可我这新王国里没你待的地儿了。,
据传，一伙外族武士在乡野间四处流窜，各修道院惶惶不可终日，唯恐一场异教徒的洗劫迫在眉睫。,
而你竟毫发无伤。哦，感谢神灵庇佑。,
这真是无上的荣耀，陛下。,
我叫南娜，奉白衣拉格希尔雅尔之命，前来传信。,
阿斯莱夫是个好人——正直、尽责，他家族处事向来公道。,
既是被挑战的一方，这先手一击，理应由你来出。,
待狼群咬饵，便尽数斩杀。,
打开通往第39号里堡的城门，放格蕾妮的人马过去。,
我只用了一个夏天，便做成了多数塞恩连做梦都不敢想十年能成的事——我征服了[i]整整两个[/i]国度。,
便是如此了。我这条命，就要交代在此处了。,
他们正受着极大的苦楚。你领地的凋敝，在别的农庄里感受得尤为痛切。,
他投来一道疲惫的目光，定定地瞧着你，似乎想斥责你的冷漠无情，但到底还是作罢了。,
是，而且我这听不进半个“不”字。,
他的嗓音步步拔高，冲向顶点。,
阁下便是拉赫兰之子凯蒂尔。,
铁匠闪身进了铺子后间，再出来时双手捧着一件厚实的绗缝衬衫。他面色肃然地点头致意，将它递给了你。,
那倒也给了我们时间，可以从你在皮克塔维亚和诺森布里亚的新领集结援军。许多曾参与那场入侵的人，正巴望着能与你再度并肩而战呢。,
干得漂亮。,
{提供400财物。}兴许二十便士，能教你回心转意？,
我简直不敢相信，那老东西竟给我撇下这么个烂摊子。,
若要估个数目，我大概会说，要想在阿尔庭上让斯库勒·碎颅者的任何索求都站不住脚，我们如今才不过做到一半。,
[i]妈的。[/i],
恐怕这是唯一的法子了。要我向你开口提这种请求，实在叫我心如灌铅，却又不得不为。,
这修道院算不上富裕。倒是还有别的路……,
{攻击他们。}就怕你要说的，正是这句话。,
咱们这是，惹上什么麻烦了？,
若你不介意接受一个女巫学徒的援手，我这儿兴许有件东西，能让你一用。,
那女人脸上掠过一丝惊惶。,
此乃大事。计划你都了然于胸——若你决意相助，便去找主教，依令行事。,
我定会将公主平安带回。,
{把从牲口棚附近采来的花递给她。}这些便是你说长在牲口跟前的花儿吗？,
他们临死前的惨叫，将至死纠缠我余生的每一个噩梦。但我觉着，那场惨剧……我想，恐怕是场误会。一场可怖的误会。,
他整个人颓丧下来，挣扎着想把哽在喉头的话挤出来。,
格里马尔！这可真是[i]意想不到[/i]，竟会在这儿又撞见你，哈哈哈！,
多谢了。,
只听得教堂两厢房门砰然洞开，六名全副武装的民兵一拥而出，冲入正厅，将你团团围在当中。,
谁人武艺更强，此事向来毫无悬念。,
母亲将你拥入一个温暖的怀抱，她的眼眶里隐有泪光闪烁。,
容我再问你一桩事。,
{结果他的性命。}我很遗憾，事情竟要走到这一步。,
听好了，那批货是我们的。乖乖交出来，便相安无事。,
若能寻着他们，替我夺回赠物，你便将赢得我不尽的感激——以及一笔极为丰厚的报酬。我向你保证。,
转念一想，还是作罢。,
铭文载着这样一个传说：曾有一座瞭望塔，雄踞于方圆数里内的至高点，人在塔上，可极目远眺直至世界尽头。那塔孤零零地立着，守塔的人终遭遗弃、被重重围困并惨遭覆灭。在这座塔的根基之处，你将寻得所要之物。,
那一直躲在树后偷听的年轻女子，此时踱步而出。她一手持矛，另一手擎着一把猎弓。,
斯泰因生着一双湛蓝的眸子。纵使他面庞的其他部分如磐石般深藏不露，这双眼睛也仿佛总在含笑。,
也罢，你显然是已经不跟我站在[i]同一头[/i]了！那叫我如何是好？,
哎——我有种感觉，麻烦将至。咱们先把这儿谁是主事的弄个明白，如何？,
他身子向后一靠，手还搭在肚子上，发出一声心满意足的叹息。然后，仿佛心里无声地应允了自己什么似的，他又探身向前，往自己盘中多添了些菜。,
该死！列阵！没工夫耽搁了！,
唔。山丘上布置了哨兵，正居高临下望着城堡。,
嗯。愿你旅途平安，维京人。,
老女祭司瞧着你，目光中多了一分新的疑心。,
再好不过。,
据说奥丁之弓每拉一次弦，便能射出十支箭。可惜这把弓做不到，但这丝毫无损它精湛的工艺和绝美的雕刻。,
再像这样来几下，我就能挣到一块符文石了。,
埃塞尔雷德朝瓦达投去一个略带困惑的眼神。,
内菲娅用胳膊肘撑起身子，把两条长辫子从泥泞里拽了出来。她朝阿斯莱夫举起一只手，表示投降。,
阿斯莱夫上前一步，拔出武器。,
你帮我做了这么多，我真不知道该怎么谢你。要是没有你，我都不知道该怎么办。,
你们竟敢亵渎墓穴的圣洁，竟敢违抗地底之民的守护，竟敢偷盗远古尊王的遗物？！,
{回去接着睡吧。},
行，这听起来太麻烦。咱们直接跟康纳尔打一场就是了。,
婚礼上有一连串极为古怪的仪式。年轻的新娘和新郎盛装华服，他们凝视着彼此，仿佛世间再无旁人。,
你们打得真不错。众神会满意的。,
我听说有人看见他往南边逃了，往东南方向。,
没有，不过你要是有一个，我倒想听听。,
你贩卖奴隶？,
{让她加入。}说得在理。行，你可以跟来。,
对不起，你的家族必须受到惩罚。,
{先不管他。},
他就住在那堵墙的另一边。你就从没想过直接过去要回来吗？,
将赫丁维的奴隶送回奥克尼群岛。,
{别管他们。},
我们为这个盟约付出了太多心血。现在我不会背弃它。,
片刻之后，[帮手：姓名]回来了。,
他用期待的眼神看着你。,
我明白了。,
我的[i]大英雄[/i]！,
这事最好能让我们捞着点好处。,
我的英雄！真高兴又见到你了！,
你试图闪过这致命的偷袭，可这孩子虽说本事不济，但胜在手脚够快，心也够狠。,
艾迪丝的儿子们答应每天早上来看她，达格海德晚上则会带晚饭来坐坐。,
艾迪丝的丈夫临终前，将这顶尖顶盔留给了长子。如今她戴着它，以祭亡夫之魂。,
让我看看你的本事，老东西！,
我正是这个意思。,
他那洪亮的声音因愤慨而颤抖不止。,
由于船体受损，[Shipname]的航速大打折扣。你下次靠港时最好把它修一修。,
那么，维京人。报上名来。,
只要你能打开门，我们就进去看看。要是遇上地下之人，兵来将挡便是。,
她脸上浮现出极度惊骇的表情。,
是啊，我是有点想法。但我都憋在心里，不想挑事儿。你明白吧？他就是个混蛋。过去是，现在是，将来也改不了。不过好歹现在他是我们这边的。,
别犯浑了，你这蠢货！你这根本就是去送死！,
考斯坦丁正满心忧虑、疲惫不堪地环顾四周。见你出现在门口，他稍稍挺直了腰杆。,
当然！你完成了我托付的事，而且做得干净利落。请收下这些礼物，聊表我的谢意。,
这已经是超出我们应得的宽宥了。塔洛克！你清醒一点！,
奎恩看向你，想得到一个肯定的答复。,
说得好。这么说，你也是冲钱来的？,
你！你怎[i]敢[/i]未经我准许就擅自离开！你怎么还敢对我提要求？！,
多谢你。只要你想要，可以拿我的东西来换这把剑。我的战斗生涯已经了结了。,
一抹扭曲的笑意拧在她的嘴角。,
{离开。},
我只要这个小玩意儿，它不值几个钱。剩下的你全拿走。,
一层灰暗的悲伤笼上了她的面庞。,
{杀死贡纳。}我骗你的。,
以他的处境而论，这少年实在镇定得出奇。言谈举止，颇为得体。,
你想给你的船起个什么名字？,
嘿，[Player:Name]，最近怎么样？我刚在跟西格叙旧呢。你是不是差不多又把一切重新攥回手里了？,
我们确实遇上人了——那些赶在我们前头盗墓的倒霉蛋。饿昏了头，疯疯癫癫的，还朝我们动了手。,
你不该在这里搜刮。这是不敬。,
为了救基利安，我们已经把他们全打了一遍。那村子里没一个人还有力气再动手了。,
一声被逗乐了的嗤笑从凯蒂尔鼻子里蹿出来，但他忍住了没说话，没去戳破斯库勒身边那位盾女的念头。,
{刺死她。},
我感觉自己能睡上整整一个月。,
别乱动！,
他们中一些人全副武装，穿着统一颜色的服色，另一些看着则像是本地的农夫，跑来杀几个维京人过过瘾。,
埃奥福维克的小巷与窄径，已成其巢穴。犬妖所过之处，必有死亡相随。慎防那锁链的嘎吱作响。,
女孩用双手捂住嘴，在你夺走诺托尔夫来路不正的剑与他的兽皮外套时，她像只老鼠一般，一声不吭。,
选择一名追随者拯救[受害者：姓名]。,
他多年前便离开了我们的农场，那时他被征召进了我们叔叔的侍卫队。自那以后，便再无音讯。,
我越早面对它，就能越早找到出路。谢谢你对我直言不讳。你是个好[Player:哥哥/姐姐]。,
他凝视了你片刻，然后只是败下阵来，点了点头。,
没人能算计我，马班。[i]没人能。[/i],
很好。谢谢你。,
老德鲁伊笑起来，声音像他洞外的小溪般汩汩流淌。,
袭击者里竟然有皮克特人？,
你若能找到他，我便把我的装备卖给你，只要你想要。,
你就是芬古拉公主？我代表皮克塔维亚的考斯坦丁前来。,
老人连退数步。,
或者云杉木会是个不错的选择——这种材料更轻，能造出快船。,
那里住的是皮克特人还是盎格鲁人？,
还好我们找到了这些家伙。不然我们任何暗中行动的企图，都会毁在他们手里。,
西格丽德大笑着擦去眼泪，动作太大，差点戳瞎自己的一只眼。,
他不快地哼了一声。,
什么？不！不，我呃……她对此没兴趣。我对这种事有直觉。,
现在没那么嚣张了吧，嗯？,
嘿，[Player:哥哥/姐姐]。最近如何？,
灰烬重生,
等等。你们就是他要来见的人？,
我还不至于不屑做个简单的修理活儿，尤其是为你——能帮上你的忙是我的荣幸，而且我会尽量分文不取。,
你真让人恶心！,
她手下的镇民，有些是世代居住于此的皮克特人，有些则来自地道的诺森布里亚家族。就像我说的，乱得一团糟。,
{支付400贵重品。}能缓解疲劳的一种饮品。,
放了基利安，我们便也饶你一命。,
你们是头一个费心来此自我介绍的同类。多半时候，你们只是在沿海村落烧杀抢掠，洗劫我们的修道院罢了。,
可怜的女孩。她不过是想要寻得一点浪漫罢了。,
别哭，内菲娅。你一直都那么坚强。死亡病永远无法夺走你——它会随我一同消亡。,
他惊讶地看了你一眼，但随即便愉快地轻笑起来。,
如果她太难缠，就再来找我谈谈——我或许能帮上些忙。,
拿了它，把这事了结。,
真是奇怪。你这儿还真是有个大谜团。我从未见过这样的图纹。,
最好先布下些陷阱。,
随着白昼转入午后，一股清冽的寒意悄然漫过平原，你的时刻正在临近：斯库勒·碎颅者，即将对斯克恩宣示他的主权。,
他高高举起自己的锤子，以示再会。,
看看四周——看看你对埃奥福维克这些穷苦而虔诚的百姓都做了什么。我无法阻止那些惨事，但我[i]绝[/i]不会容你将那种恐怖带进我的教堂！,
我们是来向这位国王进献贡品的。,
老人听上去颇为满意。,
下次在原地等我们就好。,
什么？！那是什么东西？,
[Pointman:Name]满脸担忧。,
给老子个痛快。[i][Player:你这杂种/母狗][/i]。,
阴郁的思绪攫住了老德鲁伊。他转过身去，试图藏起自己的情绪。,
我看到一处陷阱。我们是在跟一群卑鄙的可怜虫打交道。,
我可不喜欢被人暗中监视的感觉。,
你瞥见哈夫丹在弗利里身后身形一震，但兰薇格用手按住他的胳膊，摇了摇头。他们三人全都用满是敌意的目光瞪着你。,
他们会趁你不备就溜走的。我们必须鼓起勇气。,
你杀了我的儿子们，绝了我的后。这里除了我自己、我的女儿和我的儿媳们，再无他人了。[i]走吧[/i]。就让我们独自哀悼吧！,
是。,
那个[BustedFollower:男人/女人]正穿着[i]老子的[/i]盔甲！,
你这多半是在信口胡编！一半的财宝，否则你们就自个儿想法子进去吧。,
{爬下去。},
她心神不宁地拨弄着发间的一个鸟头骨。,
诚如你所言。,
{离开。},
她断断续续地冷笑起来。,
在教堂前的小庭院里，几个惊恐的朝圣者已拿起武器，誓要保卫他们的神殿。队列之中，还站着些身穿长袍、看起来这辈子都没摸过武器的男男女女。,
那女人拔出撒克逊刀，尖叫着朝你猛刺过来。她丈夫也紧随其后，而那个大块头眼里带着惊惶，紧紧跟在他们身后。,
她开始微微发颤——她想掩饰，但无济于事。,
{走开。},
这是一把卓尔不凡的剑，显然坚固耐用，却又轻巧柔韧。显然，锻造它的人掌握了多数铁匠连门道都摸不着的技艺。,
[闯入者:Name]发出一声困惑的轻笑。,
你好啊，[Player:Name]。尽管宴会被打断了，但我在你的盛宴上玩得十分尽兴。我可不希望你非得等到家里再办丧事，才肯开下一次宴。,
不必道歉，我只是更喜欢保持头脑清醒罢了。,
在凯尔的门外，罗斯科娃的目光与你短暂相接，她的脸唰地涨得通红，活像一颗甜菜根。她转过身去，但在那之前，你已经看见泪水从她脸颊滚落。,
你，小子。你父亲是埃塞尔雷德军中的斥候吗？,
他一确认他们安然无恙，禁卫军的首领便朝你走来，向你微鞠一躬。,
你打算设一个圈套？,
筹备远征所需的一切都已齐备。一旦你下定决心，便再无回头之路。,
我改主意了。我们会与你一同攻打村子。,
[i]主啊，求赐他们永远的安息，并以永恒之光照耀他们。[/i],
年轻人显然松了口气，一边道歉，一边带着那姑娘退回了他们的地盘。,
你已踏上了诺森布里亚王国的土地。既然你已为亲兵队伍备好了马匹，如今便可在这片大地上自由驰骋，熟悉这个陌生而新奇的地方。也许，从奥斯雷德二世国王的都城——埃奥福维克城开始，会是个不错的选择。,
我如约把爪子给你带来了。,
再派一波人上去！下次我们准能拿下他们！,
没错，空间越大，我们就越容易冲垮他们的防线，或者用弓箭手将他们一个个点杀。,
塔洛尔克脚跟一转，面向艾丹。,
芬妮那姑娘，真是个勇敢又机灵的孩子。找不到比她更好的儿媳了。,
也祝你好运，[Player:Name]领主。,
丹尔扭头喊道。,
你想一掌拍开他握刀的手臂，顺势揪住他的领子，但他的生疏反而让他出手变得难以捉摸，竟躲开了你的擒拿。,
他向你投来一道厌恶的目光，狠狠盯着你。,
{烧了那小船。},
他挑起一边眉毛，嘴巴抿成一道细线。,
当然。还有什么能为你效劳的？,
武器教官猛地转过身去，不让你看见他崩溃的样子。对话停顿了好几分钟，他拼命想压抑住自己那起伏的嚎泣。,
这些石头上面密密麻麻地刻满了多组截然不同的怪异标记。最古老的那些符号依稀可辨，是些动物或植物的轮廓。,
凡防守不周之物，取之便是我族之道。,
阿尔庭,
它坏了。下次扎营时我得瞅瞅。,
我不得不要求你去做的事，压得我心头沉甸甸的。那个诗人必须死。,
{止血。},
艾奥纳的主教正在赶来主持仪式的路上。旧信仰的各个氏族可不会为此高兴，但末代德鲁伊都已消亡，对此也无可奈何了。,
她倾身靠过来，在你脸颊上落下一个纯洁的吻。[ObjectOfAffection:Name]则非常努力地克制着，不让自己瞪过来。,
你 这个混——[i]王八蛋[/i]。谢了。,
但是……我们绝不能低估斯库勒·碎颅者。那个人袖子里藏的，永远不止一把刀。,
真可惜，你终究未能达成目标。我早就警告过你，前方等待着你的是巨大的危险。,
等我们到了那儿，再看情势如何吧。,
远古智慧,
起初，他似乎是想拥抱你，但接着他便从你的抓握中滑脱，瘫倒在地，失神的双眼空洞地仰望着天空。,
三个小时过去了。终于，你听见灌木丛中传来一阵窸窸窣窣的声响。,
你说话的方式可真怪，一定是从很远的地方来的。看到一群女人身边没个男人陪着，就赶了这么远的路，这可不寻常。,
对，没错！我一眼就瞧出你是个了不起的战士，只是当时没意识到……你武艺竟……如此精湛。那么，就按价值200银奥图格的精炼铁料来算吧。,
中断婚宴，拿走你想要的一切。,
一丝恐惧掠过，但很快就化作了听天由命。,
{招募贡纳尔。} 很好，我接受你的效忠誓言。,
嗯，我领了你这份情，但那恐怕会变成那人射出的最后一箭。,
不。他们不是。,
比尔德·斯特凡松就住镇上。两个家族的血他都沾。,
好，谢了！咱们斯基恩见。,
那就了结吧。羞辱我没用。,
我只要十分之一的战利品。毕竟，活儿都是你干。,
我不能就这么放你走。,
若你的申诉败了，他们降下的惩罚不光落到你头上，我的族人也要同受。,
还没完。,
其余诸位：屋里桌上还有蜜酒和吃食。我想，等[Player:他/她]准备好了，首领会回来的。,
关键看他是否料到了埋伏，还有陷阱藏得有多深。论隐藏陷阱，我骗得过任何人。,
什么都没有？你确定？,
那最好不是在拐着弯儿骂人。敢辱我的，都没[i]好下场[/i]。,
眼下该怎么办？皮克特兰也好，诺森布里亚也罢，都不会再与我们往来了。,
说说吧——今天是什么风把你吹到里伯来了？,
说她仅仅是吃了一惊，都算轻描淡写了。,
愿你健壮幸运，[Player:Name]。看来此间局势，已尽在你手了。,
你若是赶上她心情好，我知道她本可以在决斗上助你一臂之力。,
行了，成。如今你这头衔算名正言顺了，这种事可含糊不得。,
我承众神之父怒火之召，斩敌无数。纵是烈火与刀兵，也伤不得我分毫。这份盟约，强大非常！,
我叫[Player:Name]·[Player:Lastname]。我们是维京人。,
又过片刻，滂沱大雨渐止，冰雹也缓成冷冽的雨雾，细密如织。,
多谢你了。就容我这暮年之人，为着自己的那份哀恸，藏下些许秘密吧。,
我等盼你能自行探得这情报。我方人手实在已捉襟见肘。,
雅尔拉格希尔芙的叹息轻得几不可闻，却也只是坚忍地一颔首，权作答允。,
你的伙伴们交换了沉重眼色，攥紧手中兵刃，一个个横下心，准备迎向将至的厮杀。,
第二杯酒追着第一杯下肚，你那胃里登时翻腾起来。你猛吸口气，冷风灌满肺腑。桌子对面，西格蒙德正灌下最后一口，洒得前襟一片淋漓。,
你逼上前几步，她浑身骤然绷紧。你漫不经心地一扬左手，趁她目光被引开的刹那，右手已将刀操在掌中。,
我自己知道的门路，但凡我瞧得上眼的人所知的法子，无一不曾用过。,
{撒谎。} 我们什么都没找到……,
既是如此，便这么定了。我们整军备战。,
他生得足有[i]两个汉子[/i]叠起来那般高大！一手握一柄丹麦长斧！下颌之上不生胡须，反倒燃着一圈烈焰！,
见过。实不相瞒，我不久前收到的酬劳，正与此物相仿。,
你方才所为，实在是胆魄非凡。,
一个矮壮汉子正在河畔鞣制兽皮。他见你盯着他手艺打量，便招手唤你过来。,
帮奈芙娅跟她母亲说，她要随你走了。,
赫罗德盖尔达站得笔挺如矢，嘲讽地将拳抵在心口，朝你行了一礼。随即引着她手下的战士，沿海滩扬长而去。,
这事对我有什么好处？,
哨兵警觉地转身，一见到你，拔腿便朝营地深处飞奔，向营中余众示警。,
我领五人，你点五人，对阵交锋。我以手中长矛“吸血杖”为赌注。,
我想我是叫卡撒尔。我是你外甥。,
我梦见了艾芙拉。,
他摩挲着下巴。,
不过说来，他输给你竟还能心甘情愿随之麾下，这份器量，我倒有几分钦佩。这才叫有种。,
她挑起一边眉毛，目光在你脸上凝了片刻，仿佛在察找什么。,
你跟斯库勒谈妥的条件是什么？,
你们要是再碰上他们，能否传令让他们火速回我处报到？我名唤卡特，是埃塞尔雷德的军械大师。,
不！开恩呐！,
我信圣灵，信圣而公之教会，信诸圣相通，信罪得赦免，信肉身之复活，信永生。阿门。,
哈哈！我若能活着回西福尔，全凭这一仗的事迹，下半辈子喝酒都不用花钱了！,
我上回来时，这儿还没有甚看头——不过是几间窝棚，再加上一座小神殿。,
狩猎队伍,
说老实话，我心里有些发毛。我只盼从前那个整天嘴碎犯浑的村中活宝能回来。,
挺糟的，是吧？但我无悔。来，再给我喝两口。,
若想加入军团，你得先赢得觐见瓦莱里乌斯的资格。,
弗利里吮吸着她的下唇。,
她当然不是。变形不过是市井迷信罢了。,
你说你不认得我是什么意思？！我帮过你那个忙……就在那个地方……,
再次欢迎，北欧人。你们该知道，我见到你们总是高兴的，哪怕有些……[i]风言风语[/i]在传你们近来的勾当。我的摊位永远欢迎你们的钱币。,
……嗯？,
瓦尔哈拉，我来了！,
这串念珠上的珠子磨损得厉害，许多都只是勉强维系着一线联系。末端挂着一个朴素的银十字架。,
[贪婪者：姓名]突然插嘴，说着[贪婪者：他/她]便开始朝那个圈走去。,
我在盯着有没有麻烦。这儿有不少人穿着斯库勒的服色。,
里伯最中心的铁匠铺因其广博的金属加工知识而享有盛名。他锻剑如补锅，一样得心应手。,
这[i]正是[/i]我心中所想。我们动手吧？,
听起来胜算不大，但不妨一试。,
他看上去好转多了。,
他重重地叹了口气。,
你带的货可真不少。愿意做笔交易吗？,
凯尔在她那精致的家门外再次与你相遇。她眼中闪烁着希望与钦佩的光芒。,
休想逃，你这大块头的混蛋！,
传家矛,
我家今年春天收成惨淡。我们不能空着手离开此地。唐科切家从未对我们施以援手，我觉得这是他们欠我们的。,
[尸鬼顾问：姓名]掸了掸[尸鬼顾问：他/她]的手，眉头紧锁地看着你。,
若你能在此同时击败诺森布里亚的民兵和皮克特人的战士，我便相信你能领导这样一场远征。,
埃塞尔雷德将手按在心口。你余光一扫，瞥见瓦达脸上挂着得意的坏笑。,
很快，女孩的脸就彻底毁了，支离破碎的肉块仅凭几缕组织悬垂着。这个曾经美丽的年轻女子，已然难以辨认出人形。,
我来了。你倒是有张不错的桌子，快赶上我们谢恩的那张了。,
好。,
我不会再犯同样的错误！,
来吧。慢慢来。当心别洒了。,
也愿[i]你[/i]的前路，顺遂幸运。,
她一直在与西古尔德·赫林格联络，他们均认为，应将奥克尼群岛雅尔的头衔授予你。,
年轻的女巫勉强挤出一丝苦笑。,
自当如此。我或许不认同你的决定，但我会如誓约那般侍奉你。,
请见谅。希望下次光临时，您能对我们的货色更满意。,
赐给我们今日的食粮，宽恕我们的罪过，如同我们宽恕那些得罪我们的人。,
我叫[玩家：姓名]。感谢你缓和了这紧张的气氛。,
愿此能庇佑我们长途航行，一路好运。,
愿你健壮幸运。有何贵干？,
航行了数日，凯蒂尔察觉到坚实的大地竟在脚下摇晃，不由得打了个趔趄。他举手遮住阳光，仰望那座高踞悬崖之上的石砌建筑。,
我们那时在那里截击他们是对的——若我军大部队行经峡谷，他们便准备将巨石滚落下来。,
那麦西亚首领在街对面吼道。,
我叫乌拉赫。我卖些疗伤的药草，也帮本地的妇人们排忧解难。,
{派个人进去。},
难道就没有任何办法，能说服你放下武器归降吗？,
她最小的儿子正拼命维持着镇定。,
你[i]杀害[/i]了我的儿子。别想在这事上抵赖，[i]卑劣之徒[/i]！愿地底之民啃噬你的遗骸，直到永远！,
问题就在这儿：我们根本不知道他们有没有。,
让一个女人代我出战？绝无可能。,
甚好。让我们带你去见毛科林，本郡的郡长。,
你从哪儿找来这些毛头小子？他们对打理农庄一窍不通！,
埃林格又开始嘀嘀咕咕了。想来你对他儿子们下了那样的狠手，这也难免，但我本盼着他能安分久一些。,
内菲娅气冲冲地拍了下你的胳膊。,
愿上帝拯救你们众人。,
非常好。,
这谈何容易，我们本就缺少足够的弓箭手来完成这种战术动作。,
你的扈从里定是有人不经意地向前挪了半步，因为那年轻女子猛地将刀口转向自己，死死抵住自己的喉咙，直刺得鲜血流淌。,
南边有个村子。不过我大多独来独往——不认同他们那一套。,
他伸了个懒腰，走过来和你握了握手。,
你派的使者是有点古怪，但我到头来倒看出了其中的妙处。要是你派个本事稍差些的人来……我恐怕就不会站到你面前了。,
找到盖乌斯·埃利乌斯，说服他付钱给那帮工匠。,
很好。我可不想这么轻轻松松就从你手上赢得领导权。,
往东走，到那座小村庄去寻那处古墓。,
你要是能把他平平安安地带回我身边，我俩就随你去珀斯。很明显，这地方已经容不下我们了。,
你看起来像是没怎么睡。,
但凡能免去无谓的流血，要我做什么都行。,
比约格迪丝，你把女儿们教得如此聪慧。你该听她们的。,
还不是因为他狂得没边。,
能借用你一头牲口做诱饵吗？,
我这就动手。,
我瞧[Player:他/她]怕是活不到那个时候。,
一伙满脸憔悴的男女猛地从林中窜出，打断了你的行军。他们兵刃出鞘，眼里绝望与贪婪参半。,
这话头似乎暂时堵住了另一人的嘴。,
难道雅尔拉格希尔德的侍卫平日里也这般怨声载道吗？,
慢着,
这个价码太离谱了。,
Vit sjaumst.,
尔等因意图谋杀，已被悬赏通缉。,
地上的毛皮仿佛生出一股吸力，将你拽入它们的怀抱。那一夜，你便迷失在一片汹涌的汪洋之中，满是新奇的触感，满是压抑已久终于决堤的情欲。,
{往后退。},
你瞧这地儿，像什么车水马龙的贸易大埠吗？我这儿所有的东西，都是我们自家一双手做出来的。爱要不要，悉听尊便。,
你发觉自己像着了魔一般，被一个堆满毛皮和兵器零件的摊位勾了过去。那桌后站着的汉子，天生就是块摆摊吆喝的料。,
这般待遇，我倒是能慢慢习惯。,
倒地之后，有那么一阵子，你迷迷糊糊地觉着四下里鏖战正酣。,
修士压低了嗓门与村民们合计，那地保便打发了一个后生朝河的方向奔去。探子不多时便回来禀报，确认那伙强人已遭平定。,
倒是那年轻女子头一个瞧见你。她双眸豁然圆睁，盛满了希冀。,
贡纳也遭了和你一样的盘查。另一个哨兵嘀咕了句什么，头里那个便点了点头。,
光会背诵使徒信经可没法让你成个基督徒——要做的远不止这些。,
把唐库尔特王带回他那付之一炬的家园，他闺女在那儿候着呢。,
那是自然。,
搜查雅尔达尔的宅子。,
[印象深刻:名字]迈着闲步凑上前来，一脸颇为叹服地打量着你。,
辛弗德又扯下指甲盖上的一片，边说着话，边拿门牙嘎嘣嘎嘣地嚼。,
斯库勒咧嘴一笑。这笑面儿上看着热乎，底下却藏着些别的意味。,
梦中所见的荒芜景象自眼前缓缓淡去，你总算说服了自己，此刻已回到了自个儿的帐篷里。薄薄的帐布外头，除了风声，万籁俱寂。,
他们卷了所有的钱跑没影了。,
沼泽猎手,
祝你好运。,
待你走近，那汉子便停了手头的活计，直面你而立。他一双手臂上满是血污，脸上透着一股子冷峻的决绝。,
与我讲讲皮克塔维亚和诺森布里亚之间的那摊子事儿。,
我带着我的扈从们掌控奥克尼群岛，到如今已有四个冬了，可说白了，惹来的麻烦远比得着的好处要多。,
若是我寻见了他，你便得走人。,
她攥绞着双手，用力之猛，直让你觉得那手腕子都要给拧下来。,
那可是我当家的准许你拿的？哼，你休想拿走！,
有那么一会儿，他似乎不肯直视你的眼睛。等他终于看过来时，眼里已带了十足的敬意。,
我们定要将那邪教的残余枝节都荡涤干净。,
他细细地盘算着。你就是不用读心术也能瞅出来，他巴不得立马把你们通通拿下。,
他张口想说些什么，却又合上了。他环顾四下里聚拢的战船与武士，又转回来望向你。到头来，他不过是耸了耸肩。,
你竟拿得出这许多钱？哼！是我小瞧了你。也罢，一言既出，驷马难追。,
你觉着如何？,
你来此地做甚？到底想要什么？,
英格玛应了你的祝酒，仰脖痛饮。,
回去见那牧师，告诉他邪教已然伏诛。,
那女祭司好似压根没察觉到这威胁，只自顾自地哼着曲儿，心不在焉的。,
{放他走。},
尽管放心，这事儿绝不至于坏了我们跟卡斯乌坦丁之间的协议。,
片刻之后，那老人已瘫在地上，成了一堆没了形状、毫无生气的皮囊。小屋里一片死寂，唯有血液在耳中奔涌的轰鸣。,
[Random01:Name]在角落里找了张旧毛皮把他裹起来，他似乎稍稍平静了些。看来他还能走。,
当然，这座城市最终会比原先穷困不少，但这正是这等入侵的美妙之处：它能自己养活自己！,
{叹气。} 你若觉得非做不可……,
{花10木材，让一名侍卫在风暴结束前一直举着它。},
{系紧绳索。},
奥克尼群岛是个什么地方？,
他们是冲我来的。,
一抹红晕在她脸颊上漾开。,
这就完了？我们才刚热好身呢！,
愿你健壮幸运，[Player:兄弟/姐妹]。,
好，多谢！咱们奥克尼群岛上见！,
说实话，我真没想到那修士还有这般能耐。,
把这些愚蠢的冒险勾当留给男人们去吧！,
格里姆尼尔抬起双臂，那手势仿佛要囊括整片战场。,
他迟疑地盯着那个高大的女人。,
有意思的回嘴，可你没明白我的意思。耶灵是个强盛富足的部族——那是斯库勒挣下的家业。他赢得了统治的资格。,
什么？奥斯克，斯库勒难道不会生气吗？,
阿斯莱夫交叉起双臂。,
是。,
重返沙场！,
好……好吧……,
你那边战况如何？,
我们将不胜荣幸，前往赴会。,
这残酷的活计并未耗费太久。宴厅前的雪地被农夫的鲜血染红，你的宾客们在一旁肃穆地观望着。倘若他们中此前还有人质疑你的决心，如今也见识到了你的本色。,
{放了他。},
你要是敢声张，我们就先宰了你。,
这仪式有什么我们能帮忙的吗？,
谢谢你。只是别逼他太紧。你知道他那脾气的。,
我儿子们小时候也点这样的小火堆。这也能防着点野兽。,
管好你自己的事吧。,
他的尖叫声近乎狂喜，随着火焰吞噬他，又渐渐拖成一种恍惚而疲惫的调子。他很快便被浓烟熏倒，一动不动地躺在那儿，缓缓焖烧，直至死去。,
有何贵干？,
我已裁决，支持耶灵的斯库勒·碎颅者。,
那些眼色和辱骂我可以不当回事，可他们已经开始[i]动手动脚[/i]了。,
我是迪亚奈姆，伦南·马克·唐奈尔的妻子。,
哦，呜呜呜，让那刻薄丫头伤着你了？,
这事我不会掺和。随你们处置那男孩。兴许那样，那德鲁伊就会同意离开。,
好吧，为此争执实在不智。带路。,
我会为你祈祷。,
你确定？这故事快讲完了，但托尔和洛基可还没脱身呢——希米尔还留了一手。,
我怎……怎么可能？你背叛了我们。,
你们为我冒了性命危险，配得上一份酬谢。请收下这个。,
他是不是穿了件黄——黄色镶边的束腰外衣？,
她脸上的血色瞬间褪得干干净净。,
该死……他妈的！至少，他要是有脑子，就该逃得远远的。,
那我祝你们旅途好运。,
用我的命换那孩子的命？,
对不起。我这真是没来由地难过。,
她自顾自地微笑起来。接着，一副若有所思的神情掠过脸庞，你们便在那噼啪作响的火堆的暖意旁，又坐了一会儿。,
好吧，呃……接着说。,
好！很好。,
那主教自己也给了我们一个任务，作为回报，他承诺支持埃塞尔雷德。,
我们一直在追踪一伙危险人物，他们从我们镇里逃窜了出来。,
他干笑几声，听来并不完全真心。,
你这次可真让他够受的！,
拉斯克瓦在黑暗中眯起眼。,
我听到大吵大闹，就出去看了一眼。他们全拿着兵器在外头，正吵着要不要放火烧了这厅堂。,
我爬上树——呃，如今是基利安来做这事——用镰刀把槲寄生割下，再用一件白斗篷接住它。哈——按规矩镰刀该是金的，但我们只好就地凑合。不用说，那两头白公牛，我们自然也是省了。,
你最后一次见到你女儿时，她穿的什么？,
你还有别的事吗？,
翌日清晨，凯蒂尔似乎不敢迎上你的目光。幸好，到吃早饭时他便缓和下来，很快，一切就差不多恢复了常态。,
{自卫！},
我将统率多少兵马？,
{用丹麦语说。} 你的美貌，便如用鲜活明亮的色彩，将整座城镇重新染遍。,
领主，这事儿你得趁早处理，拖不得。,
或许当初你的领主该给我们一个公道的价码，而不是一上来就派劫掠者打我们。,
诗人看起来对这前景并不怎么满意。,
这[i]到底[/i]是什么地方？看着[i]可[/i]不像堡垒。,
你为什么要告诉他这个？,
死得好。战士的死法。,
引诱旅人走向灭亡的鬼火？不过是老妇人的无稽之谈罢了。,
与兰薇格谈谈。,
哦，这个我[i]知道[/i]。我担心的是其他人。,
该去的人是我，而不是你。,
我有话要问你。,
你们这些孩子不该住在这么个烂透了的破地方。不如搬来斯凯恩吧？我们有间最近空出来的房子，你们照看好就能住。,
嗯，好吧。抱歉，我们往最坏处想了。,
等时机到了再说。,
真恶心！,
不管情况变得多糟，我都会永远在你身边。,
可这是把好武器。它随我征战多年，从没让我失望，希望它也能同样为你效力。,
换回寻常衣服，不再被绑在木杆上，你几乎认不出这两个维京人。正是你从珀斯的皮克特人囚禁中解救出来的那两位。,
那小子忍不住嗤笑一声。有那么一瞬间，他几乎面露钦佩之色，随即又恢复了镇定。,
淹死那些邪教徒绝无可能。,
主意虽好，没有弓箭手我们根本做不到。我们还没来得及伏击，他们就会先发现我们。,
{刺死一名守卫。},
年轻女子不安地摆弄着她的护身符。红晕涌上她的脸颊，却分辨不出是出于恭维，还是单纯的恐惧。她用轻细却沉稳的声音作答。,
那就祝你好运。可别[i]太[/i]享受了！,
你这混蛋！你领着我们走上死路，贡纳尔！就剩我们几个了，其他所有人都死了，你却还这样大摇大摆地晃过来发号施令，好像你还能做主似的！,
格里穆尔夫把他的斧头卖给了我，换了点补给和住处。是件好兵器。你要是还能再见到他，请代我问候。,
小刀滑入她颈项，恰好在锁子甲上方刺了进去，她的脸因震惊和恐惧扭成一团。当你把刀从她喉咙里拔出来时，鲜血从伤口喷涌而出，其他守卫惊恐的尖叫撕破了夜空。,
“和平者”贡纳尔现在何处？,
船长从狂战士身边踉跄后退，差点从码头边缘翻落水中。,
你定是位精明的商人，才能单枪匹马为族人带回如此财富——更难得的是，你没有将其据为己有，这无疑为你大大加分。,
你们这些背信弃义、卑鄙无耻的异教徒，最终还是打败了你。永别了，埃塞尔雷德。,
我听过你的好名声，所以我会给你个公道的价码！如何？,
这事儿我跟你没完。,
你确定要如此吗？我为那老人感到难过，可……他儿子们干的事……,
愿你健壮幸运。我是[Player:Name]，[Player:Father]的[Player:儿子/女儿]。,
别再折磨我了！求你了！我撑不住了……再也受不了了……,
当你拼命挣脱手臂时，一阵剧痛袭来，仿佛有什么参差不齐的东西撕裂了你的皮肉。虽说取回了珠宝，你的臂上却留下一道狰狞刺痛的伤疤，上面糊满了腐烂的黏液。,
采集槲寄生自有一套仪式。每逢月圆后第六天，我们便带着祭品来到树下，在树下大摆宴席。那本该是配得上国王的盛宴！我们会牵来两头角被缚住的白牛，用作献祭。可那样的日子，早已是遥不可及的往事了。,
哦，可怜的小家伙们！我当然会帮忙。来，让我瞧瞧……,
这就是他？你就是最后一位德鲁伊？,
你们！住手！你们这些小偷！快拦住他们！,
面对那场突袭，我们根本没有胜算。,
你最好别拿这事儿给我添乱。,
准备好，有一个人过来了！,
死亡病。[i]就是瘟疫。[/i]一回事。,
莫尔坎又思忖了片刻，随后似乎心里拿定了主意。,
成了。他死了。,
哎呀，要搭把手吗？,
他垂下目光，盯着脚下湿漉漉的木板路。,
贵妇噘着嘴，一副对你的决定老大不高兴的模样。,
要我说，你放他们逃走可真够大度的。你当时完全可以结果了他们俩。难道不是吗？,
他抚着下巴，若有所思。,
{瞧瞧那张脸。},
我既已定下协议，就打算信守到底。,
原来那就是他啊，那个红胡子的大块头。我们亲眼看见他们把他押往海湾去了。,
那又是个什么样的提议？,
我没事。,
我这醋吃的是有缘由吗？,
老胡尔达对我的恩情不小，但我已把她能教的都学到手了，可还是觉得远远不够。我听说，外面的天地广阔得很……,
正因如此，我们两国才能和平共处数十年。过去，我们可老打些小仗。,
你兄弟觉得，你的家族该配个更称职的领主。,
她迟疑着。,
他双眼眯成了一条缝。,
那群肮脏的畜生，就那么凭空冒出来，袭击了我们！,
我绝不会为满足你的私仇，让一整个村庄化为焦土。,
他的脸一下垮了下来。,
你[i]确实[/i]是我们当中最强的战士，但可别让这话冲昏了头脑。,
那恐怕得花上好几个月。这么一场战事，很可能要打到冬天。,
芙蕾雅的[i]雀斑[/i]啊，疼死我了！,
男人们外出历险时，大权自然一直握在我们手里，不过最终能拿到些正式的名号，也挺露脸的。,
我们不是来找麻烦的——不过，离海滩上那点东西远些。那些全归我们，也只归我们。,
北方的掠袭者突袭了斯克恩！这个小镇的居民手无寸铁，被掠袭者击溃，他们的头领则带着大批劫掠物逃之夭夭！,
两个守卫往湖边走去，但那双怀疑的眼睛依然紧盯着你。不过，只要他们盯着你，就没空理会那些啤酒桶了。,
我看西格丽德和廖特尔，未必觉得有那么轻松。,
说得对，可不能让那些树以为我是个冒牌货。听我说……,
她友善地握了握你的手，这才把注意力重新放回病人身上。,
真逗。你这[玩家：家伙/女士]可真有意思。,
也许守着咱们这点家当是明智的。当然，你若改了主意，机会照样给你留着。,
你当初责备我无所作为，骂得对。你信任我，托我保护母亲，可我却辜负了。,
它将镌刻你在不列颠尼亚的功绩，让你的所作所为，在石头的永恒记忆中不朽。,
我亲眼见那些人无缘无故攻击你！干出这种事，实在骇人。见你活着逃了出来，我真替你高兴。,
你已立在了世界之巅，该问些更要紧的问题了。,
可不是嘛，那帮混账四处放火，还踢坏好些好些门。克韦尔杜夫正赶制新锁呢，等他做完，我就得忙着把新门给装上。,
罢了，我把另一边脸也转过去。你还有一次赎罪的机会。[i]只有一次[/i]。,
如果这儿的女巫愿意出手，我们应该能弄塌这堵墙。那些守卫一见她，准会吓得屁滚尿流。这样就不用伤人了。,
咱们赫尔海姆见！,
我们镇子的位置有战略价值。虽说我们没有多少作战兵力，但就后勤而言，我们会是个宝贵的盟友。,
找到领主，把他救出来。,
这场简短而血腥的仪式一结束，奥德凯尔便转向你，眼中闪烁着残忍得到满足后的快意光芒。,
我刚去南门侦察了。那里防御森严。想打进耶灵，可是一场硬仗。,
我正在诅咒住在那边的艾格瑞姆。,
打猎这事儿，我不大在行。,
我们也有个那样的神，名叫海姆达尔。而且他只是诸神之一，我们还有好些个呢。,
我们可不想惹麻烦。只要你肯让我们过去，我们很快就走。,
收起你这腔调，不然我怕真要对你动武了。,
我摊位上可全是顶好的货色。过来瞧瞧，别害臊！,
晚安。,
你难道不记得自己说过的话？是你告诉我，要[i]成为[/i]一个真正的男人，说我必须学会在你不在时保护好母亲。,
沼泽里的老渔夫，正为一次攸关命运的出航做着准备。他的学徒前去采办物资，至今未归，早过了该回来的时辰。,
要是还有什么需要，我再来找你。,
好。没人会为他落泪。,
纵火犯往篝火前的兽皮上，倒空了一个口袋。里头是一堆形形色色的小饰物和回收品，透着古怪。不止如此，盖尔蒙德还从衬衣里掏出一个护身符，上面锯齿状的图案，和他蜡烛上刻的那些很像。,
他可是同时训练了我们俩。你到底跟他有什么过不去的？,
那么，希望他吞下败果之后，能帮我们维系这份和平。,
一间小茅屋，用几块半朽的木板搭在水面上，看着摇摇欲坠。珀斯当地的那位女智者，正斜倚门框，嘴里嚼着某种植物根茎，用一种平静而充满兴趣的目光，打量着你们一行人走近。,
计划便是如此。,
老人对玛尼咕哝了几句，两人便一同在屋子后头那堆破烂里翻腾起来。,
我正在办。眼下我过来，纯粹是为了招募一队人手。,
彼此彼此。希望我们这场小小的较量，能让阁下对我们王国的印象有所改观。,
你比大多数男人都能打，内芙雅。[Player:Name]的父亲把你教得不错。,
这真是太慷慨了。我——我不想让你以为，我对德鲁伊的忠诚可以就这般被收买，但看得出来，你待我们是一片好心。,
我不会将你纳入我的亲卫队，但我会很高兴让你加入我的军队。,
我不信你。把那戒指给我。,
行。说说你这个提议吧。,
站在你面前的这个男人浑身是泥。他那瘦长的身板，配上那双水汪汪的眼睛，活脱脱像只从水里捞出来的耗子。,
他眨巴了几下眼，下巴耷拉着。随即，那表情转成了一个笑脸。,
我给自己惹上什么麻烦了？,
我早就说过！下回回家，可得盯紧那个老太婆——谁知道她干了什么遭这诅咒的报应！,
当他转过身来面对你，发现基利安没同你在一起时，他脸上仅剩的那点血色瞬间褪得干干净净。,
瞧见那边角落里斯库利的那几个侍卫没有？赫罗德盖尔达和斯卡基——我可听过他们[i]不少传闻[/i]。,
接着，那名盾女便重拾了镇定。,
这件事已经酝酿很久了。,
我们不是劫掠者，我们是体面的人，此行是为和平而来。,
你本该把这船照看得更好！她眼看就要沉了！,
我叫艾菲。从你到珀斯的那一刻起，我就在看着你了。,
愿你健壮幸运，[Player:Name]。,
阿尔维娜家的孩子近来格外安静。不知什么事在烦扰他。,
你该不会觉得是……？,
你尚不属于此处，[Player:Name]——米德加德还有更大的荣耀在等候着你。终有一天，我会召唤你到我的身边，你将加入我的英灵战士。,
{攻击。} 事实恰恰相反。,
{付钱给他。} 拿去吧。别给你父亲瞧见。,
你只知道这些吗？,
我父亲倾囊相授，把他所有的战斗技巧都教给了我。,
这在我经历过的最痛里头，连前十都排不上！,
去埃弗威克的教堂寻访恩巴尔德主教，设法让他相信你已皈依。,
要记住这件事的利害关系。在我们得到机会接触[Player:他/她]之前，[Player:Name]的命完全捏在他们手里。我们若失手，我们的领主便完了。,
流言四起，说国王或将集结莱当征募制下的大军，挥师南下，以阻止法兰克人对日德兰半岛的任何入侵。,
令人反感？此话怎讲？我可以向你保证，擒获这些男男女女，绝对没使半点诈。,
传闻那些罗马石柱曾被鲜血浸洗！说维京人如同恶魔般降临，如今那地方一片死寂，沉寂中连一声心跳都不复存在。,
难民们在桥头稍作停顿，确保所有孩子一个不落。,
让我看看你都有些什么物资。,
你是策马抵达埃弗威克的。往后若能驾着你的长船径直驶入城中，或许会更有裨益。,
他抬起头，望向远方，尽管他的视线在每一个方向都被冷杉树挡得严严实实。,
他扬起斧与盾。,
他朝你冷淡地耸了耸肩。,
去看看旧要塞外面西奥多和他妹妹的情况。,
设法穿行埃弗威克的城墙，抵达国王大厅。,
我想，你真是一针见血。我根本就不属于这里——从来都不属于。,
确保考斯坦丁大厅里的每个人都安然无恙。,
那么，今晚你会留下来陪我吗？你可愿将你的陪伴作为礼物赐予我？,
一艘很像你的船，到了南边的一座小岛。当地的港口长官错把他们当成了商人，指引他们前往埃弗威克，可他们离开之前，竟把他和他手下的人全杀了。,
那条挨千刀的狗跑哪儿去了？,
他举起角杯，一饮而尽。喝干之后，他发出一阵剧烈的呛咳。,
他惊得眉毛一挑。,
一个身材高大、体格魁梧的男人，大约三十岁光景，从一栋房子后方的密林里钻了出来，踏进了村庄。,
哦！哦，伟大的雅尔[Player:Name]。这真是荣幸，是的。万分荣幸。,
他在那儿站了片刻，以一种异常亢奋的神气上下打量着你。,
他看起来约莫二十个冬天那么大的年纪，个子高挑，却相当瘦削。他似乎在竭力尝试隐蔽行动，一副勇气可嘉的样子。,
你踏出门外，凯蒂尔差点一头撞进你怀里。他眼里闪着一股狂乱的光。,
老人不再多言，从圆木上滑下，裹紧毛皮，沉沉睡去。,
呃，真烦。行吧，走。,
一个脆质的瓶子，内盛强酸，能蚀毁盾牌一半的吸收量。,
别给我慌，内菲亚。我需要你。,
你一脚将块松动的石头踢进洞中，它撞着隧道壁一路坠下，在洞穴深处激起阵阵回响。,
他举刃敲了敲第二面盾牌，沉痛地朝内菲亚点了点头。,
阿斯莱夫只是点了下头，便将注意力转回同伴身上。,
{评估周围环境。},
就算我们以前在这儿没什么名声，现在也铁定有了。,
贡纳尔发出一声沙哑的短笑，透着真心被逗乐的畅快。,
我们与大陆联系紧密。货源不绝，永远会有更多。,
你和扈从们将背包塞满饰物，直到石面上片甲不留。,
更多氏族很快会加入我们。,
整个夏天，我们都在海对岸群岛沿岸四处劫掠。,
破门之前，必须先解决这边的战士。,
等待漫长。夕阳渐沉……,
哦，我不是有意让它听起来像问句。你[i]就是[/i]得来。,
他倾身靠过来，脚下踉跄了几步。,
凯蒂尔难为情地瞥了你一眼。,
嘿——别怕。不管今天发生什么，我都会在你身边。,
消灭占据莱加塞斯特废墟的邪教。,
内菲亚的脸涨得通红，一副要朝你尖叫出来却又強行按捺住的神情，随即转过身去。,
谁他妈在乎西古尔德·赫林格统治什么。就算丢了谢尔恩，至少我们还有彼此。,
真是可惜，这么多佳肴美酒，却无人享用。,
我们把猪拴在树上，围成一圈埋伏。,
对——我们人数会吃亏。一处狭窄的扼制点或许能派上用场。,
她求我从你这儿把戒指要回去。,
谢谢你。请容我们带路前往国王大厅。,
老人揣摩着话中之意，身子几不可察地晃了晃。,
你走近时，那吟游诗人正满含期待地望着你。,
你们刚才就是为了那头猪大打出手？,
那么，你来自南方，我猜？耶阿特兰？,
这氏族里没人比我更适合领导。我会让他们心悦诚服。,
一名负伤的战士挣扎站起。他脸与胸口布满征战留下的疤痕，近来胸口又添了一道新创口。,
谢谢你让我看到这些。,
你那副威严的气度似乎让他们迟疑了。他们困惑地交换眼神。,
你可真是……太客气了，维京人。谢谢你！我们定会传颂你的义举。,
{尝试翻译这些符号。},
你不该来的——我甚至想不通你是如何走到这一步。但你的入侵将在此终结，就在此地。,
我想或许真是这样，但眼下我能给的只有这么多。,
{杀了他。}若你敢骗我，我们很快就会知道……,
放下武器，否则我们就[i]灭了[/i]你们。,
你循着记忆追入回忆最深处的角落，宛如一片逐风而逃的叶子。盖尔蒙德诡异地僵在你面前，挂着他那别扭的笑容，而这笑容随着时间分秒流逝，只变得越来越别扭。可这毫无用处。你什么也想不起来。,
你拼尽了全力，可这些掠袭者既凶悍又残暴。没多久，你的人全部倒地不起，挪威人控制了村北一带。,
唉，他们现在对我们没用了——全死了。,
入夜后不久……,
[Player:Velkominn/Velkomin]回来了，[Player:Name]。今天是什么风把你吹来我这寒酸小店？,
政治支持可能很有力，但这还不够。,
你觉着我们需要帮你什么？,
斯泰因若有所思地盯着碗里的汤，从牙缝间剔出一根鱼骨头。,
那或许会变得必要。,
阔斧,
他们意识到这一点，可能为时已晚了。,
身后传来一阵靴底不耐烦的骚动声，这似乎提醒了莫尔坎特自己为何被叫来。他飞快吐出几句安抚暴民，转向你时便直截了当切入正题。,
内菲亚注视着幸存者们，神情混杂着轻蔑与悲伤。,
右首的卫兵瘦高个，金发，眉毛淡得几乎看不见。,
那是座离艾奥弗维克不远的城镇。虽然自然无法与国王驻跸之地相比，但它位置居中，本身也是一座举足轻重的城池。,
那就过去吧——但别再打扰我们了。,
我在奥克尼群岛见过斯库勒·碎颅者，他信誓旦旦地说你们村子是个值当的目标——比彩绘者更富裕，还没他们那么凶悍。他要么是在扯谎，要么就是看走了眼！,
他搓着双手，兴奋得像个孩子。,
我会去安排的。,
那我们就走着瞧。,
成千上万，陛下。,
回船上见。,
我需要她在我身边。她是我所认识的最骁勇的战士之一。,
{拔剑出鞘，仔细审视。},
你及时转过身，恰好看[Klutz:Name]脚下一滑，[Klutz:他/她]的靴子在湿滑的岩石上打了个趔趄。,
他的声音细弱又带着喘息。,
这才哪到哪！,
你们静静地赶了一段路，身后猛然传来一声痛苦的惊叫，吓得你跳了起来。,
不。我们历经了这么多磨难。众神会为此奖赏我们的。他们[i]必定[/i]会。,
{环顾营地。},
{支付2000财物。}我会付标准费用。一百便士，换六个月通行权。,
我见过他。怎么了？,
{严厉地。}你怎么耽搁了这么久？,
一旦你做到了，你与皮克特维亚之王卡乌斯坦丁的盟约，便更近一步了。,
好吧，我们给他们一个机会。看看他们去叫什么人来了。,
我想定制些装备。,
{偷走它。}这东西留在这儿对谁都没用。要我说，我们拿走。,
我发现了这堆兽皮……,
那是个五岁时被人从家里掳走、从此杳无音信的男孩的名字。我的名字是凯蒂尔。,
她最近一番恶意发作，竟去诅咒我守护的社区——我想她是指望我因此受责。她在镇上各处竖起了诅咒柱，用来对付那些农庄。,
不赖。,
他看着手中的木槌，露出了笑容。,
最终你将经过迪河的入海口，接着很快会到达另一条叫唐河的河流。沿着这条河往内陆走，直到你置身于一个河谷之中……,
基利安能出来闯荡世界，也是欣喜若狂。你真该看看他第一次进城时的样子！我敢说，他已经在追求本地的一个姑娘了。,
你说话时，她的眼中闪烁着好奇的光芒。,
我相信你的到来对埃塞尔雷德——也为我们的计划——是相当幸运的，而且我相信他也会认同这一点。,
有人逃出来了吗？,
{调查。},
我和我妹妹。是的。,
我希望地底之民会感到满意。,
[Archer:Name]搭箭扣弦，拉开[Archer:他/她]的弓，瞄准了目标。,
阿斯特丽德一边说着，一边扳着手指头数算。,
他的父母住在东海岸，在一个海湾里的大城市，我的家人也住在那里。,
很好。我们去准备伏击，你专心处理这事。,
他们围坐在篝火旁喝酒。,
你必须得走了。没有客人能在同一个地方永远住下去。,
{消耗10绳索把[Unlucky:Name]拉上来。},
你[i]确实[/i]是蠢。如果你当初留在我们身边，或许还能活着。,
我们说的是多少个奴仆？,
那女人穿着看似法兰克锁子甲的铠甲——一位雅尔若能给他的侍卫们穿上那样的甲胄，定会引以为傲。四个人都握着剑，但有一把看着像是来自东方，而另一把则明显是撒克逊样式。,
格德维夫似乎认出了那个斥候，因为她没有片刻犹豫。她厉声吐出一个命令词，随从们便拔出了武器。,
你把树皮递给她，她从布中解开，仔细地检视起来。,
听起来是个计划。要是出了岔子，我们随时准备支援你。,
你转身欲走，一声尖利的鸦叫吸引了你的注意。一对乌鸦栖在毁损的枯枝间。其中一只用它那双漆黑难测的眼睛，意味深长地凝视着你。,
我最近去过里伯。如果职责再把我带到那儿，我会给艾芙拉带些药回来。,
西格丽德是部落里最好的猎手，并嫁给了另一位全职猎人廖特尔。你走近时，她恭敬地低下她的头。,
我只是想问几个问题。,
我当然也希望如此。但我肯定这事没那么简单。主教为何想让我们离开？,
穿过几间破败房舍之间的一处庭院时，你认出了那个偷你东西的小女孩。当你踏入这院子，你的到来[i]确实[/i]引起了不小的骚动。,
我不知道是[i]怎么[/i]做到的，你这傻鹅，但每次都管用。,
死亡的预兆是否已在这座城市上空盘旋？你和我一样心知肚明，它的确如此。,
你能看见她脸上血色褪得干干净净。她跳下岩石，慌忙抓起衣服，近乎癫狂地往身上套。,
你这话是什么意思？,
给。这该够你开销了。上帝[i]的五处伤口[/i]啊，你可真是个难缠的[Player:混账/女人]。,
今晚就是个错误。,
她的声音里浸满了挖苦。,
你该感激我才是。我推了你一把，让你更早地拥抱了自己的宿命。,
你们俩在营火旁找到彼此那会儿，可真把大伙儿震住了。我估摸着你表面上不像那种女人，不过……我心里一直有数。,
我失败了，母亲。我们一无所获。,
我们不是……不！,
接着他拔出了武器。,
他不再哀求，只是盯着你看了片刻。然后，缓缓地点了点头。,
{裹上块兽皮，到外面去。},
旅途怎么样？,
可我眼下还活着。这[i]又是为何[/i]？,
波澜迭起,
对方有九个人，你一眼就认出了他们的首领：一个矮小结实、深色头发的女人，脸上描着一道乌鸦的影子。,
好吧，虽说你的名声依然让我放心不下，但你本人倒也没给我什么记恨的理由。那咱们就来谈谈，你需要什么。,
你若是决意要杀凯蒂尔，就先从我的尸体上踏过去。,
我找到他了，也把你的装备带回来了。,
格里姆尼尔快活地轻笑起来。,
{在那堆干草里点把火。},
我明白。我永远也比不上你故土的那些女人。我又怎敢奢望呢？,
我要为此宰了你！你们这些入侵者！[i]蛮子！[/i]我要把你们统统杀光！,
这事你是怎么发现的？,
而要是这消息也传到了奥斯雷德的耳朵里……{瓦达的嘴角勾起一丝狡黠的笑意}那我可是会非常不高兴的。,
{开始战斗。},
去河边打听打听，是哪个姑娘在跟康纳尔的手下睡觉。,
您能大驾光临已是我的荣幸，塞恩。您确定不需要点什么吗？,
一枚用骨骼磨成的锋利护符，上面雕满了精美的符文，用灰烬填过。此物敬献给盖尔女神玛查。,
你与亲兵们入席落座，仆人们立刻斟上酒来。随后一段寒暄客套，但那些在旁听范围内的诺森布里亚郡长们，对你仍是一副惶惶不安的样子。,
这怎么可能？你这辈子连斯克恩都没出过。,
她放肆地眨了眨眼。,
腿脚不利索也不打紧，我们正缺你这样的汉子。,
小伙子，你姐姐到底出什么事了？,
这事就交给我们吧。,
哼。多谢了。,
四个时辰过去了……,
孩子们仍在沉默中注视着你。他们看起来又冷又饿，营养不良。,
闪避,
她咯咯地笑出了声。,
还没找到源头，尖叫声就早已传了过来。赫罗德盖尔达正绕着一个身负重伤的教士踱步，那教士的长袍本标示着高贵身份，如今却被割得支离破碎。,
精工锁子甲,
雅尔若有所思地挠着下巴。,
他们跋涉日久，此时奥丁之子只回头看了一眼；他望见从岩石后方，从东方，与希米尔一道，一支浩荡的多头军队正汹汹逼近。,
他们杀了我兄弟阿萨，只因他反对雅尔的任命。,
{亮出塞法的项链。}你可曾见过这样的项链？,
好吧……既然你觉得非帮我不可，那我便欣然接受了。,
好气派的一条船！,
有片刻工夫，她哑口无言——这个女人显然不习惯被人拒绝。,
饮血者,
雅尔达再次见到你时，满怀希望地举起了手。,
诚意？你倒真会往自己脸上贴金！你自作主张，谋害了一位德高望重的皮克特酋长。,
这片沼泽的精灵们能唤来黑暗之物为其效力。咱们踏入了妖魔的领地，脚下该多留点神才是。,
我浑身都……[i]没知觉了！[/i],
助我们守住北翼。奥斯雷德会把主攻放在南面，这样他就不用费力调动大军绕过营地了。只要你保住咱们后方不失，我们就能干掉他。,
走，砸烂那些个脑袋去！,
想必是那样。,
你眨了眨眼，一下，又一下。猛地在帐篷里坐起，心脏狂跳，如一只惊鸟的翅膀乱扑。汗珠从眉间滚落，滴在你胸膛之上。,
谢您了，雅尔！英明！伟大的雅尔！仁慈！我会忠心为您效力，我会修船、盖房。再也不放火了。再也不烧东西了。我发誓。,
你终于回来了，我一直惦念着呢，[Player:Name]。你在海那边立下的那些非凡壮举，早就传到我们耳朵里了。,
你的建议，我会斟酌的。,
就因为我们信着同一位神？,
行了！行了。我们离开便是。我在东边还有亲族。或许……唉，不提也罢。你得偿所愿了，[Player:Name]。这农场，是你的了。,
有个坏消息，[InjuredHirdmen1:Name]和[InjuredHirdmen2:Name]挂彩了——瞧着不太好。他俩为了把东西都归拢起来，给烧得不轻。,
一百二十个银奥图格，没错吧？这买卖，成了。,
听说你已经投了皮克特人那边。奥斯雷德半点胜算都不会有！,
跟什么人做生意，我是不挑的，管他名声好坏。要是哪天你关照我生意，我倒还有桩别的事，可以说道说道。,
你若是一开始就跟我明说，那两个年轻人也不至于丢了性命。你自个儿好好琢磨琢磨吧。,
他又点了一下头。你由着他贴紧墙壁，悄没声息地从你身旁溜过去，再蹑手蹑脚摸上楼梯，奔向了他的自由。,
执掌奥克尼群岛的雅尔，是[i]我[/i]。轮不到你。,
我撂倒了一个！,
我还从未对旁的女人生出过这般心思。,
默丁就这么没了，我真不敢相信。我原以为他还能教我几十年呢。凭他那一肚子的学问，教上那么久自然不在话下。,
这位便是我们向你提过的那位[Player:男人/女人]，在沼泽里明事理、肯分药救人的那位。,
她抬起手背，故作娇羞地掩住笑意，可那股子兴奋劲儿，怎么也藏不住。,
[Cutter:Name]绕着那颗牙开始又挖又撬，淌出好大一滩血。[Toothache:Name]一边呻吟，一边在[Helper:Name]手下死命挣扎，但那颗牙，终究还是给拔了出来。,
我们来做笔交易如何？财宝，我分你一份，你放我们一条生路，让我们离开这儿。,
莫尔坎特，这些铭文，你怎么看？,
我再问你点别的事儿。,
我本该更当心些才对，可饶是老厄林格这些年来满腹怨毒，我也万万没想到他们真敢把事情做到这般地步。,
价钱上能谈拢，可真好。您想让我用那块料子给您打点什么东西吗？,
一个身形瘦削、脑袋半秃的男人，埋着头站在空荡荡的牲口栏前。他光着一双脚，浑身衣衫褴褛，身上唯一一点鲜亮颜色，便是搭在肩头的那条褪了色的红布条。,
厄林格·索尔吉斯尔松这人，我们非得想法子对付不可。只要他活着一日，他的家室便一日是个威胁。,
自然不会闹出人命，也不会落下什么重伤。我们这么做，无非是想，怎么说呢，探探你的胆色。自然，你也大可探探我们的。,
{别管它了。} 他们要是折返回来，准会发现东西不见了。,
那条河！天呐，咱们竟让它全无防备！我这都干了些什么？！我害了我的族人！,
在你，[Player:这位诺尔斯人]，看来或许不过是桩小事，可你今日着实做了一件大善举。,
你最初究竟是怎么丢了王位的？,
涅菲娅的铠甲,
你说，你是位领主？我们这儿还从未有你们的人造访过。不过，那倒也不代表我们对你们一无所知。,
盖尔蒙德抬起头望向你，眼神畏畏缩缩。,
她终于还是认了输——看来在往后好一阵子里，她那头乱发是只能这么打着结、毛糙糙地披着了——接着，她一脸烦躁地瞪住了你。,
哎哟，竟能在这儿撞见，可真是巧了，我正想找你说个事儿呢。,
若这丫头是从村里偷跑出来的，那些人怕能认出她。,
{拿下他。} 想走？没那么快！,
拿下那些高地洞穴，并牢牢守住，直到利奥弗里克的兵马赶到。,
又碰面了。这回有什么能为你效劳的？,
编得倒挺像那么回事，你说呢，奥斯克？,
坏消息。我得去禀告埃塞尔雷德，那笔拖欠的税款，是甭指望收上来了。,
前方道路近旁，好大一群皮克特人占住了个小营地。他们瞧着像是已经察觉你过来了，因为所有人都起了身，沿着路朝你这头迎过来了。,
哈夫丹领主。对于斯库勒领主对斯凯恩的宣称，你可是支持的？,
野人？你可晓得[i]我们[/i]管[i]你们[/i]叫什么？[i]蛮子[/i]。,
他迟疑了一下。,
他伸手将你揽入怀中，印上了一个悠长而又缠绵的吻。,
劫掠哪有什么道理可讲。你们就是群贼，如今便为此付出代价吧。,
他家里头有事耽搁了，料想也该快到了。,
你路过时，艾迪丝将你叫住，话音里满是严厉的斥责之意。,
你的侍卫们为着该抢下什么东西争执不休，火气顿时窜了上来。[Prompter:Name]把目光投向了伱。,
呃。怎么是你。,
三人齐声爆笑，声震四野。,
去跟郡长西卡谈谈。,
我们得迟些再弄完，这事儿等不了。,
那边的事，该做的都做了。眼下，该把心思放在我们自己的家园上了。,
他抬起双手，在半空中虚按了几下。,
{走开。},
人群中爆发出一阵胜利的咆哮。,
嗯，若斯库勒真当我们是他麾下最得力的人，盖斯特……,
交出钥匙，否则就留下你们的命！,
蠢到家了，你个小杂种。,
这整个村子住的，全是迷信的蠢货吗？,
事已至此，别无他法。必须得有人来承担代价。,
啊，[Player:领主/领主夫人][Player:姓名]。真高兴你决定接受我的提议。,
好！很高兴你已经处理好了。你找我有什么事？,
关于我是她“精灵骑士”的那档子事？她给你封了什么名头，她的“高大战士”？她就沉迷于这些不着边际的幻想故事。,
别天真了。众神不眷顾温顺之人——他们垂青的是意志坚定、无畏无惧的强者。而我，向来都是众神垂青之人。,
真该死！他向来不是个聪明人……可即便如此，我也以为他能独自走一趟而不至于丢了性命。,
那个我也买不起。,
那场仗打得艰苦，但我们终究是赢了。驻守哈德良长城的，是埃奥福维克冠军利奥弗里克。眼看我们胜局已定，他便撤退，带着自己的残部逃走了。,
瞧那边——它逃走了。足迹看来很新，这事发生还没过多久。,
穿过哈德良长城的主道，现在归你了。是时候挥师杀入诺森布里亚，直捣埃奥福维克。,
欠你一回！,
我有些问题要问你。,
我对你的信任，不比对这个地方的其他任何人多一分。,
你对阿斯莱夫有什么看法？,
你从中得到的，远不止荣耀——有了国王的支持，你将能组建起一支足以征服一个国度的庞大军队。,
去跟玛多尔谈谈。,
你是最后一个离开那幽闭昏暗墓穴的人。当再次呼吸到新鲜空气时，你脑海中的阴霾终于一扫而空。,
不过除此之外，我们处得是真不错。,
看来咱们这儿的事，是了结了。,
求你了，我——饶命！我什么都给你！我攒了一辈子的钱，全都给你！,
你对我们撒了谎。他们崇拜的根本不是撒旦。,
你真以为我们会吃这套？肮脏的异教徒！我们接到的命令里明确描述了你的样子，命我们见面就杀！,
芬瓜拉难以置信地喷出一声鼻息。,
让我给你长长记性，这一课你迟早得上。,
来龙去脉就是这样！只要动作够快，我们就能在秋收前稳住权力根基，到那时，我们大把时间来帮你解决你自己的麻烦。,
码头上，一个男人被一群身穿麦西亚服色的战士簇拥在中间，那人的样貌，与西卡口中那名失踪的收税官如出一辙。,
比我原先想的好多了！,
你想做什么？,
出什么事了？看着倒像在开宴会。,
别告诉我，你还信那些个故事？,
你举起角杯，小心翼翼地避开杯沿上涂抹的药膏。你佯装喝酒，从头到尾都确保那琥珀色的浆液一滴也未沾唇。,
异教徒大军,
跟我说说这位国王吧。,
我不知道。我真的什么都不知道了。,
我们会为你开门。,
我……想来可以吧？不过我得为此雇个木匠。这得花你……六十便士？,
干得漂亮！这笔钱我要投到我们的生意里去。运用得当的话，一百银奥图格很快会变成一千。,
我的朋友，你或许少了点圆滑，但这份坦诚，你是一点不缺！,
若需要个人来充当我们的献祭祭品，那个满嘴胡话的白痴，或许是个不错的人选。,
{紧张的干笑。} 嗷……,
恕我冒昧，但你的穿着打扮，跟我来此路上遇到的任何诺森布里亚人都大不相同。,
抢我们的那家伙可还在外头逍遥呢，你知道的！你要是束手不管，那就请便吧！,
找到并摧毁拉希尔藏在珀斯的诅咒柱。,
{把珠宝递给他。},
我倒不知你还有这种癖好。,
{攻击。}那就试试看。,
我们该把这男人带走，那个女孩，奥德凯尔兴许能认出来。,
他的表情在瞬间变得冷峻无比。,
刚把毛科林的挑战翻译完，莫尔坎特就跳了出来，高举起双手，仿佛要抵挡你的雷霆之怒。,
他张嘴欲言，却立时引出一阵深沉沙哑的剧咳。待他缓过来，声音已因激动而带着颤抖。,
悬赏,
农夫们飞快地分了那笔贿赂，便夹着尾巴一哄而散。,
那个地方……曾是我家。,
嗯，不，我从来没见过这样的雕刻。,
我已经把他处理掉了。他那条三寸不烂之舌，也没能让他从我手里逃掉。,
货主最近得了个镶宝石的金十字架，我敢肯定他就藏在这间货栈里。,
我给你看看我手头的货，不过别抱什么指望。这附近弄不到好东西，谁叫你们氏族穷得叮当响呢。,
凯蒂尔摊开双臂，一副无可奈何的样子。,
改天再说吧。,
他面露沉思，仿佛在审视自己的内心，又似乎在那里找到了什么慰藉。,
闭嘴受死吧，你这狂妄的杂种！,
那样做又有什么意义？,
{皱眉。},
小钥匙,
我想他是把价钱抬高了点，但我确实知道，想不受限制地进出，那笔费用可不低。,
人人都拼命多抢。有人一屁股坐在几个麻袋上，有人手脚并用紧搂着篮子不放。,
他的笑容变得真切了几分。,
倒也省了我们费心去琢磨怎么处置他。,
前方，幽暗里亮着一团摇曳的光。那光晃晃悠悠，忽闪忽闪，透过林木渗过来。随即，一道巨影猛地从光前横移过去。那东西硕大无朋，奇形怪状。,
真没想到事情会闹到这个地步。,
结果挺不错，我包你满意。,
你又是哪位？,
一把中规中矩的好剑，从一个贼手里夺回来的。那贼是从耶灵来的商人那儿把它偷走的。,
关你屁事，老东西。,
是啊，妈妈得留在这儿照看你。交给我们处理吧。,
不了，多谢，就这些了。,
好了，全给你拾掇好了，可以上路了。,
那个红头发的矮个子，抓挠着他那编成辫子的胡须。,
把门打开！出来面对主的审判！,
那当然。不过，奴隶的命到底不如自由人的命值钱。照此情形，可能得用[i]三条[/i]命来抵。,
我要你给我配一副毒药。,
{离开。},
你准是唐恩考尔斯的外甥女。他跟我说过，你会有东西要给我。,
听这动静，是另一队人马在攻打镇子！他们准是听见了咱们这边打斗的动静，把事儿给弄明白了。,
这仪式都包括些什么？,
那修士脸上，一闪而过一丝极细微的挫败表情。,
她会挺过去的。她非得挺过去不可。,
啊，没错，是[Player:父亲]家的[Player:儿子/女儿]。你在西边可干了不少大有来头的事，对吧？大有来头的事。,
那些药水和药，卖吗？,
这主意不错。看来我们真是闲了太久了，久到连斯库利那种货色都觉得，搞点下三滥的偷袭就能扳倒我们。,
难道瓦莱里乌斯当真要为了自己的固执，搭上所有追随他的人的性命？,
一听这名字，年轻人顿时来了精神。,
在地道里，不过他们称那里叫小礼拜堂。大概从盖乌斯的摊位那边往下走就是。,
找到那个叫苏森的女陶工，骗她说出科纳尔的藏身处。,
{礼貌地点头，沿原路退了出去。},
起来！这场仗是输了，可咱们在别处还能派上用场！,
他眯缝着眼打量着你。你几乎能听见他脑子里的算盘打得噼啪作响。,
只要你高兴就好。,
成。能死个痛快，也算是种慈悲了。,
你就是杜达？,
夜色越深，余下的奴隶便越是躁动不安，但在你警觉的盯视之下，一夜无事。,
帮忙，你是说？嗯……倒还真有件事。,
那还真可惜。不过，也没什么打紧。,
{检查那些小堆的篝火。}生过火的还不止一处。,
{离开。},
斯卡拉格里姆将他的盾牌赠予你，以嘉许你在突袭林迪斯法恩中的帅才。他管这面盾叫“奥丁之盾”，躲在这宽大的盾牌后面，你觉得自己近乎无敌。,
你升为塞恩后的头一件事，就是步你父亲的后尘，离开你的氏族？,
要是母亲再问，就跟她说我没事。我就是犯了游瘾。有个像你这样的[Player:哥哥/姐姐]，谁能不受激励呢？,
恩巴尔德双手在身前轻轻一拍，露出和煦的笑容。,
你们这群人，看着可不善。想干嘛？,
我真不该跟你上这儿来！,
你伸手捞起一串马肉，烤得焦香，又嫩又肥；你细细品味着这第一口，任由肉汁顺着下巴淌下。你身旁，努基一手攥着一大块楔形奶酪，另一手抓着条熏鱼。,
看来这倒不用担心了……,
能寻见他，算是我们走运。,
我同意。等到冬日落了第一场雪。届时，我们再动手。,
没必要再赔上更多性命了。把基利安放了。,
罢了，好吧。她的礼物就这么卖掉，心里总归不踏实。但如果你保证会归还给她，我想也行吧。,
这与你无关，斯库勒。,
一小群人畏缩在河边的篝火旁。他们满眼惊恐地望着你，待认出你的身份后，那恐惧才略有消解。,
那就让我来给你演示一番！,
{检查那枚徽章。},
我确信那批贵重的货物交到你手上是安全的。,
每个人大概都在各自寻找船只和新船员了，这样他们就能回到那个洞穴，将战利品据为己有。,
你有我需要的货，我有钱。别把事情搞得太复杂。,
我[i]就是[/i]最强的战士。,
好吧……祝你好运，不管你要去做什么。,
{杀了这个小偷。}我们不能容忍偷窃。杀了他。,
你的愿望就是我的命令。,
啊，要是真有那么简单就好了。她们是支杂牌军，恐怕。艾布琳是个皮克特名字，但她体内流淌着的诺森布里亚血脉，和皮克特的一样多。,
哈！这局算你赢了。,
你解释道，斯库勒想让他最优秀的人手都到战场上去，如果他们同意让你把这些奴仆带回耶灵，那这些猎人恰好就能去到那儿。,
随着你力量的增长，战士们将蜂拥而至，为你效力。,
你从补给中翻出所有木材和兽皮，可当你费力搭建一个临时窝棚时，很快便意识到，凭这点可怜的物资，根本建不起一个像样的庇护所。,
她的猜疑之情溢于言表。,
玩笑归玩笑，这趟旅途中，那个高大的女人可真让咱们见识到了她的另一面。谁能想到她竟会如此硬气？！,
为换条命，这点代价不算什么。,
啊！哦，我亲爱的孩子，你还活着，我真是太高兴了！,
明天，我会祈求索尔助你一臂之力。,
请他们带路，把话挑明，我们不想惹麻烦。,
你正穿行在泽地上，突然听到队伍后方传来[Stuck:Name]的呼喊声。,
站住，陌生人。我乃利奥弗里克，国王的冠军武士。你们要来的风声，早已传到了这里。,
抱歉。你已是个成年的[Player:男人/女人]，如今更是我的领主。但在我眼里，你永远是我的小[Player:弟弟/妹妹]。,
我们眼下根基稳固——皮克特诸部已团结一致，多亏有你，达尔里阿达也几乎成了我们王国的一部分。但一个更巨大的威胁，正在南方隐隐逼近。,
你说斯克耶恩……往北走个一天左右？那地方再好不过了。行——容我收拾些要用的家伙，咱们就在那儿碰头。,
我们曾有幸向主教大人出售货品。若连主教阁下都在此采买，您又有什么可犹豫的呢？,
地上的足迹杂乱无章，毫无头绪。你越是盯着看，反倒越看不明白。,
不过我得提醒你——凯尔的其他相好，可没这么容易放弃他们送的定情物。她唤作诗人的那个家伙，我见过。那可真是个油嘴滑舌的主儿。,
众神在上，你的胆子可真是铁打的……算平手。以我的名誉起誓，这局就算平手。,
凯蒂尔发出一声梗住的咳嗽，拼命忍着笑意。,
杜达，此人因盗窃财物、恐吓要挟及在王家大道上拦路抢劫而遭通缉。最后现身于皮克塔维亚的平原之上。悬赏：无论生死，皆赏2320财物。,
哈哈哈，是啊，那个幻想后来可编得细致极了。那场白日梦整整做了一整个夏天。,
闭嘴，塔洛克！维京人，把那术士交出来，我们便杀了他代替基利安。完事我们立刻就放了那男孩。,
我们发现这伙人正悄悄摸向珀斯。至于他们的意图，也没给出什么像样的解释。,
你已主宰奥克尼群岛。,
你说得对。我会成为一个更出色的人——我会[i]逼[/i]着自己脱胎换骨。我能利用这次失败，把它变成我的动力。,
是啊。,
在战斗中击溃斯坦恩及其手下，夺取奥克尼群岛的控制权。,
他们安然无恙，什么也没拿走。,
我对蓄奴一事深感厌恶。,
或许，他们是在试探你的决心。,
最后一缕生命的光彩，从比约格迪丝的眼中消逝了。她死死攥住织布机的框架，好像要借此撑住自己。,
她的目光不由自主地飘向[ObjectOfAffection:Name]，你敏锐地察觉到她朝他挪了小小一步。不过，照你的介绍看，她的下一个请求，显然是冲着这位[ObjectOfAffection:archetype]来的。,
英吉马尔的一个奴仆又给你俩的角杯满上了酒。他举杯致意，跃动的火光在他眼底闪烁，他微笑着凝视着你。,
他们那艘轻巧敏捷的小船迅速调头，升起满帆，转眼便遁走无踪。,
我奶奶常说，灯笼人会标出水下宝藏的位置！,
这是什么？！你是什么人，竟敢闯进我的住处？！,
挪威人的一记重击，将你方最后一人打倒在泥巴里。掠夺者们交换了一下眼神，或许是在考虑要不要结果了你们，但接着他们便从你身边跑过，毫无阻碍地洗劫起村子的这一片。,
是吗？我倒想听听，等你带回一具枯槁老头的冰冷尸体，你的国王要怎么奖赏你？,
你依次陈述着事实，贡纳尔的眉头越皱越紧。当提到斯库勒的名字时，他整个人颓然垮了下来。,
那个弟弟？,
他盯着[BustedFollower:Name]，眼睛瞪得老大。,
轮到你了！,
埃塞尔雷德已经没用了。若此刻开战，我们必胜，他必死。你没理由陪他一起死。,
这是什么？,
那又怎样？你只需把他们赶跑就行。,
不，不算好。自从[Player:Father]死后，我就一直不怎么好。,
悬赏：缺席者,
我们的国家如今被夹在南方强盛的麦西亚和北方一统的阿尔巴之间。战争避无可避。,
那你该回去告诉他，这次狩猎战果如何。,
接着说。,
内菲娅抹去刀刃上的血迹。,
你是不是一只可爱的小猫咪？是不是很乖呀？是的，你就是。你真是只乖得不得了的小猫咪。,
斯卡拉格里姆双臂交叉，耐着性子，就像你小时候在训练场与人较量时，你父亲常做的那样。,
这柄旧剑好像被什么东西卡住了。你用力拽，越来越使劲，直到最后它终于松动，但你的手也被剑刃划伤了。,
她并没有完全相信，但一定打算不再追究了。,
我真希望我们当初修了更坚固的栅栏！,
正合我意。我的目标从来就不是什么和平。,
埃迪斯的儿子们一直在帮她将装备拖上船。她那已故丈夫的叔叔也出来与她作别。,
你踩到痛处了。,
你干了什么？,
我们没什么拿得出手的。,
前往珀斯，参与攻城。,
多谢，那我就不打扰了。,
我和凯蒂尔合不来。他那自以为是的幽默感，加上开起玩笑来毫无分寸，实在叫我恼火。,
你待在埃奥福维克那些高大坚固的石墙后面，本来差不多能保个平安。你是非等不及我们找上门来，对吧？,
这儿的奴仆比我记忆中要多了。他们武器简陋，可若要动手，他们定会保卫自己的主人。,
到现在为止，生意不错。有了自己的摊位，我很高兴，总算甩掉了那个没用的软蛋弗拉格尔。,
你是个极为仁慈的[Player:男人/女人]——远超过我所配得的。我不会回埃奥福维克的。奥斯雷德绝不会听到半点风声。,
至少让我给你点东西，作为给你添了麻烦的补偿。,
你们这些人，我看全一个样。,
是啊，我确实介意。没别的事了吧？,
你当然可以试试。我知道你懂医术，但这可不像处理普通伤口那么简单直接。,
我判处你，承受多年前你族人加诸我身的同样命运：流放。你必须在五日内离开诺森布里亚，永远不得返回。,
我们在此战中赢得的盟友，将令我们成为阿尔庭上不可小觑的势力。我们需要的莫过于此了。,
谁去帮帮[Stuck:Name]？,
什么？！冥界的邪灵附了阿斯莱夫的身！快，快把他扔河里去！,
空地上，一群男人围着篝火坐着，装备丢得到处都是。这些人看着都年轻，却也很强壮。看样子他们在这儿已经待了好几天。,
瞅着人来人往，没有一点荣耀可捞，连场像样的架都没得打。,
要是这事就这么算了，不让埃尔林格家承担半点后果，那是向家族其余人等发出了一个极为糟糕的信号。更糟的是，这在其他所有塞恩们眼中，就是彻头彻尾的示弱。,
哦，阿斯莱夫是不差——但我比他更胜一筹。,
我辜负了你，塞恩。,
多亏你精于巫术，才认出沟渠里生长的植物是猪草，并知晓它的汁液触之有毒。若无镇痛的膏药，[Victim:Name]就得受上好几天的罪。,
据我所知，你们前来是为了寻找贸易伙伴。呵，只要奥斯雷德还在其位，你就别想找到一个乐意与你们交易的人。,
他疲倦而又惆怅地叹了口气。,
绊索,
是我错了，不该拒绝那份责任的。我这一生都在逃避。我需要接受真正的自己。,
换了我或许也会这么做，可我的运气已经到头了。穿越皮克特兰途中一场恶战，我左臂挨了一记，如今再也无法持盾了。,
【随机名称】耸了耸肩。,
你小时候真该找几个像样点的榜样。,
他摇了摇头，重重叹了口气。,
随你去哪儿。这便是你的全部家当？,
滚远点。我们和你们这种人没什么好谈的。,
艾菲的衣裳,
{动手。},
他们把我从后门带出去，费尽心机不让我瞧见塞法横尸于地的惨状，还有科尔比约恩，肠子都淌了出来。,
{杀了这丫头。} 放了他，但这事得给你长长记性，奴隶——别再想着逃跑了。,
莫尔坎特身上那件破烂旧袍缝了又补，补了又缝，你不禁怀疑，它是否还称得上他受戒为修士时领到的那同一件袍子。,
向上攀爬,
{与皮克塔维亚结盟。} 马格纳斯——邓弗里斯是皮克塔维亚的。,
我叫奎恩，这些人都是我手下的。,
{动手。} 去他妈的吧。,
那年纪稍长的男孩清了清嗓子。,
我们确实有些坏掉的装备需要修理。,
一派胡言，全是胡扯。我绝不会帮你！,
我们见过你朋友了。他让我们一得机会就救你出去。他约你在镇子外头那处老藏身地会合。你知道地方吧？,
所以这事横竖都棘手。就给艾菲一个机会吧。,
发现什么好玩意儿没有？,
干得可真漂亮！我们捅死了一个手无寸铁的毛头小子。多辉煌的大胜啊，我们可真有能耐。,
他已经被处置了。,
想改善村子，我还该和谁聊聊？,
你若当真这般渴求一战，有的是体面的法子来解决。,
我定要像乌特加德-洛基厅堂中的烈火一样，大吃特吃！,
你擅长的是兵刃，还是甲胄？,
瓦达下意识地舔了舔嘴唇。,
耽误你工夫了。,
正是如此。,
那份因不敢追随你而生的羞耻，压得我无地自容。,
这帮人我完全没和他们交过手。倒不如说，到目前为止，他们友善得有些反常。,
每当你合上眼，他那艘烈焰翻腾的船便在你眼睑后的黑暗里灼灼闪动。这种仪式在如此偏南之地实属罕见，但你母亲阿斯特丽德——她出身于耶阿特人的故土——当年坚持要这样做。,
你若要救基利安，我们最好快点动身。瞧那架势，他们准备点火了。,
他喉头咕哝着作答，声音里翻涌着苦楚。,
对不起，我的朋友们，我辜负了你们！,
图雷！你想买点什么？！,
他扬起一道浓密的眉毛。,
到里伯的祭祀屋去，找那位女祭司。,
斯库勒把头歪向一边，以品评的目光审视着你。,
我信全能的天主圣父，天地万物的创造者。,
随后，那巨人带着商船掉头般沉重缓慢的气势转过身，大步朝海滩走去。,
我只盼那些歌谣能鼓舞人心，而不是成为警示后人的戒诗。,
你一定就是丹麦人的【玩家：姓名】了。瓦达告诉我，你在奥斯雷德的宫廷上可是给人留下了极深的印象！,
那些东西是我们的！比你们更需要！把它放下，从那棵树那儿滚开！,
她转身跑回营地，独留你一人沐浴。,
宽恕我吧，陛下。,
只是偶尔会有一丝隐约的感觉，当风里飘来某种特别气味的时候。很难说得清那是什么。,
此话怎讲？,
我们寻个有利的方位攻过去。随我来。,
恩巴尔德最钟爱的，莫过于皈依的异教徒。若是你能让他以为——不妨说——是我们引你入了教，他定会喜不自胜。,
我们该去和厄林格·索尔吉斯尔松谈谈。必须确保他的家族不会再起攻击。,
芬瓜拉的目光凝在远处的什么东西上。她瞬间显得十分稚嫩。,
“我们的德鲁伊”？我们要是真有一位就好了，或许我们的信仰就不会这般虚弱了。话又说回来，过去这几年，我们所有人的信仰都备受考验。,
那场厮杀，我未曾从中得到丝毫快意。,
明日之战，我需要一把兵刃。,
从这处高地可以清楚望见，洞穴的确通往更深处。你能感觉到从附近某个地方吹来一阵风。,
母亲，我回头再和你聊。,
哈！很好。那我们这就走吧。,
方才是我失言了。,
他转过身，将你拥进一个温暖的怀抱。,
我朋友叫丹尔，我是约斯泰因。,
我这人从不跟出价爽快的人过不去，但以你那份名声，是不可能从我这儿拿到最惠价的。,
他们唯一的回应，是一支瞄着你飞来、却准头尽失的箭。那队民兵开始逼压上来。,
“当然啦，[Player:小伙子/姑娘]。当——然啦。”我叫艾布琳，这里的酋长。门，我是不会开的。,
怪了，格里穆尔夫的小屋门怎么开着……,
你和你的侍卫队各挑了一个袭击者搜身。[发现者:名字]举起手来，指间捏着什么，在光影里微微闪亮。,
接下来呢？,
多谢惠顾，欢迎再来。,
拿着。你挣来的。,
两轮婚誓过后。,
你先前说，也许能帮上忙？,
{动手。}我意已决。,
我向母亲发过誓，会留下来。一趟远航，她不能把两个孩子都赌上。,
不，这是为了荣耀我的女神——摩莉甘三女神。,
请转达我王的祝愿：愿诺森布里亚全境安康，永享太平。,
敢跟我作对，这就是下场！,
我们算什么好战士——竟被一群畜生冲得七零八落！,
我要是能住在这样的森林边上，打猎可就太容易了。在这儿放箭，哪有射不中晚餐的道理。,
康纳尔本来要到海岸边跟另一伙维京人会面。我们一路追过去，在他赶到之前就把他逮住了。,
就在你松开手的一刹那，那男孩在泥地里一拧身，扭头就冲回了那间他跑出来的小屋。,
我仍坚持我说过的话——宁可死，也绝不流亡。,
我有一件礼物要送你——是我们最出色的军团士兵亲手打造的。就当作是我们占了这块地方的租金吧。,
他的眉头重新拧成一团，成了一个困惑的愁容。,
这个嘛，我得掂量掂量。,
她唯一的反应，就是眉头又锁深了几分。,
是么？嗯，他们确实是一帮天不怕地不怕的家伙——常年远渡重洋，护我的利益，替我的家族效力。,
他麻木地垂下了脑袋。,
三个皮克特人挤在一小堆营火旁，几乎挡不住悬崖上肆意咆哮的狂风。他们衣衫褴褛，满脸戒备地打量着你的靠近。,
从即日起，六个月内，战舰[船名]可随时停靠本城码头。,
我会找到他的，布拉娜。,
你这货，从哪儿来的？,
阿斯莱夫·格里姆瓦达尔森，就此落幕。,
女人轻蔑地一摆手，便截住了他的话头。,
说到这个，仪式能接着往下吗？我可急着在下一出打断之前，把这婚给完了。,
{杀了那女孩。}我们得杀一儆百。,
我有话要问你。,
你这该死的[Player:混蛋/婊子]！想鬼鬼祟祟摸进来？！想打？那就打！,
你在这儿，可没什么名头，维京人。想光凭名字就让我们乖乖让路，那你可就大错特错了！,
皮克塔维亚和达尔里阿塔所有部族的首领，都将聚在这座厅堂。我们将立誓相爱，永不变心，至死不渝。,
{放了他。},
我不日便去里伯，会给艾芙拉带药回来。,
再见了，[Player:名字]。放心，我会把人好好送到。,
该走了。,
听你这么说，我很高兴——可就算你最终还是要走，我也不会怨你。,
就是，该动身了，你明白吧？,
有结果了。麦西亚不会出兵。,
你没什么可道歉的。,
若有什么法子能回报您的恩情……,
让我看看，你都卖些什么。,
我看，是时候拿个主意，把长屋前头那块空地给拾掇出来了。廖特尔和我，可都盼着在家门口有个像样的市场，好卖咱们的皮子和肉。,
奥塔尔望着你身后那些塞恩们，焦躁地换着脚。,
你们最好利索点。我们的援军随时会到。,
嘿——这些人，跟赫丁维说的对得上号，肯定是从斯泰因那儿逃出来的奴仆。,
使者身形一僵，声音也跟着冷硬起来，满是戒备。,
晚饭还合口吗？,
日子总算有了点起色，可路还长着呢。不过，我们至少不再是日德兰半岛上最穷酸的一家子了。,
有个叫比尔德的人就住在附近，跟两家都说得上话。,
奈芙娅一见你，嘴巴便微微张开。她显然已想明白你们俩整晚不见踪影是怎么回事了，虽飞快别过头去，你却还是瞧见血色直往她脸上涌。,
奈芙娅抬起头来望向了你，嘴角浮起了笑意。,
港口长官对自己不得不向你提出这些要求，明显浑身不自在。,
能让我瞧瞧你的货吗？兴许我能出个好价钱，替你减点路上负担。,
他们都这么说？唉，一千年，可太长了。我早就不记日子了。,
再大点声！,
我确定。不值得费这功夫。,
这边，搭把手！,
你没资格说这种话！把你的怒火给我！把血债血偿的恨意给我，给我——给我死亡的威胁！在你干出那种事之后，休想我会接受什么友善的言辞！,
这才像话！我刚才差点以为自己是在跟个泥腿子农夫干架！,
我明白了。不管怎么说，谢你费心了。,
那农夫晃悠悠地走到康纳尔·马克·泰格住的屋前，把门推开一条缝，悄无声息地钻了进去。,
我是塔拉，侦察队的队长。,
不会让你白跑这一趟。,
贡纳尔如何？,
眼下，沼泽地带乱成一锅粥，佣兵们想找个没什么风险的活儿简直易如反掌。,
客套就免了。把凯尔的白手套交出来，我们掉头就走。,
[Player:Name:Genitive]是我的所有格！,
且慢……你要是把老国王的财宝分我一半，我就助你一臂之力。,
你可真是越活越回去了，就为了怄我，居然跑去捧奥斯雷德的臭脚。,
凯蒂尔再也绷不住，忍不住笑出了声。,
你正打算动手做那些杂活，拉斯克瓦却一声不响地走到你身后，一只手轻轻落在了你的肩头。,
告诉我，到底出了什么事。,
别发愣了，赶紧振作起来，我们走。,
他连为这阵耽搁道声歉的意思都没有。,
他们便栽到了我兄弟德伦吉尔头上。一如既往，纯属诬陷。,
等你找到他，要杀要剐都随你。我们跟那老东西之间，早没什么情分可讲了。,
我这么做，是亲手拆散了一个牢不可破的同盟。,
那是我们养的猪。,
好歹比什么都没有强。,
我们必须站在马格努斯这一边。我的人民需要你我，[Player:Name]！[i]求你了！[/i],
麦西亚的联系,
将熊爪护符归还给埃林农场上那名被奴役为奴的可怜人。,
这种事自降我们的身价。去寻别人来做吧。,
这人身上那件基督牧师的袍子，亮明了他就是你的接头人。他大约三十五六岁，生得体格强健，虽说发际线有些后退，却依然称得上仪表堂堂。此刻他正在路边焦躁地来回踱步，神经质地啃咬着自己的指甲。,
收债人,
一只寒冰铸成的拳头猛然攥紧了你的心脏，刹那间，天旋地转。完了。你彻底输了。,
慢着，慢着！行吧，十枚银奥图格。,
诗人沮丧至极，垂下了脑袋。,
不过……我倒有法子让你周全些。过来，我给你找一套结实的好棉甲，怎么着也比你身上那件破衬衫强。,
他握住你的手，把那枚护身符重重地按进你的掌心。他说话的语气里，带着一种末日将近的决绝。,
她朝你投来羞怯的一瞥。,
我就直说了吧。要我给完全陌生的人准备兵甲，这让我很不痛快。,
我是[Player:Name]。我想彻底查清这桩猪的官司，弄个水落石出。,
一个半大小子突然从附近茅屋的门帘后猛冲出来，抄着一把厨刀，脸上写满了决绝，不顾一切地朝你扑来。,
那小男孩瞪圆了眼睛，狂热而着迷地打量着你们这群异国武士。就在你目光与他相触的那一刹那，他脸上猛地绽开一个灿烂无比、激动万分的笑容。,
那好，等战士们休整完毕，我们立刻兵发珀斯。,
我们大老远跑来，可不是为了掺和别人家的战事。,
我能帮上忙！,
那壮汉抬起生满浓密金色眉毛的眼睛，凝视着他。,
异教徒竟敢踏进上帝的房子？看到你们这些皮肤在圣十字架面前没有被烧得滋滋作响，我真他妈的惊讶。,
路过而已。,
我们把他们揍得屁滚尿流，够他们记上一阵子了。,
我们此行并非要强行拿你，但你[i]确实[/i]得在法庭上露个面。等你方便的时候。,
哦，嘿。我只是……需要独自待会儿。你是想谈谈吗？,
警讯的烽火为何没有点燃？,
我们去看看能探出些什么来。,
这法子无疑是解燃眉之急，可我们需要的那种支持，是你靠威胁要不来的。我心里盘算的，是更长远的大计。,
喂，那边那个！站住！,
你在这片土地上成就斐然。我相信，终有一日，整个不列颠尼亚都将臣服于你的统治之下，而我，定会助你实现这大业。,
你的恩情我绝不会忘。猎人们没有察觉我母亲偷东西，但我可没她那么身手敏捷。,
诺森布里亚才刚从一场王位继承战的泥潭里爬出来，他们绝不会蠢到想这么快又点燃另一场战火。,
尘埃落定。瓦莱里乌斯死了。,
对了，你是不是有什么事想告诉我？,
老头子步履蹒跚地挪到屋子后头，在一堆破烂里好一通翻寻。半晌，才重新露面，怀里抱着一堆小巧而织工精密的网。,
你行走时，周身流露出一股不属于这尘世的绰约风姿与优雅。我暗自猜想，你必定是受了芙蕾雅女神的祝福。,
真要那样，未免也太便宜他了。,
吾王。不胜荣幸，一如既往。塞恩[Player:Name]。,
照看这个摊位的女人，穿着打扮与围在她身边的皮克特人格格不入，身上也没有他们那种蓝色的纹饰。,
你就像一只猫，正央求一只鸟儿从树上下来。从那位郡长此刻看你的眼神里，就能读出这个意味。,
这番威胁似乎反而让瓦莱里乌斯的决心更加坚定了。,
你任由目光在海滩上游移，注意到沙地上有一串拖痕，从斯卡基倒下的地方蜿蜒而出，消失在大海里。,
它能让你好好暖和起来——就像之前那些人一样。,
我不是来嘲笑你的。你打得不错，作为我的俘虏，你会得到应有的尊重。,
两个男人凑在一起窃窃私语，而那个女人站在一旁，不自在地挪着脚步。,
如果我离开，让你独自对付那堵墙，你能拖住这些人吗？,
还没等康斯坦丁的笑容变成警觉的忧虑，你就已察觉到了他的退缩。,
你回来了。看来，那位女士不太乐意听到这个消息？,
你该让它解脱了。,
你会慢慢见识到她的能耐的。别以为她那副小姑娘做派就是无能，我可是亲眼见过她剖开一个大汉，从胯下一刀划到喉咙。,
骨铃叮当作响，宣告了你的归来。桑达尔还待在房间后面，不见踪影，但他那学徒已向你深深鞠了一躬。,
是……当然。我们不是有意给你添麻烦的。,
他住在高地——就在一道峡谷的谷口。我给你指路，只是……求你住手。,
如果你是冲着报酬来的，我可付不起。,
还不算。能容我问几个问题吗？,
艾菲迟疑地回应了内菲娅的微笑，随后两个女人抽出刀子，迈着沉稳而克制的步伐，朝走廊深处走去。,
看起来还不算太糟。要是你把我想知道的说出来，兴许还能活着离开这儿。,
好极了。一朵漂亮的小花，你说是不是？料谁也想不到，它竟是从一堆粪肥里长出来的。,
诸神啊……[i]——呃呕——[/i]我认栽了……,
离我远点儿！,
蒙克切斯特袭击惨绝人寰，我们不能放你们任何人走——你们对公众安全威胁太大了。,
你为什么要告诉我这些？,
陛下，过去这六个月，我一直在争取诺森布里亚埃塞尔雷德国王的恩宠。他已承诺调拨部分军队，协防斯克恩。,
她的声音里含着笑，可她的脸已疲惫得做不出那副笑容了。,
你不必告诉她。她迟早会发现的。,
{攻击。}动手吧！,
年迈的女祭司颔首致意，神态恭敬。,
[Random01:Name]用[Player:his/her]脚捅了捅国王的尸体。,
闪开，否则我们就把你们砍倒。,
我和父亲已经把问题都解决了——我觉得他现在没理由出现在这儿。,
随后，就在戈德维芙快要代奥斯雷德接受你的道歉时，两名身着奥斯雷德徽记的斥候，从北边一处俯瞰会场的悬崖上疾奔而下。,
我们常年远行，四处漂泊。也许我们寻觅的解药，就在海的另一边？,
格蕾妮站在被击败的利奥弗里克身前。这位埃奥福维克冠军伤势严重，但仍在呼吸。,
不过一个老太婆和一个软蛋罢了。他们根本没抵抗。,
也许你说得对。斯库勒最大的优势，就在于他深得西古尔德王恩宠。我们若想打败他，就得拉拢自己的盟友。,
但有一件事，在你正式获封奥克尼群岛的统治权之前，必须先办妥。,
我没……,
喂，这到底是怎么回事？,
丹尔，你说过耶灵的防御工事是你建的。我跟斯库勒关系不好。你能不能告诉我些能用来对付他的事？,
毛科林骂了句没法儿翻译的本地粗话，朝你脚边啐了一口。,
你可知道那墓穴是真是假？,
那就好。温柔的手段可没法把他从绝望里拽出来。,
或许他会听我说——毕竟，我又不是皮克特人。,
哈夫丹略带愧疚地瞥了你一眼。,
他们似乎很快便达成了某种共识，其中最年轻的那人沿着一条林间小路拔足狂奔而去。那使者又传了几句晦涩难明的话。,
我已经决定了。这事我跟谁都没提过，不过，廖特尔和我正想要个孩子——已经努力好一阵子了。我要留在家里，组建家庭。,
他垂下手，脸上露出几分扫兴的神色。,
你就是个畜生。我绝不会帮你！,
我会保他不死。,
如果你真铁了心要求见，可以去找那些执法官谈谈，不过别抱太大指望。他们就守在小礼拜堂门口，对面墙那边。,
那倒是个稳当的选择。,
去看看你能查出什么来。这儿有鲁里克帮着我收拾烂摊子。,
快睡着的时候，你听见她脚步轻巧地穿过草地，回了自己帐篷。,
皮克特维亚的陷落,
我听说你饶了埃塞尔雷德——胆子不小，也够险的。那家伙可不是什么好相与的主儿。,
那他还不得找你报仇？,
埃奥福威克的港督是个慌手慌脚的修士，一脸焦头烂额的模样，怀里抱满了卷轴。,
我从没见过那位德鲁伊本人，但我祖母跟我说过，他离开我们是为了自保。他躲进了高地深处，远远避开了人世的险恶和政治纷争。,
莫坎特斜着眼瞟了勒斯克瓦一下。,
过了好一阵子，众人才把各自的装备清点完毕。随着你的扈从陆续发现三件损坏的装备，三声喊报先后响起。,
就是这个！第七块石板！天哪，太让人激动了！跟立石上刻的铭文一模一样！,
向您致敬，尊贵的领主大人。您莫不是需要些趁手的兵器或甲胄？,
那就滚吧，你这没教养的乡巴佬！,
非做不可。,
说得太他妈好了，我自己都讲不出来。,
这些不开化的异教徒动机就这么简单，你还真觉得稀奇？,
我要你跟我去奥克尼，那是我的地盘。你在这儿有一席之地。,
"哼。说""乐意""倒也算不上，不过我是真庆幸没跟你做对头。",
恕我失陪，得去四处转转了。好好享用这盛宴吧。,
"杜达，人称""彭宁山脉的黑猎犬""。这家伙没少给我们惹麻烦。在你之前我派过好几拨人去收拾他——可不是个个都活着回来了。",
我得去睡会儿了。,
{在沉默中品味这一刻。},
她摇了摇头。,
那个老家伙，桑达尔？不过他确实是个怪胎……,
你踏入大厅时，康斯坦丁已经立在那里了。他的目光立刻钉在了跟在你身后的那人身上。,
你没能甩掉敌人！,
{留下来一探究竟。},
你的扈从们拼尽全力划桨。幸好[Shipname]天生就是为这般境况而造的，你们很快便借着雾气把那艘船甩得无影无踪。,
你的扈从们动手清理堵住通道的碎石。活计虽苦，好在水声压过了动静。,
有人把贡纳尔绑在牲口棚中央的一根木杆上。他准定在那烂泥里站了不下三个钟头，可你走近时，他依然站得笔直，直直迎着你的目光。,
等那邪教被铲除之后再来。到那时，埃塞尔雷德自会得到我起兵相助的保证。,
我们也不同意他的那套说辞，可杀人？他们干了这种事，却照样逍遥法外。,
去河西边找个养狗的。,
你瞧着可比你那帮邻居友善多了。,
战阵已胜。斯泰因重又站起，浑似什么都没发生过。他手下那帮人倒是个个面露疲态。,
听起来是桩划算的买卖，接着说。,
主教一瞧见你，嘴角便嫌弃地撇了下去。,
她的脸肉眼可见地垮了下来。,
利奥弗里克扬起剑刃，他麾下的战士们也齐齐响应。,
凯蒂尔在背包里摸索了一阵，掏出一枚精巧的镀金银项坠，形状宛如一轮未满的圆。两端各缀着一个四叶草似的图案，花心嵌着一颗暗红玻璃珠。你恍惚觉得在哪里见过，却从未往心里去过。,
可不是嘛，你这家伙就是机灵。,
我就知道可以指望你。国王陛下定会听闻你的忠心——你只管放心！,
格雷提尔看起来信了。,
你跟埃菲处得来吗？,
那头恶灵？,
我老想着去看看[Player:Father]的大厅，一直没机会。呸！今儿个在我这儿喝，明儿个就去你那儿喝！,
你捣鼓什么呢，约斯泰因？,
斯卡拉格里姆双腿叉开，稳稳当当站着，目光投向教堂的塔楼。,
不过眼下总算有了头绪：咱们去河边打听打听，看看能不能寻到那个跟康纳尔手下鬼混的丫头。,
我乘着灰鹅号，随一帮西福尔来的弟兄们到了这里。去年夏天大半光景，我们都在西边沿海劫掠凯尔特人的地盘。那可是一桩油水十足的买卖。,
她[i]果真[/i]存在！,
没错。,
这事儿怕是还没完。,
男人在离你五步远的地方停下，脸上堆起一副商人惯有的笑容。,
等待的时间不长。很快，太阳便开始西沉……,
当然。你若遭遇不测，我随时准备接掌指挥；但只要你还活着，我便忠心不二地侍奉于你。,
留里克就在那里面。就算要把耶林的男女老幼杀个干净才能找到他，我也在所不惜。,
——1000 财物,
当年罗马帝国征服我们时，花了几个世纪来铲除那些先于他们存在的文化。,
他确实有点古怪，没错，但他给钱公道，待我也不错。,
是同一种遭天谴的恶疾！我必须做点什么——我们必须斩草除根，永绝后患！,
我想你或许该去问问她，就算不为你自己，也该看在奈芙娅的份儿上。,
我们第一步棋，必须赢得那些郡长也好、长官也罢——管他们那些可笑的头衔叫什么——的效忠。老国王在这事上，会是个极大的助力。,
让大伙儿都好好道个别吧。,
自己保重。,
八九不离十吧。,
谢谢你，是啊……今年的渔获不算太糟。我……我攒了十三便士。只要你能帮我这个忙，这些钱就都是你的了。,
我真搞不懂，他们干嘛要为这么蠢的事动手……,
你走近时，围坐在篝火旁的男人们止住了话头，抬眼望向你。其中一人起身相迎。他伸出手前，勉强堆起一副友善的面孔，显得颇为做作。,
要我说，你有些族人或许能接受基督的教化呢！若你应允，年底我就在这儿立个小礼拜堂。,
一阵狂风袭来，长船毫无征兆地朝一侧倾去。一声撕心裂肺的尖叫，撕裂了长空。,
那年轻女子怯生生地偷瞥了你一眼，却不敢迎上你的目光，依旧沉默不语。,
比约格迪丝松开她的女儿们，往后退了一步。,
你步入神殿时，那位女祭司正围着奥丁的神龛洒扫。,
哟，这不是我那位远道而来的相识么，跟我、跟我家里人，可是半点瓜葛都没有。,
你觉得那也算重击？！呸！,
那女人简直不敢相信自己的耳朵。,
埃奥福维克的冠军立于战士的簇拥之中，手执剑盾，脸上透着一股钢铁般的决绝。,
埃塞尔雷德的军械大师派了一队年轻男女，去把盘踞在英吉尔森林的一大群狼赶走。结果，一个人都没回来。,
我们就在北边那片林子里找到的他们，在树木间一条逼仄的小径上。,
去城南的田野里跟利奥弗里克碰头。,
这笔钱我们会用在吃食、药品和建材上……能叫族人日子好过不少。,
他的态度彬彬有礼，却透着几分警觉。,
好多了，多谢。下次我会更当心的。,
说来真有点不真实。这么久了，我们在这里做到了这么多。,
她久久地逼视着你。然后她耸耸肩，把短刀入了鞘，放开了主教。,
这是个需要极尽细致的活儿，但你沉下心思，专心对付起来。意识到这得耗上不少功夫，你的扈从们便在你周遭安顿下来，静静守候。,
他们架势十足地拔出剑，又朝前逼了几步。,
我不知那话该怎么说。我能听懂个大概，可讲是讲不来的！,
那墓穴的事，能跟我讲讲么？,
喔！那是个什么？是金子不成？,
能匀我块把银币使使吗？,
我们找到了[玩家姓名]的牢房，但那里戒备森严。我数了数，有六个轻装的人手。,
这面华美的钢盾，个头比你用惯的盾牌都大。能完好如初地熬过这么些年，当初的手艺必定是出奇地好。,
斯库勒看样子沮丧得很。,
你要是不想提，我也不强求。,
好吧。是这样。一大群狼正在英吉尔森林里逡巡。,
斯库勒点了点头，与其说是对你，不如说是对他自己，随即便把心思都放在了桌上的食物上。,
她打了个哈欠，不以为然。,
我在差不多午夜时分瞅见她离开，只当她是去打个猎。如今回想起来，她当时带的东西是挺多。,
哼。也罢，如今没什么能拦着你赢下它了。我败了……对不住所有人。,
尸体早已腐烂，又被乌鸦们啄得面目全非。在那些溃烂的疤痕与满是脓水、蛆虫蠕动的稀烂的烂肉里，你实在难以辨认出什么像样的特征。,
但她没说错。你把同一个故事，讲了两遍。,
阿斯莱夫点了点头，显然对这决定颇为满意。,
我上来就是想一个人待会儿。我得花点时间理理思绪。,
这事儿我说不准，[Player:Name]。我觉得咱们信不过他们。,
皮克特兰一日不平定，就一日派不出战士支援你。,
你在绳索上挽了个套，灵巧地往上一抛，那绳套不偏不倚正落在头顶一根粗大的石笋上。你将绳索拉紧，感觉这个锚点足够牢靠，可以攀爬。,
当然。所为何事？,
你必须宰了它。连头鹿都杀不死，你还当什么猎人。,
啊，没错，雅尔拉格希尔德已经命我查过此事。,
随着一声野兽般低沉的咆哮，凯蒂尔一个箭步挡在你身前，将撒克逊刀狠狠捅进鲁里克的胸膛——不止一刀，接连两下。,
我有几个人要找。说不定还得揍上一顿。这事儿有你的赏钱。,
贡纳尔毫不迟疑地超过你，径直走向最近的那个劫掠者，咧嘴挂着一脸得意的坏笑，胡子都分了岔。,
好吧。真不知道该怎么琢磨这事儿。,
永远别放松警惕！,
第三个守卫终于忍无可忍。,
正如我向大人所禀报的：那盘踞在莱加塞斯特的邪教，正用无辜者的鲜血献祭于黑暗之主！,
倒省得我们喂饱这群可怜虫再押回耶灵去了。哈！,
她兴致索然地瞧着你。,
眼下我们得知，他正从埃奥夫威克向北，往哈德良那道古长城的方向去。至于此行目的，那就谁也猜不透了。,
我们有些装备快被打烂了——得修理修理。,
我光用手摸一摸刀剑或锁甲，就能断出品相高低，这本事比绝大多数老练铁匠用眼看的还准。,
我已是尽我所能了。这下子它该能禁得住更多敲打，才劳烦你再跑来找我。,
[Leader:Name]走进你的牢房，从边上的箱子里取出你的武器，递到你手上。,
要是不想找揍，就不该踏进我们的林子，维京崽子！你说是不是，戴尔？,
方才正和朋友们道别。你预备何时动身，我此刻便已准备好了。,
他抬手轻拍嘴唇，沉吟片刻。,
我[i]就知道[/i]准是你——我们一见那帆影顺着泰河往下漂，就认定了。任你话说得多漂亮，到头来，到底跟你那帮族人是一路货色。,
他神情自若，轻呷一口酒。,
你再敢吐半个字，我就当场把你这站着的人捅个对穿！,
这片林子可真美。倒叫我想起家乡夏日里的森林了。只可惜那座大军营煞了风景……,
我的荣誉感命我如此。若是我胜了，你可服侍于我。,
请宽恕我——这请求着实唐突。我绝无轻慢之意。,
你显然打断了某种仪式。,
倘若我们[i]就是[/i]在问那座坟墓的事儿呢？,
{交出600财物。} 我们付你整整三十。你们敢为那区区二十便士赌命吗？,
哦，天呐！他看起来可吓人？,
那年轻人神色紧张，忙不迭向其他人示意起身。他们飞快地交换了一下眼神，这才站起来，却只是别扭地立在那儿，像是全然摸不着头脑。,
那守卫悄没声地挨近那些俘虏，毫不客气地割断了绑缚他们的绳索。,
她点了点头，随即跪倒在诺托尔夫身旁，在你转身离去之时，兀自爱怜地抚着他的头发。,
这把毫不起眼的小刀，从打你记事起就一直带在身边。无论是雕木头、割绳头，还是宰畜生、捅人，都使得顺手。,
我这便即刻动身前往英吉尔森林。盼能与你在那儿相见。愿神与你同行——不拘是我信的，还是你信的，哪个更眷顾你便随哪个。,
达格海德给我赶制新靴子那会儿，我只好借廖特尔的靴子来穿——那双啊，大得能装下我两条腿。,
{刺倒其中一人。} 我有笔账要跟你们的塞恩算。,
行了，我懂了。就这些？,
多谢。,
好啊，那是自然。你切莫操之过急，往后的日子长着呢，有的是工夫让你摸透这里的门道。,
我希望能在我等的领地之间辟出通商之路。,
我奉命前来，务必确保你支持埃塞尔雷德加冕。,
罗慕路斯教团已加入你的队伍，踏足奥克尼群岛,
你若需要我，我随时就绪。,
这儿的人本就视我们为残忍无德之辈。在他们眼中，我们也没什么脸面可再去折损了。,
儿童护符,
老德鲁伊默丁·埃姆里斯为高地人所害。这是他的学徒，基利安。,
我来是喝蜜酒的，不是来听你聒噪的。擦擦你那胡子，倒点喝的端上来，老东西。,
她咬着嘴唇，你能看出她在心里估摸你掌中那几枚钱币的分量。她鬼鬼祟祟地朝四周扫了几眼，随即一把从你手心抓走钱币，侧身让开了路。,
那些古老的城墙让我觉得自己渺小如尘。,
你犯下了忤逆本王国的大罪，但我绝不容许在这厅堂之内动武！你必须即刻离开埃奥福维克，永世不得归来。,
恕我愚钝，竟误判了形势。我这就去令手下备船，准备一战。,
你的扈从们懒洋洋地待在原地，冷眼旁观着整个过程，直到最后一批战士的身影消失在森林之中。随后，一股奇诡的寂静笼罩了此地。,
说得没错。,
你光闻那味儿还闻不出来吗？！呃啊！,
取消,
与阿斯特丽德交谈以结束这场战役。,
我还能打！,
林间空地中立着一座小小的石砌神龛。它想必古老得超乎想象，但一直有人精心打理，才没让周围疯长的草木把它彻底吞没。,
抱歉了，莫尔坎特，但这么做才是对的。,
这压根儿就不关我的事，我也不会把这烂摊子揽到自己头上。,
这是我的荣幸，[Player:Name]。要知道，我在这次联手当中看到了巨大的潜力。,
播种是奴仆和软蛋才干的事。我可不干。,
你找到了一个与凯尔口中那位“精灵骑士”描述相符的男人——正在自家门前扫地，那模样可半点精灵的仙气都没有。当他看清你是冲他来的，顿时浑身不自在起来。,
就这么着吧。不管这帮人能使出什么招数来，都远远不够。,
自然可以。,
囚犯要跑了！快追！,
祝你好运，[Player:Name]。你已倾尽全力为今天做了万全准备。接下来无论发生什么，都该来的。,
你的手指划过盘底，发现盘中已空。你吃光了！身旁的努基倚在桌边，一脸狠戾的专注，死死地瞪着面前那还剩下半满的盘子。,
你？！他居然派了你来担保此事？！看在诸圣的份儿上，他脑子里到底是怎么盘算的，觉得这能行得通？,
你踏入洞穴，基利安的呼喊便朝洞里传去，他的话语在嶙峋不平的洞壁之间激荡出尖锐的回声。,
奥塔尔焦躁地换了个重心脚，眼神反复打量着聚在你身后的那群塞恩们。,
“你说咱俩能弄到那口酿酒的大锅吗？”“我的朋友，只要咱俩用些巧计。”,
留心寻找你父亲旅途中留下的更多线索。,
斯卡拉格里姆眉头一蹙，眼中闪过一丝失望。,
一道炽烈的火光穿透了死寂，让凝滞的空气再度流动起来。仿佛世界末日降临，但你心中却无畏惧。一位故交正陪伴在你身侧。,
他朝着四周草草一挥手臂，将他周遭的环境大致笼统地比划了进去。,
很好。还有什么别的事吗？,
不，我不知道。,
此去西行极远之地，有一处叫作莱加塞斯特的所在——是旧帝国的遗存。附近村落的一位神父警告我，有一股黑暗的力量已然盘踞了那片废墟。,
他们都还好吗？究竟发生了什么事？,
你好奇这小子到底有没有胆量向你出手，于是沉住了气，等着他冲到跟前。他的勇气确实打了个趔趄，但并未完全消散。,
勒斯克瓦咬着嘴唇，强忍着没笑出来。紧接着，她那深色的眸子忽地垂了下去，用双臂紧紧环抱住了自己。,
我们希望能在彼此族人之间开通贸易往来。,
他将网卸下来丢给你的扈从之后，便以惊人的力气紧紧握住了你的双手。,
是啊，那一仗……可不值得讲给我们的孙辈听。,
洗劫我们家园的是那伙维京人单干的，不错，但他们确实与皮克特人同行。是那些最激烈反对考斯坦丁的统治，又最忠心拥戴康纳尔·马克·泰格的氏族之一。,
我还没跟毛科林谈过。等我摸清了更多情况再回来。,
我简直等不及要亲自用屁股去感受一下他们的王座了！,
下一个就要轮到我了……,
你这贱人！,
最后一次机会了，莫尔坎特。要么投降，要么就死。,
他向你手下的每一个扈从都投去了极其狐疑的目光。随后，他转过身去打量自己那帮人，仿佛在试探他们的想法。末了，他叹了口气。,
若能有一方友善的炉火供我们歇歇脚，实在感激不尽。,
你回来了。,
埃塞尔雷德看上去满心欢喜。,
那就走着瞧吧。再会了。,
跟我说说眼下是什么情况。,
你飞身扑上前，一把攥住伏朗格尔的领口。你猛地将他朝后一拽，他发出一声被噎住了似的闷喊。,
那是国王的东西！,
他被烧得惨不忍睹，早已没有半点力气反抗你。当你的撒克逊刀捅进他心窝时，他只发出了几声可怜的、咕哝般的喉音。你在他身边多停留了片刻，直到确信他已死透，才将他留给那些乌鸦。,
那你卖些什么？,
你们一走，那些混蛋肯定会再回来！啊，要是老亚恩斯凯吉还在就好了——他总知道该怎么办。,
你要想加入，欢迎。,
我一直觉得那个教派有点邪门，可这……这比我最坏的打算还要糟得多！,
不会的。过去的事就让它过去吧。,
内菲亚对你说话，目光却始终不离阿丝莱芙。,
这个还活着。,
你这个禽兽！,
那些东西由地底之民看守着。,
那你这个典狱长当得可真够可以的。,
你错了。我希望你能给我个机会，让我来证明。,
我问你点别的事。,
他抬起手，虚弱地攥住你的手腕。,
{走吧。},
你不是个寻常的维京人，对吗？,
其实我对你不够坦诚。我打算杀了康纳尔·马克·泰格。,
我们得救了！哦，谢天谢地，我女儿平安无事。,
镇上有铁匠铺吗？,
她走到离你不过一掌之遥的地方，直直逼视着你的眼睛。眼眶里闪动着泪光。,
我恳求你——别挡我的道。我不想跟你动手！,
鲁里克拼命压着自己的声音，不让它失控。,
有些事必须得变了。我本想着再出海劫掠一番，但那不过是拖延时日罢了。我们真正需要的，是更多的人口，还有故国那些王国的正式承认。,
听见领主的话了吧！,
她转过身去，目光越过那条潺潺低语的小溪，望向远方。,
市场北面，贫民区里。,
再见喽，陌生人。但愿，后会无期。,
教士避开目光，声音压到极低回答。,
他完全藏不住那得意的坏笑——也许压根儿就没想藏。,
他用力握了握你的手。,
你父母绝不会允准的。,
愿你健壮幸运，我是[领主：姓名]。敢问阁下可是波特海姆？,
拿这条国王的命，那换来的赏钱可得是个天价才行。,
一个雾蒙蒙的日子，我们满载着麦西亚的货物，驶过这片水面，向北朝埃奥福威克去。,
她沉默了很长时间。两只手一个劲儿地发抖。,
得，那祝你好运。,
不用你费神了。,
嗯，你既然肯学、肯诵主祷文，就是给了我面子。不管是不是基督徒，你我之间总有相通之处。你既说你受过洗，我情愿相信你。,
多谢您的指教，[玩家：姓名]。可愿再来一局？,
{打！},
他知道自己踏上的是什么路，可他还是去了。,
你这番表演，足以让最蹩脚的吟游诗人都替你羞红了脸；可姑娘反倒明显放松了下来，见你分明是在耍宝，竟也忍不住露出一丝笑意。,
那个毛手毛脚的贼骨头，这会儿怕是早跑得没影儿了。,
求您了！您一定得救救我！,
贡纳尔呼吸着咸腥的海风，一脸心满意足。见你走来，他转过身，握紧拳头扬手致意。,
请你别那么说他！,
想来我这儿没什么能入您眼的了。倘或改了主意，不必犹豫，随时回来便是。,
你脑袋不灵光吗？我们就是鼠辈帮。这可是你自个儿说的。,
我瞧见好多脚印和粪便。在那些兵士到来之前，这林子里的野物一定多得不得了。,
他答话时，颇有些勉强。,
他们来抓我了！救命！,
我——什么？你小子可真是[玩家：个狗娘养的/匹狡猾的小母马]。,
维京人，我谢你的慈悲心肠，可你是斗不过那些皇家侍卫的——再说，就算你赢了，你的那个诺森布里亚，怕也不是我乐愿栖身的地方。,
兰恩十字,
这东西我要了。,
可这确是真的。王座是你的了。,
我叫光腿盖尔蒙德，也不知这贱名报来有何用。我是个做木匠活儿的。就只是个木匠，别无其他，没什么……特别的。,
{对扈从们。} 别放跑一个。,
一阵剧烈的寒颤，将恩巴尔德心头积压的紧张一泄而尽。,
按习俗，这样的请求绝不可回绝。那漫游者缓缓在你火边落了座，可奇怪的是，摇曳的火光竟照不亮他的脸。,
就是我。对不住，我不该逃开的。我没成想会惹出这么多麻烦。,
内菲亚的话音里渗出一丝哀恳——你很少能从她嘴里听到这种语气。,
你懂钱这回事，对吧？奥斯加开了多少价码？,
少耍嘴皮子，手上见真章。,
守在桥上的那伙人甲胄精良，可行止间丝毫不像久经战阵的勇士。倒像是在盯着大路，等什么人的模样。,
那么，还有别的事么？,
终于，你觉得自己听见了应答：是你自己的名字，从那边传回一声惊异的呼唤。又过了片刻，你到了凯蒂尔身边。,
作为丹麦最有权势的女人，拉格恩希尔德拥有第二座长屋，专供她的侍卫使用。来自北地各处的战士汇聚于此，寻求雇佣，并与她麾下声名显赫的亲兵一同训练。,
我一直深爱着这片树林。,
这一次，埃塞尔雷德待在他的帐篷里，被一群衣着华贵的人环绕着，想必是他的封臣。你被迫在外等候了将近半个小时，那些封臣才鱼贯而出，埃塞尔雷德总算有时间见你。,
干得漂亮，朋友。干得漂亮。,
{解开主教的束缚。}走吧。躲到地窖里去。,
他脸上布满阴郁的皱纹，点了点头。,
把东西留下，武器什么的，全留下！我们要的是你的货物，但若逼不得已，我们也能要了你的命！,
永远别在拿起你的斧与剑之前，就离家远行。,
终于，你彻底屈服于黑暗的牵引。,
是啊，若我当初多教你些旧神的事，你就会明白，那根本算不上什么血缘的保证。,
你们是奴仆，对吧？多半是逃出来的。,
当然，吸血杖仍归我所有。,
其实没什么可说的。我们来自南边的麦西亚王国。那条船曾是我丈夫的。,
呵！那些杀不死你的……只会让你怒火中烧！,
{提供60份口粮。}我想向你们的神明献上这些腌肉，足够一户小家庭吃上两周了。,
恕我直言，我带他来此，全是为我自己和氏族的利益。我所做的这些，足以换取你的支持了吗？,
我会给你一个公道的价钱，不过你得知道，最优惠的价格我只留给忠实的顾客，或是我们族人的朋友。,
我确实想，但我们不该这么做。,
是吗？我倒觉得讽刺得很，毕竟最初毁掉那位伟大圣徒杰作的，正是你的同类。,
等在中央石室里的那人，看上去与你想象的如出一辙。暗灰色的胡须几乎垂至腰带，浑然融入一件不起眼的羊毛长袍中。,
你……你好？你是来见……我的？,
横竖都一样。我们也会被赶出斯凯恩，你等着瞧吧。我们这种人，就[i]不受待见[/i]。,
返回斯卡伯勒，找到那个诗人，杀了他。,
[Random01:Name]抬手朝着敌军阵列的前方指去。,
尼夫娅朝阿斯莱夫狠狠翻了个白眼，你几乎能听见她眼珠在眼眶里使劲转动的声音。,
那就让我们进入墓穴，亲眼一睹。,
正合我意。喏，这些是我手上的货。,
一阵紧张的窸窣声如水波般在迎接的队伍中荡开，所有人都开始不安地挪动重心，更用力地攥紧武器，全在为即将变得无比糟糕的一天做好准备。,
你不能这样对他！,
那条项链，你还想买吗？,
那么，怀着万分的感激，我接受你的提议，我的朋友。我祈求这将是我们不得不进行的最后一次跋涉——祈求我们被迫害的日子，终于彻底成为了过去。,
待你走近，那年轻女子总算抬起头望向你，甚至鼓起勇气，用极其细弱的声音匆匆打了声招呼。,
瓦莱里乌斯睿智地点点头。,
你报出价码，试图解释这价格有多么公道，可你的理由，对方似乎充耳不闻。,
我遇见了你的一个受害者。他说，你从他那儿夺走了一件贵重之物。,
去门边的架子上取回你的武器。,
住手！我把你想知道的统统告诉你！,
我倒觉得，我更想要你的项上人头！,
奥斯雷德一登上王位，其中一件当务之急，就是“清理”艾奥福维克。于是他便带着手下的恶棍闯来，逮住我们，毒打了我们一顿，然后扔进了地牢。,
我宁愿与你并肩而战，也不想跟着赫罗德盖尔达。,
因为这整村的人都鬼迷心窍了。,
无妨，没她帮忙，我也能应付。,
我经历过比这更糟的。,
万分荣幸见到您，[Player:Name]领主。我听闻您正着手在斯凯恩兴建一座市场。,
这正是你所期望的领袖风范，预示着他的统治将一片光明。,
莫尔甘特凑过身来，在你耳边低语了几句。,
这一切……着实有些令人着迷。,
你和铁匠铺那边，一切都好吗？,
尼夫娅，你必须信我：这个决定是对的。而你们，农夫们：这是你们能得到的唯一提议。我奉劝你们接受它。,
没印象。,
我很高兴你这么想，只是我当时需要那杯酒壮胆。或许下次，我们俩都可以保持清醒。,
早先的那个小男孩，正与一个年纪相仿的女孩追逐着萤火虫。他们一见你，便愣在原地片刻，随即绕了个大圈从你身边跑过，一路奔回村子去了。,
我们今天确实给了他们一记重击。等我们的军队抵达埃奥福维克，我倒要看看那座城还能剩下多少守备力量。,
工匠们迅速收拾好工具，然后纷纷一一道别。,
改天吧。,
有件事，想求你帮忙。,
嘿，呃…你。在那儿吗？,
你的孩子们袭击了我们。我们被迫杀了他们中的几个。,
正是，诺森布里亚的第一任[Player:国王/女王]，[Player:Name]陛下。,
显然，你弟弟看出了你话中的真意，但这似乎并没让他觉得好受一些。,
[i]多谢。[/i]我做了个噩梦。,
很好。当然，没你的许可，一切都不会动。,
她安然无恙！我本来都不敢心存奢望。,
恩巴尔德露出了笑容，那笑容透着恳切。,
他将一只手搭在你肩上。,
{攻击。},
若你想成为我的盟友，甚或只是想在我们两国之间建立贸易往来，我就必须先向你提出许多要求。多得远超我本有任何资格去提的。,
我需要那面鹰旗。那是权力的象征，瓦莱里乌斯当初能建立罗马军团，靠的就是它。,
三小时后……,
内菲亚咧嘴一笑，退后一步，给你腾出空间。,
我出身商贾之家，家里在里伯住了三代。我是独女，爹娘一直盼着抱外孙。,
她静静地点了点头，脸上却没流露出一丝情绪。,
老妇人勉为其难地点点头。你隐约觉得，她是不会给你最划算的价了。,
火油罐,
她放任自己那审视的目光，慢悠悠地扫过你的全身。,
你帮了那些人。这是奎恩亲口告诉我的。我跟她丈夫很熟。,
我信圣灵，我信圣而公之教会，诸圣相通，肉身复活，罪过得赦，以及永生。,
她探身过来，在你的脸颊上印下一个[Player:温柔的/姐妹般的]吻。,
真没想到你俩能成。说实话，我一直以为会是凯蒂尔。不过，你挑了个好男人，只是他那层坚硬的外壳厚得很。,
你这说的是什么话？,
赶在暴风雨变得太猛烈之前，你设法把所有东西都牢牢捆扎停当，就这么平安无事地闯过了波涛汹涌的海面，一件东西都没落水。,
想好该如何处置那些劫掠者的长船。,
恩巴尔德露出了笑容，那笑容透着恳切。,
我不能。如今想得救赎，已为时太晚。,
……我想，12便士再加30份口粮，该够我们走到那儿了。,
那堆干草看上去好端端地靠在农舍后墙边，只待你做出决断。,
上一次劫掠可真是一塌糊涂。我能全须全尾地活下来，便算走运了。,
内菲亚没再出言反对，可你分明看到她攥紧了拳头。,
她的额头因担忧而蹙起。,
什么？哦，没错，有个生病的同伴。让我瞧瞧。,
我们麾下不过十余艘长船，拢共大概能凑出三百五十名战士。就凭这点兵力，光靠出其不意，远不足以发动一场入侵。,
我没打算做任何交易。,
你该不会——？不。别告诉我。,
你遭遇到一伙不明身份的敌人。,
求求你！饶命哪！,
你翻出一件完好无损的装备——虽说旧了，却还中用。作为献给这片土地众灵的酬谢，你留下了一份银钱作祭。,
所有人都聚在岸边，望着你那艘崭新而漂亮的长船滑入水中。,
今日在此地所行之事，必招神罚。这[i]绝非[/i]一场胜利。,
瞧你这副可怜相。,
就在他拳头攥紧那捆东西的当口，你陡然移身换位，挥动兵器朝他猛击过去，可他对这一手早有防备。他撒手松开那捆东西，纵身向后跃开，拔出了自己的兵刃。,
我们渡海过去，去劫掠那片我久闻其名、不设防的海岸。,
他不过是个追着幻梦与传说跑的老糊涂罢了。,
哦，有了这个，我能做成多少事啊。它会把我们带往怎样的去处！,
盛宴,
只要不曾投降，战败便不算耻辱。,
主引导我去救助此人。,
你注意到营地边上躺着一只剥了皮的死鹿，锅里正炖着它的一些肉。,
你不打算跟我动手？,
行吧，四分之一——完了你还得把里头发现的一切都一五一十地告诉我！,
走开，没人待见你！,
她把脑袋歪向一边，面露思索之色。,
{献上200财宝。} 你都在这儿待了一天了。我给你十便士，找到的东西你还能自己留着。,
罢了，他如今人都死了，再为任何事去怨恨他，都没道理了。不过，他是为他那些冒险付出了惨重代价，而我们这些追随他的人，同样未能幸免。,
突袭女修道院，洗劫教堂。,
他把银币一枚一枚地数出来，落入你摊开等待的掌心。,
站在前面的那个矮个子男人，正是刚才说话的人。他又开口了。,
啧，别这么见外，你差不多就是我的救命恩人了。,
祭司虽然热情好客，却声色俱厉地警告我们，绝不可惊扰那座墓穴。,
在一个更美好的世界里，你会是一位[i]伟大[/i]的领主。智慧与仁德，是任何统治者都应具备的品质，可老天给我们的这个世界，人们只尊重拳头的力量。,
威利布罗德的目光在你和你掌心的钱币之间来回打转，过了好一阵子。,
丹尔的声音里不由得渗出一丝骄傲。,
你说是就是吧。,
你早已绰绰有余地弥补了你那些同胞留给我们的坏印象。我恳求你原谅我先前的敌意。往后若有什么需要，我一定给你最优惠的价钱。,
鲁里克打小就意志薄弱。我们唯一的过错，就是让他离开视线太久了。,
我就寻思着会在这儿撞上你。,
最后一杯,
还没到我收命的时候。奥丁护着我呢。,
涅菲娅抓住阿斯莱夫的双腋，想把他搀扶起来，可他整个人已经软软地跪了下去。,
这个教派听起来很危险。不过别担心——我们会收拾掉他们。,
帮助阿斯莱夫守卫北大门。,
我的王。,
格蕾妮清了清嗓子。,
此话当真？,
你该知道，斯库勒是一片好意。法兰克人入侵的威胁，是我们所有人都实实在在悬在心头的石头。,
这位一度被废、转眼又将复辟的诺森布里亚国王，以一种极其威仪的姿态捻了捻胡须。,
活板门,
谢谢。祝你好运。,
你止住了她的血，她眼中的怒火也缓缓退去，取而代之的是恐惧。,
眼高于顶。自以为是。自信过了头，热心得过了头。{她耸耸肩。}他这人还行吧。,
我大概见过一个那样的男孩。我记得是被带到地牢去了。你怎么不去问问那个看守地牢的女人？,
下到神殿去找祭司奥德凯尔谈谈。,
我承认，兴许是那件事推了我一把，让我看清了。那天晚上，确实起了不小的作用，让我换了个视角看事情。,
嗯。暂时先跟我们待着吧。这事儿我们可以回头再商量。,
旅途遭遇,
涅菲娅跪在母亲的床边，小心翼翼地握着她的手。她一直在哭。比约格迪丝在病痛中挣扎着想为女儿撑出一副坚强的样子——却终究力不从心。,
与阿斯特丽德交谈，结束战役。,
你就是这般看事情的？难道在你们的文化里，受害者若是没能保护好自己，就成了有罪的一方？,
斯泰因的脸上满是沮丧。他沉重地朝手下点了点头，那些人便开始朝海滩走去。,
出什么事了？,
盖尔人的芬瓦拉与皮克特人的多姆纳尔即将联姻，以巩固两大王国之间的联盟。你从斯卡基手中救出了芬瓦拉，因此受邀成为座上贵宾。,
我跟他们担保过，公鸡可不是件趁手的铁匠家什，可没一个人听我的。后来风闻你们这儿正缺个铁匠，所以……嗯，我就来了。,
你和艾菲处得如何？,
她的双手止不住地颤抖，只好十指紧扣在身前，竭力让它们安分下来。,
要知道，如果我和我的人让你们这般不自在，你们直接放我走就是了。,
这只精致的陶土小瓶里，盛着一种或许能治愈死亡病的良药。涅菲娅的家人已为这种恶疾所苦多年。,
他的目光探寻着你的双眼，满是疑问。,
我失败了，母亲。我们到头来一事无成。,
兴许我们只是需要更多的材料来研究？只要再多找到几块这种石头，我们随时可以折返回来。,
德鲁伊拔出一柄长匕首，刀柄上刻着精致繁复的图案。,
谢谢你。,
石上的铭文，竟出乎意料地直白——它描述的是一名猎人，栖身于高墙之外，远离族人的陪伴，却甘愿独自在荒野中巡行，守护着同胞的安宁。,
我最中意的维京人。那折扣依然作数，若你有什么需要。,
涅菲娅一跃而起，手中已攥着短刀。她的声音里翻滚着沸水般的厌恶与鄙夷。,
他已经死了。,
她看向你的眼神，分明在说：她实在累得没力气理会这些破事了。,
你步步逼近时，盖乌斯瑟缩成一团。,
告诉我，你为何袭击我等。,
兰恩，没叫错吧？嘿，有你这么打发了头一位主顾的吗？,
阿斯莱夫是个苦干的人。于他家人而言，今年的收成怕是要分外难熬了。,
看来是真的。先前他说你俩找着彼此了，我还咬定他在耍我呢。他实在配不上你，[Player:Name]。,
弗朗格上下打量了你一瞬，随即身影一晃，旋风般转过身便要逃窜。,
我说……你可知道你长兄身在何处，[Player:Name]？,
行，我帮你。,
鲁里克抬起一只手，拦住了你的去路。,
没什么。都只是些传说罢了。,
领头的卫兵朝同伴点了点头。,
让我来帮忙！,
{入伙。},
也许我们能用撒克逊语跟他们谈谈？你会说撒克逊语，对吧，[Player:Name]？,
你可真找了个好战友，一个从未、也永远不会与你并肩作战的人。,
尽管烟气稀薄，却依旧熏得眼睛生疼、喉咙发涩，可罗斯克瓦却似毫无感觉。她全神贯注于那古怪的仪式中，甚至根本没留意到你在场。,
他伸了个懒腰，然后满脸堆笑地走过来握住你的手。,
那就给我个痛快吧。让我死得快些，也体面些。,
你为我母亲的农场做的那些事，我们真的很感激。,
你需要我们做些什么？,
是真的。我亲手搏杀过巨人。,
你们准是派我们来的那家伙以前的同伙。,
埃蒂丝身上那件厚实的棉甲，原本也就能挡挡刺骨的寒风和杂乱的荆棘，但这总比一丝不挂强。,
瞧瞧这些船……,
你离开时，他的妻子从农舍飞奔而下，一头扑进他怀里。你的朋友们投来复杂的目光，却都欲言又止。,
离我远点！别碰我！,
修士先是飞快地将你的话转译给其他人，这才开口回答。,
这事儿我不会帮你。,
阿斯莱夫脸上闪现过一抹近乎解脱的神色，但只一瞬。紧接着，他似乎才真正领悟到背后的深意，脸色顿时阴沉了下来。,
我们一年到头也见不着国王一面，只有在聚到一起时，把所有难题都一股脑丢给他解决，那才见得上一次。,
我确定。胡尔达的事，多谢你帮忙。,
我们不想生事！能放我们过去吗？,
又来了。他们也找你哭诉了，所以你就跑上门来收债？,
唉，又是放哨的活儿。,
破盾者,
人是粗鲁了点儿。饭量壮得像头牛——但比我认识的任何人都捧我做的饭。,
我们夺取所发现的财富，并非因为我们有权这么做。他们自然不会心甘情愿地交出来。我们用刀剑和长矛去夺取，就是因为我们比他们更强大。,
让我猜猜：你想让我去杀了他？,
你还有别的打算吗？,
好极了。这小东西真顽强。能在那种咸沙地里长出来，非得有股子不服输的劲头才行。,
一旦我们夺回王座，我们的合作在政治上怕是会有些难堪，但我相信到时候总会有办法解决的。,
凯尔咯咯地笑了。她的嗓音变得轻快了些，少了几分魅惑，却多了几分真挚。,
我知道你们是群强盗。我给你们一次机会，趁我们还没把你们杀光，赶紧滚出去。,
还没到时候。再给我些时间。,
他眼角一抽，脸上挤出一个毫无笑意的笑容。,
我听说她打发你去里伯弄药了。可惜事没办成。但愿那可怜的姑娘能撑过去。,
他不屑地哼了一声。,
你们想必是埃塞尔雷德雇来的维京佣兵。,
他若有所思地挠了挠下巴。,
他只是阴沉地点了点头，算作唯一的回应。,
西格丽德或许会有主意。她擅长给林间野兽布设陷阱——没准儿她知道哪一种陷阱能大到困住一个男人。,
我不喜欢你。你可以待上一周，然后从我这座岛上滚蛋。,
你放心，她们个个都身体健康。你当真不需要带一个走？,
我们该在村子四周竖起栅栏，而不是光靠这些破旧的土墙。,
[Pointman:Name] 抬手示意。,
等等——等等！别！我说！他妈的，我全告诉你！,
你能做到，也必须做到。这会在即将到来的战斗中给你带来莫大好处。,
慢慢来，这事都僵了一年多了。一时半会儿也跑不了。大概是吧。,
[Klutz:Name] 跌跌撞撞地滚下嶙峋的山坡，所幸[Klutz:他/她]拼命抓住了一截向外支棱出来的树根，死死攥着，悬在半空，命悬一线。,
是。我明白了。你跟他们谈妥了交易。,
呸，年轻人之间拈花惹草，关我什么事。少拿这些闲言碎语来烦我。,
一派胡言，你这女巫。你这分明是在捕风捉影。,
你们休想入内，也别想恐吓禁卫军！立刻退后，否则我们就[i]动手[/i]把你们拿下。,
我们得建立起自己的贸易航路。斯库勒有考庞——我们就要拿下海那边的群岛。,
首先，用一把锋利的小刀，将肋骨沿着脊椎一根根剔下来。然后，拽住肺从那豁口里拖出来。,
过去这两周，我不得不花大价钱借住在一个生意伙伴家里，一边还得想法子解决这档子事。,
唐柯尔斯说话时，目光自始至终没落你身上。,
有份礼物送你。,
你还好吗？它伤到你哪儿了？,
听说你俩终于在一起了，这镇上可没一个人觉得意外。说实话，唯一让人惊讶的，就是你们居然耗了这么久！,
希望能凭此说服他。,
阿斯莱夫微微颔首。,
我大概听说过切——唉，但要理清所有这些皮克特小王国的来龙去脉实在太难了。反正它们如今全都臣服于考斯坦丁了。,
他沮丧地环顾四周。,
我敢说你必是远道而来，嗯？,
这倒是个有趣的插曲，让我对贵国了解了许多。我们下一步该怎么走？,
若你们能证明自己当之无愧，瓦莱里乌斯便会召见你们。随后，你们将被带入小教堂，在圣鹰之下接受涂油，并发誓效忠于那位圣徒。,
你松开马班，他踉跄后退，被你惊人的力气吓住了。待他缓过劲来，便掏出一个沉甸甸的钱袋。,
我亲眼见过。刚成婚那会儿，我和阿尔瓦尔德一同打那儿经过，到这儿来安家。,
你原来在这儿！我刚才正跟西格说我们在那边的经历呢。,
让我瞧瞧你有什么货。,
那是自然——国王的性命必须放在首位。愿你们此番营救，万事顺遂。,
他们一共五人：三个男人，两个女人。我隐约知道，其中那个女人是某个男人的妹妹。,
老实回答我的问题，兴许我会让你留着那点可怜的财物。,
女祭司的目光一落在艾菲身上，脸上便顿时焕发出认出故人的神采。,
[ObjectOfAffection:Name]犹豫地朝你这边瞥了一眼，发现从你这儿得不到援手，便飞快地思索，用丹麦语应答。,
你真是好心肠。我知道她巴不得亲自去，可她身边除了我，再没旁人能照应了。,
奥德凯尔摇头，望着你身后的那座山丘。,
关于那条项链……,
宾客们正鱼贯步入你父亲的——[i]你的[/i]长屋。塞恩们率先入内，每人身后都随着一小队扈从。,
我就料到你会有此提议，我同意。你打算守洞穴，还是去守墙？,
那就去吧。,
那为首的强盗不修边幅，走起路来大摇大摆。他脸上挂着一副极其欠揍的奸笑，声音里满是嘲弄。,
除非你再给我寻个住处，否则我们就赖在这儿不走了。,
他定是想在下一次庭格大会前削弱我们。,
罗斯克瓦悄悄凑到你身边，试探着将手搭在你的腕上，低语。,
等他醒了，让他抓把雪敷上。会留些淤青，但明日便不会疼了。,
那么说来，我的担心不无道理。,
你总不至于真要发动这么一场入侵吧？！那不过是个诡计，不是吗？,
那座塔绝不能留——若非如此，我们早该瞧见它了。,
刹那间，他看上去失落至极，但转瞬又拾起了那副满不在乎的伪装。,
继续前进吧。离开此处，从头来过。,
多谢！,
你可认识一个姑娘？她和某个叫凯尔特拉姆的男人是朋友。,
只要你别来烦我，爱上哪儿随你便。,
你的侍卫们环顾彼此，微笑颔首——他们身边全是值得信赖之人。,
剿灭那些搜寻难民的基督徒。,
{离开帐篷。},
我们已将他逼得够紧了。人都有一个崩溃的临界点。,
出什么事了？,
你就是帕尔尼？,
所以呢？,
你真想知道？,
我们去收拾行装，告诉我们该跟着谁。,
埃塞尔雷德干笑一声，毫无笑意。,
女猎手拭去眼中的泪水。,
我们该拿他们怎么办？,
若耶灵与斯凯恩之间真到了兵戎相见的地步，你会站在我们这边吗？,
我……没想到此事竟如此容易。,
我是诺森布里亚边境一个小氏族的首领。这是我们的传统礼袍。,
行吧，只求你别等到它断了才想法子——到那时可就来不及了。,
一群窃贼！简直是闻所未闻！,
嘿，这不是我们的救命恩人嘛！真高兴再见到你，朋友。,
他脸上的笑容旋即消逝。,
这些人利用了一些显然他们自己都一知半解的罗马文化元素，拼凑出了一套本土神话。我怀疑这位叫瓦莱里乌斯的人物，正是其中的核心。,
我想这儿没我们的事了。望你早日康复。,
{顺从地投入他的怀抱。} 也罢，若这是免动干戈的唯一法子。只是别对我动真情。,
你在黑暗中摸索前行，双臂前伸以探路。你愈发焦躁不安起来，因为这隧道似乎长得让你肺里的那口气快撑不到头了。,
他咧嘴假笑，眼底闪过一丝癫狂的光。,
你和你那帮打手？你当我们傻吗？,
不。那种指引带给你的，不过是[i]虚假的[/i]安全感罢了。,
当你走上前时，吟游诗人朝你投来期待的目光。,
我想阿斯莱夫不至于蠢到会中那种圈套。,
不敢冒险，便难有所获。,
内菲亚撩起裙摆一角，让你瞥见了她撒克逊刀的刀鞘。她心领神会地冲你眨了眨眼。,
感觉咱俩翻来覆去聊的总是那点事。,
荒谬透顶。罗马的奠基者？简直荒谬！,
你就是赫里沃德？,
{消耗30根绳索。}把货物捆牢了！,
妈妈的农场真该好好拾掇一下了。栅栏有两处都破了！那些原牛居然还没跑出去，也是稀奇。,
妈的！你[i]明知道[/i]这话落下了可就抹不掉了。,
给这帮人一个惨痛的教训，我倒是不介意。,
他扬起斧头，直直地指向你。,
去跟斯卡拉格里姆谈谈。,
端坐在王座上，头顶奥斯雷德的王冠，埃塞尔雷德终于显出了几分他命中该有的为王气度。,
屋子里泛起一阵不满的窃窃私语，但无人敢站出来直言。斯卡拉格里姆似乎对此无动于衷。,
不过这话听着，倒真像是在提醒你得小心自己的背后了，不是吗？,
那些石头是用来做什么的？,
罗斯克瓦眼下不在这儿，或许反倒是件好事——哪怕只有一丝风吹草动，让她察觉到自己可能会在凯尔这样的女人面前多出一个情敌，都足以将她直直拽入最幽暗的深渊。,
艾布琳着实顽强抵抗了一番，但我们最终还是击败了她。,
老牧师呜咽一声，但还是点了点头。当你手下的人洗劫屋子时，孩子们全都挤在他身后缩成一团。,
你[i]居然[/i]敢质疑我的统率？！,
好在你们的袋子里没装什么抢来的宝物，所有零碎玩意都贴身藏好了。守卫们明显松了口气。,
战斗是赢了，可这场战争已经输了——再多的复仇，也改变不了那名年轻学徒已死的事实。,
更别提那次你还向我挑起决斗，妄图把我从领主之位上拉下来。,
您的提议很是慷慨，但我另有打算。,
如果这是你最终的决定，那就这样吧。不过，你若是改了主意，知道该去哪儿找我的领主大人。,
基利安盖好自己的罐子，目光里透着困惑，仿若要穿过那层薄布似的眨了眨眼，然后把罐子递给了你。,
步入林木茂密之处，你开始每隔一阵就呼喊凯蒂尔的名字。有那么一刻，你恍惚觉得树丛间有人在窥视着你。影子一晃，那身影便消失无踪了。,
要操控一艘长船至少需要十人。招募所有愿意跟着你的族人，然后到里伯去雇些佣兵凑齐人手。,
明白了。领主[Player:Name]，对此你有何见解？你觉得自己有能力守住这片峡湾吗？,
老人愤然提高嗓门，引得众人纷纷侧目。,
那还用说。和平者贡纳尔本身就是一股狂野的天威。,
他嘴角上扬，扯出一个野性十足的狞笑。,
若你细察我们的仪式，我相信你自会发现，官方教义的种种精义，皆已尽数涵括其中。,
劫掠者拉格瓦尔德看起来状况很糟。他倒在炉火前浸透了鲜血的兽皮上，发着高烧胡言乱语，虚弱地捂着肚子——西格丽德的一支箭杆还嵌在那豁开的伤口里，触目惊心。,
英吉马尔用袖子抹了把嘴，咧嘴露出大大的笑容。,
阿斯莱夫再度后退，容内菲亚从方才的攻势中缓过劲来。趁她蓄势准备下一回合之际，他对你开了口。,
我明白，你当时不过是恪尽领主之责，护佑部族周全。正因如此，我更该心存感激。,
约维塔看上去有几分忐忑，那神情，活脱脱就像个正密谋着要把自家上司做掉的同谋。,
我[i]确实[/i]不一样。在我所有族人当中，唯有我将你击败了。别了，卡乌斯坦丁。,
哪来的什么军队，领主？我们不过有几条船，外加几伙七拼八凑的劫掠者。若你指望靠这些去进犯诺森布里亚或是皮克塔维亚，前头的路还长着呢。,
让我助你一臂之力！,
尊贵的[Player:Hlaford/Hlafdia][Player:Name]！[Player:Velkominn/Velkomin]回到我这简陋的小摊前。近来我所耳闻的，可尽是些关于您的[i]溢美盛赞[/i]，您放心，我的开价绝不会辱没了您的名声。,
她咳得又深又重，听着骇人——还在发烧。她已缠绵病榻数周之久。您能帮帮她吗？,
拆解一艘船可不是什么省力的活计，光是工钱就要吞掉一半的利。我把价码提到150，这可是我最后的底价了。,
这事儿没门。内夫娅，你跟不跟我？,
蜜酒,
怎么样了，[Player:兄弟/姐妹]？,
论打造盔甲，我不比这儿任何人差，但我的绝活是兵器——当然，得是在我没被钉马掌、补锅碗这些杂活儿缠住的时候。,
一条硕大的黑犬，眼中燃烧着地狱之火！凡是见过它的，都活不了。,
快瞧这个！,
我对女人可没那种心思。,
放心，我们肯定不会亏待你。银子如何？还是名贵的宝石？,
那[i]要命的[/i]世仇当然还在。积怨老得跟原罪似的，永无止境，除非所有人死绝了才算完。这就是高地的规矩。,
嗯，四下都安全。,
你这狗娘养的！,
他又逼近一步，逼得你别无选择，只能后退。他几乎把你死死顶在了屋墙上。,
行，先别动。,
趁我还没失去耐性，你最好别再跟我满嘴谎话。,
{什么都不给。} 我们的敬意，会用行动来证明。,
杀害斯库勒的凶手四下张望，仿佛在找什么东西。,
村里人告诉我，诺托尔夫拖着那可怜的姑娘朝那个方向去了。,
祝你们安康，旅人。愿精灵指引你们的前路。,
祝你旅途好运。,
"你对我没有主权！你没有任何权利,什么也不欠你！要杀就杀吧。若真如此，反倒是[i]成全[/i]了我。",
行。拿上钱，我们走人。,
奥克尼群岛的奴隶贩子赫丁维，早先从斯泰因手里买过几个奴隶，可他们冬天全逃了。你主动提出帮她把人抓回来。,
我跟追你的人小有交手。桥那边清静了。,
{把你的指关节按得咔咔作响。},
有一伙强盗专劫过路旅人。,
当然。谁都知道你是诺森布里亚的朋友。,
你瞧得出，这番话起作用了。那小偷回头瞥了同伙一眼。,
呃——呃。你……你这是要还价？,
我手艺在木头上，嘴皮子可不利索。,
奥塔尔那几个幸存的兄弟，也慢慢爬起身来。可谁眼里都没有再打下去的劲儿了。,
哦，呃……行吧。那，祝你们一天顺利。,
贡纳尔自顾自地低声笑了。,
你这儿卖腌肉吗？,
你决定把东西都留下，便把所有物品从袋子里一股脑拽出来，分给了手下侍卫。,
枯萎的花朵,
{消耗6份油脂，涂遍全身。},
你怎么做？,
凶手已伏诛。,
我找到了！一套完整的古代铭文破译索引！,
[Random01:Name]把某位郡长的侍卫全喝趴在了桌子底下，后来被人抬到谷仓里，睡得跟死猪一样醒酒去了。,
我也许不赞同你的决定，但我敬重你的道理。我跟着你干。,
一把形状古怪的小铜钥匙。一看就是古物，每个凹陷处都生着斑斑点点的铜绿。,
不！[i]求你了！[/i],
你到底来了。我早知道，你站在这里不过是迟早的事。,
“精灵骑士”重重地陷了下去。,
好。,
{挣脱开。} 不行。我做不到。,
你将注意力重新转回那老妇人身上。,
晨安，尊敬的首领。,
我的大军已向诺森布里亚边境进发。我说我还有新的要求要提，你大概不会意外。,
我们是来帮忙的。,
何不让[Healer:Name]替你瞧瞧那伤？,
关于那隐士，你有什么能告诉我的？,
长驱直入,
操！,
他面朝下趴着，背部和双臂被撕得稀烂，脚踝和小腿周围也尽是伤口。,
[Player:Name]，我的好[Player:孩子]，你父亲的事我很难过。在这艰难时日，若是耶灵百姓有什么能帮到你的，一定开口。,
这等威严神力，令人敬畏。我们该献上何种祭品？,
难道就没人见他离开？,
好在我带了这群全副武装的武士。路上可不能让这些萤火虫有什么闪失。,
女猎手的眉毛微向上挑，但语气依旧客气。,
那么，外乡人，你让这个国度变好了一点。待你攻打邪教徒时，算上我们一份。,
这事背后另有隐情，远非流言所能道尽。,
你与众侍卫取出油脂，毫不吝惜地互相涂在衣物与甲胄上。虽然浑身难受，但现在要挤过那个狭窄洞口，想必不成问题了。,
你们这群人看着怪凶悍的。但愿不是来这儿找麻烦的。,
[Insulted:Name]低声咕哝着。,
我大概就是还没碰上个看得顺眼的人。,
什么？领主[Player:himself/herself]大人要亲自去为我觅食吗？你父亲管事那会儿可不是这样的！,
悬赏：异教徒,
是北方人——他们乘船渡海而来，正从南北两头夹击。,
肮脏交易,
提炼自北欧奇菌的萃取物，能令你的攻杀愈发凌厉，只是行事会少几分谨慎。,
操，他们到底对你做了什么？,
我只能向你担保，这些奴仆个个听话，身子骨结实，干起活来也不惜力。,
就凭你们这点可怜的防御工事，根本拦不住一艘长船。,
在水池的另一头，几块突起的岩石上，你发现了一些箱子，旁边残留着长期有人居住的痕迹。大餐后丢弃的骨头和几件铺盖散落一地。,
我——恳请你——把命运与伍尔夫西格绑在一起吧，[Player:Name]。求你了！诺森布里亚会成为我们强大的盟友！,
把巨魔树皮交给里伯的女祭司。,
我们本不该对你抱有什么指望。可你却让所有人都刮目相看。你在危难之际投奔我们，又冒了奇险，才促成了这份盟约。,
她张口欲呼，却又硬生生把话吞了回去。拳头在身侧攥紧，喉咙里挤出一声闷哑的尖叫，跟着一甩脚跟，大步走开了。,
埃吉尔接着将那山川地貌一一道来，描述得绘声绘色，更细细指点了通往那藏宝洞的路径。,
哈！跟你说实话，如今呀，可是这小子养着我这把老骨头，哪里轮得到我来养他。,
铁匠铺里，一个学徒在炉子旁叮叮当当地敲打着什么，而铁匠本人已经在院子里迎候你了。,
别跟我磨蹭，直说你想要什么，我好打发你走。,
主教打量着你，眼中满是怀疑。,
你没去救你的主子。,
看着倒像是她自个儿乐意来的，不过依我看，她怕是不知道自己栽在了怎样一个无赖手里。,
我们打他们那里打对了——既然拿下了哈德良长城，我们的军队就能直穿城门，趁他们还没回过神，一举拿下珀斯和约维克。,
我们如今势单力薄，又树敌太多。防御必须加固。,
你背叛了我，[Player:Name]！我原以为自己是你们中的一份子！早该醒悟的。,
我就知道你能懂。,
把那个逃走的家伙找出来。,
你一头扎进水池。黑暗瞬间吞没了视野，但隧洞的大致轮廓，你仍能分辨。,
本打算乘船回考庞去——至少原本是这么想的。打那之后呢……？或许再回奥克尼群岛，去和兄弟们团聚。,
拿了咱们要的，赶紧走！,
{展示证据。} 事办妥了。,
这耻辱，你得学会自己咽下。,
承蒙款待，荣幸之至。,
唔，要是你家小子当真在信仰上着了魔，你就得让他自个儿去闯过去。,
你想帮忙？不是来趁火打劫的？,
那你呢？你打哪儿来？,
接着来吧。,
{献上2份口粮。} 敬一杯蜜酒，求索尔神开恩。,
远道而来的旅人，愿你们安好。欢迎来到圣威尔弗里德教堂。你们……看着可不像是本地人。我寻思，诸位怕也不是来听布道的吧？,
厨房的炉火边上，可以给他挪个角落。只要他肯塌下心干一整天活儿，那地儿就是他的。,
多谢你帮我找到他们，[Player:Name]。你才是真朋友。,
或许还来得及，能救下那个学徒。,
你可准备好了？,
这边还有另一位治疗师——拉希尔。她一个人孤零零住在高地那边，心里头恨透了我。我也说不上为什么。我琢磨着，大概她天生就是这么个善妒的泼妇罢了。,
你随时可以把船泊在这儿。不会有人为难你。,
这儿不过是霍尔姆斯兰沙丘。,
有你做我的[Player:兄弟/姐妹]，夫复何求。我总会闯过这道坎的。多谢你了。,
想个法子，把鼠辈帮从雅达尔的地盘上撵走。,
住手！你这个畜生！你想知道什么，我全告诉你就是了！,
第三日他从死者中复活；他升了天，坐在圣父的右手边，将来必从那里降临，审判活人与死人。,
{离开。},
就一身换洗衣服？,
说得一点没错。往这儿来的路上，我们折损了多少好儿郎。南部隘口一战，好几个郡征召来的兵丁，就那么整建制地全交代了。,
这不是你的东西。要是你觉得不爽，尽管来试试抢走它。,
这些标记描绘了这样一个地方——世界的心脏在那里崩裂岩石，冲天而起。它被描述为某种岩石王座。,
战斗结束后，艾布琳立刻接手指挥救治伤员。直到所有人都被安全送进棚屋接受治疗，她才在她武器旁的井边石头上坐下，暴露出她有多疲惫。,
我会考虑。,
一个男人说话算话。我以巴德尔的名义起誓，我告诉你的是真话。,
我们和皮克特人一向关系密切，但习俗不同——就像你注意到的，那整套纹身？我们不搞那些。,
看起来过会儿可能要下雨……,
我不想让格蕾妮死，但这由不得我。,
干这行就得冒这种险。希望你还有比这更好的说法。,
别碍我的事就行。,
赫丁维看起来有点不悦，但她只是耸耸肩，摇了摇头。,
瓦达看起来又惊又喜。,
他们在北边一天路程的地方扎了营，霍恩湖附近悬崖边的一处小海湾里。他们把国王关在悬崖底部的一个小洞穴里。,
苏森没法让自己说完那句话。她被羞愧淹没，把注意力转回到了她的陶器上。,
马班叹了口气，很是失望。,
瓦达请求你协助郡长西卡，追捕亡命徒和埃塞尔雷德国王的敌人。,
要是我们还能像以前那样自己种药草，事情就会容易些。,
贡纳尔发出一阵爽朗的大笑。,
来自乌特加德的污秽巨人！我们干掉了他们，不过那场战斗值得让诗歌去传唱！,
比约格迪丝转身将艾芙拉拥入怀中。,
库思拉德看向他的同伴们，他们似乎不介意这个主意。,
那是……那些是袭击我们家园的狗崽子吗？！,
他们交换了一下眼神。,
号角哐当一声砸在地上，被污染过的蜜酒洒了一地。你拔出武器，你的同伴们也纷纷照做。,
我知道这很危险，但我还是要去！,
这顶王冠头饰与你从雇佣杀手身上找到的项链坠饰惊人地相似。同样的材质，同样的图案。毫无疑问。,
与此同时，我们会着手进行自己的准备。,
别的维京人袭击了唐库斯的家园，把他劫为人质。幸好，我们是更好的维京人。,
斯库勒为什么要试图置你于死地？,
拜托……讲讲道理。我会……好吧！好吧，你可以停下你那该死的船！把刀收起来！,
我想你有一段麻烦的过往？那我为你终有机会做个了结而高兴。,
贡纳尔怎么样？,
那已经太迟了。地下之人的殿堂已遭侵扰，他们会向我们所有人降下可怕的复仇！,
谢谢你们这场战斗。你们是值得尊敬的对手。,
我叫埃吉尔。我有个提议。,
你打算怎么处置这具尸体？,
尽管你有着极易招人劫掠的特质，但我们今日的差事是和平的。,
也许那并非最好的办法。,
诺森布里亚的国王坐在椅子最边缘，双手各紧抓着一边的扶手，伸长脖子清点着进入他厅堂的你的亲卫队人数。,
腐肉食者,
仔细想想，也许只有拉赫兰之子凯蒂尔是。,
一旦我们封住那些发令者的嘴，整座城市的防御行动便会土崩瓦解。,
你抵达珀斯的消息一传来，我就知道与你在战场上兵戎相见是迟早的事。,
-贼！把猪还回来，不然就……,
他其实看起来相当失望。,
四根木杆都已被移除了。,
放了他们也许能制造一场混乱。,
我看看能不能说服他们自己离开。,
抱歉。,
斯泰因不屑地哼了一声，随即又投来一个抱歉的眼神。,
胡尔达的眼神变得有点呆滞。,
好！好！嗯！呃……祝好运。祝你们所有人。,
王者之剑,
守卫们交换了不悦的眼神。占卜师举起双手表示和解。,
那吻来得几乎让你没意识到自己已倾身向前。对于如此强势的女人来说，这吻竟出奇地温柔。,
是我眼花了不成？凯特的艾菲？,
他们想逃，但被我们逮住了。他们昏倒在栅栏外不远处。,
我们没事。有两个那种粗野的莽夫闯进来偷了银器，但没伤害我们。,
[Archer01:Name]双臂交叉，[Archer01:his/her]声音里流露出一丝挫败感。,
那我[i]就[/i]战斗到底！我会活下来，我会让你后悔留我一命！,
嗯。好个大胆的主意，莫尔坎特。行，我们就给你个机会。,
入侵到此为止。从今往后，我便是诺森布里亚与皮克塔维亚的新[Player:国王/女王]。,
离我远点。给我滚远点，你这怪物。,
他跟西克加的描述倒是吻合，可总有些不对劲。他为何穿着盔甲？,
我真不知道该拿她怎么办。有时候，我甚至想过……替她做个了断。做起来倒不难。动手而已。可心里这道坎，实在迈不过去。,
盖乌斯夸张地长叹一声，双手一摊。,
是你逼我动手的。对不住了。,
你犯不着怕我们。你是在躲桥上那帮人吗？,
我会尽力多备些货，恭候您下次光临。,
请女猎手西格丽德帮你一道给阿斯莱夫设个陷阱。,
他的意思是，咱们眼下就像一块肥美多汁的肉，谁见了都想咬一口。,
去和斯卡拉格里姆谈谈。,
这是法兰克人的神的十字架。阿斯特丽德提起过，他们在这儿就拜这神。,
见到你我当然高兴。你不在这儿的时候，我们都替你悬着心。,
胡尔达对世间万物的运行之道体察入微。我便是穷尽余生去追寻，怕也学不到她已遗忘的十之一二。,
什么？我吗？呃……那好吧。跟我来。,
愿你健壮又幸运，亲爱的。你这张脸可不常在这儿露面。怎么，需要老胡尔达搭把手吗？,
女猎手发出一声挫败的低吼。,
陷阱。,
努基在桌边转来转去，精心挑拣着吃食，慢慢品味自己的选择。你走近时，他脸上闪过一丝鬼祟，但随即就重新振作，挺起了胸脯——连带着那圆滚滚的肚子也一并腆了出来。,
可你若打算跟他们动手……我劝你小心，别伤着任何一个孩子，除非你不在乎自己的名声。,
承蒙奥丁神力，你们那点可怜的防御已被我们碾得粉碎。用不了多久，你们都将归于众神之父麾下！,
眼下只剩下夺取埃奥福维克城，把那个在王座上赖得太久的奥斯雷德给拽下来。,
在你动身返回海滩前，内菲娅再次拥抱了比约格迪丝。她只回过头一次，向母亲投去最后的一瞥。,
那群后生顿时慌了神，像被树枝折断声惊了的鹿一样四散奔逃，有的冲向帐篷，有的蹿向近旁的树丛。他们飞快地从灌木和兽皮下抽出藏好的兵刃，转过身来对着你。,
她冲你粲然一笑。,
{献出你身边的一名雇佣侍卫。},
是啊，咱们这差不多就等于跟她全族宣战了。她夹在中间，自然左右为难。,
我真没看出托尔芬还有这胆色。这下可好，往后都不好意思再叫他来帮我修屋顶了！,
等我早上醒来，她又在那儿了。就像平常一样，静静地睡着。,
他们在靠海的地方有个小农庄，打这儿往东北偏东走。要是你没伤他们性命，兴许他们如今还住在那里。,
女巫诅咒,
永恒之枪,
就因为我父亲让你失望了？,
愿你健壮又幸运。我叫[Player:Name]。我们想采购些补给和马匹。,
他们可立过誓的。要是还有半分廉耻，就该信守承诺。,
你的任务进展如何？,
我觉得前头有陷阱。,
能与你并肩而战，是我的荣幸。,
亡者释放者,
你非死不可。安心上路吧。,
呵。这风声，想必是教会在本地的那几位给放出去的。,
意欲何为，维京人？若你给不了我复仇的机会，你我便无话可谈了。,
论如何治理邓弗里斯，再没人比邓弗里斯人自己更在行。什么摊派，什么教会税，统统见鬼去吧！我们如今才是自己命运的主宰，日子过得可比从前滋润太多了！,
嗯。一帮怪人。,
你四下转转，该能找到你需要的所有东西。你想要什么？,
拦住你的女人身形精瘦，却生着一双肌肉结实的臂膀和一副宽胯。她的嗓音低沉，透着不容置疑的魄力。,
那的确是场极好的盛宴，往后好一阵子我都操办不起了。等我再开宴，必定给你留一席。,
你的头一件差事，就是把这地方拾掇出来，好容纳更多的战士。等他们陆续到了，你便帮着安排大伙儿都安顿下来。,
你对阿斯莱夫有什么看法？,
你走后，我给托尔献了祭，就在当晚，他便用一道闪电劈中了那棵大柳树。他把你平安带了回来，正如他向我显明的预兆一样。,
[Skeptical:Name]晃了晃头，想驱散笼罩着[Skeptical:他/她]脑子的那团迷雾。,
{给出24份口粮。}我能匀出些口粮，帮你们把体力养回来，可往后你们就得靠自己了。,
你这儿蹭了点煤灰呢……,
如你所愿。,
最近有什么新消息吗？,
[i]不[/i]。不能再杀了！到此为止。,
那个[破产追随者2:男人/女人]正挥着[i]我的[/i]剑！,
呃，那股烧焦的肉味。我想它怕是永远也散不掉了。,
这座岛现在是我的地盘了。你将是我在这里集结的军队里第一个战士。,
别小看阿斯莱夫尔！他的实力可不比你差。,
我会小心行事。,
感激不尽。我们会去找到她的。,
他脸上顿时有了光彩。,
埃塞尔雷德目送奥斯雷德被拖走，随即把目光转向了利奥弗里克。,
你还好吗，莫尔坎特？,
就跟你接下来要遭的罪一样，你这杂碎！,
他的笑容里透着一种古怪的苦涩。,
如果你以为打仗光靠胆子就够了，那这场仗可比我预想的要省事多了！,
也许我该走了。,
戴尔的声音里迸发出怒火与羞耻。,
他瞪大了双眼。,
说得好——至少我们取他们性命的时候，总该有直视他们眼睛的这点担当。,
他们好像把焦油存在了下面——是用来做火把的。,
我希望他独自在外能平安无事。他是名强悍的战士，所以……但愿他能找到一个新的领主为之效力。,
[追随者2:名字]拼命克制住[追随者2:他/她]的惊讶。,
一艘泊在港口的船的船长声称，他收了耶灵的赫罗德盖尔达的钱，把攻击我的人送到了这里。,
这一切只发生在眨眼之间。前一刻，诺森布里亚的埃塞尔雷德一世还因为无能为力而暴跳如雷；下一刻，他已倒在地上，双手抓着自己被割开的喉咙。,
趁他们还没发现，我们可以先从这里撂倒他们几个。你觉得呢？,
当初来这里求财，我本就看出几分道理，而我们也确实找到了那份无人看守的财富。,
说得极是——最好留着力气对付国王的侍卫。那我们继续前进吧。,
一只可爱的猎犬，连第一个冬天都还没见过。是我妹妹送给我的伙伴。,
她瞧见你脸上的神色，不禁笑出声来。,
你觉得你有什么能拿得出手的东西给我们？,
那不是阿尔瓦尔多的女人吗？,
我救了你一命，唐科尔斯。这总该算点情分吧。,
要是你手头正缺药草，兴许我们能去采些回来。,
看来你懂得怎么使那玩意儿。,
一个男人自灰暗中步出，那模糊的身影摇晃着凝聚成形。你看不清他的脸，但你记得他。,
别把食物玩坏了，赫罗德盖尔达。,
男孩揉着腕上磨破的皮，转身看向你。他的目光里多了一种从前没有的冷硬。,
你和你的亲随队正沿着一条杂草丛生的深沟底部的溪岸行进，身后骤然响起的一声惊叫猛地抓住了你们的注意。,
阿斯特丽德端详着[玩家:父亲]的遗物，泪水盈满了眼眶。,
关你什么事？,
告诉我你的需求，我会为自己的手艺开个公道的价钱，而最终成品[i]决不[/i]会让你失望。,
那可是[i]整整三艘[/i]长船——说不定更多！少说也有一百来号人，个个壮得像巨人，而且武装到了牙齿。,
我连我的黑暗王护符都给你！求你了……别把我做的事说出去……,
铲平那伙动用私刑的暴民。,
他兄弟们的尸身横七竖八地散落在你厅堂前的院落里。看来，奥塔尔已是他父亲延续香火的最后一线希望了。,
我想我还没完全缓过来，父亲已经不在了。,
那商人大老远就认出了你，忙不迭地招呼你到他的摊位前去。,
你纵情劫掠，拿走心仪的一切，只留给乌鸦一地的腐肉。,
他点了点头。,
他拾回长矛，脸上挂着一丝谦逊的微笑。,
当然。若你能在百忙之中抽出片刻，该去和比约格迪丝谈谈——艾芙拉的情况，似乎是愈发不好了。,
鲁里克把门推开一条缝，手中在背后攥着一把刀。待看清你的脸，他便从门边让开，放你进去。,
是的，我们方才在打听那座坟的事。,
你该来斯凯恩，和我一道干。我们正缺一个手艺精湛的符文雕刻师，而且托尔芬木工活那边也总缺人手。,
格里穆尔夫还在那儿叮叮当当地敲着那片栅栏。,
那可怜的女人哪经过这般恫吓，吓得瞠目结舌，目光在你和你的亲随队之间慌慌张张地来回乱瞟。,
老人满不在乎地一挥手，背过身去不再理你，顾自端详起一束用细绳悬着的槲寄生。这姿态，当真是无畏到了极点。,
可算是说着了。我和我老婆，地里的收成是甭想了。,
你要是赶上她心情好的时候，我知道她准能帮你把决斗的事摆平。,
你若生在别处，或换个时代，没准儿会成个哲学家，也可能是个奴隶。说不定一辈子就那么盯着发光的玻璃看。,
连那条河都救不了他们。,
咱就别客套了吧？让我瞅瞅你的货。,
看样子，今天会是清闲的一天。,
那我就是她最不惦记的那个？,
那位女士说话的腔调异常生硬，就像在主持仪式的女祭司似的。,
老天保佑，这家伙居然真的停下来琢磨起来了。,
{离开。},
啊，没错，艾菲问过我，能不能跟你一块儿走。我跟公主说了，她想做什么都由着她。,
他兴奋得差点鼓起掌来，却又硬生生忍住了。,
那场劫掠没能得手。,
我不是来这儿客套的。,
告诉我——悬崖上那座建筑是什么来头？,
谢了。,
斯库勒是个强敌。我们根本没那个能耐打败他。,
唐科伊斯的家宅，被我们的一个对头斯卡基袭击后付之一炬。,
那女人的眼中燃起了怒火。,
泥地里留下了狼的足迹，一路向南。是差不多六只上下的成年狼。,
你都在跟谁打交道？,
你这残忍的[Player:男人/女人]！你这残忍的，残忍的，[i]没心肝的[/i]东西——,
也许晚点再说。,
侦察队长双手在背后紧扣，在一个小圈子里踱来踱去。她抬头见你走近，虽强忍着，还是有些不耐烦地厉声说道。,
我自然希望这不会是你能布置出的最强防御。你能否告诉我，你在西方长达数月的远征，难道没给家族带回来半点繁荣？没结成什么能庇护你们的联盟吗？,
你昨晚在哪儿？,
我虽不欣赏这等诡计，却也否认不了它们的效用。,
侍卫队里有这么个不显山露水、却又如此危险的人物，真是一笔巨大的财富。,
老人向那座坟墓比了个手势，随即退开一步。两块石头上都刻着一个你认得的符号：正是塞法徽章的轮廓。,
你要是能掏出钱，我就卖给你，但凭你那臭名声，得多付一笔额外的价钱。,
是那支箭射死了巴德尔。,
没你什么事，用不着操心。,
现在就买，别等断货！,
去斯凯恩森林里，一栋破败房子旁边，搜搜那口井。,
那我想我俩倒是半斤八两，谁也别说谁。,
你难道没在听吗？我有[i]足够[/i]的理由要把斯凯恩置于我的掌控之下！,
太好了！我这位朋友也是日德兰来的。就南边，靠近萨克森边界那儿。,
晚餐齐备，阿斯莱弗舀起一大勺炖菜，挨着罗斯克瓦坐下。这位战士看来心情格外地好。,
哦，见鬼，那一下真有看起来那么疼？,
{爬上去。},
他咆哮到一半，硬生生停住，随即定了定神，整理了一下袍子。,
我很高兴国王和雅尔都同意授给我这个头衔，其实这地方的人私底下已经叫了好一阵子了。,
就依你。也许日后，你我还有狭路相逢的时候。去与上帝同行吧。,
你做下这一切，就为了让我认命吗？,
他的眉头锁得更紧了，死死咬紧了牙关。,
她探过身，手越过桌面，覆在你的手上。,
{进攻！},
赫罗德盖尔达对那个年轻女巫扬起眉毛，愈发迷惑不解。,
我对此倒没什么异议。,
他们昨晚没回来。再怎么着，也不该在外头待这么久！我怕是凶多吉少了，可我在营地里还有职责，没法脱身去找他们。,
我们决意接受你的提议，但不会去杀那些修女。我们会助你冲过那道门，若是村民赶到，我们也会帮你挡住他们。仅此而已。,
火炬,
哈夫丹是一个地盘稍大的氏族的领主，领地毗邻你家东部。他神情肃穆，待你走近时，重重地点了点头。,
只要你继续保我们独立，我们便会为你的入侵助一臂之力。,
说到那头猪……,
等待格外漫长。次日，日头开始西沉……,
嘿，那边的朋友。这两个人是你手下的？,
拿下这条通道，我们就能畅通无阻地直捣埃奥福威克了。预计沿途不会遭遇多少抵抗——当然，也没什么值得惊动你的大事。,
待你确信这地方已足够安全，你转向鲁里克，他用一个伤感的微笑迎接着你。,
还有什么要准备的？,
埃迪斯的儿子向你恭敬地点了点头。她的几个男孩一向懂事守礼。,
冷静点。我想我这儿有件东西，能助你一臂之力。,
很遗憾事情走到这一步。我本以为你会和默丁合得来。他总把基督教压制古老信仰的事挂在嘴边。,
铁蒺藜毒药,
[Drinker:Name]被呛得啤酒喷溅，洒出杯沿。[Drinker:He/She]甩开杯子，整个人被一阵剧烈咳嗽攫住，向前扑倒，双手双膝撑在地上。眼泪和鼻涕糊了[Drinker:Name]满脸，[Drinker:he/she]拼命喘着粗气。,
我——[i]真他妈该死[/i]。这个我没法给你打折——我得把能弄到手的每一块银币都拿去还这笔债。,
解释了好一阵子，你才终于弄明白，他们一路上没完没了的拌嘴、糟糕透顶的方向感，再加上一连串的倒霉事儿，才是他们大多数麻烦的根源。不过，你还是设法把去镇子的路线牢牢记在了他们的脑子里。,
这计划听着可行，但我实在不愿这样把死法带给埃尔林格。他或许是个刻薄的老混蛋，可他应该得到一个战死沙场、死得其所的机会。,
这么做没错。,
那姑娘看起来太过端庄，根本不像干这行的——她怯生生的嗓音完全被市场街嘈杂的交谈吞没了。好在她的摊位位置显眼，货品也摆弄得花团锦簇，看着倒也不愁吸引不到客人。,
你动作快如闪电，小刀抹过姑娘的喉咙。她瘫软倒地，嘴里只发出呼噜噜的响声，生命就这么顺着指缝溜走了。,
对不住了。,
这是他[i]自己选的路[/i]。他本可以靠边站。这是他自找的。,
我们[i]绝不再[/i]当奴隶！我们宁可死！,
带着沃登之角回到凯尔那里。,
就在他拳头堪堪握住那捆东西时，你沉腰错身，一记重击挥出。你的拳头砸上他下巴的那一刻，仿佛一下子斩断了把他提着的那些线，他整个人就像一滩烂泥，瘫倒在雪地里。,
这枚护符代表着华纳神族芙蕾雅的庇佑，她是司掌爱与战争的女神。,
做你朋友真正的朋友。受人赠礼，当以礼相还。,
阿斯莱夫后退一步，让内菲娅能从刚才那一记重击中缓过气来。,
真是恨不得马上见到他。,
听到脚下树枝被踩断的脆响，一个年轻人猛地从营火旁跳起来，一手仗剑，一手持盾，用一副与他年龄极不相称的粗哑嗓子向你发出厉喝。,
以笑声回报笑声，但遇诡诈，当以背叛相报。,
你的父母为什么这么恨默丁？,
这话似乎暂时把另一个男人的嘴给堵上了。,
我们可以开始了吧？,
我们的同胞全凭上帝的恩典，才侥幸逃脱了他们的屠戮。他们讲述维京人暴行时，眼里满是悲伤与恐惧。,
你父亲将一只手搭在你肩头，轻轻捏了一下。,
{动手。} 我们现在就干掉守卫，有什么后果回头再说。,
我们俩都不是爱耍嘴皮子的人。直接办正事吧。,
你提到的那些地方究竟在哪儿？,
关于附近那个小村子，我有几个问题要问。,
你们找上门来了。有话就说。,
老人仰头喝酒的那一刻，目光才从你身上移开。,
也许是吧？听起来像是有人在你耳边吹风了。,
地方肯定没错。很快会碰到守卫。要是打起来，这里谁说了算？,
我们那儿可也没有山。,
行了，你俩先商量着。我去瞧瞧弟兄们。,
他羞怯地咧嘴一笑，这表情在他那张轮廓分明的脸上显得格外别扭。,
凯蒂尔心头一跳，有种不祥的预感，脑袋猛地一扭，向身后看去。,
等等，好。好吧，没必要把这事闹到不可收拾的地步。,
计划变了。出其不意，才有安全可言。,
他琢磨了好一会儿，然后站起了身。,
这事什么时候动手？,
就地扎营，好好想想你眼下的处境。,
仿佛事后才想起来，他颇为敬重地向莫尔坎特点了点头。,
埃蒂丝艰难地咽了一口唾沫。,
{环顾院子。},
那商人脸上挂着礼貌的笑容，向你打了个招呼。,
什么？,
咱们只管走吧。,
这里不会留给你喘息的机会。你必须在此战斗，哪怕你不想，因为你的同类正逼着你这样做。,
当然也还能用。也许清掉几张长凳罢了。你打算卖个什么价？,
一个老人正打理着一方小小的菜园。他那房子看上去像是被狂风掀翻过，再重新搭起来，又被掀翻，然后再胡乱拼凑回去的。,
感谢你接受了阿斯莱夫的赎罪誓约。他向你挑战是干了一件蠢事，但他的愚蠢，罪不致死，也不该为此被流放。,
{继续赶路。} 那就再会了。,
很高兴听说你和阿斯莱夫的过节已经了结。,
哈夫丹仰头一口灌下杯中的蜂蜜酒，随即将空杯重重砸在桌上，吆喝奴仆再给斟满。,
你们在不列颠的仗打败了，想结下强盟的希望也已覆灭。但如果你至少给家族带来了繁荣，或许还能在阿尔庭上为自己辩驳一二。,
你是我的客人，[Player:Name]。尽管喝，凡事自有奴仆们来照料。,
这话又引出一抹笑意。,
一个叫弗拉格的卑鄙无耻的败类……正是我丈夫。,
你在这儿忙活什么呢？,
等这地方的人都认得你的大名，或者至少见了你路过不会紧闭家门的时候——再来找我，到时候再谈。,
结束了。那帮突袭者已经撤了。,
听着倒是不错。,
占卜师耸了耸肩。,
快！抓住他们！,
多谢你，这份恩情我定会设法回报。,
站在你面前的汉子，一身庄稼人的健壮结实。但他眼角的鱼尾纹与花白的头发，表明壮年已成过往，只剩一头肥猪在院里呼哧呼哧地拱来拱去。,
他打得真是顽强！能在战场上击败这等人物，实在痛快。,
她挂着一抹客气而疏远的笑容，用一种透着怪异气声的嗓音向你问好。,
这到底——？树根底下怎么会有血？,
海那边的岛屿。传说那里海岸无人防守，财宝无穷无尽。,
据说已经有一伙北方人乘船过去，在最北面的岛屿上扎了根——就是那片荒凉贫瘠、被他们称作奥克尼群岛的地界。,
有落在石头地上的，那儿的土不深；土既不深，苗立刻就发了出来。,
那帮鼠辈，你收拾干净了没有？,
外围防线都还没攻破，就急着去夺国王大厅，你究竟想达到什么目的？,
你还懂毒药？,
斯卡拉格里姆毕恭毕敬地点了点头。,
这倒给那人又添了一桩好处。我向来想不通，女人凭什么就不能跟男人一样学打仗。,
凯蒂尔向阿斯莱夫伸出手，阿斯莱夫犹犹豫豫地握住了。,
你要是赢了，就能护住我——所以请你务必打赢。,
我接他们首领，你自己挑一个对手。,
一个那么满腔怨毒的人，带着那么蠢笨的儿子们……早晚要出事的。,
走廊不过十余步长，可你感觉却像是硬生生走了一里地才钻出来。你的同伴们一个一个跟在你身后，踉踉跄跄晕乎乎地晃出走廊，在昏暗光线里不住地眨着眼。,
阿尔庭,
你可算来了！赶紧，抓紧时间！,
最后那个年轻村民也倒下了，默丁望着遍地的尸骸，脸上隐隐现出一丝惊骇。,
找着样东西。像是一枚勋章。,
托尔芬微微一笑。,
孩子的父亲悄悄摸到他背后。,
然后他跪伏在地，开始在木杆上刻写符文，将那诅咒的形态一笔一画地刻出来。,
是他派我们来杀掉你的。我觉得理当给你个明白的警告。,
那一家子实在太弱了，根本立不起门户——于是反把自己的麻烦，都赖到比他们强的人头上。,
既然我们打算靠着刀兵把王位夺回来，就不能指望那位主教。但将来埃塞尔雷德重登王座，还是少不了他。,
要是我帮你把这栅栏修好，你就肯告诉我吗？,
它一露面，满城的狗全都狂吠着追在它身后。待它横卧在你家门槛之上，你的末日便已注定。,
这下可麻烦了。我们信奉的各路神祇可合不到一块儿去。,
[i]你[/i]就是这帮战士的首领？,
根本不会往那儿想。,
他可不是我的对手。,
我断不能收下。如此贵重的礼物，我永远报答不了。,
那年轻女子被阵阵抽泣淹没，只得用胳膊掩住脸，踉踉跄跄地朝洞口跌撞过去。,
就在你转身迈步离开之际，威利布罗德重重叹了口气。你听见他几乎不由自主地压着嗓子嘟囔了一句。,
帮助里伯肃清沼泽，让往来商路重归平安。,
这人，我们如何处置？,
你若是能以皮克塔维亚和诺森布里亚[Player:女王/国王]的身份重返故土，斯库勒就万万没法跟你作对。,
或许有朝一日，你真的会。而到了那一天：我对不住你。,
就这些了吧？,
你不需要硬改，留里克。别去管旁人怎么看你。你只管做实实在在的自己。,
嗯。,
对你如此寻常的问话，若给出一句准确的回话，恐怕正是肯定。,
你转回营地取了把铲子，把矛搁在帐篷里。可待你返回那片空地，尸体已不见踪影。地上没留下半点血迹，头顶的树枝上也不见一丝绳索的残痕。,
我杀不死它。我试过了。我不知道……,
你怎么待在外头？,
教会说，背弃上帝之光的人应得到宽恕。可至于见鬼的诅咒和巫术呢？那可就另当别论了。,
啊。不，你自己留着吧。,
年轻人们越发紧张，彼此交换的眼神也越来越多。,
哈！求之不得！,
我正在林子里准备一场献给芙蕾雅的仪式。不过光靠我自己，没法完成。,
你能认出这枚挂坠上的图案吗？,
当你的手掌攥紧那柄古剑的剑柄，刹那间云层好似裂开一道缝，一束阳光直直将你笼罩。一种超出凡尘的宁静降临在这片土地上。,
凯尔敦是什么地方？或者说，在哪？,
还有什么其他我能为你效劳的吗？,
除非你非得逼我动手。,
我刚刚想起多年前胡尔达教我的一个古法仪式，治花粉热的偏方。打从咱们到这儿，我就一直遭大自然的罪——她能感觉到我是个外来货，不属于这儿。,
那就[i]当个[/i]真正的男子汉！[Player:Father]不在的时候，一直是我在护着你。眼下我就要走了，你该学会保护你娘了。,
她头也不抬地忙着手里的活计——对你敷衍地点了下头，就算打过招呼了。,
一声古怪而痛苦的轻笑从那年轻女人的嘴里溜了出来。,
{离开。},
心里有数了。告辞。,
我已经很久没听到过我那群信众里，有人能像你现在这样说话了——你是真心相信我们的信仰还能重燃，我们那些神明还能重振雄风。我帮你。,
等你重夺王位，打算怎么做？,
你正百无聊赖地听着内菲娅絮叨那些对她娘一成不变的抱怨，凯蒂尔突然来了精神，悄没声息地溜出了长屋。外头传来陶罐砰地一声在地上摔得粉碎，紧跟着男人们便开始怒吼。,
我这不过是在履行自己的那份约定。我信你，待这事了结，你这条汉子也会一样。,
内菲娅抬手将一缕金发从脸旁轻轻拨开。,
回船上去瞧瞧，看看斯卡拉格里姆回来没有。,
我搞得定！,
就把这当成一个提议好了。我盼着能站到你这边，当你的盟友。,
就凭我听说过的[Player:Name]的那些作为和事迹，我没理由觉得[Player:he/she]没本事守住[Player:his/her]自己的地盘。,
这么说，传言都是真的……你果真一直在那条小道上劫掠过往的旅人。,
你是何人？,
就因为她的鬼话，我在那冻死人的茅厕里挨了整整一夜。,
那本来就是该做的。你不必为了道个谢，大老远专程跑这一趟。,
有个人来找我，信誓旦旦地说他撞见了一头巨兽。,
在你的协助下，皮克特人一举拿下了诺森布里亚，战事已然终结！是时候用一场美妙又太平的盛宴来庆贺这场大胜了，这种宴会上，绝不可能出什么幺蛾子……,
罗斯克瓦像一团低矮的雾气般飘向海滩，肩上随意地搭着个袋子。她不动声色地对你点了下头。,
你是个成年女人了。难道你自己说了不算，不能走？,
震惊之下，那三个皮克特人一时愣成了哑巴。,
德鲁伊们要的就是这样——他们深信朝圣者会甘愿历经重重考验抵达此岛，向这位逝去的英灵献上供奉。,
你吩咐的事我们照办了。你答应过要给报酬的。,
没多少人会像你这么看。但我向你起誓，有朝一日我们定会报答，就是不知道这承诺在你眼里能有几分重。,
芙蕾雅满脸雀斑啊！那些天杀的畜生可真把她祸害得不轻。,
我清楚做梦是怎么一回事，但那绝不是梦。那是……一道凶兆。,
可真有你的！非得给那群小兔崽子点颜色瞧瞧！,
内菲娅用手捂着嘴，可她的声音却像冰碴子一样冷。,
历经波折，你总算踏上了不列颠尼亚的海岸。可要想在这片土地上穿行，你就得备好马匹和给养。,
一份能解战斗中常见毒物的解药，服下便能立刻化解使用者所中的任何毒素。,
要不这样，战利品我们扔下，你放我和我剩下的弟兄们走，如此一来，就再没人会流血挂彩。,
那老妇人斜着眼角，精明地扫了你一眼。,
我也一样。听了这么多传闻，总算能见到真佛了，挺好。,
凯尔脚步轻捷地走进屋后，回来时双手捧着一枚精雕细琢的护符。,
你决意放那名奴隶离去，可没过多久，别的奴隶便察觉到有人不见了踪影。,
{吼出他的名字。},
他竟然撇下你跑了？！,
他们丢掉了性命，实在不幸……但我敢肯定，你那时也是别无选择。,
格里穆尔夫缓缓地摇了摇头。,
你还[i]非得[/i]这样不成？！,
维京人,
他眉头拧得紧紧的，但看模样是渐渐平复下来了。,
斯泰因领你走进一座用硕大花岗岩石块垒起的低矮棚屋。这说不上是什么长屋，但待着倒也相当惬意。,
我非得下到那边去不可。,
我真想在这儿亲身经历一次布洛特祭典。,
胡尔达把你训练成了一名治疗者？,
你需要些什么？,
嗯……我们跟守卫干了一架。,
恶棍的逃亡,
还有那网子的把戏……我怎么会漏掉那根绳子？打斗中用这种陷阱，我真是闻所未闻。,
我呃……是的，当然。这很公道。就按标准价钱。,
一伙暴徒已经聚起来，要用私刑处死一个在埃奥福威克被人撞见向异教神祇献祭的农夫。要是没人出手相救，他就死定了。,
我们家底怎么样？,
好，下次你们屁股又痒了想挨揍，记得捎信给我。走了！,
你动用了母亲传给你的全部外交手腕，戈德维芙看上去已经开始真心信服了。,
瓦莱里乌斯有些好点子——至少[i]听起来[/i]不错，所以大家才入了伙。可军团本就是作战的队伍，他却只想着逃？！是时候血战一场了！,
因此，我请求您将斯凯恩及其所有属地的管辖权交付耶灵。我知道这听起来像是一己私利的请求，但我向您保证，我所做的一切纯粹是为了我们共同的安危。,
雅尔拉格希尔德挑起了双眉。,
我无心饮酒。[Player:父亲]是第三个战死沙场的兄弟，我已厌倦去假装这般死去有什么荣光可言。,
禁卫军本可以帮他们！,
嘿，[Player:Name]。在你的盛宴上我可真尽兴，尤其是你最后给大家看的那场好戏。你身手不错。,
面对耶灵，我们能有多大胜算？,
即便我袭击了女修道院，你也毫无芥蒂地向我寻求援助？,
异教的[i][Player:杂种/婊子][/i]。你不是我们的人！这儿没你的事！别把你的鼻子伸到不该伸的地方。,
我会遭遇多强的抵抗？,
他的目光倏地瞟向他的父亲，后者似乎正从场地那头注视着你们俩。,
向胡尔达问一问治愈死亡病的法子。,
我真不愿看着这头固执的老山羊就这么死掉。不过话说回来，这也确实是他自找的。,
在别处你绝不可能找到比这儿更物美价廉的钢铁和毛皮。就因为你部族如此富有，整个日德兰的商人都跑来跟我做买卖。,
别死！,
我听说过你们——就是那些救了芬瓜拉的维京佣兵，对不对？自从接到婚礼的消息，我们就一直在等着你们。,
{献出你的三个奴仆。},
我真庆幸当初信了你。,
再来一次试试！我[i]谅[/i]你也不敢！,
一个学徒？不过……好歹也该是个手艺纯熟的学徒了。小子，你师父咽气之前，把他压箱底的本事都传给你了吗？,
如你所见，这儿有堆烂摊子要收拾。这次袭击可是让某些人的忠诚打上了问号。,
{提供600财宝。}给你三十便士如何？,
你是什么人？,
谈判断断续续总算到了最后一步，婚事眼下也已在张罗。可……中间出了岔子。我跟唐科尔斯断了联系。,
{提供5000财宝。}若敢反抗，就是死路一条。反过来说，只要让开道，少不了你们的奖赏。,
这组符号跟我们在他处寻得的督伊德符文毫不相干。依我看，它反倒与罗马字母颇为相近。,
你竟敢如此放肆地回绝我的款待！真不愧是你父亲的[Player:儿子/女儿]……,
你心下明白，这里说的“访客”，不过是给一串字眼儿打的幌子，什么蛮子、野人、杀人犯、强盗、劫掠者，不一而足。,
格里马尔脸上的血色一瞬间褪得干干净净。,
这里足迹交叠杂沓。看来起火之前，似乎有过一场恶斗。,
前方房间中有阴影晃动。你听见一声低沉的呻吟，接着是金属刮擦过发霉泥地的声音。你的脑袋一阵天旋地转。,
米尔丁将为我们赐下旧神的祝福，而从艾奥纳来的主教已在路上，要为我们主持仪式。,
我会被带到哪儿去？,
他的目光从你身上移开，望向天空，整个人犹如泄了气，只是落败中仍透着一股顽固。,
这儿发生的事真是遗憾。像斯坦恩和他那帮人的忠心，日后本可以对我们大有价值。,
把女祭司的药带回斯凯恩，交给比约格迪丝。,
这个自封为王的人把他的战营藏得很是隐蔽，可一旦被敌人找上门来，想悄无声息地摸过去倒也不难。唔。,
行，行，我不会动那修道院。,
你不是基督徒。你信奉旧神吗？,
斯卡拉格里姆捻着胡子，若有所思。,
可我们能信他吗？,
她拨弄着护身符，目光躲闪得比往常更厉害。,
我不是基督徒，我不敬拜任何神。,
那盾女冲你咧嘴一笑。,
如今圣徒会守护他们了。,
好大胆的计划。那我们得立刻动手。,
你若觉得受了委屈，我很抱歉——虽说我王行事并无过错可言，但会让你失望，我也能理解。,
基利安的声音此刻喑哑发颤。,
西格哈尔姆叔叔笑得温厚。,
凯蒂尔的声音犹如嘶嘶吐信。,
我倒想问你点别的。,
你的酬劳——若非报酬，便算作一份薄礼，以表陛下的谢意。,
西格丽德如释重负般呼出一口憋了许久的气，那气息遇冷，在你们之间凝成一团稀薄的白雾。,
去找到瑞亚·西尔维亚。,
这事，我替你摆平。,
[Player:Name]？你不是该上船了吗？,
这玩意儿我已经找好下家了。她开价八十便士，说好的，七十二归你。,
他们盘踞此地有些时日了，千万当心——地利在他们那边。留神各种路障和陷阱。,
{离开。},
沃登之角,
他们是约顿巨人——我们永世的仇敌。终有一日，我会召你前来，你将在那时与他们真刀真枪地厮杀——而非像此刻这般，于梦中。,
你要是缺船使，该去哪儿找我，你知道的。,
甚好，我们定会到场。,
慢着！这里看上去像座坟，我们不该惊扰安息的亡魂。,
德雷斯特那小子，真不赖，干活可比他师傅卖力多了！,
你——你怎么闯进来的？！,
两人不约而同地叹了口气。,
多谢，领主大人。,
未雨绸缪，想得倒是周全。这么做确实有它的道理。,
这些杆子是干什么用的？,
{随她忙去。},
嘿，这还有个活口。,
这坚毅的群羊之主自座中起身，鼓足浑身的阿萨神勇；老者的头颅虽安然无恙，那圆滚滚的酒瓮却崩裂开来。,
[Random01:Name]发出一声心力交瘁的叹息。,
一段童年记忆兀地浮上你心头：埃迪斯家农场里那只乖戾的老猫，带着超然的兴味，绕着一只受了致命伤的兔子不住地打转。,
有个坏消息。你那枚戒指，早不在那诗人手上了。,
毛科林颔首。,
一个杀人未遂者，一个逃跑的姑娘，一个窃取王税、逃避审判的税吏，一个异教徒，外加一个臭名昭著的路匪。,
我们这就整饬战士，静候你一声令下。愿主护佑。,
要多忙有多忙。你怎么一个人躲在这儿？,
欢迎来到世界尽头，[Player:小伙子/姑娘]。,
那女人将脸深深埋进掌心。,
{为你的船只命名。},
凯蒂尔·麦克·拉克兰。没错。是我。,
负责迎候的队伍一直在旁听你们的对话，此刻，一阵激烈的议论正于他们队列中蔓延开来。,
据我所知，能弄到那玩意儿的地方，只有铁匠本人那儿。铁匠铺就在河对岸的农庄。,
你能不能从远处撂倒一个？,
格雷蒂尔点点头。,
可你确曾与她同住，是不是？,
我的鬼魂定会[i]缠着你不放[/i]。,
我这辈子要证明的事太多，所以凡是你想得到的铁匠手艺，我无不精通。,
这价我可出不起。,
看来这计策成了——考斯坦丁在这后头没留几个兵。,
哦，我竟不晓得，原来你雇我这帮全副武装的武士，就为狠狠教训他们一通。,
你专长是打造兵器，还是甲胄？,
你径自驾船远去，留那小船漂泊于命途，教它被大海吞噬前，只能无尽地漂流。,
是我三生有幸，[Player:小伙子/姑娘]。你和你的族人打起仗来，活像有魔鬼附体。瞧着可真他娘的过瘾。,
陛下，是令千金派我们来的。,
妙极了。我们势必准备妥当。,
如你所诺，吸血杖归你了。,
胡尔达近来可好？,
若此言属实，那赫罗德盖尔达的行径，可真叫斯库勒领主颜面尽失了。我这就差人把那首领押来，我要听他亲口招认。,
海对岸群岛中最靠北的那几座……我们赶走了原本的住户，又试图登岛劫掠……,
[2ndOpinion:Name]伸长[2ndOpinion:his/her]脖颈，想从帐篷间望过去。,
白衣拉格希尔是你宾客中最具影响力的一位。作为西古尔德·赫林格王的封臣，她是丹麦当今的统治者。她来自南方的贸易中心里伯，在那里以雅尔的身份主持大局。,
你手头有什么活计我都接，但你得知道，这附近的人还拿不准该怎么看待你。别指望能打折。,
你为何想要加入？,
我付不起。,
艾菲告诉我，他的军需官看上了珀斯这儿的一个陶匠姑娘。我哄那姑娘说出了他要去哪儿。,
但愿一切顺利。我们听见里面传出了打斗的声音。,
四十六，四十七，四十八……很高兴你照我的意思办了。行了，走吧。,
斯卡基停顿片刻，等着看还有没有人反对，见无人作声，便满意地点点头，大步流星地走回营地。,
斯卡拉格里姆似乎在斯泰因的家里设了个作战室。一群来自你麾下船队的塞恩正聚集在餐桌旁。,
我们小时候，你可曾想过有朝一日我们能像现在这样并肩远行、共同厮杀？,
我年轻的学徒——他是个好孩子。,
{杀了那年轻人。}那你显然不了解我的族人。,
我代表皮克特人之主考斯坦丁，邀你前往珀斯。,
你回来时，孩子们警惕地打量着你。跳跳冲你向上扬了扬头，半是挑衅，半是探询。,
名叫斯卡基——碎颅者的副手。听说你在镇上招人手。恐怕所有有真本事的人，都已经被我雇下了。,
现在，这海滩是[i]我的[/i]了，斯泰因。我需要你的岛来集结军队。,
自你发动这番言语攻势以来，瓦莱里乌斯的脸拉得老长。,
我们绝不屈服于你的威胁！,
去城墙外找到斯卡拉格里姆。,
这么说，你会照办？,
很显然，诺森布里亚的国王不想和异教徒有任何瓜葛。幸运的是，另一个选择自己送上门来了。,
那就死得壮烈些吧，赫罗德盖尔达。,
当心脚下，朋友们！,
我再次向你致谢，但现在我必须请你离开了。请愿者们正在你身后排着队，只求能占用我片刻时间。,
罗斯克瓦脸一红，翻了个白眼。,
这不是给我的。,
你无须恭维我。你已经赢得了我的心。,
我求你了！讲讲道理吧！,
我不能让人看见和你在一起。,
你的手下彼此点头，低声附和着。,
听你这么说真遗憾——那我估摸咱俩差不多一样穷了。要是哪天发财了，记得再回来。,
很高兴看到你们都状态不错，但我们不能一块儿离开——那太扎眼了。,
嚯。我从没见过像你们这样的人。你们是来自诺森布里亚？还是斯特拉斯克莱德？,
这主意太蠢了。有些话最好烂在肚子里。,
里库尔夫抬起黑眼圈深重的眼睛，望着你。,
也许有吧，不过……我曾三大口就喝干过一整桶酒。,
你闯进我的婚宴，还敢当着我的面扯谎？！请马上滚出去。,
她艰难地咽了口唾沫。,
至少现在知道了，我们要找的地方在旧堡垒外头。,
嗯，可惜是艘战船。我们需要一艘货船来帮着把货物沿河运上去。,
这对那个农夫来说会是个悲惨的结局。或许我们该帮帮这个非基督徒同胞。,
对奥斯雷德二世国王而言，这是个仁慈的结局。他全然未觉那利刃刺穿了胸膛。咽下最后一口气时，他的脸扭曲成一个痛苦的鬼脸。或许他正梦见了自己的灭亡。,
回船上见。,
取消,
毁灭与废墟,
{试着接住它。}听起来情况不太妙。要是你跟我们走，到了珀斯会更安全。,
你找寻他的护身符，却发现系绳在他跌入篝火时已经绷断——护身符已葬身火海。,
没有无谓的流血，这已是我们莫大的福分——只要莱加塞斯特能摆脱他们的黑暗影响，上帝终将审判这些人。,
二位贵人，万福。我名戈德维夫。我代表奥法·盎格鲁之王前来。,
一男一女四仰八叉地瘫倒在农舍的地板上。他们只勉强残存着些许意识，那男人正挣扎着想坐起来。,
托尔芬正在工坊里，教村里的一个男孩如何正确使用锛子。他们似乎正在做一支船桨。,
我，嗯……我想我们已无话可谈了。会面到此结束。,
我们能留着它吗？,
看你离开，我心里难受得要命，但你父亲一定会为你骄傲。我知道我们还会再见。,
我说不准。,
你伤到哪儿了？,
嘿。,
嗯，这一跳看着挺险，但我觉得能带我们到想去的地方。,
英吉玛尔的奴仆们看着又壮实又精神——说实话，有点过于精神了。其中一个凑过来给你斟酒时，你瞥见他粗布衣裳下藏着钢刃的寒光。,
我是郡守，想去哪儿就去哪儿。,
敬埃塞尔雷德一世国王龙体安康。,
结果出人命那会儿，他正染了风寒在家躺着呢。多数人都信哈夫丹的叔叔才是真凶，可这事儿到头来也不了了之。,
{一言不发。},
内菲娅探过身来，像亲姐姐似的在你脸颊上亲了一口。,
是他逼我来的——逼我混进埃塞尔雷德那伙人里，给他当探子。他说我要是不干，就把我朋友全杀了，让我烂死在那地洞里。,
兄弟俩抄起家伙往外走，打你身边经过时狠狠剜了你一眼。这事儿恐怕没完，你们还得再碰上。,
这招怎么样？,
立拉格希尔当雅尔那会儿，玛多尔家的大儿子不服，起来争位。结果夜里就给人弄死了——净是些见不得光的下作手段。,
多谢！多谢您，大人！,
逮到人了？,
你先走，我们随后就到。,
怎么又来了？,
老铁匠嗤了一声。,
姐妹们！绝不能让这些维京畜生靠近国王！一个活口[i]都[/i]别留！,
这么跟你说吧，入秋以来，一帮该死的瘟狼叼走我四头牲口了。,
诺森布里亚的郡长说，在艾布琳之前，邓弗里斯本来就是他们的地盘。,
守卫们挪了挪身子，摆出个架势，在你这老手看来简直是对战斗姿态的滑稽模仿。凯蒂尔抬手按住了他们。,
问得好。我一整天都没见着他们人影。,
赫尔索特诅咒,
这帮基督徒要是蠢到连自己的财宝都看不住，那活该他们遭报应。,
别惦记着跑，我跟你的事儿还没了结呢！,
他硬是把脸绷成一副凶相，活像个装模做样演商人的蹩脚戏子。,
他转眼便看清了局势，抬手做了个息事宁人的手势。,
妈的，让我瞅瞅。,
北方人早就在海对岸那些岛上落了脚。斯库勒在那儿撞见了那帮掠袭者，跟他们说咱们这儿是块随便啃的软骨头。,
求你了，别缠着我！,
格里穆尔夫直勾勾地盯着你，目光仿佛穿透了你，僵了好久。然后他眼神一凝，像矛尖一样狠狠扎进你骨头里。,
要不改天吧。,
这小村子有什么我该留神的地方吗？,
破坏奥斯雷德的使节与麦西亚人会面。,
斯库勒要是还惦记着在阿尔庭大会上栽我们一道，他铁定会被人一路笑话着撵出里伯。,
办妥了——那个探子已经死透了。,
等宰了你，我再琢磨怎么把他从那鬼地方弄出来。,
你这是试探我，想让我吃味儿？,
我连……我连[i]寻思[/i]都不该寻思……,
这话我爱听。那就只剩最后一桩事儿要办了。,
又回来了？这回又怎么了？,
你已经……？嗯。那……那挺好。给我些时间，我得亲眼去瞧瞧。你们先走，我随后就赶来。,
他惴惴不安地盯着地上奄奄一息的雄鹿，一支箭从它腰侧戳了出来。,
谢谢你。我说真的。只盼剩下的那些东西够当酬劳了，我是实在没有别的什么能给你了。,
父亲是个战士，这会儿一准儿在奥丁那儿大碗喝酒大块吃肉呢。对不住，我没能长成你们指望的那个大哥——这堆烂摊子，不该让你一个人扛。,
既然不是来烧杀抢掠的，那你来这儿干什么？,
我那是在操心。没错。我瞧见我爹跟你说话了，是不是在谈那墓穴的事？,
这话像是把她浑身的气力都抽干了。她嘴唇直抖，望着内菲娅，最后一把将女儿死死搂进怀里。,
立在你们面前这妇人，裹着条臃肿走样的袍子，饱经风霜的脸蛋藏在面纱和头巾后头，瞧着滑稽极了。,
解决掉奥斯加。,
{拾起袋子。},
你带着手下人麻利地动起手来，用粗木和兽皮搭起个潦草的窝棚。虽说没谁能在这瓢泼大雨里一滴不沾，但好歹能缩在里头，不算太难熬。,
米尔丁连眼皮都没眨一下。,
我本想利利落落给个痛快的，没承想……搞成这副田地。,
我没想冒犯谁。我们刚折了一个人手，这地方又邪性得很，弄得大伙儿都绷得紧紧的。,
塔拉眨了眨眼，一脸困惑。随即她似乎明白过来，咧嘴一笑，伸手捋过头发。那片叶子还在原处。,
这对追随埃塞尔雷德的人是桩便利，对周边社区也算一份保障。,
这年轻人仿佛浑然不觉，自己的父亲早已死去。,
行。,
来者何人？,
一块光滑石头上雕着精美繁复的十字纹样，穿在编结而成的细绳上。,
与你何干？,
你做出锤子手势，低诵向索尔祈求的祝词。这或许微不足道，但至少你已向众神尽了应有的敬意。,
你先走——我随后就到。,
要是想从哪个塞恩的谈话里脱身，用老暗号就行。,
我是你妻子的朋友。,
他扬起斧头，直指向那老人，后者脸上冻凝着惊骇。,
我俩都随你去。你赢得了我的敬重，再说了——这儿也没什么值得我们留恋的了。,
四下转转，确保没留活口。,
亚瑟乃是不列颠人最伟大的英雄。一个古老帝国最后的统帅，而那个帝国早已从这岛上消失无踪。,
你竟敢向我提要求？！我可是国王的代表！放下兵刃，否则定叫你们横尸当场！,
头一件，我们需要一艘新船。,
你的防线，让我们杀出一条血路。,
侍奉四方朝圣之人，是我们的职责，也是我们的快慰。,
那就来吧，与我们共用午膳。今天喝鱼汤。说实在的，天天都是鱼汤。,
[好奇01：姓名]似乎安下心来。,
{改向，靠近小船。},
{还回罐子。},
那皮克特人皱起整张脸，伸手挠了挠脖子。,
如今埃塞尔雷德已为诺森布里亚之王，我将以昔日效忠奥斯雷德时那等忠忱与信念，侍奉于他。,
为何不亲自来？连自家女人都护不住么？,
对我而言，这就是不够。,
那巨人上前拦你时，你本能地去摸兵器，可手却顿住了——那人浓密得不可思议的胡须间，绽开一个阔大的笑容。,
收获季转眼就到，我们地里还有成堆的活计。若秋日或冬月遇袭，仓廪绝不能空虚。,
去把那缺席之人找出来。,
好！木料，这是头等大事。你得选棵树，我要取来打造龙骨、船首和船壳。就近的林子便有几棵参天古木，每一棵都够造一艘像样的船。,
{平局。}你吃饭的本事，堪配奥丁的英灵战士，朋友。算平局如何？,
不管是什么驱使他们堕入这般邪恶，如今他们总算从中解脱了。,
阿斯莱芙，你觉着如何？肚肠可还好？莫不是喝了不该喝的？,
女武神在何处？,
那……你觉得……你跟我……？,
慢着！万事好商量。,
奥斯雷德二世国王的这封信函，事关与麦西亚使节在诺森布里亚东北沼泽地的一次会面。,
熊爪饰品,
让我瞧瞧你卖些什么。,
考斯坦丁满面自豪，神采飞扬。他口吐华章，动情处嗓音都在打颤。,
{准备接战。},
他被带到这里赴死时，依旧佩着它，入土时那柄剑也随葬在侧。,
你这是在做什么？,
我没打算大举入侵。我们会赢得埃塞尔雷德的效忠，然后就回家。,
那听来不像个易居之所。,
嗯，我觉着你说不定真能办到。那混账我不在乎，可你要是把他卷跑的那身行头带回来，我定不叫你白忙。,
谁若与我有隙，只管按我们的规矩向我发起决斗，但我[i]绝不[/i]会在自己的盛宴上遭人暗算。,
他们人太多了——主力越过我们，卷着劫掠之物溜走了。更要命的是，我们发现他们的头领竟兜了个圈子，从东面偷偷摸了进来。,
我在想法子修整这畜栏。入秋以来，这该遭天谴的狼群已叼走我四头牲口。原以为上回栅栏已补得够结实了，可前两夜又折了一头羊。,
众人聚齐，你总算得空细看这房间。四下寻着几支用过的火把，一一点燃，这才看得真切。,
嗯，我懂了。以我们眼下这般处境，如此长远之计未必值当，但我明白你的用意。,
马班，欠我的，该还了。,
但愿这笔账于我们划得来。,
终于，瓦达放下了交叉的双臂，清了清嗓子。你注意到他的手轻轻搭在匕首柄上。,
凯蒂尔嬉皮笑脸地笑了起来。,
我想，我们的事谈完了。,
很好。希望很快能再见到你。,
{去看看[躺着的：他/她]怎么样了。},
你到底有些什么本事？,
你留在这儿。我们自己找路穿过去。,
至少我活得有尊严。,
麦克贝瑞氏族深受其扰，他们知道怎么对付它。但朋友，恐怕那本身就是个麻烦。,
谦逊不过是种伪装。我只说我所相信的事实。,
阿斯莱夫点点头，显然很不高兴。,
这道疤，我也会收进我的收藏里。,
你的孩子是被北方人掳走的吗？,
就算你真能办到——虽然你办不到——皮克特人很快也会想从你手里夺回去。要真是那样，我们会抢先一步到那儿，帮你守住它，跟他们对着干。,
守军装备简陋，仓促成军。从他们身上，你看不出任何值得担心的迹象。,
嘿，[玩家：名字]。每次看到你和船员们平平安安地航海归来，总是叫人高兴。有你们在，斯凯恩这地方可就热闹多了。,
让你大感意外的是，他看起来真信了。,
又见面了，[玩家：小伙子/姑娘]。觉得用得上我的船了吗？,
帮助内芙娅守住南边的桥。,
您真是太慷慨了。,
我的人随时待命，你准备好，我们就出发。,
要是被他们抓住，我们就没命了。我们的孩子也活不了！,
你知道他们去哪儿了吗？,
你对他做了什么，你这毒蛇？！,
你放松目光，凝聚心神，警惕着余光中的任何动静。左侧突然亮起一道黄绿色的条纹，你猛一转身，举起罐子，那虫子便径直飞了进去。你蒙上一层薄布，系紧罐口，满意地搞定了。,
布雷萨尔圆润的脸颊和宽阔的肩膀，都证明他体魄强健，可那道伤口却给他的皮肤蒙上了一层病态的苍白。,
我当雇佣兵当够了。我不会替你去打一场战争。,
我不会把奴仆带到斯凯恩来。没有他们，我们照样过。,
格里穆尔夫久久地看了凯蒂尔一眼，然后转身朝自己的房子走去。,
是啊。这帮倒霉蛋归我管。,
没错，她以前就住这儿，和她丈夫拉克兰一起。那时候这里很太平——在你们这种人到来之前。,
刀锋抵在她喉咙上的力道，稍稍松了些。,
一件上好的法兰克锁子甲。虽然沉，但对各种武器都能提供极佳的防护。,
[呛水者：名字]浮出水面时，咳出了特别大的一口水，每咳一下都大口喘着气。[呛水者：他/她]游完这一趟，看起来状态糟透了。,
考斯坦丁刚哼出半声，就想起他可不能把你算作他的臣民。,
你受邀领导这次劫掠。这是对你领导力的考验，将证明你是否配得上雅尔的称号。,
是吗？不知是哪一件？,
他含糊地朝北边打了个手势。,
{继续走。},
在一片浩瀚的森林里漫无目的地游荡，彻底迷了路。,
莫尔坎特几乎瘫倒在地。,
你觉得你听到莫尔坎特在后面大叫。如果你想把他留在你这边，或许不该在这里杀人。,
奎恩握紧拳头，敲响了大门。,
我会确保军队从胜利庆典中及时休整过来，好跟进你在邓弗里斯的胜绩。祝你健康。,
早上好啊，瞌睡虫。我们回营地前，你该去洗洗。,
他把大锅从肩上卸下，挥舞着嗜杀如命的妙尔尼尔，把那群高大的巨人杀了个精光。,
而你所描述的这一切，我想，恐怕不只是随便说说而已吧？,
哈！你可真可悲。,
成交。,
我不打算带凯蒂尔去。,
这男人无处可逃。[首领：名字]往他牢房外一站，他便疲惫地抬起了头。,
你的话似乎让所有人都吃了一惊。皮克特战士们交换着眼神，但还没人向你动手——好奇心占了上风。,
我会走的。我想要的东西已经到手了。,
我在北上途中，在斯凯恩森林里扎了营，准备投奔载我来这儿的那艘船。,
你和同伴们在桌子一端占了一席之地，新酿的麦酒从旁边的小桶里被慷慨地斟满。等大厅里坐满了人，国王简短致辞，随后食物便端了上来。,
{喝下去。},
他咧嘴大笑，用力握住你的手。,
很好。那么，想看看货吗？,
一名皮克特哨兵不满地嘟囔了一声，紧接着便是斯卡基的拳头砸在他脸上，发出清脆的一响。,
我是[Player:Name]，[Player:Father]之[Player:子/女]，这位是我的扈从。,
[Random02:Name]啐了一口咒骂。,
这种酒在危急关头格外管用，能直接渗入血脉，让最疲惫的战士也在战斗中重振精神。,
阿斯莱弗冷冷地瞪了她一眼。,
{刺死他。} 你的命就到这儿了，懦夫。,
就因为你自以为我脑子不灵光，便觉得我会跟你绕弯子说话，这纯属毫无根据的臆测。,
你干得不错。,
它是皮克塔维亚的一个藩属王国，一片广袤的疆域横跨本岛极北之地。我父亲效忠于康斯坦丁王。,
埃吉尔跟你说起过他那帮老船员埋藏的宝藏。据说就藏在珀斯以北的一处洞穴里，非乘船不能抵达。,
他确实给我找了不少麻烦，但笑到最后的还是我们。,
他们倒是过得不错，可我们现在尝到了独立的滋味，而且相当受用。不过，要是河对岸那些多管闲事的杂碎肯滚远点，我们就更痛快了！,
老人咳嗽起来——也许是炉火的浓烟呛进了他的肺里。,
把密尔丁的尸体带回村里。,
去市场上找个人，把那些强盗的船拆成废料。,
没必要，我能照顾好自己。,
我一直就是个懦夫。从没鼓起勇气告诉你……我爱你。,
并非所有人都活着从那场厮杀里出来。活下来的那些，此刻正不省人事地倒在栅栏外不远处。,
前往莱加塞斯特，去见那位声称当地已被撒旦邪教掌控的牧师。,
整装待战,
我们不能就这么丢下不管。必须查清这次袭击的缘由。,
见到我，你就这么不高兴？,
满口谎言的贼子！你们得用命来偿！,
他是个可敬的对手。众神之父必会接纳他。,
这位艾菲可是皮克特人的公主。你见识过皮克特人怎么对付敌人吗？那场面……呃，当真是骇人至极。你要是识相，就把一半钱交出来。,
内菲娅正死守着桥，是她派我来接应你的！,
除非……斯库勒已经——已经死了。,
他凝视了你一瞬，那笑容竟迷人得让人意外。,
罪有应得,
一个身形瘦削的女人朝你走来，棱角分明的脸上散落着雀斑，一头赤褐色的长发紧紧编成辫子。,
埃塞尔雷德伸手一把握住你的手腕，沉稳有力——这竟是个出人意料的恭敬之礼。,
然而那巨人偏要在膂力上与索尔顽固地争个高下：他说，没谁能算得上强壮，哪怕他划桨再有力，除非他能把这杯子砸碎。,
好了，兄弟们，看来东西已经到手了。该回船上，起航回家了。,
那些倒下的掠袭者中肯定还有活口。我们得把人聚拢起来，撬开他们的嘴。,
妈的！,
我总得在什么地方重新开始……找点事情让我着手干起来。,
这儿的事儿了结了吗？,
他疲惫地叹了口气，又瘫坐回地上。,
你会成为一个了不起的领主，[Player:Name]。只要确保你永远只是个领主。,
看这架势，她说不定真把他给生吞了！,
不许你那样说我父亲！,
她什么都没说。你离去时，她只是噙着泪，继续愣愣地盯着诺托尔夫的尸体。,
悬崖上那栋宅子看着就很有钱。你去那儿求过援吗？,
哦，原来如此。我早知道的，刚才就是逗逗你！,
行。我会回来拿我的银子的，奥尔德温。,
所以不过是群装备破烂的民兵？那还不是手到擒来。,
你霍然起身，像是有话要说。你的亲随们立刻跟上。诺森布里亚人还没反应过来，刀已出鞘。,
贡纳尔猛地一拍你的肩膀，那股力道差点让你脱了臼。,
你在我的林子里干什么？,
罗斯克瓦的手悄然握住藏在背后的撒克逊刀，但赫罗德盖尔达却满不在乎地把后背对着你们俩，久久地眺望着那座教堂。,
一种全然错愕的神情掠过他的脸。过了好一会儿，他才合拢下巴，重新镇定下来。,
你一个人能出得去吗？,
这儿什么都没有！哈！不过我倒也寸草不生——肯定是别的什么巨人干的！,
我看不透他。他像是个好人，只是可能憋得太狠了些。,
回家真好，不是吗？哪怕别的都不说，至少能亲眼看看咱们的家还在。,
瓦达带着他那一贯毫无笑意的假笑迎接你，尽管你给了他太多值得高兴的理由。,
等等，我好像还有一件事……,
这就有点不敬了吧……,
他脸色一沉。,
什么风把你吹到奥克尼群岛来了？,
靠公平手段，你永远别想拿到真正的权力。,
哦，小子。哦，哦，小子！,
阿斯莱夫倾身向前，直直地看进你的眼睛。,
我琢磨过设个陷阱干掉那群狼，可我一个人办不到。你愿意搭把手吗？,
在这附近要当心，一直有人在失踪。,
米尔丁长篇大论地讲起了旧神，说的故事好像跟爱情和婚姻只沾了一星半点的边，却偏偏把满堂宾客都迷住了。,
你走进工坊时，他举起一只手打招呼。,
给。拿去，饶我一命。,
我之前在这儿没见过你。你是军团兵吗？,
我想买些补给。,
等等，让我想想。,
光看他的模样，就知道达尔里阿达国王唐科尔克根本没得到一位被俘君主该有的尊重。,
你留意到猪耳朵上有刻痕。,
那你叫我们做什么？,
{等他们完事。},
等等，等等！得了吧，难道我们连个机会都不给这些人？,
我认得这人。他是你的奴隶，我在长屋附近见过他。,
拿着——这是你挣来的。嘿，你可真是当之无愧！,
我很难过。戈姆莱斯和拉克伦都是好人，不该落得这种下场。,
我们的卫兵得查清楚你没从墓里拿东西。你当然没什么可藏着掖着的，对吧？,
啊，呃……你没法让一头染了狂犬病的熊向你宣誓效忠，就退而求其次了？那家伙简直是个活怪物！我这话可是在夸他。,
嗯，眼下先留在这儿吧。回头我们可以再谈。,
全齐了。你要我找的东西，都在这儿了。,
吸血杖,
那年轻女人突然将小刀抵上了自己的喉咙。,
啊，你们就是那些打听我学徒的好心年轻人吧？我一直等着你们回来拿酬劳呢。,
我们就只是路过。我们是……呃，商人。,
那边那几个！外乡人！你们来营地的路上，碰没碰见四个小子和两个姑娘？,
多谢！好了，大伙儿，该跑了！只带你们拿得动的，走！,
我希望把它变成我们两族之间通商的据点。,
暴风雨攀上顶点时，一道闪电击中了[Shipname]的桅杆。,
妈的，这比我想的还要别扭。我觉着自己好像做错了什么。,
我们得给珀斯立一个新统治者——凭你帮我们做的事，我很可能直接任命你，可这仍会惹来争议。该死的勾心斗角，对吧？走着瞧吧。,
我可不是你家门口等着传唤的奴才。,
多少？,
伍尔夫西格跑得上气不接下气，裤子上溅满泥点子——他显然是拼了老命，用最快速度赶来的。,
弃绝你们的伪神，投向我主、救主耶稣基督的光芒与慈爱吧！,
他笑了笑，明显松了口气。,
我[i]会把你们两个全都带走[/i]。,
可他们有钱，又有有权势的朋友——所以，真相是他们捏出来的。,
那就刻不容缓了。,
你们这帮人也能进战营……？,
可真省事儿！,
现在，回到你主子埃塞尔雷德那儿，告诉他，要是他能赢下王位，我就会支持他——前提是他真能赢下来。,
你还指望我[i]谢[/i]你？！,
我也一样。,
[i]要是[/i]他真来的话。也许他想了想，觉得还是待在家里划算。,
凯蒂尔脸上的表情真是千金不换——惊讶、诧异和狂喜搅成了一团。你双唇微启，他却向后一缩，像怕碰碎玻璃似的抚上你的脸颊。,
我不求你原谅，只要你别就这么死在我面前。,
我不想杀光你们这群人，可你们休想拦住我进珀斯！,
这下你父亲那支探险队遭遇了什么，我们全明白了。,
我也该出城去走走了，你说是吧？这辈子我都快憋死在这儿了。,
{攻击。}我说开打！,
呃？,
殿下，[Player:Hlaford/Hlafdia]雅尔[Player:Name]，您大驾光临，我们真是不胜荣幸。,
求求你……太疼了……,
来吧。,
{睡吧。},
诅咒你，还有你们所有的同类！,
说不定过会儿我就想起来了。,
谢谢你。,
你走近一个男人，他身上的每一道痕迹，都是辛劳与富足留下的烙印。他粗壮结实，却挺着一个奇大无比的肚子。,
利奥弗里克的微笑渐渐褪去，化作一片悲伤。,
你抓住附近一处岩架，开始小心翼翼地向上攀爬。爬到洞壁大约一半时，你的手突然滑脱。你本能地伸手去抓墙上[i]任何能抓住的东西[/i]，同时将身体重心猛地向前压去。,
你的金银财宝，都浸透了弟兄们的鲜血。,
凯蒂尔笑得更多是被姑娘们的反应逗乐的，而不是因为你。,
我就是干这个的——陛下决定想要什么，我来想出办法把它弄到手。,
嘿，[Player:Name]。你不知道，能终于动手建造一艘长船，我心里有多激动。这将会是我的传世杰作，你就等着瞧吧。,
我们从诺森布里亚各地运来了兽皮和工具。我们的兽皮能很好地抵御这些岛屿上严酷的天气。,
格蕾妮清楚这件事的具体细节。去吧，让她告诉你该做些什么。,
在奥丁的神力相助下，我们粉碎了你们那点可怜的防御。很快，你们都将归于众神之父！,
那头猪是弗利里的吗？,
还没等你有机会为自己辩解，他脚跟一转，便大步流星地走开了。,
{扇他一巴掌。} 给我振作起来！,
你，凯蒂尔，还有内菲亚……你们都太年轻了。我知道你们大概觉得自己天下无敌，但你们必须互相照应着点。,
深入黑暗,
谢谢你。,
如果我当时能更强悍一些，你就不必这么做了。,
内菲亚沉重地点了点头，向后退了一步。,
你是想吓唬我，好让我快点好起来吗？过来，你这家伙。,
嗯，干得不错。他们看起来疲惫不堪，但肯定实战经验丰富。有他们在我们这边，会是很大的助益。,
埃塞尔雷德露出一个精明的笑容。,
他的脸上，悔恨之色愈发深重。,
啊！等等！我卡住了！,
是[i]你[/i]越界了！你正在背叛我们所有人对你的信任，利用我们的忠诚，去达成某种我完全无法理解的、隐秘的目的。,
你绝不会得逞的！,
风似乎骤然猛烈起来，呼啸着穿林而过。空气中，你隐约闻到了一股烧焦的香料味。这感觉只持续了一瞬便消失无踪——或许不过是你的幻觉罢了。,
你曾被迫立下效忠奥斯雷德的誓言吗？,
抱歉，我们认识吗？,
这会是一趟危险的旅程。你必须得出份力。,
等我们一能抽出时间，如果你愿意带我回家……我会很感激的。,
然后，她依然泪流满面，转过身，拼尽全力跑出了邓弗里斯。,
你要我们去做什么？,
嗯，不，我们当然会杀了你。但如果你珍视自己的自由，就不该因此而退缩。,
好吧。听起来很公平。,
三个巡逻的哨兵，营地里还有五个人。他们看起来全都装备精良。,
考斯坦丁注视着基利安，目光中混杂着怜悯与责备。,
你觉得怎么样？,
恐怕我们仍是日德兰半岛最穷的氏族之一。历经你父亲的丰功伟业，那场盛宴，今年冬天劫掠造成的损失，再加上建造[Shipname]……我们现在的情况很糟糕。,
小船没被遮盖起来。在木制座位下面，你找到了一个亚麻布袋，里面塞满了兽皮和各种值钱的物件。,
斯泰因满面春风，骄傲得如同在女儿婚礼上的父亲。,
她注意到你在看她，于是停止了挣扎。,
英吉马尔邀请你，为你已故的父亲共饮一杯。,
听着，你到底要不要我们帮忙？,
我放走了那个间谍，但再不会有任何报告能送到奥斯雷德那里了。,
我正在奥克尼群岛集结一支军队。我们将攻取珀斯和埃伯鲁伊克。若你在此事上援助我们，我以我的名义保证，你会获得独立。,
他怎么会派两队人去偷同一样东西？这肯定是什么陷阱，对吧？,
落石！要是他们把那堆巨石推下来，我们会伤亡惨重的！,
很高兴认识你，玛班。,
我的意思是，家里的每个人都一直觉得，你和内菲亚的婚事是迟早的事，可你却从没迈出那一步。,
命名长船,
这不像是这世界的怪事。我们不该在此处耽搁。,
你和你的父亲，真是太不像了。,
这场对峙，早就该来了。,
你们就是要去拿下那座里堡的人，对吧？我们会做好准备的。,
约斯泰因飞快地从倒下的守卫身上抓起一把小刀，割断了丹尔身上的绳索。,
又一轮掌声响起，这次是给你的。起初掌声稀稀落落，虔诚的郡长们交换着犹豫的眼神，但很快，它便汇聚成了一阵真挚而由衷的敬意。,
看来我最好还是帮你们一把。,
总算摆脱了。,
你们这些修士似乎无所不知。,
你能描述一下他们的首领吗？,
去吧。接管峡湾号。不管[Player:Name]在策划什么，我们都要让它寸步难行。,
这是什么？,
怎么回事？这帮人是谁？,
让那些杂种尝尝地狱的滋味。把你最狠的手段都招呼上去，他们活该。,
你盘算着如何下手最为妥当，随即意识到，手中没有远程武器，便无计可施。没等你发动伏击，他们就会先发现你的踪迹。,
农场外围，一个孤零零的奴隶正在劈柴。听见你靠近的动静，他放下斧头，抹去眉间的汗水。,
众神在上，这次他是非要逼我们杀了他不可，对吧？,
清晨醒来，身上胡乱搭着一张兽皮，双脚被露水浸得湿透。,
趁他们大队人马还没到，你得赶紧过去。,
是啊，你说得大概没错，他确实值得这份体面。,
恩巴尔德语无伦次地嘟囔着。,
我保证你不会失望。,
耶灵的首领斯库勒，一向与北方人过从甚密，尤其与考庞关系匪浅，而他显然对你的地盘垂涎已久。,
还有，烽火台怎会无人点燃？,
那些曾触怒他的人，如今却担心你无法带来他们所期望的改变。这不是你的过错。,
好一条毒蛇，你[i]胆敢[/i]如此？！,
你们正穿行沼泽，双腿浸透了泥水，走在前头的[Pointman:Name]忽然朝你高声呼喊。,
{攻击。} 这一切都是你们自找的。,
这名字可真够拗口的。,
内菲亚站起身。她下颌紧绷，双手死死攥成了拳头。,
你膜拜我们的神，或者不信神，在他们眼里并无区别。只要我们不拜[i]他们的[/i]神。,
诺森布里亚最强的战士，也远非我们的对手。,
{屈服于她的魅力。},
[Player:Name]，你已证明自己既堪大任，又品格高尚。我在考虑……,
我理解。无意冒犯。,
你们一同返回营地，洗得干干净净，重新穿戴整齐。,
内菲亚拼命忍着泪水，模样令人心疼。,
很好。,
转念一想，我们就不打扰你了。,
那奴隶贩子耸了耸肩。,
格蕾妮的笑声再不复往日的温暖轻颤，此刻听来冷淡逼人，满是鄙夷。,
好极了。这东西正好合用。给我几个时辰，我就能为你朋友配出一剂解药，祛除他的病痛。,
你可知道如何保护自己？,
哼，很快我便能有幸感谢他派你前来。我们俩都将与你同返珀斯——这是你应得的待遇。,
此地乃是罗穆卢斯军团的属地。你可以造访堡垒，但禁止踏入礼拜堂。,
我绝不能背叛德鲁伊！我[i]决不[/i]！,
你们守卫此门，防的是何人？,
若想夺他人性命，占他人土地，就得趁早起身。,
{离开。},
兑现西卡悬赏的全部赏金。,
那边！南边又来了更多！,
一言为定。,
当地民兵已集结起来，召开紧急庭格会议。,
此时，她环顾众人，脸上又浮现出那抹温和的笑容，人也仿佛松弛了些许。,
{洗劫花园。} 谁先得手便归谁。,
长矛将在下一回合命中目标，届时占据目标格子的任何人都将立刻丧失行动能力。,
过了许久，你的侍卫一个接一个从水面探出头来。,
咱们船上见。,
[Aggressive:Name]与某个族长之子寻衅滋事，[Altruistic:Name]则负责料理随后弄出的伤势。,
[Bannerman:Name]霍然起身，紧紧攥住你的胳膊。[Bannerman:他/她]的脸上闪耀着自豪的光芒。,
打完了再叫醒我。,
真是天大的憾事。他是个正派人。,
这事儿留着觐见西古尔德王时再说吧。,
一点皮肉伤罢了，用不着去劳烦[Healer:他/她]。,
空的。毫不意外。我们得把这里发生的事禀报武器教官。,
这一天真是等了太久。我很庆幸它终于来了。,
[i]粗鄙不堪。[/i],
就咱俩私下说？我倒巴不得他们并非毫无防备——自上一战过后，我正需要一场酣畅淋漓的胜利来提振士气！,
来，我接着你了。,
你可知雷穆斯与罗穆卢斯的典故？,
不错，迄今这确是我的抉择。你若另有高见，大可自行其是。,
你还好吗？,
你看见地上那个了吗？那根绳索？,
隧道深处传来一声尖利的呼喝，刺耳的回音里，压抑的怒火暴露无遗。,
临近午夜，宴会已近尾声，但那几桶麦酒却仿佛深不见底。国王依次问候每位宾客，最终来到了你面前。,
在邓弗里斯打破皮克塔维亚与诺桑比亚之间的僵局。,
我们[i]俩[/i]都跟你去，只要能把基利安平安带回来就行！,
莫尔坎特避开贡纳尔责备的目光，干脆连祈祷也停下了。片刻之后，那狼皮战士大步走开，顾自去忙他的事。莫尔坎特抬起头，发现你正在看他。,
总担心他哪天完全被嗜血欲吞没，再也分不清敌我，或者干脆不在意了。怕他抡起那把该死的大斧头，一下劈开我的脑壳。,
要是插手，我们只会给自己惹麻烦。,
你爱怎么安慰自己都行。,
阿斯莱夫脸上闪过一丝纯粹的骇然。随即他咬紧牙关，深深蹙起眉头，傲然挺直了脊背。,
他沉重地摇了摇头。,
父亲！,
多亏你诊断及时、处置得当，[Victim:Name]很快就会恢复，而且不会有太多痛苦。过了几个时辰，[Victim:他/她]就能扔掉膏药，身上几乎不留这场磨难的痕迹。,
唐科伊斯的脸上笼上了一层阴翳。,
能为诺桑比亚王国效力，永远是我的荣幸。,
（坚毅地点头。）,
你必须接受一个事实：这可能就是你与凯蒂尔最后一次相见了。,
你从哪里来？,
啊，你回来了！找到他们了吗？,
在营地时，那个修士提起过这河里有怪物。,
四个时辰后，瓦达和利奥弗里克从下方的峡谷中爬了上来。,
可这毕竟是[i]你[/i]的盛宴。我会盯好阿斯莱夫和他那帮朋友，你该放松下来好好享受一番。,
那是怎么回事？,
刚打猎去了。稍微迷了会儿路，但最后还是找回来了。,
我们的家门向任何既有勇气又有智慧、足以完成这趟朝圣之旅的人敞开。,
我建议你去请教镇上神殿里的女祭司。如果这些标记有宗教意味，她会知道那是些什么。,
不止如此，我们在他那里根本找不着任何盟友。,
艾芙拉只是虚弱地轻笑了两声。,
事情办妥了吗？,
她越过你的肩膀看了看萝什卡，神情便柔和下来。,
重新检查过所有东西之后，[Helper:Name]再次对你开口。,
我想我是能住在这样一个地方的。这里有安全感。我觉得这会是个养育孩子的好地方。,
乔迪丝的头盔,
我只希望事态能有所不同。你们家族间这场无谓的纷争，终有一天会把整个氏族撕成两半。,
还记得咱们把这儿变成了阿斯加德，还不得不抵挡约顿巨人入侵那回吗？,
洗劫教堂，搜刮财物。至于那些教士，杀掉还是留命，全凭你高兴。,
我不是有意冒犯……,
我们从东方渡海而来。此行只为和平，不想惹任何麻烦。,
你妹妹一直在找你。她就在城墙外面等着。能赶到她那儿吗？,
（拿走补给。）,
至少谢谢你肯带我们来这儿。,
我干掉了那个税吏。,
我不排除这种可能。,
贡纳尔赞许地望着斯卡基的遗骸。,
（自卫。）,
鲁里克一如既往地朝你微笑问好，可眼里全无笑意。,
请节哀。他是个好人。,
你——你这[Player:狗娘养的/婊子]！我们能宰了那些村民，照样也能宰了你！,
就算他真的改信了基督，咱们的聚会照样欢迎你们一家——这当然也包括你儿子。,
你之前对到访的目的说得并不是很清楚。,
[Player:Name]，看到你平安归来，真好。,
听着跟送死似的。,
我在里面一张床下藏了道活板门。另一个入口就有点糟糕了——到时候你就明白了。,
一脚踩进坑里，这下袜子全湿了！,
凯蒂尔的脸上绽开一抹大大的笑容。,
当然。要我吟唱那首希密尔的谣曲吗？就是强大的索尔拉起米德加德巨蛇的那段？,
朋友们！圣罗穆卢斯——旧帝国的主保圣人——的忠实信徒们。自从找到这个地方以来，我们得以享受了一段太平光景，但我们绝不能就此自满懈怠。,
一支罗马军团的古老鹰旗，以黄金铸成。,
我向你保证，我绝无此意。,
既然危险已经过去，你有什么货物要交易吗？,
尚未准备好离去,
她伸开手臂，划了道大弧，把两个摊位都圈了进去。,
冷静下来！发生什么事了？其他人呢？,
这把维京战斧最初被皮克特人当做战利品，从一名死去的掠夺者手中夺了来，而你却在一处高地洞穴中发现了它。斧刃雕纹精美，结实的斧柄上伤痕累累，满是刻痕。,
她以近乎虔诚的缓慢动作，亮出一把用亚麻布层层包裹、装饰华美的利剑。,
这不正是你梦寐以求的吗？一个被空前浩劫撕得四分五裂的世界？一场宿命之战，让你得以在其中有意义地战死——以战士之姿，慷慨赴死。,
老人顿时面如死灰。,
凯尔毫不掩饰心中的痴迷，将另一只手覆在[ObjectOfAffection:Name]的手上，紧紧夹住。她再次对你说话，目光却一刻不离你的那位[ObjectOfAffection:archetype]。,
谁让你自己门户大开，可怨不得我趁虚而入。,
一伙维京人冲进那座村庄，见人就砍，还把附近的女修道院洗劫一空。,
嗯。,
很遗憾。她铁了心要你的命。,
一个高大的黑发男人正一锤接一锤地加固木栅栏，在旧板条上又钉上一排新的。他见到你似乎有些意外，却并无不快。,
一切……如今一切都灰飞烟灭了。,
照你父亲的说法，是哈夫丹之子那帮人偷了头猪。,
那我从你手里把它夺过来，也就是顺理成章的事了。,
听起来，必须争分夺秒了。,
我知道你帮我们料理了林子里那帮强盗。但我能不能请你再出把力，把最初惹出这所有祸端的那些个破坏者，连根拔掉？,
斯库勒领主强悍而英明，在他的治理下耶灵日趋繁荣。若有他主持峡湾防务，我们所有人都能安心许多。,
我当然会帮你。为了你，我向来不惜一切。,
只要你能帮我摆脱那个诅咒，我保证给你个更公道的价钱。,
愤怒与悲痛扭曲了他的面孔，拧成一个丑陋的狞笑。,
你走近时，近处那名守卫抬手将你拦住。篝火旁的男人站起身来，好生将你打量了一番。,
我不会杀你。自求多福吧。,
他沉没下去。,
（交付240件贵重品。）成交！,
你瞅准四下无人，闪电般拔出撒克逊刀，一刀捅进她薄皮甲接缝处。在她还没来得及尖叫时，你另一只手早已死死捂住了她的嘴。,
嗯，那天我在市场撞见拉希尔，就当面去质问她。她可得意得很，毫不避讳自己已经竖起五个了。这还不算被我拆掉的那个。,
他盯着你，那眼神仿佛你是刚从阿斯加德降临的女武神。,
那群该死的鼠辈还赖在我家。你当真不愿接下这活，去把他们清剿干净吗？,
我恳请你，等我的宅子清光了那些鼠辈，安全到我能搬回去住时，务必再回来一趟。我定会翘首以盼，屏息以待！,
德鲁伊若有所思地捻着胡须，但看你转身离去，他并未出言阻拦。,
我没有。这……这由不得我选。,
亲友们还聚在海岸更远处，那个距离，寻常交谈听不见，但你要是想讲几句鼓舞人心的动员话，他们倒是能听得真切。,
我不乐意这样。,
你这等污秽之人，踏足此地简直是亵渎上帝的圣殿！,
我会乖乖跟你走，但你得答应放走我一个同伴，此事从头到尾都与他毫无瓜葛。,
他冲你咧嘴一笑，露出个没正经的表情，这笑容竟让他那张平日粗犷的脸柔和了许多。,
有话快说。,
行吧……我不杀你，但你最好立刻从我眼前消失。,
他本已紧锁的眉头竟还能拧得更深，有那么一瞬，你真怕他的脸会在这重压之下生生裂成两半。,
这么说吧，你觉得在这么趟凶险万分的旅途中，你们中难免会有人挂点彩吧？要知道，这些草药可不光是拿来让人吃苦头的，对吧？,
我若饶你不死，你可愿臣服于我，为我效命？,
换你在我的处境，怕是抱怨得比我还凶。,
她连跑都不打算跑——也许她压根儿没意识到死期已至，等回过神来，什么都晚了。,
当真？,
诺森布里亚和皮克塔维亚那边闻讯，已开始集结大军，准备应对邓弗里斯的局势。,
你这是中了什么邪？这可一点都不像你了。,
那些传言都夸大其词了，我们这些人，和你们没什么两样。,
你可认识一个姑娘，跟一个叫凯尔特拉姆的男人交情匪浅？,
他俩都跟你父亲一道，战死在弗里西亚了。这事儿没什么好说的了。,
别这么说……,
那么，你们可以走了，旅人们。感谢你们尊重我们的规矩，向地底之民致以应尽的敬意。愿你们的祈求得蒙应允。,
我当然不想！可这就是命啊——处处跟你作对！,
你本该趁早除掉那些斥候。不过不必懊恼。我战死沙场——此地便非我归宿，我自会寻路前往瓦尔哈拉。,
正是。你消息倒灵通。,
她瞥了弗利里一眼，又望向哈夫丹。鼻翼翕张，嘴唇微颤片刻，才将目光重新投向你。,
可世人眼里，只看得见狂妄。,
协助防守埃塞尔雷德营地北翼。,
慢着！你我大可不必兵戎相见，凡事都能商量出个结果！,
法比安·昆图斯一语不发，但那投来的目光已道尽千言万语。杀了他的狼，休想从他手里拿到半个子儿。,
有几分惊险，好在总算闯过来了。最难的一关是渡海，我们不得不杀了个渔夫，才夺下他的船。说来惭愧。,
我们有几件装备损毁了。可否请您过目一观？,
阿斯莱夫低沉地轻笑一声，挑眉瞥了你一眼。,
他握力沉稳，掌心尽是厚茧。,
那我便将身家性命，托付于您了，斯凯恩领主[Player:Name]。,
[Geographer:Name]交叉起[Geographer:his/her]双臂。,
准备伏击,
（开始比赛。）,
向一片区域内布设淬毒尖刺，任何试图穿越的敌人都将减速并中毒。,
我算不上什么战士。您或许也不以战士自居，但您那双锐眼，远胜于此。这便是为何，领主是您而非我。,
我这条命，全凭您发落。陛下。,
蛮子我一眼便能认出。说吧，你是哪路货色？嗯？皮克特人？高卢人？匈人？一身鱼腥味，怕不是阿勒曼尼人。唉，罢了。横竖在我看来，全一个模样。,
贡纳尔居然哼出一声低笑，满是揶揄。,
她惊愕地直摇头。,
话音未落，陨落的先辈们纷纷站起身来，拍去黑色链甲上的积雪与余烬，朗声大笑，恍若先前种种不过一场玩笑。,
喧闹的欢笑声轻易穿透了木墙。[Greedy:Name]凑近门缝，向里窥视。,
珀斯码头通道,
烧焦的钥匙,
新领地内百废待兴。珀斯与埃奥福维克将筑防加固。,
跟我讲讲那场屠杀。,
哈，我们皮克特人，向来以酒量自傲。难得碰上对手，可真痛快！,
那就来吧。这边请。,
这里定藏着笔财富，少说也值三十张兽皮往上！,
斯瓦娜不着痕迹地转入古老的吟诵调子，嗓音里带着吟游诗人特有的节律，开始讲述那首古老歌谣。,
赐予我们今日的食粮，宽恕我们的罪过，如同我们宽恕那些得罪我们的人。,
别在这儿搅扰我做事。,
在罗马塔楼前，等候麦西亚使团。,
说这话令我痛心不已，[Player:Name]。但我务必请求您，别出席盛宴。我深知那场袭击与您无关，可您也得理解……,
别耽搁太久，我急着离开这鬼地方。,
呵，那是因为当时我不在你身旁，不是吗？我们定会与他们再战——这便是我要的回报。,
那是我亲手做的！,
一定是另一拨同族干的。,
我遭劫了。那群该死的懦夫……趁我——趁我在帐中酣睡时，偷袭！,
考斯坦丁正在哈德良长城以北高地的一处大型洞穴群里集结军队，可要穿越那道城墙，将是个严峻的挑战。,
他还活着，可若想救他，你就得牺牲自己。,
空地四周的灌木丛中，冒出一大群狼，只只目露凶光，步步逼近。,
不。,
诸神在上，她见我这般模样，简直乐坏了。这事儿，定会被她念叨一辈子。,
蠢丫头。就该老实待在家里。,
我好奇归好奇，但可没犯傻。要是放人进门，父亲定然大发雷霆。,
不必了……你已经把话说得很明白了。,
你拍开那持刀的手臂，一把揪住他衣领，借他前冲的力道将他狠狠掼进泥里。接着你将他拎起，牢牢钳住。他怒惧交加，死死盯着你。,
科纳尔本要去海边与另一伙维京人会合。我们一路追踪，赶在他抵达之前把他给解决了。,
是他逼得你别无选择。我只恨没能亲手杀了他。,
[Conceited:Name]刻意长叹一声，[Conceited:his/her]脸上满是不耐烦的神情。,
说起来，近来河边[i]确实[/i]事故频发。,
那农夫投来一道审视的目光，深不可测。,
他话音里满是苦涩。,
罗马帝国……那不是好几百年前的事了吗？,
你若打我们，我们只会把另一边脸也转过去，这是[i]真正[/i]基督徒该做的事！你可以打倒我们，但圣罗穆卢斯会看顾我们，我们定会重新站起来。,
我原以为埃塞尔雷德会把利奥弗里克留在身边——他可不放心把自己的性命交到你手上，但他派你来这儿，我倒是一点也不意外。反正你是个可以舍弃的棋子。,
我听说有艘怪船被冲上咱们的……海滩……呃。,
山羊之主叫猿猴的后人把船往海里再送远些；可那巨人却说，照他自己的盘算，实在提不起劲儿再往前划了。,
行吧，好吧……那就祝你好运，[Player:孩子/姑娘]。可别说我没提醒过你。,
（搜查小艇。）,
不管名声好坏，我这人乐意跟各路人物做买卖。你要是打算买点什么，我还有桩事可以谈谈。,
我希望你没打算把我塞到最前线去当炮灰。,
这枚护符代表着流浪者奥丁——那位踏上永恒求知道路的阿萨神族巫术之主。,
你好啊，[Player:Name]。,
总有一天，你会退后一步，看清自己到底织出了一幅什么样的图景。你真觉得自己会喜欢那幅景象吗？,
芙蕾雅护符,
于林间空地献祭一个自由民，男女皆可，或以三个奴仆代之。,
你兄弟到底出了什么事？,
[i]“某种仪式”？！[/i]使徒信经乃是我教信仰的柱石，是根本中的根本——,
说实在的，如今出海我几乎都不怎么为弟兄们操心了。你是个英明的领袖，[Player:Name]。我知道你定会带我们所有人平平安安回家。,
第一条路：打一场。你和你的人，对我和我的人。现在就去外头悬崖上，看看谁更厉害。你要是赢了，我向你效忠。我要是赢了，你就给我滚得远远的。,
我回头再跟你聊。,
那圆滚滚的亲兵向后一靠，一边费力地嚼着东西，一边粗重地喘气。他拍了拍肚子，咽下嘴里的食物，咧嘴笑了。,
你若是想羞辱咱们的主人，起码也该放聪明些，小声些说。,
来，再杀回战局里去！,
她抬起手，一根手指直指向你，那指控沉重得仿佛有千钧之重。,
你掏出小刀，径直捅进了拉格瓦尔德的心脏。他猛地呛咳起来，几点温热的血沫溅到你脸上。他的左手徒劳地抓了抓你的手腕，随即力道一松，双臂软塌塌地垂了下去。,
胡尔达仔细端详着你采来的那堆药草。,
过来瞧瞧，别怕羞！,
这棵树长在何处？,
他投来审视的目光，死死盯住你。,
他的眉毛高高扬起，仿佛恨不得随他那后退的发际线一同撤退休整。,
辛弗德抬手在胸前比了个简单的手势，嘴里喃喃念了几句咒语。,
总有一天，你会归入主的羊群。到那时，我必张开双臂，迎你们所有人进入我们的教堂。记住：迷途知返，永不为迟。,
旧债,
她冲你一笑，那笑容里透着一股说不出的危险劲儿。,
那四个被猎人捉来的奴仆，如今全凭你发落了。,
愿你的国降临，愿你的旨意行在地上，如同行在天上。,
他挺得过来。看样子就很壮实，能把他折腾成这副模样，必定费了不小的劲。,
呃……那我可真是摊上大麻烦了。不过，我是真心觉得这事儿我能摆平。,
（痛苦的咕哝声。）,
你说得倒轻巧。我可受够了——,
就那么一刹那，悲伤的涟漪拂过他的脸。,
你追上她时，她正帮母亲喝着水。,
原以为凭你的远征，你的氏族本该兴旺得多。恐怕你的这次失败，正好给了西古尔德·赫林格一个由头，把斯克恩交给斯库勒去管。,
（潜到另一边去。）,
你想让我相信，你大老远从考庞跑下来，就为了偷我母亲的首饰？,
那些可怜人受尽了苦。我们会好好照看他们的。,
他捏起那枚大奖章，对着光缓缓转动。,
嶙峋的峰峦似无尽头，如锯齿般直刺天际。风送来乌鸦的嘶叫与野狼的长嚎。你忽地察觉到，有人在注视着你。,
莫坎倒抽了一口凉气。他一言未发，可脸上的惊骇之色却已说明了一切。,
只不过是咱们想要，他们也想要，偏偏艾布琳在这事上倔得像头山羊罢了。,
听着，婆娘——把你知道的全给我吐出来，否则我身边这几位朋友，可就要把你的脑袋砸个稀巴烂了。,
去跟基利安谈谈。,
去告诉布雷萨尔，那些劫掠者已经给解决了。,
再跟我多讲讲瑞亚·西尔维亚的事吧。,
感谢您的盛情款待，尊敬的领主。天亮前我便再度启程。,
斯泰因哼了一声，鼻息在汤面上搅起一圈小小的涟漪。,
[Killer:Name]一把将你紧紧搂入怀中。,
没错，盖斯特。那就去吧——把野猪和奴仆都带回耶灵。告诉斯库勒，我们会继续追猎。,
那场架是他自个儿惹的，能不能脱身，我才懒得管。,
我真不知道你是怎么带着我们活着撑过来的，[Player:Name]。,
现在就拿走，我再白送你一条面包！,
没错，我们说话算话！最后一次见他，是去村里变卖咱们找到的货了。,
风中送来一股铁器的腥味，底下还压着一股腐肉的甜臭。面前的巨石上，赫然摊着一具男尸，一把斧头深深剁进他的后背。,
我想订制些装备。,
商人朝后面那个盯着林子看的守卫努了努下巴。,
此话当真？,
我会盯紧他的。,
这倒是真的——你不在的时候，我们会帮你母亲一起守护好家族。,
你是一位极有尊严的[Player:男人/女人]——我相信，有你在我身旁，我定能为家族开创一个伟大的未来。,
他们压根儿不是什么撒旦崇拜者，不过是个异教小团体罢了。,
一时间，困惑夹杂着惊惧掠过奥塔的双眼，但他很快就稳住了自己。,
思绪骤然被打断，他浑身的气力仿佛一瞬间全泄光了。,
可你这趟来不是为了听劝告的，对吧？你是来买毒药的。,
入夜未久，你的哨兵便传来信号：有人正靠近营地——一个孤身旅人，不大可能构成什么威胁。,
胡说八道。我老了，腰身也圆了——那身铠甲早就不合用了。给我一杆长矛和一堵高墙躲在后面，我照样能打！,
我还缺三种不同的植物——都是四季开花的。一种长在海滩，一种生在坟地边，第三种通常在兽群附近才能找到。,
那是我活该，对吧？嗯。,
眼见自己的命令被全盘无视，他猛地转回身来对着你。,
把那些萤火虫带去洞里，交给米尔丁。,
我们要往东走，去探望亲人。,
我敢打包票，那场审判会[i]绝对公平[/i]。,
喏。跟他说……我是自愿交还的。,
白日里，风渐渐刮猛，浪也愈发汹涌。你的船被货物和财宝塞得满满当当，[Shipname]的甲板上堆得跟小山似的，风暴愈演愈烈，有些货物开始四下颠簸移位。,
从他儿子们挥刀杀来的那一刻，他的命运便已注定。犯下这等罪过若还任其溜走，那将是整个氏族的末日。,
去那座小村子走一遭。,
水流太急了，带着孩子们根本过不去！那座桥是唯一的活路。,
我不知道，但光站在这儿说，是找不出答案的。,
来吧！让我们开怀痛饮，尽情欢宴！,
暂时还好。趁这工夫，我想买点儿东西。,
我们不是个富足的家族。,
一个系着木匠皮围裙的男人从卷心菜地里直起腰，抬手向你打招呼。,
莫尔坎特的声音颤抖着，近乎惊惶失措。,
我指的当然主要是埃迪斯。那个可怜的老姑娘，痴痴地暗恋着我呢。她藏得倒是挺好，可惜糊弄不了我。,
鏖战持续了大半日光景。最终，皮克特人突破重围，攻占了埃弗鲁维克。,
你满满斟上两木杯甘甜的蜜酒。一杯恭恭敬敬地放在那棵树下，以待奥丁之子有朝一日再度经过此地。另一杯，你仰头痛饮，以荣耀阿萨神族。,
唔，我说不好……也许……,
你们凭什么罪名逮捕我？,
咱们把这些船连同战利品一道驶回奥克尼去。我想，那儿正有一大桶新酿的蜜酒，上面刻着我的名字，等着我去好生消受呢。,
你吃得不错嘛，朋友！只是还不够好。,
我们……见过你的妻子了。我们这就来救你出去。当心外面的守卫就行。,
你还在听我说话吗？,
你能把我损坏的装备修好吗？,
我真为你骄傲！你不愧是你父亲的[Player:好儿子/好女儿]。,
她可真是个百里挑一的好女人。要是她能再年轻一点，或者我再年长几分……唉，我终究不是个能收心过日子的人，可万一哪天我真想定下来，怕是再也找不到比她更好的了。,
你为什么偏挑这个时候问？,
这还不值得我动心。也许我回头再来看看吧。,
你打得很好。祝你日后好运相随。,
当然认得。一艘远道而来的美丽长船。,
前往高地洞穴，将里头的敌人清理干净。,
正是如此。他肯定会在下一次庭格会议上向我们发难，而且没人会出手帮我们阻止他。,
要是我们在沼泽里看到任何光亮，我建议派贡纳尔去找宝藏。,
你最好谁也别告诉。,
夜深时分，你的随从们各自忙碌，你察觉少了一个奴隶。,
留下,
看上去像一座浸满鲜血的神社。,
你可以说这就是他们的想法。他们死守着那些野蛮信仰，那是上帝降临这片土地之前、黑暗时代的残余。,
你说的当然不假，但羞耻感还是径自袭来。,
我们那位神父朋友可不会善罢甘休。要是我们这么干了，他必定会接着惹麻烦。我们得在离开前把他料理掉。,
他那双深陷的眼睛在你的脸上审视了片刻。,
她无意掩饰眼中的畏惧。她环顾四周，虽然你们备受注目，可除了她和那女孩，没人听见你的要求。她非得尖叫才能唤来援手。,
谢谢，先不了。,
你想怎样？,
啊！哦，我刚才觉得她就紧紧贴在我身后。,
我好像也迷路了……,
他朝你露齿一笑，一副满不在乎的模样，站起身来，绕过桌子，径直逼进你的个人空间，迫使你也不得不站起来。,
我改主意了——东西我全都要留着。,
我现在没法掺和进来。兴许过后再回来。,
啊，康斯坦丁要你插手，是吗？我看也是时候去收拾那堆烂摊子了。,
一顿[i]不用[/i]我自己动手的美餐？行啊。,
我终于要掌控自己的人生了——正试着夺回这些年丢掉的自尊。别想把这一切赖到什么邪恶的外部影响上。,
我们的愿望，是在我们部族和贵王国之间开辟新的商路。,
[ObjectOfAffection:Name]脸上泛起浅浅的红晕，递给你一件精工打造的护身符。,
罗斯克瓦凝视了你一瞬，然后只是点了点头，转过身，朝泥塘走了回去。,
那肯定就是他的最终图谋了，不错。这样他就有差不多一整年的时间，在国王跟前进一步削弱我们——而且没人会出手帮我们跟他抗衡。,
既然这是你的亲身经历，我也不打算劝你改观。,
我想全都是。它们一定是在掠袭者打过来的时候逃走的。,
你找到那个背信弃义的混蛋了吗？,
再给我讲讲你的来历。你从哪儿来？又是怎么当上这群人的头儿的？,
他逼上前来，深陷的双眼眯起，一道低沉的喉音朝你传来，仿佛表示认可。,
我们[i]确实[/i]被劫了。这场袭击怪我们自己，防备太不到位了。,
老渔夫停下了手里正修整的钩子，抬起头来。,
我叫布鲁诺，是尤伯特之子。这是我的妻子，贡希尔德。我们是从萨克森来的卑微商人，带着北地的货物正要回家。,
此刻，你的船员们全都站起了身，重重拍打着彼此的肩膀。岸上的人群鼓掌喝彩，喊声四起。,
我不后悔咱们那次小小的摩擦，可别养成习惯。,
他牙关咬紧，但还是低下了头。,
你在盘算一场奇袭？,
要是绕远路，咱们可能一头撞上另一队皮克特人。不过话说回来，堂堂正正打一仗，总比翻过那道瀑布摔个粉身碎骨要强。,
我要你知道，这绝非私人恩怨。我唯一的目标就是打赢这场战争。,
{攻击。},
[Player:Name]，能告诉我出什么事了吗？,
你的挑战者挣扎着想要站起来，却把兵器丢在了泥里。末了，他索性就那么跪在了内芙雅跟前。,
你想回到宾客当中，结束今晚的活动吗？这样一来，你将不会有更多时间筹备明日的决斗。,
我父亲[Player:Father]年壮时去过好几次雇佣兵的掠袭。那活计看起来油水很足，只要你受得住。,
我会给你一次证明自己的机会——让你弥补罪孽，或许还能由此踏上救赎之路。,
如今，康纳尔·马克·泰格惹出的这摊麻烦，搞得我们一直没空仔细查证，可当我[i]确实[/i]四下打听他的时候，我发现那些异教徒的嘴巴严实得很，这都算说得客气了。,
埃塞尔雷德的斥候队长塔拉探知自己队伍里藏了个奸细。她需要一个局外人来确认情报，并把奸细肃清。,
多谢，但我这才刚开始呢。等我们准备就绪，这儿的每一寸土地都将布满帐篷和武士。,
关于阿斯莱夫，你有什么想法？,
尊敬的[Player:战士/盾女]！借一步说话，就一会儿。,
（查看尸体。）,
不，你这[Player:大块头/傻姑娘]。我自己还有一堆麻烦要收拾——托你的福，现在少了一桩，但这事儿还没完。,
他伸出手来，用力捏了捏你的胳膊。,
我们只是冲着财宝来的。只要你们不反抗，我保证饶你们一命。,
他见你一脸疑惑，便接着往下说。,
全都给我闭嘴。这决定由我来做，而且只由我一个人来做。,
不，陛下。我立过誓，为保卫艾弗维克，为保卫诺森布里亚的国王而战。我效忠的是王权。,
可你不觉得这会害了我们……我们的家族吗？,
（侦察）侧身闪避,
另一个镇子……在这南边。,
畜栏花,
我名叫默丁·埃姆里斯。如果你找的是最后一位德鲁伊，那你已经找到了——行了，别摆出那副失望的表情。你来找我，所为何事？,
嗯，当然，还有财宝。,
我想，这颗脑袋本身就已经说明了一切。,
[Random01:Name]走到你身旁，站在倒下的勇士边上。,
她将双掌交叠在心口，做作地凝望着天空。,
他飞快地瞟了一眼斯库利的那位盾女，那女人正用一柄锋利得惊人的撒克逊刀剔着指甲，同时羞怯地偷眼瞧着你。,
我只是——嘻嘻——我简直不敢相信那事儿真的发生了。,
那么，我向你道歉，维京人。,
你曾经那么想和他一起出海。,
别讲那个笑话。他早就听过了。,
愿神庇佑你们。你们就是主教派来的人吗？,
你们可以自由离开，但一举一动都会受到严密监视。现在，告诉我，你叫什么名字？,
再次多谢你的援手！我向你保证，我这儿的价格一定公道！,
你的几个侍卫以拳擂击船身，人群中爆发出“没错！”和“让他们见识见识我们的厉害！”的呐喊。,
他揉搓着下巴，心里暗暗盘算着这个念头的利弊得失。,
布雷萨尔脸上最后的一丝血色也褪得一干二净。,
你拔刀疾冲上前，但那猎人还是拼死躲开了你的攻击。他就地一滚，翻身跃起，火光映着猎人们手中明晃晃的刀剑，他们将你团团围住，眼看就要攻来！,
我不能——我的[i]灵魂[/i]再也承受不住更多罪孽了。我敢肯定，对我来说，一切都太晚了。当初与你初遇时，我绝没想到你会走到今天这一步。,
阿斯莱夫是个悍勇的战士，我需要他和他的斧头来保卫部族，抵御外敌。但你[i]心里清楚[/i]，由我来主事，我们的部族才会更安稳，更强大。,
这他妈的以托尔之名，究竟是怎么一回事？！这群人[i]到底[/i]是什么来头？！,
是地底之民？还是亡魂的暗影？,
这“便士”是什么玩意儿？,
咱们走着瞧吧……,
我们不能那样插手干预。也许将来有一天会，但绝不是现在。,
你这都是从哪儿听来的屁话，塔洛克？！那位德高望重的老牧师，愿神安息他的灵魂，他可从来没教过这种玩意儿！,
对不住了，小伙子。这全都是我的错。,
我[i]可真[/i]喜欢这个灰胡子老头。,
你从对方眼中捕捉到一丝难以置信，但那眼神里又混杂着些许宽慰，甚至，或许还有那么一点希望。,
你用牙齿从烤肉叉上撕下最后一大块肉，发狠地大嚼起来。瞥一眼身旁的那位挑战者，你看到努基也刚好吞下他的第一份。他朝你这边扫了一眼，得意地一笑，两手又伸向了第二份肉。,
好歹那个该死的坑没把你的靴子也给吞了。,
这姑娘纯粹是自作孽。总觉得自己矮人一头，加上她那个娘，更是火上浇油！,
[Player:父亲]从来更像个战士，而非明主，但他为人也不比大多数人差。这事其实不在于他，根源是野心和贪婪。,
他脸上那股子认真劲儿，绝非儿戏。,
[Curious01:Name]攥紧了[Curious01:他/她]的拳头，[Curious01:他/她]的目光惊恐地四下乱转，拼命寻找着出口。,
嘿！你当我是瞎了眼的老妖婆吗？！还是你觉得老娘我会窝囊到连个小偷都不敢指认？！,
你还好吗，凯蒂尔？,
宰了她，可真是一种[i]享受[/i]啊。,
你倒是想想，[i]他们[/i]原本打算对[i]你[/i]做什么？,
她那堆微弱的篝火已经灭了，这倒像是提醒了她什么。她把满是灰垢的手指捅进搁在身旁地上的背包里，摸索片刻，掏出了一个脏兮兮的瓶子。,
该由谁来掌这桅杆？,
而远在寒冷的北方，在皮克特人的都城里，我的那位“熊”还拿着我赐予他的沃登之角，那是我在看穿他残暴本性之前赠予他的。,
你脚下的这条路，似乎荆棘密布。你是谁？,
（忽略萤火虫。）我问的是米尔丁。,
男人不屑地挥了挥手，但捕兽人显然正在认真考虑。随即，她耸了耸肩。,
上帝的殿堂，极尽辉煌壮丽。这难道不令你心生敬畏吗？在这里，我比任何地方都更强烈地感受到祂的临在。,
他竖起一根手指指向你，夸张地演绎出一副义愤填膺的模样。,
是啊。他们要是闹起来，我们就得来真格的了。,
别小看阿斯莱夫尔！他可比你强壮。,
康纳尔·马克·泰格已经成为阶下囚。,
我们至少去跟艾迪丝谈谈这事，问问她怎么想？,
你的长兄鲁里克向来对音乐情有独钟。他抬起头，见你走近，便冲你露出温暖的笑容。,
我可不能保证什么。,
莫尔坎特走到那块石头前，满怀敬畏地抚过上面的一些刻痕。,
这罐子是我在他身边找到的。,
请原谅我们此前的偏见，[Player:Hlaford/Hlafdia][Player:Name]。你已经证明了自己是这个镇子的朋友。,
毛科林挤出一副勉强的笑容，回应了你的问候。,
许多关于精魂的事——不光是众人皆知的那套神神鬼鬼。还有森林里的精魂，大地上的精魂。怎么向它们求恩惠。又该怎样才不会把它们惹得太过火。,
威斯哈尔，我叫盖乌斯！今天我能为您做些什么？,
你悄悄在奈菲雅身旁的木头上坐下。两人盯着余烬看了好一会儿，她才开口说话。,
我们有几个人受伤了。,
你说[i]对不起[/i]？你对我说对不起，对我有什么用？,
找到凯蒂尔的父母。,
我从斯泰因和他那帮劫掠者手里买了些奴隶。本该现在就去领人，然后带回老家，那边还有买家等着呢。,
回去找那个商人，把他的装备还给他（或是不还）。,
康纳尔·马克·泰格已经死了。,
谢谢你。希望你我之间没有什么恩怨。,
哦，你当然不记得我了。我们不过相识了一天。那时候你顶多十岁。,
你是指鼠辈帮？,
这……就是他吗？这不会是最后一位德鲁伊吧。,
那批补给品可真不少……,
也许以后再说吧。,
没什么，托斯特出拳跟个小姑娘似的。其实，不对——我敢说奈菲雅小时候下手都比这狠得多。,
他发黄的双目眯了起来，握住武器的手攥得更紧了。,
两名守卫开始翻查你的随身物品，而奥德凯尔则和另外两名守卫在后面观望。,
你的船员们放声大笑，为你这句简短的话喝彩欢呼。待你落座，众人纷纷抓起船桨，不一会儿，线条优雅的[Shipname]便破开水面，平稳地驶出海湾，直指不列颠群岛。,
尽管我更愿向一位能够堂堂正正击败我的[Player:男人/女人]俯首，但此刻我任由你处置。,
她当然把你的名字念得面目全非，不过着实是尽力了。,
一支箭簇参差的利箭呼啸着穿透斯泰因的心脏，从后背贯出，几乎将他整颗心脏都从胸腔里撕扯了出来。,
我们是想进那座墓去。,
阿斯莱夫尔的朋友们扶他站起，几乎是将他架到了他们来时的船上。待他们折返来取他的武器和盾牌时，两人都短暂地跪倒在泥泞之中，朝你伏下身去。,
她再度迎上你的目光，眼里满是恐惧。但她还是点了点头。,
（开始战斗。）,
你是担心会惹恼法兰克帝国吗？,
此外还有陷阱的事。设陷阱那会儿我不在场，所以不清楚具体是什么门道，但着实费了不少功夫，想来必定是极其周密的布置。,
这[i]确实[/i]是种阴损至极的死法，但话说回来，就算我们角色对调，落在他手上恐怕也指望不上什么更好的待遇。,
我有什么好处？,
很抱歉让你瞧见这一幕。,
万一和平从来就不是一个选项呢？故事需要戏剧，而戏剧需要冲突。也许真正的抉择在于，你究竟要去酿成哪一桩悲剧？,
这么说，你把阿斯莱夫尔杀了。想来我也不能因此怨恨你——毕竟，挑战是他自己挑起的。,
你以最少的木材修好了桅杆，至少能让[Holder:Name]在暴风雨过去前勉强将它固定住。,
这是什么时候的事？,
奥塔尔·埃尔林松试图从冻得硬邦邦的地面上挣扎坐起，发出一声呻吟。凯蒂尔走到这个被彻底击败的农夫跟前，一脚将他的武器踢飞。,
你走近时，那年轻女子显然在极力克制自己不朝你这边看。你得到的全部回应，不过是一个怯生生的轻微点头，你便据此推断，她的摊位开张了。,
你做的事实在是[i]可耻至极[/i]。我不知道这辈子还能不能原谅你。,
内菲娅久久地沉默着，只是凝视着灰烬。,
因为我父亲是国王。,
多谢了，维京人。真希望那帮趁火打劫的家伙终究还剩几分廉耻。,
谁在那里？！,
让他们再等一会儿。内菲娅想在出发之前道个别。,
我们被抓走两年后，她就遇害了。,
恐惧和偏见正在左邻右舍之间蔓延，我们要是继续留在这儿，很快就会大难临头。是时候离开了。,
你是最后一个钻出那幽闭黑暗的墓穴的人。重新呼吸到新鲜空气的刹那，你脑海中的阴霾便一扫而空。,
斯库勒二话不说，转身便大步走开了。,
他扫了一眼四周，脸上忽然现出几分惶然。,
老妇人眯着眼睛端详了你一番，随即转过身，蹒跚地挪回自己的矮凳前。,
我信耶稣基督，上帝的独生子，我们的主；因圣灵感孕，由童贞女马利亚所生；在本丢·彼拉多手下受难，被钉于十字架，受死，埋葬；降在阴间。,
[帮手：名字]立刻动身，清点着人数，确保所有人都已经醒了并集合到一处。,
（割断他身上的绳子。）,
说不准这位牧师是更担心你，还是更担心那些民兵。,
Far vel。,
现在，我们要加固埃奥福尔维克，抵御南方随时可能到来的反攻。我们的大军将大部遣散——弟兄们能返回农庄收割庄稼，定会很高兴。,
你完全可以教教村里的年轻男女几手战斗的本事。,
准备,
（献上4000财宝。）我们会给你足够的金银，让你能带着手下想去哪儿就去哪儿；只要别留在这里就行。,
面对国王如此热烈的迎候，芬古娜拉只是略显诧异。,
经过两小时的准备……,
他们当初就该直接向我们宣誓效忠，而不该毫无意义地顽抗。正是他们的傲气葬送了自己。,
我叫[玩家：名字]，来自日德兰半岛的一名领主。,
我这是在哪儿？,
你筹够雇我们的那笔钱了吗？,
我是怎么从你的陷阱里逃出来的？,
还能撑几个星期。但愿咱们要去的地方能多搜刮到一些补给。,
你想干什么？来嘲笑这把纠缠着我风烛残年的诅咒吗？,
Heill ok sæll，[玩家：名字]。好久不见。,
那当然。我和我的船员们，北抵极北的海岸，南至南方那些海滩，我们全都去过。,
贡纳尔一脸不悦。,
去吧，去和女领主共进晚餐。,
（结束战役。）,
在长屋前击败贡纳尔。,
赞美的言辞永不消逝，高贵的名声同样不朽。,
他差不多算是个高特人了。,
不必惺惺作态。你素来不曾敬重过我的父亲。我也不会要求你从现在开始。,
我知道那座女修道院是你袭击的。省省吧，否认也没用。奥斯雷德国王或许是个懦夫，是个无知之徒，但我们并不全都是这般软弱的货色。,
雷斯克瓦一边用脚懒洋洋地拨弄着青草，一边把酒瓶递过来，目光四处飘忽，偏偏就是不朝你看。,
贡纳尔身上这套简陋的掠夺者行头，一看就是用手边能找到的零碎攒起来的。别看是临时凑合的，打起来却能提供出乎意料的好防护。,
那我们可说定了，别再来打搅我们。,
这就齐了，对吧？巨石阵说总共有七块石碑——咱们全弄到手了。,
当时一片嘈杂，随即陷入了死一般的寂静。[玩家：父亲]把我拉了起来，动作极其轻柔。,
这顶钢盔看上去曾严重受损，但也经过了数次精巧的修复。它的形制古老，却纹饰完好。它原先的主人，必定是一位身居高位的显要。,
终于清出了一个刚好够人挤过去的口子。一个钟头过去了，[疲惫01：名字]的模样瞧着愈发撑不住了。,
岩石上搁着两碗不知是何物的液体，周围密密匝匝地摆了一大圈蜡烛，比任何人出航时该带上船的数目都要多。,
你要是见过我见过的那些……,
行吧，那……好吧。那就说再见了。,
可这世上并非处处都讲公道，而你的实力也实在差得太远。我这一生历经十几场战事，你绝无半点胜算。,
多谢。我还在练呢。,
（攻击。）他们一副乱糟糟的样子，应该不难对付。咱们就速战速决吧。,
喂！我母亲炖的菜哪儿招你了？,
你老了，头发也花白了，斯库勒。你早不是当年那个你了。,
我想，趁他们还没发现咱们，还有些许工夫准备一下。,
冷静。那诅咒是北欧魔法的一种，我们既是北欧人，便已将它破除。这些珠宝，必须归还故土。,
主教，你最好告诉我，我被捕的事与你毫无关系。,
好吧。既然你说这些人该放，我就把他们交你看管。反正我也正想坐下歇会儿。,
或许换个日子吧。,
上了年纪的盾女微微一笑。她优雅地落回座上，随即拿餐刀剜下一大块鸡肉，丢进自己的盘子里。,
这是谋杀，干脆又利落。借河道插进他们的阵线之间，直取国王大厅，要他的命。,
你几乎能真真切切地感觉到尼芙雅的目光，像火烧在你后脑勺上一样。她轻轻清了下嗓子，但这个信号已经清楚得不能再清楚：小心言辞。,
那场仪式很美，[Player:Name]。我代表里伯及国王，为你的逝去之人致以哀悼。,
一个高挑而纤细的女子从雾中浮现。紧接着，她身后又跟出来六个人。,
你能看中那件，我太高兴了！你慢慢就会知道，在这一带，那真是最好的东西了。,
{释放贡纳尔。} 我是放了他，不是吗？很好。你自由了，可以走了，但你最好给我滚出这座镇子。,
呸！那就快着点吧。,
咱们真该带艾迪丝去见我母亲一回。她俩指定一见如故，处得跟鱼和水似的。要是她俩哪天交换了菜谱，咱们顿顿都能吃得像国王一样好。,
[InjuredHirdmen1:Name]挂了彩，不过不算太重。[Prompter:Name]和[PrompterFollower:Name]怎么样我不知道，其他人都没事。,
我想再找找看。,
请告诉我，[Player:Hlaford/Hlafdia] [Player:Name]，你是从何处而来？,
等等——地上有根绳子。,
{留下来观看。},
跟阿斯特丽德商量一下你的选项。,
好吧——我不会踏进你的教堂。,
开始之前，我还有些事情得去料理。,
你现在才注意到？是啊，我确实把它丢在那儿了。握着它的时候，我心里再也泛不起一丝喜悦或骄傲。说老实话，能甩掉它，我高兴还来不及。,
你已经取走了第一条人命，刽子手。,
何苦守着一件小玩意儿？你明明已经失去了凯尔的爱，那个号角什么也改变不了。,
这帮狗娘养的，自称基督徒，骨子里根本就是一群土匪！,
听到门响，比约格迪丝从织布机前抬起头来。她声音里的期盼，是不会听错的。,
雅尔 [Player:Name]，幸会。你的事迹，早已传遍四方。,
我是你的领主。我命令你，救我！,
你顺着[Shouter:Name]手指的方向看过去，瞧见了那艘浮在水面上的小船。看着像条渔船，可这船这么小，漂出去也太远了。,
不赖啊，朋友。不过，我想我还是再来上一杯。,
你跪下来细细查看。斧刃深深劈入了他的后背，只是角度极为刁钻别扭。,
格蕾妮打了个响指，她的两名战士就小心翼翼地把利奥弗里克架起来，从你眼前抬了出去。他这条命算是保住了。,
眼下泊在奥克尼群岛的长船，不下二十艘。照我的点数，归你调遣的战士也差不多有五百人。,
待我们得胜再见吧，[Player:Name]。愿奥丁看顾着你。,
雅尔正在会见一位远道而来的祭司及其随从。我猜，他们是从格拉文德鲁普来的。,
奥德凯尔从贴身的衬衣下摸出一枚图腾，任它悬在脖子上的细绳间荡来荡去。,
做出这等行径，西古尔德王必定会很不高兴。不过……他总能找到法子。,
格里姆尼尔将他那两条胳膊交叉抱在了胸前。,
[Holder:Name]就这么长时间被风吹日晒着，心里头可太不痛快了，嘴里不住地咕哝着咒骂诸神的话。,
猪归你了。玛尔多尔没份。,
我们全都迫不及待地想知道，你究竟是谁，又为什么会来到我们这片宜人的海岸。,
西格希亚尔姆头盔,
拿着。,
你竟敢自己寻死？！这乐趣本该是我的，我要亲手杀了你！,
当初接下这活儿的时候，她给了我们这顶王冠头饰当报酬。我也没多嘴去问。,
[Player:He/She]是我的领主，我将忠心耿耿地侍奉[Player:他/她]，直至女武神将我接往弗尔克范格。,
{需要50口粮。} 眼下我可拿不出什么供品来。,
你迎上了一道满含期盼的目光。,
紧抓着一名年轻男子，[Finder:Name]从密不透风的灌木丛里走了出来。,
锄头,
我们这就带你出去。,
也许我们能帮你们料理掉这帮人，只要你肯投桃报李。,
一群战士正与一队诺森布里亚民兵激战——待你靠得近了，才认出盟友竟是麦西亚人！,
她对你粲然一笑。,
我或许不该多那句嘴。,
得了吧，就凭你们刚才在路上跟我们打的那一架，我现在可没心思跟你掏心窝子。滚你妈的蛋吧，朋友。,
凯蒂尔望着你，满眼愧色。,
远处传来孩子的嚎哭，模糊的说话声和一阵粗暴的狂笑穿透了阴沉的暮色。,
多谢！,
两人毫发无损，贡纳尔，正像你说的那样。,
不，我想我还是直接宰了你算了。,
前往达尔里阿达的唐科伊斯家宅。,
很好。请背诵使徒信经。,
{了结了它。},
《公主新娘》,
莱奥弗里克眼中光芒散去的前一瞬，他的目光锁住了格蕾妮。你仿佛瞥见了一丝转瞬即逝的羁绊。随即，莱奥弗里克便撒手而去。,
她像个姐姐似的，在你额头落下一吻。,
不像你们那里——平坦的土地直铺展到天尽头，四面八方的地平线都毫无遮拦。在这儿，一个男人很容易就飘飘然起来，觉得自己[i]算得上个人物[/i]。,
为庆贺这对新人，我们家将大摆盛宴。咱们且去喝他个通宵，直到日头升起来！,
瘙痒过一夜就该消了，若还不见好就接着上药，只管用到好为止。,
狂风怒号，卷起你的头发，锋利的雪片抽打着你的肌肤，刺痛你的双眼。你头昏脑涨，喘不上气来。,
你这身本事是打哪儿学的？,
一眼便知，铁匠铺里这女人，跟她正以外科手术般的精准捶进头盔的钉子一样，硬得很。,
喏，这是给你的。,
那小个子男人瞅瞅你，又瞅瞅身旁的女人，然后又转回来瞅着你。,
你比所有人以为的都要精明得多。,
你这堡垒可真不怎么样。,
埃塞尔雷德唇角牵起一丝若有若无的笑意。,
那商人眼睛瞪得溜圆，舔了好几回嘴唇，搜肠刮肚地寻着合适的说辞。,
我只想护我家人周全。你却夺走了我的一切。,
我看他们未必领这个情。不过倒也不妨一试。,
她瞥见你时，愧疚地迎上你的目光，随后缓缓放下手中的浆果碗。,
这一下不赖——可还不够！,
他万分小心地从你手中接过人偶，细细察看有无伤损，然后恭恭敬敬地摆在旁边的架子上。,
{离开。},
那当然了。女巫不就干这个的，你不知道？,
陛下！,
我们对你的人一向公道，即便在战场上也是如此。待我夺了你的王座，盼你我还能再做盟友。,
他舔了舔嘴唇。,
依我看，咱们要拉起一支像样的入侵大军，已经凑齐过半了。,
你在阴沉沉、压得人透不过气的云层下跋涉了将近一整天，那东西终于来了。先是肩头轻轻一点，接着脸颊上落了一滴冰凉的水珠。,
听上去，时间怕是要紧得很。,
我没工夫耗在这上头。,
那德鲁伊含笑不言，没有打断你的话。,
住在那高墙里头该是何等滋味？安安稳稳，什么都不缺。真盼着我那几个儿子也能过上这样的日子。,
弟兄们！杀光维京人！,
你若以为靠那套说辞就能对付斯库勒那等货色，就大错特错了。,
这与你无干。,
快来瞧瞧嘞，我这位好[Player:先生/女士]。您要是求些吃食或是药材，那可算来对地方了。,
你该去睡一觉了。,
行，这主意不赖。咱们就用一头还没被他们捉去的猪。把它绑在树上，然后围成一圈，趴下来等着。,
对不住了，萨姆尔。,
或许这便是实情吧。我又有什么资格说三道四呢？,
他给你过目，他为这趟活计打算付给你的那点寒碜积蓄。大约值个260财物。,
找你父母去，别在这儿碍手碍脚的。再不许干这种事了，下回你可没命活着回来！,
哈夫丹眉头一皱，两臂往胸前一抱。,
你——[i]说什么？！[/i]我可不是奸细，你这满肚子诡计的[Player:毒蛇/母马]！,
那修士翻拣着卷轴，寻到他要找的那一卷，接着伸手从旁边桌上拈起羽毛笔，蘸了蘸墨，在一份名册上新添了几笔。,
那些可不是什么奴仆……,
好了，大伙儿。咱们把那扇门劈成引火柴。,
你敢起誓吗？这等誓言对我来说又值几个子儿？,
他们那兄弟艾丹从村后狂奔过来，方才他八成是准备把基利安活活烧死在那里。,
该死，那边怎么了？等等……你是领主！,
那儿怎么堆着这么多尸体？,
埃奥福维克贼窝的族长给了你这枚护身符，算是了结你们之间那场油水十足的勾当。,
他在围裙上蹭了蹭汗涔涔的手指。,
我都等不及要看那国王究竟陪葬了什么宝贝了！,
我或许犯过错，可是……我就罪该万死吗？,
[i]天主，降临我身。[/i],
康纳尔·马克·泰格,
[i]别——[/i]别给他起哄。,
幸会！,
唐纳科尔斯一把将女儿紧紧搂进怀里。,
他向你投来狐疑的一瞥。,
只是来看看一切可好。盛宴上没见到你人影。,
明智的抉择。,
您指的想必是麦西亚王吧，陛下？,
你转身离去，丢下他们自生自灭，继续踏上自己的旅途。,
我没想到他们竟会接受这样的安排。你真是处处出人意料。,
你为我母亲的农庄所做的一切，我们铭感五内。,
那也给了我们从皮克塔维亚调集援兵的时间。考斯坦丁的战士一到，多少能把局面扳回几分。,
死者面目浮肿，走了形，即便如此，你仍发觉他的嘴唇和喉咙肿胀得不自然，颜色也变了。,
地底之民需要一条命——一条[i]活人[/i]的命。,
港口通行权限已解锁,
百里香与鼠尾草的气味漫过厚实的木门板，而从门缝下飘出来的，虽被药草园的气味掩去大半，却仍是那股错不了的牲口棚味儿。那里面有马。,
若你是靠这等伎俩赢了我，你的胜利便不值一提。你选了堂堂正正的较量。,
这事儿我认了！我父亲绝不会知道半点风声。这秘密我烂在坟里也不说出去！,
修士一见你的亲兵护卫，啐出一口钉子，在袍子上蹭了蹭手指。略一迟疑，他便朝莫尔坎特开了口。,
我很抱歉。,
我们只想不受打扰，就这么简单！,
让它帮你瞧清自己在天下大势中的位置吧。,
{射倒他。}凯蒂尔，做了他！,
这场争端，你会站在我这边吗？,
几乎就在同时，另一艘长船的船员似乎瞧清了[船名]，看样子被唬得够呛。,
你太过火了，奥塔尔——这[i]毫无[/i]荣耀可言。这一回，我必须站[玩家：姓名]这边。,
Tha mi toilichte ur coinneachadh.我是梅尔·法巴尔。若需要食物或药草，你来对地方了！,
老巫婆像只喜鹊似的，咯咯地笑起来。,
你看见那倒影了吗？我在琢磨……倘若你在特定的日子来，赶上潮水涨得刚好，你岂不是也能穿到对岸去？,
格里穆尔夫干笑了几声，浑身不自在。,
那你必须放他自由！他是我的学徒……已经失踪多日了！,
没错，过去几年间，北方各部落彼此似乎一直在讲和修好。照此下去，他们眼看就要危及诺森布里亚的安危了。,
告诉米尔丁出了什么事。,
当真？这可奇了。,
[刽子手：姓名]点了一下头，拔出[刽子手：他/她]的刀。转眼间，一切便了结了。,
在沼泽中击败那三个遭放逐的兄弟。,
我们得想个法子把这些尸体处置掉——好让他们的灵魂归于安宁。,
谢陛下，这是莫大的荣耀。,
这四头骡子我们显然对付得了，可那块石头看着可不轻。打斗闹出的动静，再加上我们搬石头的声响，不引来注意才怪。,
你认得他？,
这主意不错。若你需要帮手，只管开口——要是你改了主意，我的提议依然作数。,
这个醉醺醺的蠢货是来寻衅的。我看这回怕是非宰了他不可了。,
我们该——兴许我们该回去接着干手头的活儿。,
她咧嘴一笑，露出一口乌黑歪斜的烂牙。,
{给修士一刀。}我向来不惧挑战。,
一圈埃塞尔雷德最亲近的人围住了奥斯雷德和他麾下残存的御前侍卫。这位败北的国王满身泥血，连王冠都丢了。,
我在那边的差事差不多办妥了。有咱们这些新盟友在，斯库勒肯定不敢轻举妄动。,
你把凯尔送的礼物[i]卖[/i]了？！你怎么能这般薄情？！,
哦！埃塞尔雷德手下的维京佣兵。,
还没呢。,
你曾同我们说过一回，山里有处墓冢，里头葬着位古代国王，珍宝俱在身边。,
{打断他的话。},
我见过弗郎格。,
无人守备，是吗？妙极了。我们大可径直去取我等所需。,
犹疑放大了她嗓音里的颤抖。,
老女巫又眨了眨眼。她长久地凝视着罗斯科娃，仿佛想在女孩眼中搜寻些什么。随即，她仿佛光火般摇了摇头。,
我一直都说，我们真正的职责就在家园之内——保卫村庄免受斯库勒的侵扰、修筑防御工事、照料农场。,
哈！你听听这些天杀的异教徒，戴尔？连最基本的道义都没有。你们卖起自己人来，倒是快得很啊？！,
他心里清楚，若非如此，自己未必能从那场政变的余波中活下来。,
您的这份气度，着实是莫大的光彩。依我看，您凭一己之力，就能挽回你们整个家族的名声。,
我们在这儿守了太久了。多些人手，我们高兴还来不及。,
神速登陆，从他们料不到的刁钻角度刺穿防御。跟着就砍出一条血淋淋的路，直取国王的项上人头。,
这群家伙可不会[i]乖乖让我们[/i]拿走他们的宝贝。依我看，先把这堆可悲的乌合之众料理了，然后咱们长驱直入，直捣那座神殿！,
如今，大多数商队往来里伯，都会在斯凯恩歇脚。我们已经在村子外头逮着好几个斯库勒的探子偷偷摸摸转悠——照我看，他也开始着急了！,
我这麻烦，恐怕比你预想的还要棘手点儿。,
这又是从何说起？,
咱们去和这群人谈谈吧，看看光靠耍嘴皮子到底能走多远。,
真有你的，内夫！就算以后维京这行买卖黄了，凭着你这偷鸡摸狗的本事，好歹饿不死。,
她堪称世间绝色——一头金发，如倾泻的瀑布般流淌在双肩之上。,
我一眼便知，此镇地势绝佳，既宜于沿河贸易，又兼顾往来里伯的沿海航线。,
林中恶灵,
这么说……你们家是贼窝子，我没说错吧？,
不成问题，只要你乐意，背一遍给你听也无妨。,
办妥了。,
去和基利安谈谈。,
[CaptainObvious:Name] 凑过身来，在你耳边低语。,
那个胖子把指头从鼻孔里拔出来，一眼就瞄见了你。他张嘴高喊示警，只是他那乡音实在太重，简直一个字都听不明白。你估摸着，这家伙大概来自斯韦阿兰以东不知哪片广袤的蛮荒地带。,
这把手斧的横刃够宽，劈柴削木是把好手，但拿到战场上，可就碍事的很。,
你就这么点三脚猫功夫？！,
你想要什么？,
咱们说话这节骨眼儿，斯卡基早叫我关在珀斯了。料理了你，想必也不用费我多大劲。,
他们没事儿，什么东西都没少。,
你在静寂中独坐良久，耳边只有昆虫若有若无的嗡鸣声。树干的另一侧，[Victim:Name] 低声咒骂了一句，一只黄蜂正围着 [Victim:他/她] 的脑袋转个不停。[Victim:这个原型] 徒劳地向那恼人的小东西挥舞着拳头，反倒像是火上浇油，惹得那虫子愈发暴躁。,
这事还用我挑明了说吗？那小子心里肯定有病。那副成天插科打诨、自我作践的乐呵皮囊，可骗不过任何人。,
我在想，若非当初中了那女巫的奸计，你当真赢得了我吗？,
自然不是。然而，大军集结本是为了抵御我们的入侵，如此一来，诺森布里亚绝大部分的战力眼下都龟缩在约维克城内。,
好了，接下来我们就此事的——,
他意味深长地打量着你。,
瓦莱里乌斯差我来，找一个心存疑虑的人带去完成他的法事。,
{把鹰旗交给她。} 这本来就是你的。,
{取走货物。},
想拿走这些？有本事就从我的尸首上抢过去！,
和利奥弗里克的事，一切都已安排妥当。拜托你，要是能手下留情，尽量别砸个稀巴烂。,
你说的没有一个字在理——哈！我不过是在考庞遇到个行商，碰巧听说了你们村子的闲话罢了，仅此而已。我没什么好多说的了。,
桥上那帮人，为这事恨我们入骨。我们不肯背弃自己的信仰，他们就对我们赶尽杀绝！,
哦，他呀，你已经把他打发掉了？那看来是用不着我多嘴了。,
亲我一下就给你。,
在我十二岁生辰那天，父亲把我托付给了她照顾。我还十岁左右的时候，她曾来过凯特，在我们家的炉火边一同用过餐。,
待我有空了，自会去寻她。,
但你，可就没这层顾虑了。你可以相对安心地摸进任意一处本地人的宅子，里头怕是少不了油水丰厚的赏赐。,
她随手向你抛过一个小布袋。,
看在基督的份上，你跑到这儿来做什么？！,
她的嗓音陡然间生硬起来，像是在照本宣科地背诵。,
而后，正如当年我父王的遭遇，我在十年前的那场贤人会议上也遭了废黜。那些个翻云覆雨的权术手段，我也不愿说来让你烦闷，总之，我被迫踏上了流亡之路。,
你以为跟你开玩笑呢？走起！,
很好。但我们必须确保万无一失，要考斯坦丁铁了心支持我们——哪怕这意味着为他卖命，跟诺森布里亚开战也在所不惜。,
那战士抄起手臂。,
[i]你[/i]竟然打败了和平者贡纳尔？简直不可思议。若此话当真，普天之下怕是没哪个女人是你的对手了。,
他眼珠一转，对这威胁根本不以为然。,
我跟那帮小崽子谈妥了。他们不会再来找麻烦了。,
有了这些新栅栏，大伙儿心里总算踏实多了。,
只管把东西给他/她呗，诺特。你又用不上，赤手空拳你也照样能打。,
珀斯港的港务长，那副模样一看就是个一辈子往河船上搬运沉重木桶的人。,
统领三个王国的君主？那必定是权势滔天的人物，能为他效力，你一定深感荣耀。,
他们屁都不听！,
求你了。[i]求求你们[/i]救救我们！,
这可是个好消息。他们营地逼得那么近，我一直挺不自在的。,
你是拿我寻开心吗？你当真会解开我的束缚，放我走？,
阿斯莱弗的身体刚栽进烂泥，他的两个同伙便拔刀向你猛冲过来。电光火石之间，廖特尔和西格丽德已同时搭箭上弦，一人一箭，将那两名攻击者射翻在地。,
这是个陷阱！维京人把那个术士带来了！,
但求你……万一埃塞尔雷德当真推翻了奥斯雷德，请一定找到我的孩子们，带他们离开那个地牢。告诉他们，他们的父亲，就在他们叔叔的农场等着。,
{给予20木材。} 看着是有点暗。你那熔炉火也快熄了。我可以匀出些柴火给你续上。,
此刻他只是盯着你。那双眼睛，空洞而死寂。,
也许有朝一日，我们能长相厮守，但绝非此时此地。,
她面目扭曲起来，挤出一副轻蔑的讥讽神情。,
我所有家当都被那把火烧光了。兴许你还能当破烂卖掉。,
你察觉到，其余的宾客都安静了下来。,
哼。公平交易，童叟无欺，懂吗？,
你这“牛皮大王”的诨号是怎么来的？,
让我瞧瞧你都有什么货。,
懒狼不得羔羊。卧榻之上，岂能打赢仗。,
她一副伤心欲绝的样子——但这神情只维持了短短五秒，旋即化作满脸阴沉的愠怒。,
是你们当中哪个杂种干的？！,
内菲娅开口时，话音里透着一股少有的迟疑。,
是斯库勒·碎颅者派我们来的，特地来瞧瞧你们的防御有多不济事。,
老实说……你是我这辈子见过的，最宽宏大量的人。,
要不咱出手教训教训这帮混账东西？,
他圣眷正隆，想在政治上寻得庇护是绝无可能了。况且，耶灵地广兵强，精兵猛将如云，正面开战我们断无胜算。,
那女人二话不说，转身便走，两名卫兵也一齐朝庭院奔去。很快，她们其餘的姐妹们也纷纷赶来，聚在一处。,
多谢了。往后多保重。,
我觉得这可是个良机，好让你表明自己早已斩断了对那些异教刁民的余情。,
见你朝她走去，她先是后退了一步，接着似是认出了你是谁。她招招手，带着一抹怯生生的微笑，邀你近前。,
你这话一出口，气氛似乎缓和了些许——对失败的恐惧已然消散，取而代之的是听天由命的释然。,
她又盯着炉火愣了好一会儿神，反复掂量着这事儿。,
多谢了。能把这事儿妥善了结，我心甚慰。,
你们这群人名声可糟透了，所以别指望能打折。,
我，格里姆瓦尔德之子阿斯莱弗，在此向[玩家父亲]之[子女][玩家名字]提出决斗，以争夺我族的统辖之权！,
我可不记得何时问过你的高见。,
压根儿没人知道我去过那儿。咱赶紧离开这鬼地方吧？,
随后，在俯瞰对岸那片疯狂景象的营地篝火旁，你望见了自己的父亲和他的一众侍卫。,
两个卫兵交换了一下眼色，嗤笑起来。,
回埃塞尔雷德的营地，去向塔拉复命。,
她耸了耸肩，脸上不露半点情绪。,
能与你同行，我求之不得。,
此地不欢迎生人。你们最好赶紧上路。,
好！今日定要大吃大喝，不醉不休！这是咱们应得的！,
我在这儿认识个丫头，她……她跟康纳尔的军械大师凯尔特拉姆有一腿。她准知道凯尔特拉姆在哪儿。,
此事你大可不必掺和进来。,
哈哈哈！那我可当真啦，不过找到的东西全得归我！,
萨姆尔那条如树干般粗壮的手臂垂落身侧，手里仍握着方才往烂泥里狠砸新栅栏桩的那把木槌。,
他一手捂住胸口，活像是生怕自己会突发心绞痛。,
说不定我们帮你摆平了麻烦事儿，你会重新掂量掂量我们的提议？,
我去。我认识的人里，没一个能比我憋气更久。,
快说，挑好听的说，不然我就割了你的舌头。,
哦……好吧，那你该是想要你的奖赏了。,
谢谢你，罗斯克娃。,
你[i]怎么[/i]会在这儿？,
你母亲落座前，凑近你耳边低语了几句叮嘱。,
那我就不打搅你了。,
说他看上去吃惊，都说得太轻了。,
税吏跑了。,
恐怕沼泽把一切都吞没了。,
[Player:Name]！不必再细述你在邓弗里斯的功绩，我的信使已经全告诉我了。干得漂亮！确实漂亮！,
还在想办法。,
在神殿里过了一夜。祭司有个小儿子……不是最机灵的孩子，但那好奇心却大得惊人。,
他瞥了一眼马格努斯的尸体——那一瞬间，他脸上几乎浮起了一丝悲伤。,
我知道你会的。,
那女人双手捂住了嘴。奈芙娅怒冲冲地横了你一眼，但什么都没说。,
我们拿不出太多东西，但我会从私库里拿出钱来付你。我只能匀出25便士，希望够了。,
{等他把话说完。},
女猎手的眉头拧得更紧了，她盯着你看了许久，久到让人浑身不自在。然后，她叹了口气。,
{亲吻他。},
如果你没记错的话，当初你父亲带着凯蒂尔回家的那趟旅程，是先往北去到阿格德尔，再沿着海岸一路北上至罗加兰。照这么看，这个农场就应该在北方之地的西海岸。,
磨斧霍霍,
从来没人说过，冒险没有风险。,
我当然不去！你这杀人犯，你这小偷！离我远点！,
贡纳尔脸上仍旧一片木然。,
专注药剂,
好。你想跟我们打，那我们就连你一块儿杀。放马过来。,
您真是太慷慨了，斯库勒领主。,
可这事却非做不可。,
要是打斗不[i]疼得这么要命[/i]，那肯定会好玩得多！,
呸，罢了。为这事不值得流血。,
斯卡拉格里姆看见你，便停下了训练。,
北方人的劫掠,
阿斯莱弗看起来头昏眼花，疲惫不堪——眼下一圈重重的乌青。他走进角斗场时，甚至都没瞧你一眼。他的嗓音像嘶哑的咆哮。,
奈芙娅正在打理艾芙拉坟头那些本就极整齐的花。她转过身来，一把将你紧紧拥入怀里。,
终于击败了利奥弗里克，真是痛快。,
你肯把我叔叔那把斧头卖给我吗？,
一个年轻男子站在茂密的山毛榉树荫里，不停地转身，用警觉的目光扫视着四周。就在你发现他的那一刻，他也同样察觉到了你。,
算是一种净化的仪式。为的是让力量能强有力地持续流过山顶的巨石阵。,
那是运气！我打赌你再来不了一次！,
哈哈哈！我保管你会受到盛情款待。,
{悄声离开屋子。},
[Leader:Name]点了点头，抽出[Leader:his/her]的[Leader:weapon]，沿着潮湿的走廊开始前进。其余人紧随其后。,
与阿斯特丽德交谈以结束战役。,
帮助基利安为默丁捕捉萤火虫，并说服他帮你。,
关我什么事。不过是些狼罢了。,
凯蒂尔把弓往靴子上一靠，脸上带着一副被逗乐的表情，朝那头猪努了努下巴。,
我得去尽好一个主人的本分了。晚些再跟你聊。,
你家那几个小子都还好吗？,
你也看到了，我对助我之人从不吝啬。那么，你是否愿意再帮我一个忙呢？,
这话一听就像是她会说的。,
有人落水了！,
奈芙娅发出一声呻吟。,
我手里这批货色，是在遥远北方的斯韦阿兰，两大强族血战之后俘获的。他们的部族很强，只可惜到头来还是差了那么一口气——世事向来如此！,
是珍妮·绿牙！,
我会考虑的。,
很好。,
检查尸体时，你发现了碎裂的箭杆和武装衣的布料碎片。这名倒下的战士并未得到体面的安葬，就这么被可耻地遗弃在此，任其腐烂。,
基利安对这句责备似乎完全没放在心上。,
{离开。},
艾菲——别这样对我。别和我们作对。,
嘿，[Player:Name]。能回来真好，对吧？这多多少少能让你看清些事情。,
没错，那么……拢共算下来呢，是呃……是150便士。,
您对我们国王贡献良多。我想让您知道，珀斯的人民感激您的付出，所以我给你的价钱一定公道。,
请节哀。至少，他是以自己希望的方式走的——今夜，他必将与众神共赴盛宴。,
方便的话，尽早回一趟斯克恩，去看看艾芙拉。,
斯卡基！那个连乌鸦都喂不饱的杂种！,
我弓使得好，陷阱也布得巧。我能使矛，会狩猎，还能侦察。,
你说得对。我们这就回家，看事态如何发展。,
真高兴你和你的人从那场劫掠中活了下来。那些天杀的北方人抢走了我妻子的首饰，你敢信吗？,
我们想警告他们……他们偏不肯退让。,
不不……我只是对莳花弄草略知一二。,
不，你父亲擅长他所爱之事——战斗。他对这个村子毫不在乎，我这么说，谅他也不会见怪。正因他的漠视，才让他在族人中树敌无数。,
我深谙古老的传统，但尽管我们的信仰与你们的一样悠久，我们信奉的神祇却与你们不同。若能让我见见你们的德鲁伊，我们彼此定能获益良多。,
这杀得毫无章法。,
说真的，我不住这附近……只是来伐木的。不过既然你问了……,
你只需念出此言：我信全能的天主父，天地万物的创造者。,
你就是埃瑟琳吗？,
这把大得离谱的丹麦长斧，常人几乎无法挥舞——这也难怪，毕竟你是从贝格手中夺来的，那家伙可是肆虐里伯沼泽的一对怪物兄弟之一。,
要是[Player:Name]在这儿，[Player:he/she]怕是早就被这恶臭熏死了。我看是时候弄明白到底是谁在执掌这计划了。,
一阵兴奋的低语在紧围着牧师的一小群年轻男女中传开，而另一边，一群面色阴沉的人双臂交叉站得稍远，他们摇着头，彼此低声埋怨。,
一位年长的妇人吸引了你的目光。她衣着简朴，举止间却自有一股尊贵气度。当你踏入圆木围成的圈中时，她正在为一对年轻夫妇指点如何孕育子嗣，但你刚一进门，所有人的目光霎时都汇聚在你身上。,
谢谢你为我在高地做的事。我知道那并非你所愿，但我实在无法眼睁睁看着基利安的家人犯下那等罪行还逍遥法外。,
她虚弱地抓住你的手腕，一双泪眼凝视着你。,
该死！奥斯雷德的探子从他的厅堂就开始盯上你了！绝不能让他知晓我们会面的消息传到国王耳中，否则埃奥弗维克的大门将对我永远关闭！,
这个人[i]究竟[/i]藏着怎样的东西，值得为它牺牲这所有人命？,
要我麾下的勇士誓师出战，所为何来？,
{跪倒在她身侧。}我很遗憾走到这一步。是你逼得我别无选择。求你，告诉我德鲁伊在哪，让我能终结这一切。,
从考庞来的维京人曾到过海那边的诸岛——我常去那里做生意，听说了不少传说。你父亲，他就是想弄清那些传说是否属实。,
很好。若报告无误，那他们已不仅仅是一般的罪人——他们是魔鬼的爪牙。施加任何酷刑都不为过。,
念在你对我的种种帮助，这些一律按进价给你。你需要些什么？,
让入口的守卫看过这个标记，他们便会为你推开那方巨石。,
你往常都是去哪儿给她抓药的？,
珀斯周遭地势凶险，只要格蕾妮还执掌着皮克特大军，就休想他们会不把这地利善加利用，痛下杀手。,
我的旅途不会带我前往北地，但皮克塔维亚已是极北之地，且风俗与我们颇多共通之处。我也许会去珀斯打探一番。,
西格丽德漾起笑意，摇了摇头。,
她恼怒地嗤了一声，一脚踢开落叶。,
这样或许最好，总不能把村里的男丁全数抽空。,
亚斯雷夫其实并不像他嘴上说的……那么坚决。他对你的决定私下里牢骚甚多。我要是你，在他身边会多留个心眼。,
栅栏之后，你听见披坚执锐的战士们正为迎战而调动的声响。艾布琳了无回应。,
主啊，不要！圣罗穆卢斯庇佑我！,
我如何能哄他吃下这个？,
我早已准备就绪。今日正是慷慨赴死的好日子。,
你可听见林间精魂的细语？我觉着它们正被引离此地……向西边的什么东西而去？,
这柄古剑形制短小，貌不惊人，然而握持手中挥舞之时，却自有一股难以言喻的力量，让你心中充满敬畏。,
透过层林，你窥见三人正争论得面红耳赤：一个矮个子，一个彪形大汉，还有一个胖子。,
耶阿特兰腹地的一个小船区。父亲害热病走后，我便接手了他的铁匠铺，在那里干了几年。,
你可真是冷血得可以。,
这种仪式，我闻所未闻。,
营地已安置妥当，晚饭也已开伙。你的几个亲兵围在篝火旁，满脸忧虑地议论着什么。,
我把事情弄得一团糟，[Player:哥哥/姐姐]。,
我不愿意跟那个女巫扯上关系。,
我们得先在城里办点事。至于觐见国王，我们自己挑时候。,
你算是棋逢对手了！,
他们有孩子吗？,
嗯？,
当然，前任国王奥斯雷德派了民兵团，要逼他们臣服于诺森布里亚。不巧的是，康斯坦丁也这么干了。,
{在葡萄酒里下毒。},
把他带走，关起来。让康斯坦丁来判他的罪。,
我有个好师傅，想来你也是。,
你怎么说，[Player:小子/丫头]？准备好砸烂几个约顿巨人的脑壳没有？,
那是自然。你在家乡也是首领，对吧？叫做“领主”，没错吧？你带惯了战士——格蕾妮也一样。,
挺般配的一对儿。对领主来说，这算不上最老成持重的选择，可找个能逗你笑的男人，总归错不了。,
[Player:名字]……,
又是我，奎恩！我们碰上麻烦了，得求你帮忙！,
见鬼，[Player:小伙子/姑娘]，你当时又不在场，那滋味你根本不明白。能说的我都跟你说了，这事儿就让它过去吧。,
它蜇着我的背了！这有什么好玩的！,
那就祝你好运吧。,
行……我不杀你，但你最好赶紧离开这儿。,
够了！都给我消停点！看管这帮异教徒已经够受的了，我可不想再为那条破河操心！,
几息之后，洞穴口外轰鸣的碎浪声便彻底吞没了岩石滚落的声响。,
肯定是这帮过路的旅人害了格里穆尔夫……他们仗着人多，一拥而上，一群懦夫！,
他们分明就不是战士。能饶过他们，我挺庆幸。,
你这儿的防御工事，可真是固若金汤。,
她摊开双手，掌心托着一只敞口布袋，里头亮闪闪的便士银币多得快要溢出来。,
什么动静？难道河水终于把墙给冲垮了？,
精准无误。,
你当真要在陌生人面前谈这个？,
但有落进好土里的，便结了实，有百倍的，有六十倍的，有三十倍的。有耳可听的，就应当听！,
是故，兹将斯克恩全境封赐予斯库勒·碎颅者。为存[Player:其]体面，特判[Player:名字]处以流放之刑。,
他们添了新记号，我敢打包票！那头猪我[i]认得[/i]，就是咱们的！,
每逢演讲讲得格外动情时，你眼角的余光都能瞥见阿斯莱弗在偷偷觑着你。,
你们这帮该死的攀岩山羊，谁再敢吭一声怨言，就给我试试看，听明白没有？！,
你不是要谈谈吗？难道你有法子说服那个老家伙？,
斯坦恩豪爽地哈哈大笑，他的手下则不紧不慢地，像是在他左右两侧随意排成了一线。,
你没工夫高枕无忧、居功自傲了——诺森布里亚的民兵已经杀到了！,
艾丹有些窘迫地耸了耸肩。,
被你这一吼，盖乌斯吓得往后一缩，满脸委屈，却又温顺得像只绵羊。,
亲兵之中唯有你通晓弓术，因此你唯一能做的，便是抢在那奴隶贩子伤及奴仆之前，一箭将他射翻。,
你赢了，[Player:父亲]家的[Player:儿子/女儿]。我会带着家人离开。,
待你追上她，她正和比约格迪丝一道，扶着自家姐妹饮水。,
彼此彼此，[Player:名字]领主，不过你这待客之道嘛，可有点寒酸了！哈哈！,
我能付你报酬。要赶到那里，你需要多少物资？,
前方的拐角处，走出一群陌生人。一对衣着光鲜的夫妇，身着萨克森颜色的衣裳，正赶着牛，牛后面拖着一辆满载货物的沉重大车。六名轻装武士分列在马车两侧护卫。,
这倒真没听说过。,
那一日，他们自阿斯加德远行，直至来到埃吉尔的农庄。埃吉尔去照看那些长着奇伟长角的羊儿了，他们便掉头朝希米尔的厅堂走去。,
孩子们开了个简短的小会，整个过程规矩得出奇。接着，跳跳就回来了，脸上满是下定决心的神色。,
我……真不知怎么谢你！如此大恩，叫我如何受得起……多谢了！,
埃塞尔雷德的帐篷里，东西堆得几乎要爆开，到处是箱子和麻袋，塞满了皮草、兵器、地图、刀叉餐具，还有各式各样值钱的零碎玩意儿。,
不，赫德雷德！哦，天哪！求你了！不要伤害我！求你了！,
跟我讲讲你们那些女神的事吧。,
[Pointman:Name]带着一声低吼抽出[Pointman:his/her]武器。,
他二话不说，便把你整个人抱起，放到了床上。,
木杆被立了起来，稳扎在那匹无头母马胸膛所构成的令人惊骇的底座上。他刻意小心地将杆顶那张脸孔转向了农庄。,
几乎脚才站稳，他便放松了架势，收剑入鞘。,
你所做下的事，没有赦免可言。你背叛了我们，你必须拿命来偿。,
内夫娅看上去正要扑过来，但赫罗德盖尔达却漫不经心地转过身去，背对着你们俩，远远地冲那所教堂凝望了许久。,
{什么也别说。},
改天再说吧。,
你漫不经心地溜达到那两人跟前，但他们很快便发现了你，从一开始就显然对你起了疑心。你正重新琢磨着怎么搭话，那女人便已瞥见了你藏在背后的刀子。,
你就从没见过她变成一只渡鸦，在夜色中飞走吗？,
你会造船？,
我手里正好有些毒药。,
木板和木杆能用来设置路障，作为抵御远程攻击的低掩体。,
倒也有可能。,
这听起来像个赌约。要是你能射中这一箭，我就把我的幸运兔脚借你用，直到下次封斋期为止。,
当然，这种事一经转述，往往都会被夸大。总而言之，只要主教大人高兴，我们大家就都高兴。,
站住！报上你的姓名和来意！,
一个年轻女子坐在凳子上，手拿一枚石质徽章，正为它编一条有凯尔特十字图案的挂带。她身旁，一个小女孩一边百无聊赖地编着自己的一缕头发，一边全神贯注地看着她忙活。,
晚饭过后，阿斯雷夫面带严厉地朝你走来。,
一根结实绳索，紧紧横拉贴地，当真能把毫无防备的敌人绊个正着，摔他们一个嘴啃泥。,
这批货里的重头戏，是一套体面却并不起眼的兽皮护甲。胸口上一道凶狠的劈砍裂口，已被技艺精湛地修补妥当。你估摸着它原本值个大约300贵重品。,
有什么能为您效劳的吗？,
只是路过而已，我什么也不需要。,
[Player:Name]，[Player:Father]之[Player:son/daughter]，我向你发起决斗，争夺首领之位！,
认得路，回程就快得多，你只用了一半时间便潜行了回去。,
是你[i]自己[/i]的敌人？可是……但这是为什么？你觉得那次的袭击，会不会是想破坏我们的联盟？,
哦，是吗？那你管我叫什么？,
你察觉到，身后一步之遥的凯蒂尔正不安地倒换着脚下的重心。,
拽着货车穿越沼泽，是不是有点……蠢？,
对，他们已经走了。,
夜里过得还愉快吗？,
{从她身边走过。},
还有你们两个？去告诉格里姆，派新的守卫来替换你们！,
坦率地说，这恩情大到我这辈子也还不完。我会请求你像格蕾妮那样，充当我的代理人。所以，在咱们谈下去之前，先给我个准话：你愿意帮我吗？,
我们从海里捞上来的鱼，连勉强撑过这个冬天都不够。这座岛最顶用的地方，就是拿来做劫掠的集结地。,
[Impressed:Name]随意地抽身离开，重又回到其他侍卫队员当中。有人问了[Impressed:him/her]什么，但[Impressed:he/she]只是耸了耸肩，目光直盯着前方。,
不是这里——我们得找个更私密的地方谈。来，我知道一个绝妙的好去处。,
她的家人已经向国王表达了谢意。作为回报，你拿到了你的酬劳。,
他打得真是英勇！能在战场上击败这样的好汉，实在是桩乐事。,
你的问题显然让他措手不及。,
小个子的人，被我们的营火引了过来。,
没剩下什么值钱的东西了。除了我们的傲骨，啥都没剩下。,
{放弃目标。} 算了，我没兴趣了。,
如果他们指的是那位传说中罗马城的建立者——这无疑是最显而易见的推断——那我向你保证，他绝非，也从来就不是什么圣徒！,
我们在找粘草……,
我有件事需要你帮忙。,
她在小屋外几码远的地方停下脚步，困惑地朝你直眨眼睛。,
雅尔拉格希尔眯缝着眼睛，审视着你。,
我失败了，母亲。我们一事无成。,
我实在不想学我师傅的口气，但就凭你的名声，我是不会为你打造武器的。我的其他主顾们完全有理由为此记恨我。,
要是方便问的话，这是为什么？,
不过就一个守卫。放倒他，割断咱们的绳子，之后的路我们自己走。,
对，我俩打小就认得了。我们两家的父亲，彼此之间一直交情深厚。,
[饮者:姓名] 大口灌下麦芽酒，被呛得一阵猛咳，喘不过气来。[饮者:他/她] 不得不暂时搁下杯子，拼命喘着粗气——脸上写满了绝望。,
你小心翼翼地侧身绕过巨石，挤进墓穴深处，一股垃圾堆般的刺鼻腐臭顿时扑面而来，熏得你阵阵干呕。然而让你大为惊异的是，前方的厅室里竟摇曳着几缕微弱的烛光。,
喏，这是给你的——区区薄礼，但出自我手。盼你能善加利用。,
这东西虽然体型庞大，但以往顶多算个小麻烦，直到最近，他们袭击了一个正往这里赶的农夫，人家马车上载着满满一车给弟兄们的口粮。,
埃迪丝的话语中满是慈母般的关切。,
噢，是啊。我当初真不该拒绝你的好意。在度过了数不清的孤独岁月后，我几乎忘了身为信仰领袖意味着什么。此地仍有不少追随旧神的人——比我预想的要多得多。,
那金发战士听了你这番话，脸上并未显出几分信服。,
眼见她就这么失去所有，实在令人痛惜。,
你可晓得我与赫罗德盖尔达过去的那些纠葛？,
鼠辈帮是一群孤儿，他们的父母全都在布拉韦利尔那场大战中，与西古尔德·赫林格王血战至死。,
不赖嘛，我的朋友。当真不赖。再次多谢你邀我们来此。这么久以来，我头一回有了安心的感觉。,
你越是死盯着它瞧，反而越是瞧不明白了。,
{再睡一会儿。},
你一把将那年轻女子从女祭司护住她的臂弯里猛拽出来，手起刀落，利索地结果了她。老妇人跪倒在你跟前，双手掩面，失声痛哭。你这才意识到，四下已陷入一片死寂。,
他死了。,
奥德凯尔连片刻都不曾犹豫，他急着要开始仪式，简直有些迫不及待。,
他咧嘴一笑，露出满口烂牙，带着几分窘迫的羞愧。,
关于一种疫病，我们需要你的指点。,
他沉浸在自己的思绪里，好一会儿才将涣散的目光聚到你身上。他凝视了你一瞬，随即只是颓然地点了点头。,
{出击。},
他毕恭毕敬地点了点头。,
这事儿我得再思量思量。,
想在北方巩固我们的力量，得花上好一阵子。也许要数年之久。眼下，我们要先将各氏族的首领们召集起来，辨清谁堪驱使，谁又不从。,
你这狗娘养的——！,
我效忠的是另一位主子——我们[i]昔日[/i]的国王，埃塞尔雷德一世。他于十年前遭废黜并流放，但近日已然归来。,
他们与皮克特人和盖尔人有许多相似之处，但衣着却优雅飘逸，上面绣着的纹样在你看来极为古老。,
我们没法把这儿所有的东西都悄悄运出去。,
我觉得咱俩从前见过。,
对对对，真是好笑。倒是快帮我一把！,
她议论自己女儿时那副腔调，有好几次我都恨不得揍那蠢女人一顿。她倒不是存心刻薄，可那言语伤人得厉害，简直无异于把内菲亚的手按进火里烤。,
我需要从你这儿弄些行头。,
他和气地笑着，伸手捋了捋花白的头发，然后向你伸过手来。,
你满怀同情地将手搭在瓦莱里乌斯的肩头，向他条分缕析地指出，若是偏安于此，他无异于将他的“羊群”亲手推入险境。,
愿神庇佑，维京人。你会需要这份运气的。,
请宽恕我将你卷入那桩麻烦里。若是国王察觉我在暗中妨害他，我们的图谋必将遭受重挫。,
欢迎归来。要知道，作为一个异教徒，你这人倒也不坏。,
妙极！我相信你我之间，定有许多可互相参习之处。,
我总想让他们干脆闭嘴，别再提他——他就是个只想图个清静的老好人罢了，可他们压根听不进去。于是我们每每为此争吵，接着……,
这下你明白我们为何追随雷默斯了吧？瓦莱里乌斯成天鼓吹秩序与公义，可他那个“圣人”自己就是个手刃亲兄弟的凶手！,
她眯起双眼，头微微歪向一侧。,
我们立即动身。,
你守护此岛多久了？,
我已决意留在你身边。,
啊，我这是不是已经叨扰太久了。我知道你还有别的贵客要招待。不妨我们稍后再谈，等多饮几杯蜜酒，再叙不迟嘛！,
哼！我倒盼着有朝一日，能看看你对上一个[i]真正[/i]的战士，会是如何光景。,
我给你带来了从修道院夺得的你那一半战利品。,
他点了点头。,
瓦达清了清嗓子。,
这事我宁可不说。,
本来我们压根没动这念头——当然，直到他特地吩咐我们不许那么干——这下可好，这事儿猛地成了我脑袋里唯一的念想！,
哀伤软化了他脸上的棱角。,
那巨人皱紧了眉头。,
{将他的尸身下葬。},
好，好……你就在那儿候着。,
我认不出你，不是吗？你受邀了吗？,
你觉得我们不是跟斯卡基一伙的？那你以为另一伙维京人碰巧闯入你们营地，又恰好知道你们是谁、要去哪里，这有多大可能？,
她朝村子微微颔首——或许她不想抬手去指，以免暴露自己。,
我们是来向你们征收丹麦金的。若不想血流成河，就把你们所有值钱的东西都交出来！,
以我们的标准来看，他们武器粗劣，房舍简陋，但他们骁勇善战，且生活在严酷的环境中！,
恕罪，乡绅。我被恐惧冲昏了头脑。,
[ScoutCapturer:Name]放开了[ScoutCapturer:his/her]的俘虏。那年轻人依然惊魂未定，向你道了谢。,
慢着……这是我们的里克维！你们这些畜生对她做了什么？！,
听起来不错！反正他们已经被我们团团包围了！,
管了一阵子。她能下床了，还能勉强走动。这压制住了诅咒，但没能根除。,
多谢，但这太过了。我只需要一点点优势就够了。,
我们会留基利安一命，直到你回来，但切莫耽搁。,
嘿，一根绑在两棍之间、毫不起眼的绊索！,
这护符代表着阿萨神族提尔的戒律，他是独手的律法与战斗荣耀之神。,
省得我们费心去想怎么处置他了。,
发发慈悲吧！今年收成不好，我 desperate 需要那几个子儿！,
带上白手套回去找凯尔。,
弗利里瞥了一眼院中另外两人。,
他眉头深锁，显然在谨慎与同情之间难以取舍。,
会在宗教仪式中途把手伸进我裙底的那种男人？,
干脆把我余生的故事一股脑儿都告诉[Player:他/她]得了。,
我做了什么了吗？,
我会[i]碾碎[/i]你，死胖子。,
爸！妈！你们在吗？！发生什么事了？我看不见……我不明白！我不是存心要伤害你们！对不起……真的很对不起……,
虚弱者,
她的目光死死攫住你，阴鸷的眼神满是指责。,
雅尔[Player:Name]，终于得见尊颜，不胜荣幸。,
女孩摆弄着手里的蜡烛，用长指甲一下下抠着蜡。,
她抬眼往街上看了一眼。,
你觉得，要是我们出手相助，那农夫会酬谢我们吗？,
那你究竟想让我为此做些什么？,
莱加塞斯特旧要塞外，一个年轻女子正在寻找她加入邪教后便杳无音讯的兄长。,
你家宅中的妇孺可以留下照看农场。但男人必须离开。我向你保证，另一条路对所有人来说都要凄惨得多。,
我们的胜利何其辉煌！此方国土之上，定然前所未见！,
此行凶险莫测。我们未必都能活着回来。但不入险地，焉得伟业！得胜归来者将获无上荣耀，而众神亦会眷顾那些殒命之人。,
这里出什么事了？！你该不会告诉我，你和这个卑鄙的懦夫结盟了吧！,
瓦达正欲作答，这时显贵者埃塞尔雷德大步迈入帐篷，用一道赞许的目光上下打量了你一番，随即将自己的兵刃哐啷一声掷在桌上。,
而你这身本事，对你这般年纪的人来说也属实了得——我虽非行家，却也看得出，你这是把年轻战士的悍勇无畏与年长者的老辣经验熔于一炉了。,
这麦酒苦得厉害，发酵的时间长过了头。滑下喉咙时倒是一阵暖融，但残留在口中的余味却与呕物无异。,
少顷，渴望呼吸的欲念逼得人再也无法忍受，胸口开始似有针扎。你本能地吸了口气，几口死水顿时灌入肺中。,
听你这么说……我很遗憾。节哀顺变。,
他啪地一拍双手，冲你咧嘴绽开大大的笑容。,
那倒不假——王者之剑乃是由首席女士授予亚瑟王的，并引领他大败撒克逊人，赢得赫赫战功。,
被埋葬的过往,
有那么一瞬，比约格迪丝看起来像双腿要撑不住身体似的。待她开口回答时，声音已是有气无力。,
一条暗藏的绊索。鬼知道它连着什么东西，这只有奥丁才晓得了。,
你给我听好了，你这个无礼的——,
是的，只是……还有隐情。,
凡未经入会之人而得以踏入我禁卫军小教堂者，乃是难得的殊荣。你是来求我指点迷津的吗？,
你也一样。,
我看得出来，你所知晓的远比你透露出来的要多。若为贵教会捐一笔献金，是否足以证明我们的善意？,
你回来了？可有消息？,
奥塔尔恼火地哼了一声。,
奥德凯尔及其门徒聚在石砌祭坛四周，人人头上都罩着狼皮斗篷。,
你们是何人？,
你父亲的护符,
想怎么做随你——只是别拖太久，不然机会可就溜走了。,
洛基见到了他那位让他觉得面目可憎的祖母：她长了九百个脑袋；另一个浑身金灿灿的姑娘走上前来，眉目清秀，为她的儿子端来啤酒。,
跟他们聊聊！你就明白了。,
击败艾布琳和她的守军，拿下邓弗里斯。,
还有那些许诺归顺你的战士——要是西古尔德王明天就下令征召全军，他们也会来吗？,
转瞬之间，农舍的屋顶便窜起了火苗，紧接着，你听见里面传出了惊恐万状的呼喊，和众人手忙脚乱往外逃的声响。,
要是你瞧见一个年轻男……男子，比我大几岁，红头发，蓄着一把稀疏的红胡子，能请你转告他我就在外头吗？,
他双臂往胸前一抱。,
那么只等战士们恢复些气力，我们就立刻赶往埃奥福维克集结。,
真高兴再见到你，[Player:Name]。你在海外创下的英勇事迹早已远播四方。,
把俘虏放了，不然要你们命！,
前往奥克尼群岛拜访他们,
这也算个市场？,
祭司绷紧了身子，四下环顾，像在默默清点手下信徒的人数，随即低吼道：,
这肯定就是埃吉尔提过的那个洞穴了，连他说过的那个岩架都在。,
你当初也该离我们远点的……现在，我们非拿下你不可了！,
就算是在最好的情形下，这问题也叫人犯难。,
你母亲抓住你的两条胳膊，那架势仿佛是在确认它们还好好长在你身上。,
是我们动的手。,
他们信奉的神祇你听都没听过——而且多到名字都叫不过来。,
悲伤仿佛抽干了他骨子里的力气，他那苍老的身躯眼见着缩小了。他一个踉跄，重重地倚在了墙上。,
他看起来真的非常伤心。,
[Lover:Name]一把将你紧紧搂进怀里。,
这一仗打得真苦——我们所有人都被狠狠磨炼了一番。,
那帮混蛋。我敢肯定，但凡你有时间准备，情况绝不会是这样。听流言说，他们的头领是个巨人。,
不管他出多少钱，我给双倍。狠狠揍他一顿，叫他滚蛋。他已经输了，这一点你得明明白白地让他知道。用拳头说。,
{别管他。},
你们这笔买卖，成交了。,
你想把我绑回珀斯随你的便，但只要唐科尔斯还身陷险境，就甭想办什么该死的婚礼！你不去救他，我就自己去。要是半道上没命，那也认了！,
他沉下脸，拧紧了眉头。,
你究竟知不知道自己在干什么？！,
他可不能因为顶了个“国王冠军”的头衔，就想要什么便拿什么。,
呃……我猜，就你想的那样吧。关于花花草草嘛——哪些能救命，哪些能杀人，还有怎么处理它们才能发挥最大的效力。,
他们害死了我大哥。,
约维塔登时便彻底丧失了理智。,
他们一边朝来时的那个水潭狂奔，一边手忙脚乱地往兜里塞东西。那领头人在他们身后怒不可遏地叫骂着。,
我还以为你的神讲究的是仁爱与慈悲呢。照我看，分明是那些人自己背弃了肩头的责任。,
{挨着她坐下。},
话说……你把他怎么样了？,
这下他们肯定没法来找茬了。摸清了我们进洞时后方不会出乱子，这可叫人安心不少。,
可贡纳尔偏不信邪，打定了主意，觉得上这儿来劫掠才更有利可图。,
你从旁经过时，那老铁匠狐疑地上下打量着你们。倒是他身后那个顶用得多的学徒，朝你投来一个彬彬有礼的微笑。,
他胸中无疑怀着一种至为强烈的荣誉感。我觉得这一点本可善加引导，可惜他偏偏固执地认定，唯有剑刃之上方能彰显人的伟大。,
只消片刻，他们的佯攻就会将守军调开。,
我……唉。我们有过些好时光，真的。那姑娘脑子不大正常，可那股子烈性千真万确。跟她在一起的感觉，就像是……把心都给点燃了！,
四个时辰后，考斯坦丁率领主力抵达。,
那你自己的船和那班伙计呢？,
那些本事，她教了你几成？,
若要将旧信仰与新信仰合为一体，我们需要一位在宗教上的领袖。我知道一个达成此事的绝佳途径——只要那些传言非虚。,
不是下料的事儿。是比约格迪丝，她根本就不懂怎么照看火坑——自始至终都没会过。,
你们一干人等，一边咕咕哝哝地咒骂，一边手忙脚乱地裹紧厚重的斗篷，垂着脑袋，顶着倾盆而下的大雨，艰难地朝前挨去。,
奈菲娅！你没事吧？,
虽说如此，我还是得拒绝你的好意。,
他们再也掀不起什么风浪了。,
哎哟，这会儿倒挡在我攻击路线上啦！,
我恳求您保持理智，尊敬的[Player:Hlaford/Hlafdia]。,
今儿个你身子不舒坦，记性都……,
我有的是力气，手里有武器，身后还跟着一整队维京亲兵。,
我叫赫丁维·赫丁斯多蒂尔。过去两个夏天，我一直从霍达兰渡海过来做生意。,
英吉尔森林之役,
多谢！我这就走！你只管告诉塔拉我死了——反正我也跟死差不多了，我绝不会对奥斯雷德吐半个字！,
十万欢迎，维京人。我乃考斯坦丁·马克·弗格斯，皮克特之王。,
我们即刻动身。,
回村里找那位智慧女人。,
这里永远欢迎你。,
啊，我听说过你。国王或许真把你当盟友也说不定，我可说不好，但你在这一带的名声，可不是那回事。,
我知道你说我做得没错，可心里就是[i]觉得[/i]不对劲。,
咱们聊聊你能给我们做些什么。,
[Player:Name]，你见过多姆纳尔了吗？,
那就谈正事。,
慢点说，把话讲清楚。,
娘，你闹得太不像样了。,
嗯？,
你[i]不配[/i]死得痛快。永别了。,
要是马班以为这次还能分到他那份惯常的战利品，那他可就打错算盘了。我劝你也这么跟他说。,
而且我对你的信任，也一点不比他们多。但我想着，只要帮你们把想要的东西弄到手，你们就能越快滚出我们的地盘，不再碍眼。,
我们的使命是探索与通商。,
她接过报酬，眼里闪着贪婪的光。,
那东西怎么可能行得通？,
{动手。},
你根本不知道自己要找什么，很快就明白这纯属瞎蒙。你选定了几株茎秆似的、开着黄花的植物，拔下几棵，闻到一股若有若无的甜香。,
离开之前，我们该清点一下，看东西是不是都带齐了。,
那么，有你们相助，是我的荣幸。别让我失望。,
威利布罗德脑中浮现出那幅画面，嘴唇吓得直哆嗦。,
兄弟姐妹们，看来我们有……[i]客人[/i]了。,
我们从高地带来了羊肉，从山谷里采来了疗伤的药草。有些还新鲜着，大部分都已制好。,
你根本没理由对我们动手。你就是不肯罢休，对吧？,
[CaptainObvious:Name]环视着这片惨状。,
滚远点，马尔多松的软骨头朋友，我跟你没什么好说的了。,
{交出5份回收物。},
{先放着。},
好，我们会把你弄出去。当心那些守卫就行。,
多谢，斯凯恩领主。他日萍水相逢，我必不忘你今日的仁慈。,
他叫埃吉尔。我最后听到他的音讯，是大约五年前他路过此地。打那以后，我就再也没寻到他的踪迹。,
凯蒂尔在你身后憋不住，“嗤”地笑出声来。看着凯尔这般将你玩弄于股掌之上，显然让他觉得有趣极了——毕竟，他知道些她不知道的事，关于你的事。,
我觉得这件事你该亲自处理……,
都给我起来！他不回来，我们就一步也不往前走！,
你和阿斯莱芙。阿斯莱芙和你。你……和[i]阿斯莱芙在一起[/i]。不，不管我怎么念叨，听着就是别扭。,
她翻了个白眼，随即咧嘴一笑，友好地拍了拍你的肩膀。,
我叫格雷蒂尔。祭司是我父亲。,
哈，真叫人痛快！我已经太久、[i]太久[/i]没遇上能在战场上跟我匹敌的人了。,
真是个迷人的地方。这片土地，果然处处是奇观。,
那么，能被称为你的盟友，[Player:Hlaford/Hlafdia] [Player:Name]，我深感荣幸。,
好俊的樵夫手艺。,
它们每一头都被砍短了脑袋，才抬去下锅。西芙的丈夫上床之前，独自一人就把希密尔的两头牛吃了个精光。,
处置掉那个失手的刺客。,
这么说，你愿意做？,
若想挽回我们在土著眼中的名声，干这种事可于我们不利。,
[Follower1:Name]翻了[Follower1:个]白眼。,
那就这么说定了。愿旧神与你同在，尤其护佑基利安。,
我才是名正言顺的领主。谁要有异议，咱们就按老规矩来分个高下。,
哦，嘿，[Player:Name]。你是来瞧瞧我干得怎么样的？你真好心。,
好了，你们现在是我的奴仆了。沿着那条路往上走不远，我手下的亲兵就在那儿等着。,
他犹豫了一瞬，随即移开目光，双臂交抱在胸前。,
他嘴上回答着国王，话里的弦外之音却分明是冲你来的。,
[Lover:Name]后退一步，仔细审视着你。[Lover:他的/她的]脸沉了下来。,
她不是你能带走的人。我来就是提醒你这一点。,
康纳尔的首级,
毫不犹豫。,
如果你的计划容许，我就带人沿着海滩向北，袭击那个村庄。至于教堂本身，那份荣耀就留给你了。,
赫罗德盖尔达翻了个白眼。,
你——你肯饶过我们？,
我当然记得——来，试试这个。,
我敢肯定，它会非常合身。,
我没工夫搭理软弱无能的男人。,
我们就这么扔下盟友，让他们自生自灭？,
呃，行啊，随你便。,
胡尔达教了我很多——关于药草和蘑菇。如何消除疼痛……或是如何制造疼痛。,
幸存的掠袭者出现在了里伯。若你愿意，这便是你复仇的良机。,
是啊。我也这么盼着。,
你连[i]试[/i]都没试过跟他们打，留里克？！,
{攻击。},
{拔出你的武器。}那就如你所愿。,
干得漂亮！我得承认，我本以为会看到你烂在泥地里。,
你什么意思？,
尽管你的扈从队在人数上被远远压倒，可当扬尘散去，还站着的人全在你这一边。,
商人故作焦虑，夸张地绞着双手。,
既然你已证明自己是个品行端正的[Player:男人/女人]，我会给你更优惠的价钱。告诉我你需要什么就行。,
那是众人用来称呼我们的名号之一。,
罗斯克娃[i]早晚[/i]有一天会把我毒死。不是因为她对我有什么怨恨，而是因为，我也说不好，兴许是海尔在她梦里显了灵，非要一场血祭不可。,
斯泰因顿了顿，礼貌地环视了一下自己手下的人。有几个交换着怀疑的眼神，可大多数看起来实在太过疲惫饥饿，根本顾不上。,
不太确定。想是他们之前有过约定。[Player:父亲]要所有能打的男人都上，阿尔瓦尔德却想跟他的儿子们待在一起。,
在埃塞尔雷德营地南边，截住制革匠威利布罗德。,
我们只是来找那位隐修士谈谈。既然都来了，我想着或许能跟你们做点交易。,
我当然无意贬低你们的本事——你和你的扈从们打得很不错。但我请你们别凭这次败仗来评判我们，眼下我们状态实在不好。,
你们两个还撑得住吗？,
她可真是个喂不饱的小东西，是吧？,
听着，很抱歉我的[Player:孩子/姑娘]刚回来我就得走，可我非走不可了。有要紧的差事，得替西格丽德和你母亲去办。,
我也爱你。,
救命。胡尔达……好痛。好痛啊……,
我们正需要一顿像样的饭菜。我接受你的邀请。,
走着瞧吧。,
哦嗬！我亲爱的[Player:男人/女人]，自从你父亲的船载着他一起去了往生，我就一直盼着你为这事来找我啊。,
这真可惜，但我们得把心思都放在下场战斗上。,
你怎能这么说？那些修女手无寸铁，你就把她们杀死在当场！,
用谎言回敬那[i]满口谎话[/i]的虚伪仇敌。,
行，没错。,
你是对的。你当然是对的。你从来没有给过我任何怀疑你的理由，可我还是免不了要担心。,
但你说得没错，而且你心肠好，大老远特地跑来这一趟。风暴要来的时候，我这双老膝盖就发胀。疼起来真要命。,
等我够大了，我就自己造艘船，扬帆出海去见他们。,
想来就是那么回事。,
第二天一早，你的几个扈从就染上了重感冒，病得不轻。,
说到这个，你盯着点后面那个大块头。他跟他那几个狐朋狗友一整晚都在交头接耳。我觉得他可能正琢磨什么坏点子。,
我们来自一个叫日德兰的地方，就在海东边，隔海相望。,
你还好吗？还能走吗？,
那战士怒目而视，眼里几乎要喷出火来。,
跳跳往地上啐了口唾沫。,
她大笑起来，可那笑声里满是凄楚与绝望。,
教堂里几乎空空荡荡。只有一个孤零零的神父，站在祭坛前的读经台旁。,
说不定值得一试。,
你素来是个精明的指挥官。真他妈可惜，你竟然反咬我们一口。,
事实上，是[i]她[/i]挑中[i]我[/i]。,
[i]挣[/i]来的？！哼，到这份上，我早把你当成我沙场上的[Player:兄弟/姐妹]了！,
他们似乎对我相当入迷，我便自作主张，跟他们分享了些我信仰的教义。,
我知道。我会用余生去挣得这份信任。,
艾菲咽气的时间比你预想得要久。临死前，她眉头紧锁，脸上浮现出一种古怪的困惑神情。随后，她的面容松弛下来，眼神变得空洞。死去的艾菲看起来就像个孩子。,
如你所知，基督徒们早已对所有与北欧人的贸易实施了禁运，如今我们连最后的贸易伙伴也失去了。国王认为，是时候表明我们的立场了。,
那我们会有赏赐吗，还是……？,
好了，盖斯特，我们最好去对付他们一下……,
他又一次打量起你。,
等等，我们只是想谈谈！,
你确定你不在，他们也能好好的？,
埃阿迪格，见到你真好。,
谢谢你，艾布琳。你的债就算还清了！,
[Leader:Name]不假思索，冷冷地接话道。,
光这木料就不止那个价——我大可以把这玩意儿拆了卖木材。一百六十，这是我能出的最高价了。,
明白了。,
她直勾勾地盯着你，目光穿透了你，眼中噙满泪水。,
她那枚“仙后”戒指。那是份珍贵的礼物，我凭着良心的要求，尽可能久地留住了它。唉，可去年夏天，我还是把它卖给了一个路过的商人。,
那唯一的幸存者最后朝倒下的同伴们的尸体投去悔恨的一瞥，然后拖着沉重的脚步走向屋舍，想缓一缓。,
我弄到了一艘战船。你应该会感兴趣吧？,
哈！有一次，一只乌鸦直直撞到我脸上。这就是它留下的疤。,
金色的蜜酒表面，火光诱人地跳动着，那甜腻的蜜香惹得你直咽口水。,
天黑前不久，一名孤身骑手在你哨兵的严密监视下进入了营地。他穿着本地人的衣裳，却只配备了北欧人的轻武器。,
他笑了，但笑得非常勉强。,
她望向你的眼神，像极了一只被主人踢了一脚的小狗。,
[Pessimist:Name]夸张地翻了个白眼。,
你为何来到这里？你真的想成为领主吗？,
你跟我一起来吗？,
我听说你们是异教徒，但除非我亲耳听到[Player:他/她]本人这么说，否则我不会轻信关于[Player:一位男人/女人]的这等传闻。,
该由谁来操刀手术？,
等待格雷提尔,
他的脸色一沉，上唇扯出一丝轻蔑的冷笑。,
我们东西多的是。何必丢掉荣誉，去偷马尔多尔森家的东西？,
你就这么害怕面对死人吗，[Boring:Name]？万一有把剑呢？我们该拿走它，继承它的传说！,
我不是北欧人——这片土地也不是我的家园。我来自一个离这里很远很远的地方。,
他是个巨人。那件毛皮衬里的衬衫几乎裹不住他鼓胀的肌肉。他双手各持一把武器，那架势让人想到一头情欲勃发的公牛。,
够近了。,
那年轻人似乎吃了一惊，脸上掠过一丝慌张。,
相反，你想象着那些[i]值得[/i]去征服的恐怖。那些充满魔法、巨人与龙的世界。那些黑白分明的简单世界，这样你就不必再去面对现实生活中的复杂纠葛。,
不是。我做了一个很糟的噩梦。,
审问埃塞尔雷德营地周围的三个斥候。,
我很乐意。你的名字在这地方很有分量，我会给你公道的价钱。,
咱们赫尔海姆见！,
{喝吧。}干杯！,
我知道你发誓效忠[Player:Name]，可你要是这么害怕离开，我相信你能说服你的领主让你留下。,
妈的！让他们跑了……,
埃林的农场依旧空着。让那么多土地白白荒废实在可惜，可自打埃林死后，大家似乎都觉得那地方受了诅咒。,
你遭受到这样的对待，我很抱歉。,
他的语调虽友善，却带着一种奇怪的疏离。,
我会护好母亲。求你了，在外头要照顾好自己。,
我知道他曾是名战士。我们一同在布拉韦利尔并肩作战，他给我的印象是位精明的战术家。当你的国王需要你时，我希望你能如你父亲那般为他效力。,
我奉命查明的，就这么多！,
别碰它，你这老不死的废物。,
那群撒旦教徒，必须被杀死或赶走。,
{抓起你的武器冲出去。},
他对着那年轻的女巫怒目而视。,
胡尔达教了我很多——关于药草和蘑菇，关于如何消除痛苦……或是如何制造痛苦。,
阿斯莱夫垂下脑袋，仿佛万念俱灰。,
啊，他们会没事的。总得过一阵子才能习惯我不在，但那之后一切都会变回原样，我敢肯定。,
我会去弄清楚，他到底是怎么回事。,
巧了，哪些屋子值得跑一趟，我们倒知道点。,
滚出去！[i]滚！[/i],
这不可能是普通的抢劫。格里穆尔夫是我们部族最老练的战士。连[玩家：父亲]都钦佩他的武艺。这必定是冲着他——也是冲着我们——来的一次蓄意袭击。,
如果这就是他们藏陷阱的最高水平，我们还不如蒙住眼走路。,
{礼貌地点头，然后原路退出去。},
他……他不会做出那种事的。,
{止住血。}你赢得了活下去的机会。,
比之前好些了。但好歹还活着。,
我们俩不说话了。情况挺复杂。,
没了利奥弗里克，诺森布里亚极度缺乏能征善战的战地指挥官。毫无疑问，埃奥福尔维克的防务将由国王大厅直接协调指挥。,
我猜你就是那个女巫。,
你觉得凯蒂尔这人怎么样？,
然后货车陷住了，我的原牛跑了，补给也开始一件件漂走。,
或许你换成整天都杵在这寒风中试试……,
艾丹死死地盯住塔洛尔克，直到那个年长的男人先移开了目光。那几乎就可以算作点头了。随后，艾丹才把注意力重新转到你身上。,
好吧。我帮你对付那个间谍。,
埃塞尔雷德仔细端详了你片刻，然后放下酒杯，挺直了背。他换上一副肃穆的神情，把手按在胸口上。,
他死了。你是个自由人了。,
他的声音在发颤。,
既然你重登王位了，我想我在后方的事务上能得到你的支持吧。,
在你父亲为他最后一次远征所雇佣的佣兵里，有年轻的盾女乔迪丝和她的哥哥托尔劳格。两人都没能从那次远征中回来。,
去问问老铁匠乌德罗斯特。他以前常做这玩意儿，后来年纪大了，人也懒了。,
我知道，我都知道。你现在安全了，他们再也伤不了你了。,
这弹弓是鲁里克在你小时候做的，为了你和内芙娅、凯蒂尔在森林里玩打仗游戏用的。这么多年下来，它经过了多次改造。,
就是这东西！这就是我们要找的！干得好，[玩家：姓名]。,
[渔夫：姓名]一直懒洋洋地拖着一根钓线，从船尾垂在水里。这时[渔夫：他/她]双脚死死蹬住船壳板，正跟某只巨兽般的海鱼较着劲。,
这么说，你抓住了康纳尔·马克·泰格！,
那个高地人一根手指直戳到默丁的脸上。,
是又怎么样？我就不能有点秘密了？,
斯库勒又下一城。今后打仗时，我们会想念格里穆尔夫的利剑的。,
你们这小村子真是好极了——同里伯的嘈杂喧闹比起来，简直天差地别。我已经有家的感觉了！,
听着，晚餐很可口，但我真的该走了。,
就这扇门，可挨不住咱们的斧头。,
那就这样吧。世事本就难以尽如人意。,
你从她身后刚凑过来，她就把你拉进怀里，又是一个湿漉漉的吻。,
自打那混蛋被抓起来，我们就一直在找他藏的那些家当。真没想到他居然能说动你这样的人来替他取。,
赫尔索特解药,
瑞亚·西尔维亚？那可真惨。,
里头那些人，好像觉得我们给他们搭的那个脚手架是破烂儿。我们跟他们解释，说那隧道里的潮气会让木头变形，所以它看起来永远是歪的，但他们似乎根本听不进去。,
你跑来这里干什么？这里不欢迎你。,
有鲁里克撑腰，耶灵那边几乎能不受惩罚地一直攻打我们。他们迟早会得手的。,
你当时不在那里头！如果你以为靠这么点不入流的诡计就能坏了我的大事，那你可就大错特错了！,
彼此彼此。,
她试着挣扎，但紧接着又挨了几下捅刺，彻底没了力气，整个人瘫倒在地，眼中凝着恐惧与悲伤的泪，无声地断了气。,
现在又怎么了？听着外头那动静，仗才刚开打。,
都给我让开，不然就把命搁这儿。,
那就得看你要我做什么了，可以这么说。做刻刀、修毛刷、补奴隶项圈要用到的东西，我这儿都有。,
她给我的印象确实有点……冷冰冰的。不过她那儿货物品类不错，东西看着也相当好。,
你这是什么意思？,
他张口像是要说什么，却一个字也吐不出来。他只是重重地摇了摇头，然后往地上狠狠啐了一口。,
康斯坦丁的儿子手持一杆带红色标记的长矛，朝你走过来。他平伸双臂，将它敬献于你。,
我们得立刻出发。这可是个千载难逢的好机会，能好好探究一下这个王国的历史！,
带路吧！,
我这就去叫她出来。,
你大老远跑来，就为了往我脸上吐口唾沫？那就留着吧。反正，我也不配保留对她的念想。,
恩巴尔德笑了，笑得很真诚。,
{离开。},
呃……行吧？你说的是谁？,
只要她脑子还清醒，就已是竭尽全力了。胡尔达确实有智慧，但……上了年纪，终究是力不从心。,
她只是挑起一边眉毛，算作回应。,
呃，行，什么事？,
咱们先前没机会正式认识一下。,
那狼皮战士舒展了一下筋骨，用力揉搓手腕好让血脉活络起来，继而伸出一只巨掌，要敲定这笔交易。,
{尽情嘲笑[Victim:Name]的倒霉样吧！},
这儿可是[i]我们[/i]的地盘。你大可告诉他，是朱姆珀说的。,
也许他只是念着我了。我会去跟他谈谈。,
玩笑归玩笑，你瞧见斯库利手下的那些侍卫没有？就角落里那几个——赫罗德盖尔达和斯卡基，我可是听说过不少关于他们俩的[i]传闻[/i]。,
占卜者信物,
你们是何时遇袭的？,
那谁来照看她呢？,
斯泰因挠了挠后颈，脸上挂着腼腆的讪笑。,
他们是栖息在大海彼岸、极北群岛上的部落，人称皮克特人。,
没错，你前脚踏进营地，我后脚就猜到你是为这事来的。我已在此恭候多时了。,
他脸上绽开一抹灿烂至极的笑容。,
有了你的襄助，我定将[i]踏平[/i]皮克塔维亚与诺森布里亚。,
我没听说过有这么个人，但我会替你留意的。,
这不是你的错，母亲。若真要怪，也该怪我。,
这地方设了陷阱。我们该绕道走。,
那么，你若执意如此，就放马过来考验我们吧。,
戈德维夫双目圆睁，但还是按捺着性子等你继续往下说。,
万分抱歉，我们没料到在离前线这么远的地方，竟会遭遇这般顽强的抵抗！,
她的注意力又回到了你身上，但此刻她的声音已变成了不耐烦的呵斥。,
村中景象惨不忍睹，令人难以置信。在棚屋与其后的树林之间，村里的男男女女把基利安捆在一根木桩上，脚下堆满了干草。他看上去已是饱受毒打，遍体鳞伤。,
我需要一种能在搏斗中让对手变得虚弱的毒药。,
这是自然。在我们与法兰克人的厮杀中，你父亲那柄剑的缺席，定会令人深深惋惜。,
这不成体统，瓦莱里乌斯。你口口声声说要效法罗慕路斯所立的楷模，可如今冲突刚露苗头，你便转身要逃。,
这枚护符象征着雷神暨守护之神——阿斯·托尔的伟力。,
若有什么需要，尽管开口便是。,
真高兴再见到你！你已决定好要如何处置我了么？,
容我再考虑考虑。,
那件事我们可以稍后再谈。你向我宣誓效忠这桩小事，可还没办呢。,
没有，但等下回我们再碰面时，他就没这般好运了。,
他盯着你的那副神情，就仿佛你方才告诉他，这大海是奶酪做的一般。,
这面简陋的松木盾，是你年幼时，你父亲让克韦尔杜尔夫为你操练所造的。这虽算不得什么上好的盾牌，但总归比两手空空要强。,
{保持沉默。},
所有人都开始收拾起装备，把帐篷以及任何可能藏有多余武器铠甲的地方，都挨个翻了个底朝天。,
{杀了那年轻女人。} 那就遂你的意吧。,
但转念一想，先挑那个更棘手的目标下手，这主意倒也未尝没有道理。,
正是在下，我是[Player:他/她]。敢问阁下尊姓大名？,
听你这口气，倒像是很想进去一探究竟似的。,
好歹我能做一具俊俏的尸体，也不赖！,
达布格拉斯是你的什么人？,
他稳住心神，握住你的手摇了摇，脸上挂着一抹疲惫的笑意。,
上一回，我向托尔献祭了一只肥美的好兔子，祈求祂在你旅途中能看顾着你。结果就当天夜里，那棵大柳树就被一道雷霆给劈中了！,
多谢你——你这么仁厚，倒显得是我高攀了。我发誓，改日定当做牛做马来报答你这份恩情。,
可转念一想，这么比都算是羞辱了猪。猪好歹还能给我们提供猪肉。而这群可悲的渣滓，唯一的本事就是喝光我所有的麦芽酒。,
村庄遭了劫掠，但那帮匪徒已经离开了。,
那我们倒要瞧瞧，能不能把那道裂缝再弄大点儿。,
你的挑战者挣扎着想要起身，却把兵器丢在了烂泥里。最终，他只是颓然跪倒在你的面前，垂下了头，摆出一副服输的姿态。,
你的叔父格里穆尔夫正在码头等你。,
我做梦都没想过要那么干！,
一枚做工粗糙的骨质信物，它弯曲的表面上，寸寸都刻满了符文与宗教符号。,
哈哈哈！才怪！龙压根儿就不存在。,
滚远点儿，玛多尔。我老早就跟你说了，我什么也没拿！,
你要是有钱，早该雇了他们，你这卑鄙的懦夫！你是来磨嘴皮子的，还是来拼个你死我活的？！,
她可逮着不少想偷吃我们口粮的老鼠。我们留下她，你不偷着乐吗？,
要是你愿意接这活，我敢打包票，他准会兴致勃勃地把一切都告诉你。,
赶紧带着你那帮庄稼汉滚蛋，老东西。你不会想挡我们的道。,
呸，害我跟个老太婆似的唠叨个没完。去瞧瞧那村子是不是还在老地方。,
我听说你让他们的国王死得壮烈，足以让后人传唱。他被杀或许还是件幸事——不然，他准会搅出天大的麻烦来。,
你说得对。她们[i]的确[/i]明智。两个都是。对不起，内菲娅，我是如此深爱着你。在外头千万保重。,
你看起来……不太一样。你从哪儿来？跑这儿来做什么？,
敌军逼近了，陛下！奥斯雷德的大军正从南面涌入英吉尔森林！,
你哪怕多看一眼都情有可原。这个死死攫住你目光的身影——你怎么可能错过他——正是今冬洗劫斯克恩的挪威掠夺者的头领。,
转念一想——宰了你更省事！,
我们可真给那干瘪的老東西好好上了一课。哈，其实他捡回条命我挺高兴的。他是个出色的指挥官，也会是个金贵的人质。,
我已经处理妥了。那帮邪教徒全死光了。,
年轻人紧张地回首望向同伴，并点头示意他们后退。那群人开始从篝火旁散开。,
一切结束了。我们击溃了掠夺者。,
不难看出，她强忍着剧痛，仍在拼命思索这背后的深意。,
我眼下暂且站在埃塞尔雷德这边，日后兴许还用得上你。,
那你就另找个地儿吧！我绝不容许我的泥塘里发生什么乌七八糟的“繁衍仪式”。这要让弗雷雅怎么想？,
谁他妈都不许动！,
我也许永远都不能原谅自己参与其中……但我会试着原谅你。,
没错，他虽不至于使阴招，但你们两家为了那把交椅争得头破血流，这基本上算是[i]老传统[/i]了。,
去打发掉那个异教徒。,
鏖战持续了许久。最终，维京人势如破竹，攻占了埃奥福维克。,
里克维的尸首,
我们辜负了你。我们根本不是那敌人的对手。,
但奚落手下败将，本就是赢了一半的乐子所在。,
呃，他们的巡逻队没那么警觉。我觉得我能悄无声息地溜进溜出。,
她的脸红得快要赛过熟透的草莓了，再次上前，用细若蚊蚋的声音道了歉。,
那兄弟俩拾起兵器，垂头丧气地离开了。今晚，他们的自尊心被碾得粉碎，这事十有八九还没完。,
清点收拢所有装备。确保一件都不许少。,
你痛失至亲，我也很难过，米尔丁。,
约维塔递给你一面结实的盾牌。看起来还是簇新的。,
我的名字无足轻重——我不过是个传话的信使罢了。,
看在奥丁的份上，这是唱的哪一出？！,
三个汉子交换了一记震惊的眼神。达布格拉斯的面色有些发虚，而艾丹则迅速镇定了下来。,
我看这挺合情合理。得了吧，那女巫又没说要全部派上用场，我打包票这些就绰绰有余了。,
你父亲治下所有邻近的塞恩都齐聚在他的葬礼上，致以最后的敬意。,
能将那帮狗杂种绳之以法，真是大快人心。,
那男孩收住攻势，一双锐利的蓝眼睛死死锁定了你。,
明智的回答，虽说算不上勇敢。,
不用急，慢慢来。我们会等你。,
依我看，你在这儿的事已经了结了。,
你这狂妄的[i]狗崽子[/i]！那场决斗之后，我就该直接宰了你！,
我们现已寻得一批不错的木料。颇有几个上好的选择。你准备好拍板定下了吗？,
你这话是什么意思？,
一阵低沉的笑声如水波般在你的战团中漾开，明眼人不难捕捉到他们眼中一闪而过的贪婪精光。,
他直直盯着你看了好一会儿才恍然大悟，随即吐出舌头，轻蔑地摆摆手。,
他彬彬有礼地垂首致意。,
我很抱歉，[Player:Name]。,
我想跟你打听打听队伍里其他人的底细。,
不不不，我对此一无所知。,
有一刹那，你以为阿斯莱夫会抬手揍你，可他却像尊符文石般一动不动，只是死死地瞪着你。,
我想，或许我们能借这机会做做文章。,
是的，我认得你们说的那帮人。他们一直躲着我这片林子，而我也同样与他们井水不犯河水。你担心他们可能是剪径的强盗？,
木匠托尔芬从两幢屋子中间钻了出来，围裙上结满煤灰和污垢。他跌跌撞撞地赶来，把你从地上拉了起来。,
我俩一起长大那会儿，我老是梦见你。可我已经很久没再那样想过你了。,
她曾经是。,
你对我们已构不成威胁。在战争结束之前，你会一直被镣铐锁着。,
我只是在练练手劲儿。,
咱们瞧瞧这老婆子还能派上什么用场。,
难道[i]你[/i]就能给出一句比“才不是”高明的反驳吗？,
{继续吃你的，随她去折腾。},
他们走了吗？通往圣殿的路安全了吗？,
用那艘橡木号。{高威慑 / 低载货量 / 低航速},
{一刀捅死他。},
说出来你也许不信，起初我还以为她是你母亲！我琢磨着别人也闹过这样的误会。,
在返回奥克尼群岛的途中，我们的好运终于到了头。我们在一处小海湾扎营时，遭到了一伙皮克特人的伏击，“灰鹅号”也被付之一炬。,
离开,
死亡是生命必然的归宿，我们都必须体面地迎接自己的宿命。,
你的名声我早有耳闻。在我这儿，你算个人物！,
去找比尔德谈谈。,
那是个烂透了的臭水坑。能躲多远躲多远，要是躲不开，也千万别信那帮人。,
到修道院大门口去跟奎恩和她的人会合。,
又一只萤火虫忽闪着，湮没在你脚旁的苔藓深处。,
这枚狐骨护符，罗斯克瓦自打记事起就戴在身上了。胡尔达总说，这是罗斯克瓦的亲生父亲做的。,
没别的事，就想祝你早日康复。,
我竟会为此向你宣誓效忠，这或许有些奇怪，可我真是痛快极了，也盼着你也觉得痛快。我们在这块破石头上困得太久了，眼下，哪怕一星半点的乐子，对我而言都重过千金。,
别管我了！你们快逃命去吧！,
听起来都挺不错。我真等不及要开开眼，看看你的本事了。,
害死那女孩的是狼——不是她的朋友们。那件事你做得没错。,
你抓住第一个着手点，开始小心翼翼地向上攀。洞壁湿滑得很，但好在你脚下踩得稳当，手上也始终牢牢抠住，就这样爬完了剩下的路。,
不，我懂。我只是一时有些意外罢了。,
哨兵们快得像一阵风——眼看着绝无可能把他们全拦下来，你干脆放弃了追击。,
喔——！真盼着有朝一日，我也能驾着大船出海！,
格蕾妮身穿的锁子甲，堪称你平生仅见的上品。其锻造之精心，使得它恍如一件絮过的袄子般轻盈，却又提供了无可比拟的防护。,
他为何会加入罗马军团？,
你对莫尔坎特这个人，做何感想？,
你母亲伸出一只手，搭在鲁里克的肩头，鲁里克也抬起手掌，覆在了她的手背上。,
可有什么我能帮上忙的？,
找到丹尔暗中通往耶灵的那条密道。,
{离开。},
{等待。},
她厉声吐出一个词，令行禁止，身后的随从们齐刷刷地拔出了兵刃。,
年轻的[Player:男人/女人]，我欠你的这份恩情，至死不忘。我这寒舍，随时都欢迎你来。,
你觐受着奥丁的庇佑，备感荣幸。,
谁说不是呢，你可瞧见他裁决之后，跺着脚愤然离去的模样了？那副神气，可半点谈不上体面地认了命。,
你想必清楚，多年前我与你父亲曾并肩厮杀。我跟他啊，实在是意气相投，如出一辙。,
你说内芙雅这会儿怎么样了？,
他们正议论[Player:Name]——看来我们没找错地方。,
[Stuck:Name]被猛地挣脱时，顿失平衡，朝前踉跄了几步，旋即一头栽倒在地。,
这事你[i]非[/i]得料理不可。倘若其他塞恩们觉得，面对这般有辱家门的打击，我们竟软弱得束手无策……,
毫无疑问，他会考验你。为此，他们照例是要你背《使徒信经》的。,
{离开。},
西格蒙德的样子很不对劲。麦酒冲过杯口，四下喷溅，他呛得撕心裂肺地剧咳起来。他整个人朝前栽去，一阵狂呕，过了良久才勉强稳住自己。,
我们非得把那扇大门打开，好让盟友们杀到我们身边来！,
这理所当然。他有那个能耐予取予求，我们便也甘心献上——这样对彼此都少些麻烦。,
找到那个老隐士栖身的洞穴。,
我乃罗加兰的智者斯泰因。这座岛由我主宰。你又是何人？,
终于，[Fisher:Name]筋疲力尽，指间的钓线倏地滑脱，那头庞大的海兽就此消失在波涛之下。,
他不过是想护住孩子们。难道说，[i]所有人[/i]都非得死不可吗？,
你当我是个彻头彻尾的白痴吗？！你身上穿的可是[i]我的[/i]铠甲！,
等我们准备好启航，我就回来。,
他竟能感化如此意志坚定之人皈依我主，这份热忱着实令我钦佩。但这机会千载难逢，岂能不善加利用。,
几分钟后，一群人鱼贯涌入下水道的主厅。瓦莱里乌斯静候众人齐聚跟前，这才以洪亮自信的嗓音发话。,
我需要获准将船停靠在你的港口。,
[Leader:Name]把你部属的其他人放出囚室，众人纷纷拍背致意，疲惫的调侃声此起彼伏。,
我在诺森布里亚的线人来报，说埃塞尔瓦尔德·莫尔的儿子重登王位了。传言一群维京人从中起了关键作用。,
作为回报，我们起誓永不再犯麦西亚王国。,
{交付1000财宝。} 很好。钱拿去吧。,
对那家伙，我会多加提防。不管他有多大本事，他八成已聚起一群志同道合之人——那些会像兄弟一样为他而战、护他周全的人。,
{跃入池中。},
他朝[RecognizesCurse:Name]肃然颔首。,
前方六顶帐篷，其中之一是指挥官的。定是通德瓦恩的营地。,
不想说也无妨。,
屠戮手无寸铁的村民虽算不上什么荣耀，但我想查理曼的宫廷定会将这讯息听得真切分明：诺尔斯人[i]绝不好惹[/i]！,
我们跟艾菲的账还没完。记住我这话。,
我正在筹措一次远征。需要能换取补给的财宝。,
荣幸之至，雅尔[Player:Name]。,
我不过是挂名学徒——论打铁，我比这老家伙强多了，这地方所有正儿八经的活计这些年来全是我干的。,
你替这些人作保？,
我欠你一命。是我家人派你来的吗？,
找个稳妥的地方把他锁起来——千万留人看守！,
你想干什么？,
考斯坦丁凝视着康纳尔，若有所思地捋着胡须。,
那行，我会转告他们。,
马格努斯挣扎着要站起来，却虚弱地瘫软进泥泞里。,
别管我！你们快逃！,
他举起左手示意和解，右手却缓缓摸向剑柄。,
{实话。}大部分让那些攻击者抢走了。我们到手了价值一百银厄尔的财物。,
艾迪斯叹了口气。,
不是我。你知道是谁告的状吗？,
我请求贵国国王在我们攻打诺森布里亚时袖手旁观，并封锁贵国境内一切可供诺森布里亚用来对付我们的通道。,
他这人倒是挺友善，可我就是总觉得信不过他。,
尽管伤势沉重，他的嗓门却依旧洪亮如雷。,
你的亲兵队逼近那群皮克特人时，你发觉他们武装颇为精良。看来是某种战团。,
半小时后……,
嗯，回想起来，那时倒确实挺甜蜜。这手套是个念想，让我想起我俩在一起的时光。我曾经还以为我会娶她呢……,
那边那位，朋友！没错，就是你！,
我们这儿正缺个好木匠。只要你肯出力，就欢迎你留下。,
奥斯雷德一得势，就把我家人连同孩子们全投进了地牢。他开了个我难以回绝的条件：要么混进埃塞尔雷德那边，替他奥斯雷德当奸细，要么我的孩子们就在那潮湿的地牢里长大。,
愿神保佑你们，维京人。,
总之，我们方才说到哪儿了？哦对！,
我们得缝制船帆。我去问问达格海德和她那帮姑娘们能帮上什么忙。我还需要些新工具——我师傅传下的那套早已磨损老旧，落后得不成样子了。,
务必准备好干架。,
埃塞尔雷德一弹响指，一个身着异国华服、仪表堂堂的男子便趋步上前，手捧一柄入鞘的利剑。,
我们终于出发了。照着我们从前的梦想。,
回去见考斯坦丁，让基利安担任他宫廷的宗教顾问。,
恕我直言，这已不仅是信任与否，甚至不是意愿与否的问题了。,
这儿真是个生火的绝佳位置。,
此话当真？,
快来——看来战斗结束了。埃塞尔雷德擒住了奥斯雷德。,
在城墙外找到斯卡拉格里姆。,
那些彩绘蛮子？,
喔——正中肋骨之间！,
艾菲的样子像是被一道闪电当场劈中。,
妈，我实在受不了了。,
我那帮兄弟如今全被漂泊之心给卷走了。这事儿说来实在难受。,
凯蒂尔紧盯着那堆东西。,
然而，他浑身上下最惹眼的，还得数那把胡子。那派头，简直像是只有约顿巨人的脸上才配拥有的。活像是有头熊爬上去，就此倒毙在他下巴上。,
艾菲紧挨着个摆满精致陶器的小摊，朝守摊的姑娘点了点头。,
远不止如此，这简直是巨大的成功！我们在此地建起了一个兴旺强盛的氏族——一个连耶灵都足以抗衡的氏族。,
请尽快抽空回一趟斯克恩，去看看比约格迪丝。,
跟咱们自己那[i]尼兹尔[/i]木杆差不了多少。顶多也就多匹死马的差别。,
那我祝你走运。等你回来，我保证你的犒赏一准备好。,
成千上万胆敢反抗传教士的人，正死在法兰克人的矛尖上。,
这么说，你就是诺托尔夫。有人让我来找你。,
并非我带你来此——这种事，还轮不到我来办。是[i]恐惧[/i]，是恐惧把你带到这儿来的。,
你倒是给我个自辩的机会啊？！,
那是木头做的，不值什么钱。可那是我爷爷亲手雕的……求你了……,
既然你在这儿待的工夫都够见着格里穆尔夫了，那想必斯库勒·碎颅者你也见过了？,
……说着，她点了点头。,
考斯坦丁若有所思地捋着胡子。,
你叹口气，站起身来。溪水拍打着船板，啪嗒作响，引你望向那条被拖到半搁在溪岸上的小艇。,
我不知道那间谍是谁——要是知道，我早一刀捅穿他眼窝了——但我知道他的接头人是谁。,
{随他们去吧。},
这事儿，就没我说话的份儿了？,
这儿不止咱们。,
陛下，我恐怕要说，我对此深感怀疑。依我的经验，默丁的学问，几乎称得上是无穷无尽。,
地底之民的报复，就要落到[i]咱们[/i]头上了！要平息他们的怒火，[i]只有一条路可走[/i]。[i]血祭。[/i],
老人连咳了好几声，而后直勾勾地盯着你的双眼。,
{放他走。}跑，跑得越远越好，再也别在这地方露面。,
{动手。}计划有变，伍尔夫西格。,
[Healer:Name]轻手轻脚地检查着[Stuck:Name]的胳膊。,
嚯，还真有人以为能在这儿藏个陷阱。,
真高兴你给我抓了个活的回来——我就知道康纳尔在搞鬼，只是不知道他究竟想干什么。咱们倒要瞧瞧，他能不能活到老实交代的时候。,
沿木板路走着，一个幽影般的轮廓叫你猛地定在原地。那艘船，那艘将突袭者们载到斯克恩来的船，就静静泊在码头边，那轮廓，绝不会认错。,
什么庭？我不认丝你。请你马上离开。,
就来过一次——去年夏天。他带着三条船来的，满载着木料、肉、盐和别的补给。看起来，他跟和平者贡纳尔的那船弟兄处得还挺热络。,
我师父造下那条船的时候，我还只是个毛头小子。我这辈子都梦想着，有朝一日自己也能亲手成就这般杰作！,
哪儿就成了废墟啦！埃奥福尔维克所遭受的破坏，没有哪处是没法修复的。新归附的臣民们或许还没爱上你，但毫无疑问，他们已经打心底里敬你。,
听说你要走了。我想跟着你。,
我会待你如我心腹！就如同我待格蕾妮一样。,
你跟艾菲处得如何？,
农夫的首领再度朝你开了口，那副神情，活脱脱像嘴里嚼了什么咽不下的恶心东西。,
有人让我把这个转交给一位年纪轻轻，却历尽艰辛的斥候。我就这点凭据，旁的线索一概没有。,
给你——他让我把这东西交到你手上。,
是维京人！,
[Ally:Name]轻蔑地嗤了一声。,
笑意牵动了他那满是胡茬的脸。,
搓澡的日子就快到了……真等不及把头发丝儿里的咸味全给洗掉喽。,
吾名[Player:Name]，乃[Player:Father]之[Player:son/daughter]，诺森布里亚与皮克塔维亚的征服者。,
你在这做什么？,
何苦要在敌人料定之时动手？倘若咱们能让这帮人以为咱们是来修好的，说不定就能趁机摸清地形，待日后占了上风，再拣个好时机打他们个措手不及。,
他啐了一口。,
我们不过是出来看个日落罢了，你个呆子，能不能别再扯上我爹妈了？,
那东西，你怎能说拿就拿！,
斯泰因耸了耸肩，一脸歉然。,
你也是。,
我发现了个陷阱。咱们遇上的，是一帮子下作胚。,
说真的，有一阵儿确实吃紧，可后来他们的阵线哗地就垮了。那档口，准是你们截断了从考斯坦丁厅堂发出的号令。,
维京人回来了。拉希尔的诅咒还笼罩着这座城市吗？,
你会接受这场决斗的结果吗？你必须把斯克耶恩的统治权交给我。,
跟我说说哈夫丹之子吧。,
出来采食的时候，我尽量避开这片林子。,
一群衣衫褴褛的皮克特人从你四周冒了出来——有些明显是训练有素的战士，另一些则像是匆忙拉来的庄稼汉。显然，这会儿没人有心情说话。,
杀了康纳尔·马克·泰格。,
好了，就让它那样搁着。剩下的，时间和睡眠会料理好。,
我们得先收拾残局，让所有人都老实听话。然后，还有皮克特人的账要算。,
你默不作声地洗完了。你注意到阿斯莱弗的目光频频落在你身上，可每当你望过去，他就立刻别开脸。,
外交不是你的强项，对吧？,
不。,
我试过拦住他们，可他们人实在太多了。,
抢劫的已经走了。,
康斯坦丁想把皮克特各部统一到他的旗帜下，第一步就是安抚最后那几个异教氏族。你本身就是异教徒，这件事你来做再合适不过。,
除掉邓弗里斯的诺森布里亚人和皮克特人。,
怎样才能得着这种许可？,
看来镇上来了个新商贩。,
你这是怎么了？,
[i]不。[/i],
恰恰相反，我亲爱的[Player:男人/女人]。要拿下恩巴尔德，你恰恰是我们[i]最需要[/i]的人。,
你已经输掉了争夺不列颠的战争，缔结强盟的希望也彻底破灭。不过，你若至少为族人带来了繁荣，或许还能在阿尔庭上为自己辩白一番。,
敬酒的呼声在席间回荡，每个皮克特人都向你举杯，祝你身体安康。,
愤怒的泪光在她眼中闪烁。,
还有一件事：千万别带着一大队人马闯进去，那非惹人注意不可。,
我想听听你对我手下其他侍卫有什么看法。,
我看不出还有别的路可走。,
兰薇格耸耸肩，宽松的裙服瞬间描出她身上的女人线条。,
好好待艾菲，听见没有？你要是轻慢了她，我就当你是瞧不起我们整个皮克特文化。,
真不敢相信这是真的——我居然成了诺森布里亚的[Player:国王/女王]。,
回家。我们回家。,
劫掠者的身影刚从视野里消失，廖特尔便从吞没村庄的浓烟中钻了出来，伸手将你拉起。,
谦虚也不是你的强项，是吧？,
多谢了，可我只怕会拖慢你们。,
回应他的，只是一声轻蔑的哼声。,
你落了座，鼎沸的人声却丝毫没低下去。你向侍卫们打个手势，让他们握紧船桨，把船划进海湾。不多时，[Shipname]那优雅的船身便划开水面，稳稳地朝不列颠群岛驶去。,
但愿凯蒂尔平安无事。,
那纠缠着你城市的怪物到底是什么——莫非是芬里尔的后裔？,
你过去告诉我，我不必改变自己，可我始终甩不掉那种感觉：你那么说，不过是因为你是我的[Player:哥哥/姐姐]罢了。,
怎么样了？我跟你说的那些事，你去向毛科林对质了吗？,
这看上去是皮克特人的手艺，没错吧？,
她眯起了眼。,
呃……怎么了？,
他叫你献祭了吗？,
我们会替你寻个住处。至少眼下，能让你先离开这猪圈。,
我是来寻找贸易伙伴的。你愿不愿意坐下来喝杯蜜酒，谈谈条件？,
{攻击他们。} 我就怕你会这么说。,
你俯身凑近其中一具尸体，那光芒越来越亮，直至淹没了你的整个视野。你双眼一片白茫茫，手臂上寒毛根根竖起，慌忙往后退去。,
该死的蟊贼！你们闯进我们祖先最神圣的地方，现在居然还有脸[i]不当一回事[/i]？！,
在抽泣与擤鼻的声响之间，一句回答含混地冒了出来。,
找个僻静些的地方和瓦达谈谈。,
待到下次阿尔庭，他就要从西古尔德·赫林格手里，把我们氏族的控制权夺过去。,
上前,
你也许该重新掂量一下你的计划了。,
我试过了！他们根本不讲道理。他们是利奥费格的孩子，就住在一处偏远的农场上，一贫如洗。,
在那种情急之下，手里还握着剑？我可担不起这个责任。此事就这么定了。,
我想让你收下这个护身符，那是我母亲留给我的。既是想谢你，也算为我从前那样混账赔个不是。,
我能做些什么，让这事好办些吗？,
我跟你说，我对巫术可是略知一二。,
我本来还指望你能帮我一把呢……,
请问，田庄在何处？,
我就知道你会有兴趣。,
你是说奥克尼群岛？你以前遭过袭击？,
埃尔林厄！领主驾到！[Player:He/She]把[Player:his/her]的亲兵都带来了！,
去街那头院子里的郡长西克加谈谈。他会跟你说明白的。,
他面无表情地瞪了你半晌。,
我在自己角杯上嗅到了大黄叶的味道。这家伙想毒死我们。,
[Lover:Name]在睡梦中动了动身子，喃喃地说了些宽慰的话。[Lover:His/Her]的手在黑暗中摸索着，寻到了你的手，虚弱地握了握。,
就是这帮狗崽子害死了格里穆尔夫叔叔！咱们报仇的机会来了！,
听听[Player:him/her]的话吧，想想这事会让我们落到什么田地。塔洛克！你清醒一点！,
我们是来捎个口信的。得留个活口回去，把我们在这儿干的事传出去，那才管用。,
无所谓。这儿不欢迎你们，你们要是不走，我们就只好送你们上路了。,
对付所有未经许可就闯进来的人。,
你要是改了主意，知道上哪儿能找到我。,
说下去。,
[Detective:Name]微微一笑，更加仔细地审视着那面墙壁。,
晚安，可敬的领主大人。,
都是些好人哪。我们管弗里德格德·切克叫母亲，就因为她脸上那道疤。这村子里，没哪个男人没在弗里德格德手下栽过跟头、被她揍得屁滚尿流。,
这趟征程凶险四伏，每个人都必须能独当一面。,
那就与神同行吧——管他是我的神还是你的神，哪位更眷顾你就跟着哪位。要不两个都信也行，只要他们容得下彼此。,
所以这地方对商人来说本是块宝地，只是最近，呃……竞争变得有些激烈了。到了这上边，根本没人跟我争，所以我混得还挺好。,
{给予500财物。} 我收下了。,
你肯定想听听我要说的事。,
槲寄生、毛地黄、婆婆纳……就算迷失在这片林子里，我也心甘情愿。真想知道，那树木之间究竟交织着怎样的古老秘密。,
这把斧头宽大的斧刃划破空气时，发出一种令人不安的尖啸。它曾属于阿玛尔，一个身形巨硕的可怕男人，曾在里伯附近的沼泽地一带为非作歹。,
{放声大笑。},
洞穴里陷入一片死寂。村民们的目光都死死盯着他们死去的堂亲，而你的扈从们则满脸惊愕地瞪着[Sniper:Name]。,
我终于算是赢得你的全力支持了吗？,
他们竟把她丢在这儿等死！,
愿它能为你尽忠效劳！现在，快去吧——去找利奥弗里克，他正需要你的帮助。,
你究竟是谁？,
斯基恩的领主[Player:Name][Player:Lastname]及其麾下勇猛的战士们，为这个王国立下了汗马功劳。鉴于此，[Player:Name]，我立誓支持你征战日德兰。,
瞧瞧你们这一个个的，凶神恶煞，一副外邦人的模样。是来洗劫我这穷老婆子的家吗？我警告你们，我的狗可比看上去要凶恶得多。,
我非带走它们不可。那些猎人哪里懂得……为了安全，这点代价不值一提。,
我们不是来这儿耍嘴皮子的——亮兵器吧。,
真抱歉把你卷进了那摊子烂事里，[Player:Name]。咱们得改日再叙了。,
弗拉恩格尔？,
那里面可有人哪。,
我也在为那位主教效力，你可知道！事情了结之后，可务必得回来见我。,
哦，嗯……这个嘛。容我细想一下，我听说在上游做陶器的那个姑娘苏森，跟凯尔特拉姆有那么一腿。,
{出手攻击他。},
我们遭人袭击的时候，你为什么袖手旁观？,
我早就该这么干了。,
我今晚会站出来挺你，是因为奥塔尔和他那几个兄弟做得太出格了——我们家族的风气，可不是在醉酒斗殴中自相残杀。,
深夜，你被一阵厮杀声猛然惊醒。,
恭祝安康，远道而来的陌生人。,
那宝藏是我们放在这儿的！拿开你们的脏手，别碰它！,
哈！这等好事，我怎会推辞？你竟能击败我的手下，身手着实了得。我愿与你携手，并肩而战！,
{攻击他们。},
可曾到过耶灵？,
那还远远不够。,
我从不把狡诈算作自己武器库里的一件，但一名战士，即便[Player:他自己/她自己]不屑使用，也得对那些手段心里有数。,
去远征？我不会拦你，但我给你父亲的警告，对你也同样适用：要是惜命，就老老实实待在熟悉的地盘。,
这消息糟透了。那群基督徒像是铁了心，要么让所有异教徒改信他们的那个上帝，要么就赶尽杀绝。,
你认出了埃迪丝眼中那抹光芒，那种你打小就熟悉的亮光。,
你在冰面下发狂似地拼命游着，四处寻找出口。终于找到了那处冰洞，从水里探出头来，大口大口地喘着粗气。,
你原路游回去，重新浮出水面，迎面便是扈从们不以为然的目光。,
要记的太多了。劳驾，再说一遍。,
现在，我终于能腾出心思，料理一件困扰我许久的事了。宗教。,
奥塔尔转身背对着你，已经迈步往外走了。所有宾客都把目光投向你，满含期待。你母亲凑过来，在你耳边低语。,
我对罗慕路斯那套不怎么感冒，但这是我头一回感觉自己有了真正的归属。,
你抛弃了他？！,
那明智吗？我们的目标是国王大厅——那场架，可在相反的方向。,
可是——！好吧。当然。继续走。,
直接敲掉就好。拿着没事，那玩意儿效力发作得很慢。,
你不知道。说不定他们都还活着！别让事情不可收拾，真见鬼！,
这附近谁卖药草和药品？,
他想尖叫，想咒骂，却只从嘴里咳出一股黑烟。你船队里的一伙维京人就在不远处，把一切看在眼里。他们走上前，把这个抽噎着的狼狈家伙从地上架起来，然后拖向悬崖，去执行你的判决。,
{离开。},
一种加了特殊草药酿的酒。你难道……昨晚上没快活够吗？,
少操那个心，告诉我们怎么去那儿就行。,
愿它经久耐用，为你好好效力。,
一旦拿下这城，控制诺森布里亚全境不过是清扫残局罢了。再说一遍，犯不着让您这样的人物掺和进来。,
埃德加见你从没听说过他的家乡，脸上顿时掠过一丝沮丧。,
太棒了！,
我的[i]英雄！[/i],
他们收住牢骚，看向你。,
前往埃奥福维克，投身攻城战。,
阿斯雷夫后退一步，给你片刻喘息，好从他刚才那一击下回过劲来。,
这人你以前没见过，准是新来的。,
{撒谎。}你的角杯快见底了——我正打算给你满上。,
[喊叫者:Name]飞快地把一条毯子裹在[落水者:Name]身上。[落水者:Name]牙齿打着颤，没命地向你道谢。,
在沼泽地里，东南方向。找一棵树干上生着片片黄绿霉菌的树。把树皮带给我，我就用它给你配解药。,
向罗慕路斯致敬！掉头吧，旅人。这座礼拜堂只对军团士兵开放。,
他根本没来见我！他准是改了主意——兴许是他们劝、劝他留下来了。,
说得好，谢啦。,
在他身后，两个同伴交换了一下疑惑的眼神。其中一个耸了耸肩。,
他觉得你向教会缴什一税可能有些难处。他让我们转告你，若当真如此，哪怕你漏掉一两次捐献，主也会垂怜于你。,
我相信你。大伙都信你。,
当然，[Player:领主/领主夫人]。不敢耽搁您。,
哈！那是我为族人偷的，早就没了！那东西让他们一整个冬天都吃得饱饱的，身强体健。,
他重重一巴掌拍在格里马尔肩头，差点把那人横着拍进酒水里去。,
爸——爸！他们想偷！,
那可怜虫甚至没看清是什么打中了他，眨眼间便不省人事。等他醒来，准会头疼欲裂。,
这儿没人。,
她目光茫然地望着空中，心不在焉地咕哝了一句问候。,
一条珍珠项链，核心坠子便是那枚银质大奖章。你不认得上面装饰的异域纹样，但这镇上肯定有人认得。,
{攻击。}那就来试试咱这份好运吧。,
这段日子大家都不好过。我很高兴总算熬过去了。,
内菲亚加入了你的队伍，手中的[Shieldmaiden:武器]早已紧握。,
这事儿我能摆平。,
内菲亚若有所思地环顾着现场。,
当然，等这些石像在灵性上被涤净之后，还得实实在在地清洗干净。这活儿相当磨人，不过嘛，不然学徒是用来干什么的。,
壮观极了，不是吗？真想亲眼看看它原本的模样。那些罗马人，真懂建房子。,
这提议很慷慨，你的关心也值得称道，但这远远不够。我们人数众多，在圣罗穆卢斯引领我们找到新的敬拜之地前，或许还要漂泊数月。,
没错。斯库勒领主在盛宴上提过他与考庞的渊源，可眼下却横空杀出一伙北方人，突然袭击我们……,
支持这个村庄，将是一步险棋。不过，此举定会同时招致皮克特人和诺森布里亚人的不满。,
埃奥福尔维克的贵妇凯尔给了你这件东西，作为你替她归还那些曾赠予旧情人信物的谢礼。,
你的敌人沉默着迎来终结，那双凝固的钢灰色眼眸凝望着天空。,
你觉得内菲娅这人怎么样？,
你叔叔右拳猛击左掌，发出一声脆响。,
他的目光从你身上扫过，逐一打量着你的每一位侍卫。,
赫拉弗迪娅·戈德维夫派我们来帮你穿过城墙。我们的计划是充当诱饵，声东击西。,
我没有。,
戈特克维尔德，尊敬的领主大人。,
{放了他们。},
{喝下去。},
我早跟你说过了，就你这名声，我实在没法心安理得地给你和你的人配备装备。,
……所以，给我带瓶新鲜牛奶来，亲爱的，我为你熬一帖药。,
他身体前倾。,
琢磨那些野心家的阴谋诡计，正是女巫的分内之事。,
出什么事了？,
唉，说到好奇心——艾菲请求我允许她与你同行。我告诉公主，她想做什么都行，随她去吧。,
我不是他们一伙的，更不是那教派的人。这里无论发生什么，我都想置身事外。,
我需要有人帮我应付一场决斗。,
凯尔特拉姆压根儿没露面。他有跟你说过要去哪儿吗？,
我在森林里撞见一群旅人，正扎营露宿。我看不清他们有没有带武器，所以还是暂且躲远点为妙。,
你上次不过是走运。若是觉得我那么好欺负，那就再来试试！,
没什么，算了，当我没说。,
既然你这么想，那就走吧。滚出这里。,
我先听听你的需求，再决定帮不帮。,
内菲娅拧着面孔，做了个不悦的鬼脸。,
他怎会生出这种想法？我们自会一如既往地缴纳税贡！,
好吧，惹恼了你我很抱歉，但比起死人，我们活人更需要这些财宝。,
谁是“我们”？你又是谁？！,
你是个可敬的对手！,
我几乎没怎么费心。我们计划的风声早已传开，事情便自然而然发展至此。,
这附近的人都相当迷信。若我没记错，他们相信那条河里住着个叫珍妮的河妖。,
我可不是临阵退缩之辈。我们绕远路走。,
我敢肯定，你能明白你父亲为何被此吸引。他曾打算由此地向正西横渡大海，寻找那片据说富得流油又疏于防备的乐土。,
他已被流放。你如今自由了。,
{离开。},
一群暴民聚集起来，要对一个农夫施以私刑，罪名是有人在埃奥福尔维克撞见他向异教神祇献祭。若无人前去搭救，他必死无疑。,
那就祝你调查顺利吧。多半只是一群哗众取宠的强盗罢了。,
准备,
我的大军已向皮克塔维亚进发。我们据守着哈德良长城，定能以逸待劳，迎面痛击敌军。,
告诉我：你究竟打算如何治理我们？,
既然禁卫军让你进了这座礼拜堂，那依我看来，你就是我们自己人。,
这边近来发展势头还真猛。,
康斯坦丁朝一名仆从招了招手，那仆人立刻又奉上一满盘财宝。,
你唯有竭尽全力了。我不会对你弃之不顾的。,
去赴那场胜利盛宴，为你的背叛铺好路。,
听着，我们不能耗在这儿了，他们显然不打算付钱，强逼他们又毫无意义……,
遵照瓦莱里乌斯的法令，唯有罗穆卢斯的信徒方可入内。,
[玩家：维尔科明（男）/维尔科明（女）]，欢迎来到赫尔海姆。,
我们只是一群时运不济的旅人罢了。我们不图你什么，求你了，别来打扰我们。,
{攻击。}既然你想这么玩，那就放马过来！,
你没事我很欣慰。,
你说得一点没错。,
你们这对野鸳鸯，干嘛不找个地方亲热去？,
你现在感觉如何？,
说吧，康纳尔，把你之前干的好事，一五一十告诉国王。,
那大汉伸手按住他的肩膀，他终于像是下定了决心。,
所有人都盯着阿斯莱弗，满脸难以置信。那金发战士只是耸了耸肩。,
好吧……至少这整件事没捅出什么娄子。多谢你告诉我你的发现。,
也许我们稍后再处理那件事。眼下，我得决定怎么对付那些“强盗”。,
我相信自由是每个男人和女人与生俱来的权利。,
我们生来就是为了侍奉阿尔比恩之王。,
破甲斧,
谢谢你。谢谢你。真的太谢谢你了。,
如果你需要武器或盔甲，就得找个装备更齐全的铁匠铺。里伯的老汉纳尔有个不错的铺子，你提出的任何活儿，他应该都能接。,
{搜刮。},
好极了！现在咱们这边有维京人了！伙计们，打破这僵局吧！,
我根本没法子[i]说服[/i]米尔丁，那人都活了一千年了！他怕是早在百年前就拿定了主意，我又能怎么改变得了？,
单看这地方的样子，至少他死得像个真正的战士。,
[i]放他娘的狗屁。[/i],
莫尔坎特坐在泥泞里，脸上挂着茫然的表情，失神地抬头望着天。,
那我们算是达成一致，让事态先这么发展下去了？,
很荣幸见到您，西古尔德王。,
大约十三冬之前，马多尔和她的兄弟阿萨起了纠纷。起初人们以为是哈夫丹的兄弟杀了他。,
我欠你份人情。,
你双臂紧紧抱住[Victim:他/她]，双脚猛蹬浸透水的湖底，借力向上浮去。,
拜托了，[Player:Name]，请好好待我的家人。他们与这事没有牵连。他们会对你忠心耿耿，农场在他们的操持下会兴旺起来的。只要……保他们平安就行。,
我们俩都陪你回珀斯去。这至少是我们能做的。希望你的国王能因为你的这些奔波，给你比我们更好的奖赏。,
你一直是个糟糕透顶的指挥官，奥斯雷德，你同样也是个懦弱的国王——要么没胆去做必须做的事，要么根本就不愿去做。,
大概正像他那种懦夫一样，躲起来了吧。我倒希望夜里能有狼群把他叼了去。,
可倒霉的是，你压根没法离开，因为门口正挤着另一个人要进屋。,
我明白了。好吧，这还真是……一种非同寻常的见解。,
就依你所言。一路顺风，维京人。,
嘿，[Player:Name]。你要是在找老妈，她在外面——听那动静，好像正跟一只鸡打架呢。,
贡纳尔咧嘴一笑，透着股凶狠，你几乎能听到他那双厚实的大手紧握兵器木柄时发出的声响。,
就你，还想打败我？可笑至极！,
你到这儿来想干什么？,
你必须信我。,
从斯卡伯勒凯尔的“诗人”那儿弄到仙环。,
这一刻，我已经等了太久太久。我感觉，整个世界都匍匐在我脚下了。,
{给我仔细听着。},
这招能行。我敢肯定。,
我看你那份骄傲，也是从他那儿一并继承来的吧。,
你和你手下的扈从们收拾起营地最后残余的物什。火势现在已经逼近得能让你感受到那股灼热，浓烟更是呛得人几乎无法呼吸。是时候开拔了。,
噢……多漂亮的光啊……就在那边，远远的。,
终于，他听到了号角声。,
为未来干杯,
他抬起一双满是阴郁的眼睛，迎上你的目光。,
我十分确定。你得留在这里。,
那场仗，为的是那老头的儿子们，对不？我一听说他们干了什么，就知道这事儿迟早会发生。,
君子报仇十年不晚,
那一夜，篝火旁的气氛，往轻了说，也是沉闷到了极点。,
这可是在偷雅尔的东西，[Player:Name]。不会有好下场的。,
对法兰克人发动攻击，这招太容易料到，也太过温和了。我们此番表态，必须足够令人震骇，得让那种恐惧直刺进每个基督徒的心底。我们必须让他们亲眼看见，他们的上帝根本保护不了他们。,
一旦诺森布里亚人发现我们突了进来，他们立马就会发动反攻。要是你能拿下这座城，我们就开进去，帮你钉死在这儿。,
我总以为……我会……死得其所……,
还有——给。把这个也带上。你们也许是一群肮脏的野蛮人，但眼下看来，倒像是上帝他老人家派来的肮脏野蛮人。,
赫约迪丝没有答话。她紧紧锁住你的目光，盯了好一阵子，然后只是点了点头，转过身，走回去向她女儿和儿媳通报这个消息。,
将间谍信物出示给一位“和平时的营生是打铁”的斥候看。,
{命令你手下一名扈从杀掉那年轻男子。}就让那女祭司见识见识，我们能有多残忍。,
那……真是太可怕了。她的家人会心碎欲绝的。,
她点了点头，脸上明明白白还带着怒气。,
[Conqueror:Name]说得没错。我们必须确保皮克特维亚和诺森布里亚相互厮杀起来。同时，我们就在奥克尼群岛厉兵秣马。,
我不知道。兴许是吧。,
万一她尖叫起来怎么办？那他就会听见了。,
好了，事情就是这样。整个王国正被沿岸的劫掠者搞得焦头烂额，那个蔫儿坏的康纳尔·马克·泰格又死死咬住我们的脚后跟不放……,
鲁里克的声音里透出绝望的颤抖。,
一枚熊爪做的小玩意儿。看上去年头不短，值不了什么钱。,
这可怜的家伙得先灌碗热汤，再铺上三层兽皮，才睡得安稳。,
{告辞。},
商人疲惫地点了下头。,
这闹的是哪一出？我估摸他们是去请人了。兴许是找个通译？明摆着是要我们在这儿等着……,
我虽不至于把话说得如此刻薄，意思倒不差——厄林格这些年来一直是个让人头疼的麻烦。他一死，倒是了了一桩拖了许久的旧账。,
{饶他一命。} 你小子打得不错。我饶了你，只要你带上家眷离开此地，永不回头。,
我原没有资格要你付出这么多，可你还是帮我扛了。这份情，我这辈子怕都还不清了。,
但圣父、圣子和圣灵，怕是不算在内吧？,
海洋的召唤,
回村去。要是那学徒还活着，我们就换带他回去。,
你父亲每次出征他都去了，你也清楚，他是个强横老练的好手，只是惯常独来独往罢了。,
他纵声大笑起来，笑得分外真切。,
你听我说，既然冥冥中把你带到了这里，咱们做笔交易如何？,
你亲昵地拍了拍内芙娅的肩，从她身下泥鳅似的溜了出来。那盾女只是咯咯一笑，任由自己沉回到木头上。,
这一刻，够我活着的时候拿来嚼一辈子了。,
你在珀斯可真是闯出名堂了。如今他们都管你叫豪杰，把你和格蕾妮相提并论！你要什么，我统统按本钱卖你。,
阿妈，我爱你。我一定回来——我向你保证。,
兄弟俩还在摊位前忙活，收拾归拢着货品。照旧是埃德加上前来招呼。,
你走上前时，比尔德正叉着一捆干草忙个不停。他已值壮年将尽，头发剪得短短的，一把胡子倒是拾掇得挺讲究。,
她觉得咱们的首饰沾了诅咒。,
行，可要是奥斯雷德领着全军人马杀过来，把大伙儿全宰了，我定要变个报丧女妖回来，蹲在你耳朵边上尖叫一辈子。,
再说吧。,
来，我比给你瞧。,
内芙娅一缩身闪回墙角，探出脑袋往走廊那头凝神张望了好一阵，才又抽身回来。,
我并无发兵入侵的打算，但你的忠心，我仍感激不尽。,
我先把话说在前头，我提出这主张，是出于对西海岸和斯基恩河一带安危的深切忧虑。,
我——什么东西？你早把他宰了？,
{灭了他们。} 正巧，我们就是来收拾你们的！,
{将他儿子那残缺不全的尸身扔到他面前。},
你知道我不可能这么做。我立过誓，职责就是守住埃奥福维克。只要我一日握守此城，你就休想从这城堡踏过去。,
击溃埃塞尔雷德，洗劫埃奥福维克的大教堂。,
我待你种种不是，那便是最初的一桩。,
有船在夜里拢了岸，劫掠者正在你们的村庄里大开杀戒。,
你是怎么摸到我们的？,
[受害者：姓名]的脸因窘迫涨得通红，可那愈渐明显的不安神情，分明在说这事恐怕远不止折了面子这么简单。,
{什么也不做，听天由命罢。},
可我们反倒在你教堂里干坐着耗日子，成天提防着到处乱窜的劫掠者。都落到这地步了，你总不能还叫我们乖乖闭上嘴吧！,
你们若执意要去攻打邓弗里斯，想夺下那镇子，只管去试。你们会和我们一样败下阵来的。那地方守得像铁桶一般，遍地都是陷阱。,
莫尔坎特的目光在你浑身上下扫了一遍，并无半分猥亵，倒像是要亲自确认一下，先前自己没瞧错你那胸脯子。,
考斯坦丁微微一笑，总算是暂且满意了。,
求你了！[i]求你了！[/i]求求你。,
她彬彬有礼地点了点头，目光却直直穿透了你，心思早不知道飘到哪里去了。,
我敢肯定，等咱们往谈判桌前一坐，他准会把这事牢牢记在心上。,
袭击来得猝不及防。一场精心策划的伏击。,
那是自然，能帮上忙我素来乐意。你是国王最信得过的人，我甚至可以便宜些卖你。,
那个挽弓的年轻人……是这一带的人吗？,
我翻出了阿爹当年的旧徽章。你收着吧。,
走，去瞧瞧丹尔提过的那个暗门，看能不能寻着。,
你支起身来，就瞧见罗斯克瓦赤条条地坐在水边一块石头上，双腿交叠垫在身下。,
我肯定那声音来自屋内，可当我点亮蜡烛时，鸟却不见了——胡尔达也不在床上。,
内菲娅用胳膊肘捅了捅凯蒂尔的肋间。,
我们就要从那道门进去，不管你们乐意与否。,
我要与他公平较量。,
我们当然该继续往前走。这儿绝对安全，完全没有陷阱。我发誓。,
你对莫尔坎特作何感想？,
他斜眼瞟向一旁的守卫，那人正眉头紧锁，以极度怀疑的目光注视着事态的发展。,
他耸耸肩，强装出一副无所谓的样子。,
终于是时候了！约维塔将引领我们走向命定的前程！,
这事还没完。,
[i]你[/i]杀了和平者贡纳尔？那个巨人可是命丧于——简直让人难以置信。倘若此话当真，那我看天下女子中，恐怕无人能与你比肩了。,
谢谢您，神父。若有所需，我们会告知您的。,
既是贵方国王安排此次会面，就请阁下先提出贵方心中关于结盟的条款吧。,
武器和盔甲？你在这附近名声不错，所以我乐意接你的活儿。你具体需要什么？,
我叫[Player:Name]。你就是那位女巫吗？,
离开海边木阵时，老妇人的哭声紧追着你。四周那些尚未逃散的皮克特人，只能带着徒劳的愤怒瞪视着你。,
等等，不。我不想知道。你若来此是为见我，我现在得空。,
哦，当真如此？是在萨克森以北吗？听说你们那边有巨人，可是真的？,
半梦半醒间，你恍惚看见赫罗德盖尔达正向你俯身，嘴角挂着一抹歪斜的讥笑。,
一个身形魁梧、下巴上带着一道锯齿状爪痕的男人跨步上前。他打量你和同伴的目光，恰如猎手在估量猎物。,
哟，这可真是难得。当地的小娃娃们出来玩耍了。,
马格努斯笑出了声，随即便后悔了——他的伤口因此又绽开几分。,
由于基督教的缘故，他们不信任我——而我这脸上纹的那只巨大的战斗乌鸦，显然也没能弥补这一印象。,
那伤口可不容易愈合。,
看来我们要——维劳格，不要！,
这位是来自丹麦的[Player:Name]。无论烧毁你父亲家宅的是谁，[Player:他/她]都与此事毫无干系。,
你被一个幻影定住了脚步。长屋外站着一个几乎难以用言语描绘的男人。,
死了？！等等，该不会……不是个年轻女子吧？她是否穿着一件黄红相间的绗缝外套？,
库斯雷德望向他的同伴，两人都示意喜爱这个主意。,
胡尔达最后那几年，随着神志日渐昏聩，和她一起生活想必是种折磨。我很庆幸你允许她加入——她本应享有一个更好的归宿。,
安全地带走你的战利品，离开此地。,
在你们起身返回海滩之前，内菲娅再次拥抱了他俩。一路上，她数次回头，朝他们二人开心地挥手。,
不！,
我猜想，有人踉踉跄跄地往河边去了。,
他的脚漫不经心地在雪地里画出一道月牙痕。,
[迷信:Name]压低嗓音，语气中满含焦虑。,
真是清静的一天。,
他不屑地嗤了一声。,
哦，那可真是件宝贝！我铸了一把剑来试新装备。喏，归你了——就当是我得了新工坊，给你的谢礼吧！,
那我们也得对付任何过来的人。能指望什么，一帮庄稼汉？他们一瞧见咱们，保管又掉头逃了。,
我绝不同意。主动将东西还给奎恩他们，否则我们就[i]逼[/i]你们还。,
我眼前的光芒如此美丽。,
处决他们。,
是的，从前我并无机会步入这栋屋子。,
她哧地一笑。那是真正发自肺腑的、小姑娘般清脆的笑声。,
她抓挠着自己的手腕。,
你们先行一步——我们随后便跟上来。,
那年轻人像是受了一惊，脸上掠过一丝不安的神色。,
能在正经场合说的倒没什么。他简直自命不凡到家了。,
他的笑容中并无恶意，只有心满意足。,
我[i]可没[/i]那么多银币。,
落败一方[i]可[/i]向胜者宣誓效忠，否则[i]其[/i]性命将被剥夺。若我二人中有人在决斗中倒下，他的尸身将安葬于此。,
{提供500贵重物品。} 我出25便士买它。对一个老旧的纪念物来说，这价不算赖。,
噢，杜布是我丈夫艾丹的弟弟。那杜布是个好人——头脑沉稳，总把自己的妻儿照料得妥妥帖帖。,
罗斯克瓦轻声与那位老妇人说着话。,
你和艾菲处得怎么样？,
向教会金库捐款倒是个好姿态——[i]对基督徒来说！[/i]但你提议的可不是虔诚之举，而是[i]贿赂！[/i],
别放弃！我不能现在失去你！我爱你！,
你花了一会儿工夫在小空地上追逐萤火虫。每次你以为抓到了，罐子里却空空如也。一只萤火虫擦着你的脸飞过，你朝它胡乱挥去，只是慢了半拍，手肘差点蹭到[Random01:Name]的脸。,
奥克尼远在北方，沿皮克塔维亚海岸而上，那是我的领地。我说欢迎你，你就自会受到欢迎。,
现在做那种筹划，还太早了些。,
不，不过……咱们心里记着这事——万一再撞见她呢。,
有那么一瞬，一丝笑容冲淡了他脸上的忧虑。,
是，我明白你在牺牲——,
你觉得凯尔特兰是不是出什么不好的事了？,
他现在外出了。已经……有段时日了。我不知道他在哪——他从不对我说。,
她舔了舔嘴唇，望向那些树，仿佛疑心它们正图谋不轨。,
奥斯雷德发出一声颤抖的轻泣。埃塞尔雷德的两名浑身是血的战士架起他的胳膊，把他拖走了。,
他把项链递还给你。,
他摇了摇头，然后……[i]咧嘴一笑？[/i],
回到海滩上那些劫船残骸的家伙那儿去。,
你往前走吧。我在这儿再坐一会儿。,
[Initial:Name]从船上跳下几英尺，双脚陷进沙里，手握兵器。,
啊，一棵落叶松。这能造出一艘让人赞叹的船——虽不及橡木出色，但胜在更轻，造出的船会比橡木的更快。,
要是照我的意思，凭你们犯下的罪行，我就把你们全都处死！,
凭你对疗伤药酒和调合物的了解，你很有把握，这树皮上小半边的霉，用来治艾芙拉的病都绰绰有余了。,
咱们去瞧瞧他们在国王大厅前头布置了些什么防御。,
一口气以一种古怪的方式从辛弗德体内泄出，发出的声响介于呻吟和哼哧之间。,
劫掠过后，你大可回去忙你手头的事。我会扬帆返回里伯，把结果禀告雅尔[Player:Name]。,
我知道他对你分量很重，所以我不说他坏话。他是个狡猾的猎手。我就说这么多。,
马尼的性子更温和些。他把一肚子狩猎的本事都教给了西格丽德。,
他清了清嗓子，看着有点儿发慌。,
真长见识。你打起来像你父亲。,
愿你健壮而又幸运！看来你们已经把自己拾掇舒坦了。,
我准知道你要提什么建议。,
我们遭到了一些……黑影的袭击。肯定是他们干的。,
你在这儿啊。我听说你往康斯坦丁去的路上被几场零星小仗拖慢了脚步。你挺过来了，这很好。,
买卖怎么样？,
你朝埃尔林格走近几步，像是想说些体己话。老人见你凑近，下意识地把身子往后靠了靠，大概觉出了你别有所图。,
我听说，打从上次谈过之后，你做了不少好事。咱们来说说你的需求。,
谢谢你。谢谢。,
嘿，呃……这地方出什么事了吗？,
行，我要搞砸了，记得准备好接应。,
瞧那些漂漂亮亮的红菇。,
是雅达尔派你来的吧？你要是来撵我们走，那可不管用——比你脑子好使的人都试过了。,
冥府女神之怒，未有绝期……,
是那样吗？,
他正带着从南边运来的那批惯常的毛皮往这儿赶。半道上，威利布罗德路过埃奥福威克，跟奥斯雷德的几个手下聊了会儿。,
鳏夫重重地呼出一口气。,
她打架比[i]任何[/i]男人都强——包括你在内。,
跟我说说：为什么纹这乌鸦？,
雅尔拉格希尔德点了一下头。,
呸！不过是想寻点帮衬罢了。,
就算她的目光要在那片草地上烧出洞来，你也不觉得稀奇。她把声音压低了，但仍把话稳稳地说下去。,
她笑起来，叫你毛骨悚然。,
那算什么意思？,
母亲在心里掂量着事态，脸上挂着鼓励的笑容。,
母亲把你拥进一个温暖的怀抱里，眼眶里微微泛着泪光。,
我们的工具和别的家什，能在你的营生里派上大用场，甚至你要用得着，回炉打成兵器也行。,
我的所作所为，无可饶恕。,
也许吧。你又是谁？,
难不成你觉得咱俩自己能攒出万贯家财？还不如回家去，好好为阿尔庭大会做准备。,
啊，没错，那条狡猾的老狗。这下我对这桩婚事是彻底没有疑虑了。我欠他一个大人情——只恨我只有一个女儿能许给他。,
冷静点，把盔甲和剑还回来，我就放你一马。,
诸神未免太过残忍……,
[Executioner:Name]满心不愿地拔出[Executioner:his/her]的小刀，照你的命令动了手。眨眼间就结束了。,
你把武器交给[VoiceOfReason:Name]保管时，[VoiceOfReason:he/she]凑到你耳边，低语了几句。,
你不走，我就没法回去见主教。,
他们的尸体正好用来献祭。与其烂死在这儿，不如派上点用场。,
她今天是倒了血霉了。,
我把他流放了。你现在归我了。,
很好。多谢，这样一来，往后也能省去不少不必要的麻烦。,
日德兰半岛。一个叫斯凯恩的小船区。,
贡纳尔的脸气得拧成一团。,
这是一便士。多了就叫便士。,
清冷的晨风拂过海湾，捎来了阵阵笑声和几声稀稀拉拉的喝彩——“说得好！”,
她拼命噙住泪水，不让那愤怒的眼泪掉下来。,
狼皮战士是干什么的？,
我失败了，母亲。我们到头来一事无成。,
昔日那棵粗壮的橡树，如今从当中炸裂开来，仿佛有什么巨力从树心里迸发而出。嶙峋的裂口处，木质化作了焦炭，蒙着一层白灰。树心深处仍有暗红的余烬在烧。,
{给予60份口粮。}我们手头有些富余的吃的。这些够你们撑一阵子，但等大部队开到时，他们就得自己想法子喂饱自己了。,
我办的差事，与你无关。我的心思，你自然也不必过问。,
猎人们多半都挤在营火旁。他们交头接耳地聊着，目光却总往两个人身上瞟：一个是下巴带疤的高大男人，另一个是围着毛皮领子的精瘦女人。,
我爱你。,
{好好打量打量这名斥候。},
{把说好的三千财宝份额全给他们。}拿着。我们到手的东西，分你们一半。,
她猛地挺直脊背，眯起了眼。,
跟……慢着，就等它妈的一小会儿。你一直都在玩两头通吃的把戏？！,
斯威辛最后一次被人瞧见，是往西南边的莱加塞斯特方向逃窜了。他兴许找到了靠山，要不就是拿手里仅剩的几个钱雇了保镖。,
你重新归队，领着大伙把隧道里的每个弯、每段间距都反复记了个滚瓜烂熟。等确认人人都烂熟于心，你们便一个接一个，纵身跃入了水潭。,
哈，反正我们也无处可去。在你出得起价钱雇我们之前，奥克尼群岛随时欢迎你。,
不得不承认……我倒开始有点儿盼着上路了。,
当真？你就这么饶了他？哼，好一条滑不溜手的狗崽子。,
{握住她的双手。}等等，我不是那个意思。你在我心里，分量很重。,
内夫娅和凯蒂尔站在你身旁，望着阿斯莱芙的朋友们划船送她回斯凯恩。,
出乎所有人的意料，祭司竟在外面恭候着你。卫兵们侍立在他身后，有他在场，个个看上去都警醒了几分。,
老人看着比任何时候都要苍老。一双枯手在身侧焦躁地绞个不停。,
我正在那里集结一支军队。,
队伍里剩下的人都留在原地，眼睁睁看着那群截住你的人，把你五花大绑拖进了古堡下的地牢里。,
是有点古怪，可心地很好。她说我让她想起了她母亲。当时我一时没反应过来，可后来琢磨着，她那话是在夸我。,
我知道他们那个氏族——跟我们这边，一向交好。,
大家七手八脚清点了好一阵子各自的装备，好在没发现有哪样损坏了。,
行吧，倒也算不上多意外。,
她先是嗫嚅着，声音细得根本听不清。后来，她身旁一个并肩作战的姐妹伸手按了按她的肩膀，给她鼓劲儿。她这才又复述了一遍，让你听个清楚。,
他勉力牵动嘴角，挤出一丝无力的笑容。,
{退后。},
谁管她今天倒不倒霉！给我毒药！,
连自己的土地都守不住，你就不配为王。等我来做你的[Player:君主]，一切都会不一样的。,
好是好，管个屁用，那群畜生压根不跑！我们冲它们又吼又叫，又扔石头，它们倒好，只是低吼着，开始围着我们打转。,
转念一想，应该出不了大岔子。姑且就按这个计划走一遭吧。,
我本来就打算付钱的！刚才不过是验验成色罢了。,
没错，这是个交汇点。看——看到这些石头跟远处山巅的对应了吗？它们之间流淌着古老的力量。,
一声深沉而颤抖的叹息从他唇间逸出。,
那位女祭司很年轻，比你大不了多少。一头金发编成精致的发辫，色彩明艳的长裙上绣满了繁复的宗教纹样。,
{检查铭文。},
我们那里克维，跟着商队的一个护卫跑了。丢人现眼。,
没时间了。让开，不然就死。,
铭文讲的是一位生着翡翠色长发的远古巨人。一条银蛇盘绕在他腿间，供他食用。按照这些符号所指，巨人双腿之下，埋着一把钥匙。,
他沉默地盯着你，看了片刻。,
问题问得要紧，可答案却没那么要紧。,
看得出来你脑子坏了，可放你走又太危险。只好把你关起来了。,
眼下我抽不出人手护送你。你若是留下来，我自然找得到你。,
黑暗直往眼里涌，可你还是飞快寻到了那个洞口，猛地从水里挣出来，大口喘着粗气。,
眼下我有更要紧的事。,
早知道你的嘴唇这么甜，我早就这么干了。,
这是慈悲——我可以向你保证。在你杀我之前，且听我讲讲我一直在找的那批宝藏。,
你主动提出来，帮胡尔达采些花，好给她配制那些药剂。,
康纳尔·马克·泰格派我来找凯尔特拉姆，有要紧的消息。,
那孩子连眨了几下眼，然后扭过头去，看向自己的父亲。,
……就这么把它拿走，说不过去。,
她不再转圈，只是怔怔地对你眨着眼，满脸都是不确定。,
女祭司回到神殿，手里端着一只盛了粉末的小木碟子。她把碟子递到你的面前。,
太好了！,
你寡不敌众，[Player:Name]——除非你打算爬着去找别的塞恩们求援。,
等等。,
我做好决定了。,
见你走近，毛科林硬是在脸上挤出一丝笑意，跟你打了招呼。,
{拔出你的撒克逊刀。}我好声好气地问过了。接下来，我可就没有这么客气了。,
那农夫捡起兵器，垂着脑袋走了。今晚，他的自尊给伤了个彻底，不过既已成了孤家寡人，也就不足为虑了。,
至于酬劳，腌肉也好，回收物也好，我都乐意收下。,
这事，我或许帮得上忙。,
等——等一下。先听我说完。,
您的荣誉，我哪里敢质疑半句。,
她把视线转开了。,
{展示长剑。}我也不想报这种丧气消息，可在离这儿不远的几具遗骸边上，我找到了这柄剑，上头刻着他的名字。,
是塔拉叫我来的。,
现在仔细这么一看，你还真像是个有钱的……伙计们，咱这一趟，怕是比先前想的捞得还要多！,
哦，可别为了我们就把他给丢下。你和奈芙雅要都不在，他非得活活闷死不可。,
[Leader:Name]透过牢房栅栏望进去，就见一个衣衫破烂的男人缩在墙角。他瞧着又冷又饿，一副营养不良的样子。,
英吉玛盯着自己的角杯，脸上掠过一道阴影。,
结束,
我们得走了。,
偶尔回来瞧瞧你在为什么而战，也挺好，不是吗？安安静静、太太平平的日子从来就不合我的性子，可家这东西有多要紧，我心里明白。,
得赶紧把他们解决掉，不然他们一搬救兵，这麻烦可就大了。,
我找个铁匠。,
他举起了斧头和盾牌。,
格蕾妮忍着疼，嘴角扯出一抹嘲讽的笑。,
行，什么时候改主意了，我随时乐意搭把手。,
有啥值得拿的没有，[Player:Name]？,
为了我的皮克特盟友，我自当尽力。,
我信圣灵，信圣而公之教会，信诸圣相通，信罪得赦免，信肉身复活，信永生。,
{拒绝交易。}要不，我们再商量商量别的。,
你那个愁眉不展的朋友，瞧着倒像是个认得出草药的。我挑的这些，她肯定觉得有用。,
血色霎时从[Killer:Name]脸上褪尽，[Killer:他/她]满是羞惭地转过身去，不再看你。,
你该去找市场上那位卖杂货的姐姐打听打听，她天南海北走过不少地方，见识广博得很。,
他点了点头。,
我会时不时来转转。,
我们不会笑话你的，里奥弗里克。格蕾妮说得是——你打得很好。,
这儿没人要你来！若不是你那肮脏的邪气作祟，我们的基利安哪里会死！,
欢迎来到奥克尼群岛。,
这儿有骨骸——是头鹿。,
她不是那样的人。她要能再好些，自然会放我走的。,
{这尸首，就留给野狼罢。},
斯威辛，因企图暗杀埃塞尔雷德的一名盟友，并致使一名卫兵丧命而遭通缉。他是奉奥斯雷德之命行事。,
来者何人？,
为这场侵袭，我们已经筹备多时了。让这帮岛民见识见识，我们维京人齐心为战，能有多大的本事。,
那你可真是走背运了。国王早被维京人掳走了。,
不得不说，我没想到你能有这番举动。这够我们吃上一周了。多谢了，陌生人。,
他叫西格蒙德。,
我求见达尔里阿达国王唐科尔克。,
是啊，怎么说呢……有他跟我们一块儿，我挺庆幸的。我们当然合不来，但他骨子里不算个坏人。这话你可别跟他提，这还用说。,
[Random:Name]点了点头。,
那人在离你五步远的地方站定，摊开了双手。,
你当真要再跟我打？也不想想上回自取其辱的下场。,
唐科尔克回过身来对着你。,
等我清点、接收完我的新地盘，就立刻差我一个朋友，把许诺的酬劳送去给你的族人。,
{接着吃。} 那就上正菜吧！哈！,
呸，随你的便。,
下回记着，跟敌人对上之前，[i]先[/i]把家伙亮出来。,
{不捡了。} 呃。不值当。,
守卫在国王大厅外的那些卫兵，看着警觉干练、久经操练，但最显眼的，还是他们瞧见一小队维京人竟敢大摇大摆走来时，满脸写着的错愕。,
阿斯特丽德暖融融的笑容僵在了脸上。,
方才多有怠慢，还请恕罪，弟兄们对外乡人总会生疑。你们要是继续赶路前需要些补给，我这儿有些吃食和草药可以拿来换。,
啊，[Player:Hlaford/Hlafdia][Player:Name]。看到你也从那场伏击里全身而退，我很欣慰。,
男孩的双眼一下子瞪得老大。,
无意冒犯，诺斯的[Player:Hlaford/Hlafdia]，但您这趟差事，只好请去别处办了。我们帮不上忙。,
之前你说的那艘船的买卖，还算数吗？,
哈哈哈！好，一言为定。等我再长大些，就自己造条船，一路向西去。,
呵，你明明就很需要。你那破王国那会儿简直一团糟！,
说是商人，你们这刀兵齐备的，派头可不小。,
她抹去顺着脸颊滚落的泪珠。,
格雷蒂尔的话音里，揣着藏不住的期待，嗡嗡发颤。,
她投去一道目光，那眼神又凶又带着当妈的威严，连你在一旁都不禁替他害臊。,
你是亲兵队里唯一会使弓的，便搭上一箭，稳稳瞄向前方。,
英吉马尔话里的那股子酸楚，浸透了他那受了伤的自傲。你咂摸出味儿来，他和你父亲当年怕是闹得不太痛快。,
我们击溃了那帮海盗，还活捉了他们的头子。,
你囚室的门才一打开，[Lover:Name]便飞也似地扑进你怀里，把脸死死埋在你的胸口。,
愿你的国降临，愿你的旨意行在地上，如同行在天上。,
[Cutter:Name]麻利地将刀尖楔进牙根底下，使劲一别，便将那颗牙给撬了下来。尽管[Toothache:Name]之后又疼了好一阵子，但[Toothache:他/她]心里仍是感激。,
我哪有那闲工夫，对不住。,
这身甲胄，是阿斯莱弗在科维尔杜弗手底下亲手打制的。它护不了周全，也就挡些皮毛，但胜在轻巧，穿戴的人依旧能辗转腾挪。,
没错，我耳闻过你俩那点旧怨。可从没人怀疑过，你才是那个更强的好手。,
那还不快滚回那边去，少杵在这儿碍眼。,
呃……也行吧。,
他冲你一笑，想扮出个满不在乎的模样，可那份酸楚怎么也藏不住。,
是啊，这伙人凑一块儿，挺怪的，对吧？想听听我对谁有说道？,
走在前头的男人，身形短小精悍，一双前臂却壮得跟铁打似的。你估摸他三十岁刚出头。他走道总端着肩膀，缩着脖子，活像是打小就在风暴眼里熬过来的一样。,
他飞快地瞥了眼身后的门，那神色，像是在心里头盘算还来不来得及拔腿逃命。,
你要是铁了心去那儿找解药，就往珀斯东南的林子里走，麦克贝瑞氏族就在那儿。,
伍尔夫西格兀自立在那片狼藉正当中。他一个手下，正在他锁甲下摆往下，髋部那块儿，拾掇一道豁开的血口子。,
你觉得莫尔坎特这人，怎么样？,
[Pointman:Name]死死盯着大路延伸往东的方向。,
老头子，这一身腥，都是你自找的。我们不过是求个安生日子过。,
快瞧，毛地黄开得正旺呢！赶上好时候了。,
唐科尔克的眼里镀上一层寒霜，刹那间，他身上的君王威势，叫你瞧得一清二楚。,
我能做些什么？,
唉，罢了。事已至此，翻篇儿往前走吧。,
你翻动着这些兽皮，显然它们已经堆在这里有些时日了。等挖到最底下时，那堆东西已经烂成一团恶臭的稀泥，直让你一阵阵泛恶心。,
[Sentry:Name]一声短促的口哨，所有人立刻绷紧了神经。一小队全副武装的人正沿着林间小路摸过来，护着个商人，那家伙被沉重的包裹压得步履蹒跚。,
滑溜得就跟斯库勒旗上那条蛇一样。,
我从没想过，你会是那种把这种鬼话当真的人。,
我们现在没工夫管那个。晚点再回来。,
有时，我们会去大陆做些交易。极少的情况下，会有孤女被送到我们这儿，我们便会接纳这些姑娘，让她们加入修会。,
{杀了他。}你已经把我想知道的都说了。受死吧。,
你就没想过自己去那儿？,
[Spooked01:Name]飞快地扫视四周，想找出任何可能冷不丁扑向[Spooked01:他/她]的东西。结果什么也没发现，[Spooked01:他/她]这才转向你。,
他把头歪向一边，眯缝起眼。,
我看是不行。,
告诉凯尔，她的诗人没了。,
我手上的货可以卖给你，不过不多。沿着路下去那个农妇，尤娜，她的存货更足。,
不要让我们陷于诱惑，但救我们免于凶恶。,
你看到刚才那一下了吗？！,
那么好吧，你只能在这儿等着，直到你们的头领回来。,
他单膝跪下，垂下了头。,
可她才值不到十二个矿石！按规矩，这买卖完全正当！,
内菲亚的话音里透出一丝哀求——这可真是不常从她嘴里听到的语气。,
那这男孩就是你的了。塔洛尔克？,
兄弟，你可以自行离开，但其余人得跟我们走。就这么定了。,
斯卡基，我非得把你揍趴下多少次，你才能长记性？,
你的那位朋友是什么人？,
待你走近，就听到他在低声嘟囔。他深深陷在自己的思绪里，压根没注意到你。,
咱们到了，这地方正适合设陷阱。准备好了吗？,
没。,
翌日清晨。,
{上交10份回收物。},
你很了解[Player:父亲]吗？,
如今，我们不知他身在何处，但我们知道他的名字：默丁·埃姆里斯。这是我们手头唯一的线索。,
贡纳尔“和平者”根本就是个精神错乱的疯子，他会把我们都害死的。这个理由够充分了吗？,
他的盛怒之下，是掩饰不住的恐惧。,
你——你都干了些什么？,
那神父瞥了一眼你的武器，眼神随即飞快地扫向那几个民兵。,
她在汇报时，还不忘抽空鞠了一躬。,
我们听说了以前住这儿那家人的事。真的很高兴你没一把火把那农舍给烧了！,
我真巴不得那些雷姆斯的杂种赶紧滚蛋，别老在这儿搬弄是非。,
真是石破天惊的发现！真是学术史上值得大书特书的一天！,
我说不准。,
莫尔坎特欢叫一声蹦了起来，紧接着血液冲回麻木的双腿，又疼得他发出一声呻吟。,
是，殿下。,
{换个话题。},
我会在那面墙上砸出个窟窿来。你去把洞穴清干净。,
那书记官根本没法集中精神！,
我来帮你搞定它。,
他停下手中的雕刻，直起身子，却看都不看你一眼，只是死死地盯着面前的那堵墙。,
[Random01:Name]蹲在那栋烧毁的屋子旁，用[Random01:他/她]手拂过干涸的泥地。,
[i]你[/i]什么时候又成这方面的行家了？,
老国王宝藏的合理分成。我们找到的东西，四分之一归你。,
你的叔叔像条被逼急了的狗一样，发出低沉的咆哮。,
活板门被塌墙烧焦的残骸给堵死了。你可以试着挖开它，但如果力气不够，怕是会累得够呛。,
那个神父，我会处理。从今往后，教会不会再找你们麻烦了。,
救命！求求你们，救救我！,
你和莫尔坎特，倒是挺像的？,
{再次检查她。},
是啊，您这眼神儿可好使得很。,
他们居然在喝酒？哈！这帮小混蛋。真是不懂事，白白害我担惊受怕一场。,
慢着，我认出你们了。你们就是干掉那帮强盗的人！,
{继续前进。},
我真不明白他为何要这样背叛我们。这滋味，就像有一把刀，狠狠扎进了我的胸口。,
那鹰呢？,
悬赏：逃亡者,
{给予50份口粮。}我愿向奥丁献上供奉，祈求他赐我迅捷之力。,
他们把一切都夺走了。父亲让我快跑，他[i]逼[/i]着我藏起来。可就算我当时没躲，也根本无能为力。我们被打了个措手不及。,
我也这么想。真好奇他们在耍什么花招……,
哼！这一招我可得记住了。,
前往康纳尔·马克·泰格扎营的农场。,
这把弓是你猎到第一头鹿时，西格丽德和廖特尔送给你的奖励。虽已饱经风霜，但它依然是件趁手又可靠的武器。,
我的那位神秘陌生人，终于回来找我了！再次见到你，真是太好了。,
识相的就把袋子扔下，亮出兵器，你们这群[i]狗娘养的[/i]！,
愿你健壮又幸运！今晚可真冷得刺骨。能借你们的篝火暖暖身子吗？,
两个卫兵面面相觑，眼神里满是迟疑。,
我们不想在此玷污你们的鲜血——尤其是在先祖们留下的这神圣殿堂里。主教缘何非要置我们于死地？,
就这样，我母亲面前只剩下一个残酷的选择：要么送我去修道院，要么眼睁睁看我去死。我把一生献给了修道会，自然也就放弃了所有继承权。,
一阵漫长的沉默。你几乎怀疑她根本没听见你的话。正当你想开口再问一遍时，她抬起了头——起初眼神缥缈而遥远，随后，她的目光稳稳地锁住了你的眼睛。,
此计虽险，却能攻其不备。只管迅猛果决地出手，借这出其不意，扳回我们的劣势。,
老天爷啊！你为什么要一直瞒着我们？更要紧的是：你为什么至今还毫无[i]作为[/i]？,
回去向瓦达复命，就说你已经争取到了主教的支持。,
你是什么人？又为何会在此处？,
我接受！,
她真是位绝色女子，正值二十出头的芳华年纪。一袭配得上女王的红绸衣裳，衬得她妩媚动人——你毫不怀疑，有无数男人愿为她赴死。而她身上的某种特质，又让你隐隐觉得，或许已经有人这么做了。,
你回来了。事情办妥了吗？那些邪教徒都解决了？,
我给你瞧瞧我的存货，不过，在你的氏族变得家底殷实之前，我的开价恐怕不会让你太痛快。,
没什么东西入得了你的眼？嗯，在我把烦恼托付给你之前，得先摸摸你的底。若你又决定需要些什么了，再回来找我吧。,
唉！我本指望能尽快摆脱这烂泥潭一样的日子。,
统治者牌是至关重要的一张牌。不同文化间，有些牌——比如骗子——几乎一成不变，但统治者这张牌却往往千差万别。,
总得保住继承的香火，对吧？,
等我膝盖一好利索，就马上去找草药师——这时候，那粘草该长得又高又壮了。,
前往被水淹没的洞穴。,
[玩家姓名]！可算找到你了！,
这东西要是让格蕾妮发现了，她准会没收。,
他冲你咧嘴一笑，那模样真是欠揍极了。,
自建城以来,
非常好。我这就去召集最虔诚的信徒，备好祭坛。,
他疼得一阵龇牙咧嘴。,
守好这些财宝。,
艾菲浑身打了个哆嗦。,
斯卡基难以置信地瞪着你，看你替他处理伤口、稳定伤势。你碰到痛处时，他也只是闷哼一声，权当是喊疼了。,
罗斯科瓦的脸上绽开了笑容。,
你踉跄着连连后退，嘴角泛起一股苦涩的白沫。呼吸变得艰难。眼睛火辣辣地刺痛着，模糊的视线里，你看见英吉马尔和他的奴仆们纷纷拔出暗藏的兵器，朝你逼来。,
这么着吧。让我随你一同去那坟地。由我直接领路，反倒更方便些。,
行吧……既然你拿不出别的了，我就收下了。,
[嘲讽者姓名]吃吃地笑了几声。,
那件东西，我不能收。,
他前脚刚走，那边那个蠢货后脚就招认了，他早知道诺托尔夫是因在耶灵犯了盗窃案才被通缉的！,
真好听！听上去简直就像是异教徒的魔咒。,
你可愿意卖掉你的船？,
他思忖了片刻。,
为了他族人的安危，说服他帮我们平稳渡过这段时期，并非难事。,
谢谢你，艾布琳。你可以信赖我们，一如我们信赖你。,
从今往后，但凡你有需要，随时都能将船停靠在我们的码头。这笔费用是为战船[船名]支付的，有效期至明年年初。,
若我们要往那个方向去，就得打起十二分精神了。,
没门，好处得分我一半。,
好。我知道一个绝佳的伏击地点——请随我来。,
太棒了！身边净是些专注于鸡毛蒜皮的家伙，关键时刻，还真得靠你们这些外乡人来办成大事。,
呃……或许你可以在本地人面前，替我们[i]美言[/i]几句？,
约维塔的一名亲信凑到她耳边低语了几句。她发出了一声深深的、不胜其烦的叹息。,
如你所愿。,
格蕾妮就倒在近处。这位女战士的手臂伸向艾菲，仿佛临死前的最后一刻，她仍在试图够到自己年轻的被监护人。,
我只是恪守了我的承诺。相信事情了结之后，你也会如此。,
他朝你猛戳一根手指，腮帮子乱颤，爆出一阵轰然大笑。,
成交。,
绕过一片矮树林，你远远望见一个人影。他似乎正在地上跟一个庞然大物搏斗。,
那段日子对你来说一定很难熬。,
闪开，内菲娅。正义必须得到伸张！,
是，这事我大概也略有耳闻。德瓦·维克特里克斯废墟里出了个邪门教派，对吧？相当诡秘。,
瓦莱里乌斯在潮湿的下水道房间里来回踱步，已经在指挥手下如何安排撤出莱加塞斯特。,
我见不得无辜的人被人盘剥。,
愿你健壮幸运，我是[Leader:Name]。你们一定就是被奥斯雷德手下掳走的那几个孤儿吧。,
有你们同行，我们求之不得。,
我们必须立刻准备。瓦达，去通知其他人。[Player:Name]——,
你觉得你肯不肯帮它喝到那麦芽酒？,
我很好，鲁里克。我知道父亲此刻已在瓦尔哈拉。,
我是谁无关紧要。,
[Player:Father]从没来过这儿，我不过就是这意思。,
{把袋子给他们。}这些补给是他当时带着的。本就该物归原主。,
港务长见到你，一脸不悦。,
此时是你父亲葬礼过后的那个夜晚。,
你觉得凯蒂尔这人如何？,
东西是你给他的。照我看，给了他便是他的，随他怎么处置。,
这村子[i]确实[/i]没有马——他们太穷了——同样也拿不出什么像样的东西来做交易。,
别说了！这种话你怎么说得出口？,
[i]这[/i]是要干什么？！你们胆敢亵渎《圣经》？！[i]这帮蛮子！[/i],
没想到吧，嗯？以为我不过是个绣花枕头？,
要是你雇了我们，奥克尼群岛我白送！当然，你兴许舍不得掏银子。那便只剩第二个法子：咱们兵戎相见。,
格蕾妮笑了，那笑声如清泉流淌，轻快得不像出自一个久经沙场的女人。,
我恨洞穴。黑漆漆，湿漉漉。[i]还有蜘蛛[/i]。,
用奴隶顶行不行？,
真高兴又见到你。我的邀请依然作数。,
那就快动手，宰了它，好回营地去。,
有什么情况我会知会你。,
到埃塞尔雷德营地西北边去，把那几个年轻猎人逮住。,
这么说，你终究没能从斯坦恩手里夺下奥克尼群岛？不过只要你想，机会转眼就来——依我看，斯坦恩对这担子像是厌倦透了。,
你打起来……比我料想的要厉害。你已然成了一名身手不凡的战士。,
[Leader:Name]退后一步，微微欠身。,
我乃是代你邻居而来。,
他终于摸出一条银项链递给你，目光低垂。,
村民们面沉似铁，纷纷举起武器。你身后，米尔丁骇然低语。,
感觉举族上下都在与我作对。,
我不配得到宽恕。这份耻辱，我如何洗刷得掉？,
偏在这时雪上加霜，一名身着奥斯雷德国王服色的斥候，竟径直冲进谈判场中。,
内菲娅的话音里透着不耐烦。,
他看上去当真仔仔细细地琢磨了好一阵子，然后俯身向前，两肘撑在桌面上。,
感觉像是一步步走进坟墓。这地方对我来说，实在是又黑又冷，不合我的胃口。,
考斯坦丁在此撞见你，满脸错愕，不似作伪。,
前往空地与格里穆尔夫会合，绑一头猪在树上充当诱饵。,
随着你权势日隆，战士们便会如羊群归圈般聚拢于此，为你效命。,
你手探向腰间短刀，然而瓦莱里乌斯虽已不复年轻，察人之心却锐利如故。他堪堪避过这一刺，那声惊骇的嚎叫顿时惊起了随从。,
可找着你了！我听说奥克尼群岛易了主。你猜怎么着，老相识斯坦恩跟我描述新主人时，说的分明就是斯凯恩领主，那还能有谁！,
上回别后，你那些侍卫我可没少碰见。,
《海洋的召唤》,
前往沼泽，寻到弗拉格尔。,
把你所知海那边那些岛屿的底细，都告诉我。,
呸，你趁早死了这条心！现在[i]我[/i]说了算！我们这就把你的船补好，然后回家！,
马尼的事我知道——是我把他抓来做奴隶的。,
一场胜利的盛宴，嗯？这可能正是我们苦等的良机。,
他神志不清了——斯卡基那帮人肯定是在拿他们的囚犯“寻开心”，一群懦夫。,
最后的远征,
他倚着栅栏，注视着你一步步走来。,
麦西亚的使团终于到了，为首的是个衣着华贵、头发灰白、目光冷峻的女人。她用刀刃般锐利的眼神上下打量你，但一开口，声音却有礼有节，滴水不漏。,
结束,
我们去见见你的祭司。,
我还给你带了件别的——我的旧锁子甲。你若不合身，兴许你的侍卫用得上；不然，稍作改动也能凑合穿。,
我们当然不信。你这是从哪儿听来的风言风语？,
这他妈……我以为你早死了？！,
我信上帝，全能的父，创造天地万物的主。,
瓦达正要转身离去，一个声音忽地在你身后响起。,
{留她等死吧。},
摩甘特和艾菲不见了踪影。他们的帐篷没了，所有装备也跟着不翼而飞。准是半夜趁黑溜了。,
前阵子，我瞧见别的男人，像你一样，在林子里挥刀舞剑。琢磨着能偷师两手。,
你或许知道，我们的西面毗邻着另一个王国。皮克塔维亚向来与盖尔人的达尔里亚塔王国过从甚密——邻邦之间偶尔动动刀兵不算在内。,
{打信号，让赫罗德盖尔达动手。},
看来传言都是真的。我先前还不敢相信。你竟凭着不到四十艘战船，就荡平了两个国家！,
她朝那片焦黑呛人的废墟一指。,
你还养了条狗？,
我看没什么两样。,
阿斯莱夫冲着那盾女皱紧了眉头。,
芬古拉躲过了那场突袭，甩脱了追捕她的人。我看他们退而求其次，才抓了唐科伊斯抵数。,
很好。我可不会耗在这里照看你。下一趟船来之前，你自己想法子活下去。,
他的事我已经料理妥了。我跟他之间的过节了结了。,
我只知道他让烽火台保持熄灭，抢来的东西全归我们。至于他图什么，我是一概不知。,
我不需要。,
好罢。我这就打发孩子们走。,
把故事讲完吧。求你了。,
{给他来点苦头吃。},
你……你竟有那么多钱？哦——我，懂了。,
凭着我过去当佣兵的门路，还能买到奴仆——你若想加快建设，这倒大有用处。,
但愿你这番心意不是一时兴起。,
这些人连件像样的兵器都没有。真要动起手来，那就是一场屠杀。,
片刻过后，[Helper:Name] 便折返回来了。,
行吧，把故事讲完。,
{仔细察看四周。},
老天，你在这儿简直就是活脱脱的英雄。我只在不亏本的情况下给你最实惠的价钱。你到底要些什么？,
别说这种话。你为我们整个部族所做的一切……这些绝不是你的过错。,
把那枚间谍信物，交到一个“既拜上帝又供奉旧神”的探子手里。,
黑暗中响起一个粗哑的嗓音，瓮声瓮气，带着威仪，却因年迈而透出几分苍老。,
凯蒂尔注视了你片刻，然后脸上绽开了笑容。,
他们瞧着一教就会，我们只需将基本招式演示一遍，定能上手。,
她叹了口气。,
地牢探险,
走得好，眼不见心不烦。,
他一副公事公办的神情，点了点头。,
这把干草叉的两根叉齿看着倒挺唬人——对付干草捆子还行。,
你可把人吓得不轻，罗斯克瓦——全是你这一脸的阴郁在作祟。,
我去过斯凯恩，知道你是位手艺精湛的 [Player:craftsman/craftswoman]。,
那女孩身子一缩，但随即深吸一口气，放声喊出了那失踪奴仆的名字。喊声回荡在近旁的每个角落，你的同伴们也都察觉到了异样。有人捏紧了刀把，以备不测；有人则警觉地四下扫视。,
[Dismayed:Name] 嫌恶地皱了皱鼻子。,
把信物交出来，否则叫你丧命于此。,
你真是帮了大忙，我们立刻策马出发。若运气不坏，定能赶在太迟之前逮到他。,
不然呢，我难道只是想把车子掀进烂泥潭里玩？,
一阵古怪的漫长沉默后，他轻声自嘲地笑了笑，抬手将一绺褐色发丝从眼前拨开。,
这价码也太黑了。寻常费用不过九十便士。当然，战船自是要额外加收一笔。,
你对罗斯克瓦怎么看？,
[Random01:Name] 来到你身旁，与你并肩立在倒下的勇士身边。,
奈夫娅奔到凯蒂尔身旁，搀他起身。一道鲜血顺着他的发梢淌过面颊，但看着还能再战。,
啊——这玩意根本撬不动！谁他妈来搭把手？,
唔。不错……,
她抬起一只手，一根又长又脏、磨损不堪的指甲直直地指向你。,
你做得不错。多谢了。,
酒液呛得你咳个不停，从嘴角溢出，顺着前胸淌下，你几乎喘不上气来。就是这一下吞咽，让一口液体钻错了地方。,
你没什么可道歉的。,
他们是维京人，信奉的是旧神。,
行吧。,
知道吗？我觉得要让这帮人活下去，唯一的法子就是狠狠揍他们的屁股。既然这是他们想要的，我们完全可以成全。,
我们接受。,
[Drinker:Name]接过递来的酒杯，用[Drinker:他/她]的手指蘸了蘸酒，朝旁边的火盆里弹了几滴。这是供奉给洛基的。,
这儿的一切都太不一样了。诺森布里亚人谈论他们那位神的方式，还有他们国王的统治……我是觉得更平和了，也许吧，也更有秩序了——直到我们来了这儿。,
他大概只是觉得这样能让成功的把握翻倍吧。,
对，就这些了。,
哦，别因为我们把他丢下。要是你们不带他去，他准会伤心欲绝的。,
萝丝克娃似乎在心中掂量了你的话许久，然后一丝苦涩的微笑掠过她的嘴角。,
太贵了。你给我的线索已经够了，码头工人会告诉我该打听的。,
我会再跟他谈谈。我从没告诉过他，在我自己家人身边，我感到多么不安全。如果他明白这对我有多重要，他会跟你们走的。,
我同意。我宁愿死成一个绝望的傻瓜，也不愿活成一个被压垮的奴隶。,
很抱歉让你撞见她这副样子。她只是今天不太顺心。,
一个小男孩站在一个摊位前。摊位上堆满了板条箱和篮子，里面塞着弯曲断裂的金属、胡乱卷起堆得歪歪扭扭的毛皮、成卷的麻绳和马鬃编的细绳，还有其他叫不上名字的零碎破烂。,
比那远多了，小子。我们可是维京人。,
说到这个，呃……刚才在那儿，是我眼花了，还是你船上那家伙真是贡纳尔？,
我之前没来过这个岛，但听说在你们到来之前，这儿几乎被废弃了。真是了不起的成就。,
那大概是最好的法子了。我珍视我们的友谊，凯蒂尔。,
我会帮你过桥。进了围墙，你就安全了。,
我们可是[i]基督徒[/i]，我的朋友。撒旦是我们的敌手，正如它是你们的，也是派你们来此的那些人的敌手。,
你自然得派出你自己的船和侍卫队。斯库勒领主会派遣由赫罗德盖尔达指挥的长船“峡湾号”。,
那是一场苦战，不过我们也赢了。那些皮克特人打得像魔鬼一样凶狠。那个女战士格蕾妮也在，但当她看清胜局已定，便设法安然脱身了。,
鲁里克微笑着。在盛宴的喧闹声中，你几乎听不清他那轻柔的嗓音。,
这我还真说不上来。我向来独来独往。找别的女人问问吧，她们之间好像都认识。,
哦，而且你给我记好了，就在我们动手进攻皮克塔维亚的那一瞬间，她就会用一支准得邪门的箭，直接射穿我的眼睛。,
过去是有的。可冲突爆发后不久，他出去寻找敌营间的通道，就遇害了。他是个好人，对他的女儿们一直很慈爱。,
你在黑暗中摸索前行，双臂前伸探路，但你总算憋住呼吸足够久，找到了通往洞穴另一头的路。,
意料之中。,
我们有过约定，我相信你会遵守。,
那卫兵轻蔑地哼了一声。,
是啊……那片林子可是个凶险万分的地方。我希望……你兄弟没遭遇什么不测。,
要是换了别人说这种话，我准把他们揍趴下。但这番话是你说出来的？是啊。也许你真能做到。也许吧。,
你会倒下，正如所有胆敢面对我的人一样！,
这儿的买卖真要好起来了。城里来了不少好钢，多的是挑选的余地，所以我能把价格降下来。来，我带你瞧瞧。,
那个破口很窄，我们可以利用这一点。,
哦，可不是嘛，维京人。以奸淫掳掠闻名。专挑沿海城镇下手，烧毁教堂。来，我这就开门放你们进来。,
[Player:Name]和我已经达成了共识。咱们谁都知道，我们一整年都困在这儿，止步不前，而且在那之前，情况也从来就没好到哪儿去过。,
准备：一支杂牌军,
那玩意儿我可出不起价！,
嗯，不好。我一点儿也不好。我要是[i]好[/i]，我还来这儿干嘛！,
罗斯克娃的衣服在战斗中几无用武之地，却能很好地抵御恶劣天气。这种布料尤擅保护穿戴者免受毒药侵害。,
你好，想买些罐子吗？,
因吉马尔看着你假装抿一口角杯，目光渐渐冷硬起来。,
后排那个大个子看起来如释重负。,
我绝不会向你屈服！,
我不会杀你的，可怜的傻瓜。,
她抬头望向你，与你目光交汇片刻，然后将自己的手覆在你的手背上，便移开了视线。,
不过，我敢说这么干一仗，肯定能让我们所有人都痛快得多！,
她相当可爱。,
你可以像上次那批被猪油蒙了心的家伙派来的人一样，把我们撵走，可等你一走，我们照旧会回来。,
内菲娅用舌头发出啧啧一声。,
那不过是迷信的胡言乱语。,
他死死揪住你的衣服，脸上写满了野兽般的惊惧。,
沼泽地[i]确实[/i]更适合长蘑菇，没错，但主要因为西格丽德不喜欢我惊扰了那些野物。,
如果我们强攻城堡，伤亡就太大了——这一仗本该是把我们带[i]入[/i]真正的战场。,
他挺直了脊背，仿佛你的话语揪住他的双肩将他提了起来。,
鲁里克迟疑地握住你的手，仿佛要敲定这笔交易——在[Player:兄弟/兄妹]之间，这举动出奇地郑重，但又显得势在必行。,
阿斯特丽德提议，你或许知晓几个能在决斗中助我一臂之力的诀窍。,
[Sick:Name]已经拖拖拉拉好一阵子了，你手下几个扈从开始不耐烦起来。,
卫兵们都守在岗位上，并未报告任何异常。你返回营地途中，眼角余光瞥见有什么东西一闪而过。,
一伙强盗洗劫了斯克宁厄附近的农庄。夺回被抢之物，物归原主。,
太好了。那我能跟着去吗？,
很久以前，诸神正在享用猎物。尚未餍足，便想寻些酒喝；他们摇动卜枝，细察签示：得知在埃吉尔那里，有的是上好的大锅。,
约维塔直盯着你，嘴巴大张，活像吟游诗人表演吃惊一幕的默剧。接着她合上嘴，忧心忡忡地舔了舔嘴唇。,
有那么一刻，考斯坦丁仔细端详着你的表情。随后，他的脸便沉下来，冷硬如石。,
随你的便。亮兵器吧！,
把刀放下，姑娘——趁你还没伤着。,
真该死，修士！……那些与你同行的人，可不是基督徒。对吧？纵使你在我们神明的眼中犯下罪孽，你又有什么好在乎的？,
你当真不太懂得人情世故，是吧？鲁里克太[i]软弱[/i]了。在斯库勒的帮衬下，他才终于出息成了个真男人。,
你若肯帮我，我定会想法子报答你。我——我家从前也算富裕，我还留着些父——父亲的东西。,
事实上，我倒真有件东西要给你，而且我想不会叫你失望。,
没错。他们是五天前，趁夜里来的。,
主教大人，我们已不再是异教徒了。埃塞尔雷德让我们全都受了洗。,
那就来吧。,
你们已证明了自己是上帝真正的仆人。我很抱歉，竟曾怀疑过你们。,
一丝歪斜的笑意扭弯了她的嘴角。,
你妻子的玩物我找到了，但我打算自个儿留着。,
一位神族摄政者如何被描绘，足以让我们窥见一种文化如何看待领袖的角色。在你们的传统里，众神之父可绝非能够依赖之人。,
也许是这样。但我们来此，来对了吗？此地似乎比家乡更太平——也更有秩序。我们把自家的麻烦带到这里，是对的吗？,
操你妈，就这原因。,
哼。于我倒是无所谓，不过，你若要抢个先手，我便让你占这个便宜。,
以达格达之名，那帮家伙瞧着可真够野的！,
为什么？,
还没。不过正在想法子呢。,
{停下脚步，等候。},
你多年前便已懂得，何时何处斧头都可能派上用场。你养成了习惯，每次踏出家门都随身带着它。,
{刺死他。}不必再废话了。,
再不然，倘若你受得住，本地那些妇道人家，都从河边的女巫那儿听取劝诫、讨取偏方。,
毛科林双臂交抱，脚尖轻点地面，看着你和莫尔坎特用他听不懂的语言交谈。你刚一停顿，他便插嘴进来，莫尔坎特也随之继续翻译。,
行，我就瞧一眼。,
洞穴外，基利安那副失望的模样，几乎跟你理应感受到的失望如出一辙。,
{招募她。}斯克耶恩正缺个好商人。,
有谁想来上一杯吗？要不，十杯？,
这事儿我回头得问问他。总之，刚才正跟你讲那把碎颅斧呢。,
我会和亲信们商议这些发现。咱们回头再谈。,
多谢。,
我信圣灵，信圣而公之教会，信罪得赦免，信诸圣相通，信肉身复活，信永生。,
你一头栽进泥里，酸痛的关节再也榨不出半分力气。阿斯莱夫矗立在你面前，得意洋洋，一副胜利者的姿态。,
等咱们结了婚，这种冲突就彻底翻篇儿了。,
我是个极有耐心的[Player:男人/女人]。可这位埃迪丝，半点气都受不了。这会儿她老实，是因为知道我喜欢给人机会，可你要是不把一半的钱交出来，我很乐意放她出来整治你。,
你救了我们儿子！,
我会传信给埃塞尔雷德，禀明这里发生的事。你放心，康斯坦丁那边也会听到风声。我要是你，就不会再回珀斯去了。,
克韦尔德乌尔夫深以为然地点点头，一副高深莫测的样子。,
{攻击。},
这番武力炫耀确实令人侧目，但要在皮克塔维亚或诺森布里亚取得决定性胜利，还差那么一口气。,
要是咱们够聪明，说不定能拿这事做文章。,
不，我只是想看看你知不知道。,
嗯，确实是件好事——你跟你[Player:父亲]越来越像了。邀请他们来也是个明智之举——咱们镇上做生意，总不嫌人多。,
终于，那黄蜂嗡嗡地飞远了。[Victim:Name]一时间对[Victim:他自己/她自己]颇为满意，可紧接着[Victim:他的/她的]脸就扭曲起来，露出极度痛苦的表情。那个[Victim:原型]从草丛里飞蹿起来，骂得花样百出，中气十足。,
皮克塔维亚头一位，也是最后一位国王闭上了眼，在死前那一刻，似乎认了命。然而，当你把撒克逊刀捅进他心窝时，他那一声闷在喉咙里的尖叫，仍然满含着悲怆与不甘。,
集结我们所有的物资。确保一粒粮食、一件财宝都不留下。,
{后退。},
尸身上几乎没剩什么衣物，只是鞋子像是被人刻意扒走了。依你猜测，这人多半是个普通旅人，要么遇上了饥饿的野兽，要么是为了双结实的靴子送了命。,
我知道这没法让她活过来，但好歹那些杂种没能逍遥法外，我挺解恨。,
那些人瞧着油水很足。依我看，机会来了。,
别在这儿指手画脚，摆什么国王的谱儿！,
告诉我上哪儿找马匹和补给，就饶你不死。,
瞧见没？,
那汉子的脸腾地涨红，跟甜菜根似的，招呼也不打就猛扑过来。,
奥丁会让我战斗到底！,
你们在这楼梯底下守着什么？,
那一下可真够狠毒的，我可怜的[Player:孩子]，不过你也甭太往心里去——你处理得跟任何人能做得一样好了。可惜你爹的葬礼，被这种腌臜事给搅了。,
看来你是跟诺森布里亚人、皮克特人都结了梁子。,
悬崖上截住你们的那伙人，浑身都散发着经典暴民的气息，人手一把干草叉就甭提了。,
利奥弗里克极有尊严地迎来了他的结局。即便对死亡的恐惧无可抗拒地攫住了他，他依旧一言不发。,
基利安的嘴角止不住地往上翘。这小伙子显然被深深地撩起了兴致。,
水袋,
当你确信此地安全之后，转身看向鲁里克。他迎着你的目光，眼神里带着一种前所未有的桀骜不驯。,
我早疑心是你在背后搞鬼——那个背信弃义的女巫，要是没人应承护着她，断不敢冲我下手。,
香芹、鼠尾草、迷迭香、百里香,
甭管它们原先派什么用场，我们信仰的加持已赋予这些厅堂新的使命。,
我听说一群新人占了那座旧堡垒，就琢磨着来看看他们缺不缺吃食和药品。果然不出所料，他们缺。,
不。,
我快去快回，等回来以后，你们这帮小子就再也不用愁吃穿了。,
塔洛尔克余光一扫，瞅见一帮维京人张着大嘴，直愣愣地盯着自己。,
谁来收尸？,
在“死得荣耀！”和“奥丁指引我们！”的呐喊声中，你的侍卫们刀兵相击，金铁交鸣，人群中爆发出阵阵欢呼。,
[Lover:Name]狠狠剜了你一眼，眼神意味深长。,
瞧这架势，怕是有猫腻。,
你瞧见我了？能做到的人可不多。,
你已成功拿下康纳尔·马克·泰格，作为献给康斯坦丁的礼物，以示修好之意。,
我爸说了，咱不跟贼做买卖！,
来人！救命！快到我跟前来！,
……可咱也不能赖在这儿，巴望天上掉馅饼，神仙来搭救……,
去珀斯城外与斯卡拉格里姆碰头。,
别犯蠢——这场决斗可是至死方休的生死战，这种较量哪有什么规矩可讲。你得抓住一切能占的先机！,
说得没错。好吧，你可以进去。国王就住在最大的那栋房子里。,
哦，我懂了。我在这儿干的活儿，确实可以这么说，没错，但我在这儿没什么头衔。我不过是个农夫的妻子罢了。,
斯库勒朝你倾过身来，胳膊肘支在桌上。,
就是你这么犟，才闹到这地步的。把我想知道的都告诉我，就不会再有人受伤了。,
不行。不用猜你也明白，我联系你可是冒了很大的险，可我赌的就是你是个只顾自己的人。,
你未必非得那样。要是你肯接受一个女巫学徒的帮忙，我倒有件东西，或许你能用得上。,
自他过世后，我见过了形形色色的求婚者。大多数都被我拒之门外，但有些人，我觉得值得我稍加留意。过去，我曾对三位英雄赐予过恩宠，可到头来，他们全都抛弃了我。,
{用丹麦语}我在这儿经历过的所有怪事里，就属你最古怪。,
我无意冒犯。你这是要杀了康纳尔·马克·泰格吗？,
说实话，它们才不是你口中的什么守护天使。大多数人对它们是又怕又憎。,
弄完之后，你们细细打量自己。除非把衣服扒到只剩内衣，否则谁也看不出破绽。,
你的军队在平原上打得怎么样？,
马格努斯愤怒地竖起一根手指。,
行了，好吧。,
我很乐意再让你美梦成真，但我需要点时间从昨晚的折腾里缓过来。,
那你想怎样，要给我们找麻烦吗？,
她拖着脚步走到篝火旁，颓然瘫倒在一根圆木上。随手捞起根旁边的树枝，又将火焰重新拨旺。,
见你们再次走近，那几个年轻的旅人便站起身来。朝你搭话的，还是之前那一个。,
嗯……这里大多数人叫什么，我可不知道，但他们一旦入了伙，就不爱用原来的名字了。他长什么样？,
艾芙拉露出了温暖的微笑。,
一点也不……只是埃迪丝炖的菜更香罢了。,
你们好啊，几位旅人。看模样，你们像是一帮危险人物。我有这个荣幸，拿些低地的上等皮货来勾勾你们的兴头吗？或者，来点配得上国王餐桌的肉？,
不然还能怎样？自己的小命和财物，本就该自己护着。,
或许真会。毕竟，盟誓之血，浓于娘胎里带来的水。不过，信仰可是件极其严肃的事，你得让这孩子自己选他的路走。,
就算是身在水下，当你意识到连自己都把洞口的位置给跟丢了时，胸口还是猛的一紧。,
所以呢，嗯……我们瞅准了个机会。,
你是失心疯了吧。看来我是别想从你这儿得到半点帮助了。,
她让我浑身发毛。就在那天，我还瞧见她把一只虫子碾碎了，掺进那种黏糊糊的膏药里呢！,
他脸上的笑容纹丝未动。,
我早跟你说了，它们是真的！要是晚上你靠近那个入口，有时都能听见它们弄出的动静。活像尖叫。,
在老墙北边，有个可爱的小地方，叫邓弗里斯。这些年来，换了不少主人了。,
你昨晚到底给我灌了什么？,
他抽身退开时，轻轻在你肩膀上爱怜地捏了一把。,
犯人跑了！快追！,
再不然，干脆划烂她的脸，叫谁也认不出她。,
你是你们这类人里，头一个费了心来这儿自报家门的。大多时候，你们只会——,
时近午夜。自打从猎场回来，凯蒂尔便一直没吭声。他挨着你在篝火前坐下，用一支箭的镞尖，漫不经心地拨弄着余烬。,
希望您别觉得我太冒昧，但您和您的随从，肯不肯赏个脸，跟我们打一场练习战？,
那男人红头发的同伴，热心地替他补全了介绍。,
他们瞧着倒没什么事。,
他绝不会为我们效力的。对这帮人来说，只有基督徒才能名正言顺地坐上他们的王座。,
我还有个地方要去。,
他们就当着我们的面，强暴了我的女儿，我亲爱的塞尔莱丝！然后割了她的喉咙！,
你心肠真好。艾芙拉今天，我想是好了一些，但人还是病得很重。,
肮脏、不信神的异教徒鬼话！兄弟们，上啊，抓住他们！,
我琢磨着，那你就是[Player:Name]了？嗯，你跟那描述对得上。,
你这一下偷袭十分精彩，可惜诺托尔夫显然不是刚出道的雏儿。他及时举起盾牌挡住了，逼得你不得不拔出武器，硬碰硬来真的了。,
一个年轻女子，有着惊人的渊博学识和非凡的治疗天赋，可惜泥足深陷于落后的异教妄想之中。,
情况看着不太妙——要是你还想从他嘴里撬出点什么有用的东西来，最好是趁现在了。,
她咧嘴一笑，咬了咬下唇。,
我代表达尔里亚塔的菲努阿拉公主，命令你们立刻离开。公主还在世一天，你们就不仅仅是群劫掠者——你们是[i]贼[/i]。,
看来大半个氏族都想让我死。,
这帮家伙看着挺机警，我们最好步步留神。,
我向来不会讲什么长篇大论。趁天气还没变，动身吧。,
你拔出撒克逊刀，利落地割断了那畜生的喉咙。等着那头雄鹿彻底咽气时，凯蒂尔始终一言不发地看着你。,
他显然是觉得对我有愧。科尔比约恩的妻子早就没了，于是[玩家：父亲]把我带回了斯基恩，玛尼在那里收留了我。,
请陈明你的来意，斯库勒领主。,
哦……我的脚啊。感觉像走了一辈子那么久。,
格蕾妮在你面前深深鞠了一躬，手势夸张得近乎自嘲。,
一番照面寒暄之后，众人为你父亲举杯致意，接着埋头大吃。佳肴铺满了整张桌子，新酿的蜜酒仿佛淌之不尽。,
{抱起双臂，把一边眉毛挑得不能再高。},
{将墓地花递过去。}给你，这是坟前的花。,
喂！你们是谁？！在这干什么呢？！,
奥德凯尔！,
我也不反对，可……,
{耸耸肩。}反正也不是我们头一回干掘坟这种事。,
到沼泽地去寻胡尔达，求她相助。她年高智远，有的是法子挫掉一个男人的锐气。,
你们在珀斯尽可以随意逗留，也欢迎同我们的商人交易。亲爱的格蕾妮，劳驾送我们这几位客人出去瞧瞧，好吗？,
他沉吟片刻，然后点了点头。,
兰恩。,
你他妈的到底在说什么？,
那些全是真的！,
后来呢？,
我会找到我兄弟，告诉他我还活着。或许咱们能在斯基恩重逢。,
以为我不敢伤你？再好好想想吧！,
他们是在一场堂堂正正的战斗后被俘为奴的，我是从胜者手里光明正大买回来的。,
你还好吗？没什么事吧？,
{一声不响地搜寻。},
莫尔坎特在翻译“丹麦金”这个词——是贡金的意思——时犯了难。而当他渐渐意识到自己正代你说出什么话时，那股子惊慌更是让他越发磕巴起来。,
很好。不过，我们必须十二分确保埃塞尔雷德会站在我们这边——哪怕得为他卖命，去跟皮克塔维亚打一仗。,
给我闪开，小乖乖！,
那郡守把憋了好几个月的恐惧与怒火一口气全吐了出来。,
从我这儿你什么都别想得到，我已经完了。,
愿那繁衍之力赐予我们的田地。,
我们[i]非去不可[/i]吗？,
[i]神意如此！[/i],
我们记着你为诺森布里亚所做的一切，所以会给你一个公道价。你究竟需要什么？,
我们很快就回来，还会带上一切所需，来建立起一个强大的氏族。,
回船上见。,
那位吟游诗人抬手捂住嘴，装出一脸震惊，但多半是为了遮住脸上的笑。,
这是咱们跟诺森布里亚结下的老恩怨之一，拿来开战正合适。,
打那以后的两年，我就不停缠着我爹问格蕾妮什么时候回来之类的话。等她真回来时，我就跟着她走了。,
愿好风送你们安抵家门。,
去找托尔芬，商量造一艘新的长船。,
好个[玩家：男人/女人]，够劲，我会好好享受的。,
我们要不要放了他们？,
我拿不出什么值钱的东西。能给的，也就是些小玩意儿和旧渔具了。,
最后，要是我们出得起钱，我打算在各座城门上都立起瞭望塔。南边可以敞着，凭那条河跟那座桥，就是天然的屏障。,
[被困：名字]在烂泥里挣扎起来。尽管[被困：他/她]陷得艰难，却还是借着旁边一根树枝稳住重心，把自己硬拔出泥沼。,
四柱之间的地砖上淋遍了鲜血。不管淌出这些血的是什么活物，如今肯定早已断了气息。,
准备迎敌！异教徒杀过来了！,
你怎么这么快就回家了？是改了主意不去吗？,
你点燃那条小船，轻轻把它从你们的船边推开。火光在渐远的距离上越燃越旺。,
把西格加悬赏那逃犯的赏金领了。,
眼下你一件兵器、一副甲都打不了吗？,
就这样了？看来康斯坦丁认我们做盟友了。事到如今，我看他再也挑不出我们什么毛病了。,
我身上就那个地方——我[i]少不了[/i]它！,
殿下，这便是“红色长矛”，我们家族世代相传的传奇之宝。,
斯卡基还活着，尽管呼吸有些艰难。他看上去痛苦万分，当你走到他身旁时，他的目光与你对上，却始终一言不发。,
你编了一套说辞，声称斯库勒需要他手下最得力的人都在外面奔波，你只是来把这些奴仆押回耶灵，好让这些猎手能尽快重返岗位。,
[Objector:Name]猛地跳过座位，直接逼到你面前来。,
你居然还妄想当我的盟友？在你对格蕾妮做出那种事之后？！,
世界地图上现已开放埃奥福维克。,
这一下可得叫你疼上好一阵子了，哈！,
他们的主力部队在此！准备滚石！,
你在离那座塔楼不远的地方，寻了个更隐蔽的所在静候时机。,
倘若你肯给我机会证明，你定会看到，我做买卖向来公道坦诚。,
前往高地上那道峡谷的入口处。,
我想……这已经过去五天了吧？,
你身手不错，可你休想打倒我！,
十万欢迎。,
你在那片尸山血海中花了好一会儿工夫，才寻获利奥弗里克的尸身。无需细看便知，这位“埃奥福维克冠军”早已死得透透的了。,
不！我们如何能断定只需一半的霉菌就够用？,
他们并非更有秩序，不过是换了种秩序罢了。他们的太平盛世，不过是国王铁腕强权下的产物。,
我需要人助我应付一场决斗。,
丹尔迅速从倒下的卫兵身上摸出一把小刀，割断了约斯泰因身上的绳索。,
我打算亲手宰了她。一旦你和埃奥福维克都覆灭了，她便是我前行路上唯一的绊脚石。,
一艘小木船被半拉半就地拖出了水面。从它的模样判断，停在那儿已有些时日了。,
拿开你那异教徒的脏爪子，别碰那东西！,
我不明白。,
你一定是在说笑。,
嗯？嗬，你怎么看？自然是为了保存智慧！除了这个还能有什么别的用处？,
呃……我想看你打一场。,
欢迎归来，仁慈的乡绅。您可是要补充些随行物资？,
诺托尔夫的守卫不算差劲，可你还是逮着机会，杀了他个措手不及。你的刀锋精准地滑入皮革最薄之处，自他的肋骨间刺入，贯穿心脏，撕裂了一个口子。不过二十来秒，那具躯体便停止了抽搐。,
别逼我跟你动手。倘若你要伤害我的家人，我别无选择，必须保护他们。,
{搜索这片区域。},
好一个公正的立场——简直与令尊如出一辙。我定会铭记于心。,
芬瓜拉纵身扑入父亲怀中，险些将他撞倒。国王此来一路沉默不语，可当他看到女儿的瞬间，眼中的神采复又点燃，紧接着便涌出了泪水。,
你又派了另一队人马往那商人家去了。,
放下武器，让我们像通情达理的人一样，好好谈谈此事。,
还有[Player:Name]？这些是你指使他们干的吗？,
你这是说笑，可话里也未尝没有道理。我时常思量，咱这些人里，到底有没有谁能活着回到家乡。,
{坚毅地点头。},
她暗自思量了片刻，目光扫过那群奴仆，又转回到你脸上。,
你这野蛮人叫谁蛮子呢，贱民！,
没错。我认得她。,
去吧，把这货送到克维尔杜尔夫那儿去。包管他对这成色满意，我给你打包票。,
原来你在这里——我们已听说了你的捷报。听起来，那一仗赢得甚是艰难。,
鏖战持续了不知多少个时辰。最终，皮克特人突破了防御，攻占了埃奥福维克。,
要我说啊，假如你料想自己要去的地方会挂彩，那干脆就别去！,
咱们船上见。,
这一仗我必须亲自上阵，这你明白。,
哇，这可真美。,
你那几个儿子呢？,
听着噗通噗通的人体落水声，你分明在敌方船员心头打退堂鼓之前，就已经干掉了他们好几人。,
格雷蒂尔？,
我只是有点好奇，你们刚才在谈论什么？,
阿门。,
一阵剧烈的红潮猛地涌上她的面颊。她带着几分歉疚之意，端出了一盘咸鱼。,
搜刮财宝，然后走人。,
那孩子的父亲悄悄从背后摸了过来。,
好极了。现在，要是你不介意，我得收拾行装，尽快离开这是非之地。,
转念一想，我们还是接着再找找看吧。,
这枚护身符，不过是块用细绳串起的抛光琥珀罢了，一看便是孩童的手艺。,
嗯，是啊……,
那里定是空空如也。他们不过是想把咱们支开，好自己夹着尾巴溜之大吉罢了。,
他那几个儿子是蠢材，但我曾经确确实实仰望过埃尔林格。至少，他已逝去，当得起我们的敬意。,
我们回头再聊，我得去尽地主之谊了。,
来客人了，胡尔达。是[Player:Name]。出来见个面，打个招呼吧。,
走吧，咱们回营地。这头雄鹿我扛。,
你当然明白。你信得没错。,
别傻了，姑娘。我的钱不比别人的差。,
[Unlucky:他/她]背上的包裹沉重，压得[Unlucky:他/她]直不起腰。,
要是胡尔达太难缠，再过来找我——我也许能帮上忙。,
失、失礼了，我的[Player:领主/领主夫人]。,
他的目光精于算计而清明，审视着你，哪怕此情此景，仍让你觉着渺小，就在那一瞬，你几乎要相信这人恐怕已活了上千年了。,
那斜靠着树的男人死寂如石。他双眼圆睁，血红欲滴，越过你投来一道控诉的目光。,
你总不会以为我们真会把你丢在这儿吧？,
奥尔德温瞧见你这副模样，眼中不禁掠过一丝忧虑。,
哈，格蕾妮总算把那条老狗宰了，是吗？真替她高兴。不过连我都没听说，那些帮维京杂种的家伙肯定也还不知道。他们还在为他卖命呢。,
她似乎寻思了一会儿这种可能性，然后一声不吭地让到了一旁。,
有些钱币、酒杯和臂环上裹着几十年甚至几百年的积尘，可看起来将近一半的东西最近才被人取走。,
诺托夫迎上你时，已是一副戒备姿态。,
一个面红耳赤的农夫，站在一帮同样怒气冲冲的农工前头。,
你已被认定为值得之人。,
逮到他正偷偷摸摸溜回营地。口袋里衬满了银币！,
此时，那诗人眯起了眼。,
教士凑上前想抗辩，国王却厉声将他顶了回去。,
厚盔,
托尔芬造的这艘船可真不赖。,
阿门。,
我也是这么想的。我这辈子都在为战斗而训练。这村子越来越像个牢笼了。我们得走出去……去[i]探索[/i]。,
多谢赐教这一战。真是受益匪浅。,
还不行。,
是鲁里克辜负了我们，不是反过来。,
那就这么说定了。明早启程。,
我……我经历过太多那样的时刻了。总有一天……你也会站在我的位置上。,
终于，那个跑腿的男孩一路小跑回来，后面跟着个高个子男人，裹着件毛茸茸的长袍。这人步子轻快得离谱，尤其是踩着他那双快要散架的破凉鞋，居然还能走得这么急。,
我想当个有心的领主。就先从建一座民会开始吧。,
这帮家伙有点不对劲。我觉得还不能放他们离开。,
提到那个名字，他脸上掠过一丝笑意。,
“我想，你定能从那阉牛身上搞到些海饵来。”少年麻利地溜进了树林，一头乌黑的阉牛正站在那里。,
确实……那么，好吧——就来考验一下你的信仰。不如，背一段主祷文？,
阿斯莱芙的怒吼像是撞上悬崖的船，猛然间戛然而止。你几乎能感觉到，两人之间的空气里，正噼里啪啦地迸溅着火星。,
她瞧着我那模样，倒像怕我一口把她吞了！哈！说真的，只要她敢松了这口气，我倒也不介意下嘴。,
这么多当兵的扎在一处，造的垃圾可真他娘的不少。,
最后，总算清出了个勉强能挤过去的洞口。干的是重活，可你的扈从们一个个看上去倒不怎么疲惫。,
克维杜夫走到那巨人身后，一脸不耐烦，仿佛最后那点耐性也彻底耗光了。,
[Participator:Name]一把从[Drinker:Name]手里夺过蜜酒，猛灌了一口，用袖子抹了抹[Participator:他的/她的]嘴，才递还回去。,
等把神社查看完了，再去找辛弗德谈谈。,
说白了，你就是要奥克尼群岛的控制权。你要来统治我们。,
你的氏族在日德兰半岛算是最豪富的了。我哪怕随手把货甩给你，都有得赚！,
这话你已经说过了，胡尔达。,
没什么。就路过看看。,
老德鲁伊重重叹了口气。,
我所知道的，都会告诉你。,
埃塞尔雷德逼着这些村庄为他的战争卖命？,
等等……要是这儿从前是个祭祀的场所，那些基督徒修墓地时，怕是把它挪了地方。,
我们这儿可难得有外人来。,
若是我们的迎迓让您觉得受了冒犯，那实在抱歉，这绝非我们的本意。,
人口本来就杂。艾布琳自己，就是混血家庭出来的。,
真是太感谢您了，领主[Player:Name]阁下！,
快告诉我，外面出了什么事？大家都平安吗？,
准备好了吗？,
嘿，多谢你们让我们来这儿。眼下日子是不好过，但总有办法的。,
本地人来得可真够快的。我敢打赌，悬崖上头有个村子。应该过去打声招呼。,
没事儿！反正我身上那玩意儿留着也没什么用！,
回家去吧，姑娘。你心里不领情，但我确实是帮了你。,
住在这地方的人向来以坚忍著称。然而，维京人第一个攻占的正是这里。,
这感觉我懂。我也开始想家了，想得厉害。,
我可不是当战士的料。论感知，你不比我强多少，可你还这么硬气，这么有种。这就是为什么首领是你，而不是我。,
米尔丁捋了捋胡子。,
你凭什么这么肯定？,
勇武的索尔奋力将那沾满毒涎的大蛇拖上船舷，又从上方挥锤，砸碎了那紧缠兄弟的恶狼脑袋。,
你听见莫尔坎特在身后拖沓着脚步，但他一声没吭。,
你看啊……要是你[i]真[/i]非得跟这姑娘说上话，兴许你能想个法子，[i]帮[/i]我这记性一把。,
尽管来试试。,
那女人终于放下手里的鸡，在围裙上蹭了蹭手。,
原来他是这个下场。我还以为他早死了呢。,
交易就这么敲定了，他和那帮鼠辈同伙从快烂掉的屋子里收拾起那点可怜的家当，从你身边窜过去，直奔你们拴马的地方。,
除此之外，你或许该去问问老胡尔达，看她是什么意思。外头那片老泥塘，兴许能派上个更好的用场。,
我们是自由民！我们只想给自己寻个新的开始。,
菲努阿拉一肘子戳了戳她爹。,
我包你一定能混出名堂来！,
斯克恩来的[Player:Father]家的[Player:son/daughter]？,
{离开。},
你要是再这么拖下去，我们怕是早就饿死了。我看，这倒也算你弄到它的一个法子！,
这不在于你配不配——我们是一家人。这屋里的每一个人，都是家人。,
我们又寡不敌众了……回回如此。,
我会出手……不过，我要银子作为回报。,
发出挑战的那女人四十来岁。一身衣裳显尽了穷苦，却掩不住那股见多识广、饱经风霜的底气。她看上去像是一整个礼拜没睡过觉。,
阿斯特丽德一边寻思着，一边伸手捋过自己花白的头发。,
考斯坦丁严正地点了点头，迈步上前，一只手重重按在你肩头。,
贵族们被安抚下去了，那卫兵的家人也总算讨着了一点公道。,
谁也没想到罗斯克瓦动手这么快，她伸手探进背包，抓了满满一把扬尘，直撒在鲁里克脸上。你兄弟猛地往后一缩，就在这一刹那，女巫已经把撒克逊刀捅进了他的喉咙。,
他一脸错愕。,
要真是那样，你会出手吗？,
坑边垒了一些粗壮的原木和石块，在场地外围，还散落着几处小一些的火堆。,
她朝你投来一个羞怯的笑。,
我在灌木丛间找到满满一桶血糊糊的内脏。你说这东西，跑那儿去干什么？,
他脸色刷地变得惨白，你一眼瞥见，他那条脏兮兮的裤子上洇开了一团丢人的湿迹。,
我想献上一份祭品。,
格里姆尼尔意味深长地点了点头。,
斯库勒意味深长地点了点头。,
关于这个不在场的人，你都知道些什么？,
{用他们来分散注意。},
你一直在抓人，还霸占他们的东西！,
呃，这事儿非得要个理由吗？,
你把插在拉格恩瓦尔德伤口里的箭杆用力一拧，他痛得发出一声凄厉的惨叫。你能真切地感觉到箭头刮过他的肋骨，鲜血从新撕裂的血管里直涌出来。,
欢迎光临我的厅堂，[Player:Name] [Player:Lastname]。要是我早料到有异邦的贵人登门，定会叫仆人们把这儿拾掇得体面些。,
你确定吗？,
说着，国王爆出一阵粗犷的大笑。,
杀一个手无寸铁的平民？这事儿可没什么光彩可言……,
你走近她座位时，她礼节性地点了点头。,
[Overboard:Name]落水了，而且离[Overboard:him/her]越来越远。,
这是谁惹出来的？,
鏖战持续了好几个时辰。最终，维京人攻破防线，拿下了约维克。,
要说瓦达心里着急，那他可是半点也没挂在脸上。,
他想攻打法兰克王国？,
去拜访比约格迪丝，问一问她女儿身体怎么样了。,
她环顾四周，想来是要确认你仍然在全村人的盯视之下。等她开口回答时，声音倒是很稳。,
放宽心，女祭司，我们来找你，不过是为了讨一个答案。,
这是里伯女祭司给的药。艾芙拉需每日两次，每次少量服下，直至痊愈。,
城门会关闭，但我们仍有两条路可以穿过城墙：那座旧塔楼，或是南墙的坍塌处。,
你要我们做什么？,
你迅速确认哨兵仍坚守在岗位上，这才安心地回到帐篷，确信只是虚惊一场。,
众神在上，你这副模样，像是独面了火巨人苏尔特本尊。,
他们在关键处占住了理。我建议你听听他们怎么说。,
我还不能插手。,
[Pointman:Name]坚定地点了点头。,
我发过誓，还你自由，便打算信守诺言。我不管你去哪儿，但你最好滚出我的城。,
{献上 5000 财宝。} 若你袖手旁观，我不仅会将皮克塔维亚诸王国的主权归还其应有之主，更会重重赏你。,
那不过是人之常情。,
哦，不，太可怕了。我还以为咱们终于摆脱了那个古老的诅咒。,
不。但若你与我们同行，必有犒赏。,
奥斯雷德的目光瞟向他的卫兵。焦虑令他手指无力地抠抓着椅子上的雕饰。,
{支付 500 财宝，获得 200 木材。} 做成这趟活儿，我赏你50厄尔图格银币。,
她怪异地瞥了你一眼。,
他沉沉地坐回椅中，用手托住了下巴。,
耶灵的民众会遵从你的决定。我只希望，将来时间不会证明你是错的。,
我们要给你一个永生难忘的教训。,
年轻女巫黑色的眼眸忽地低垂下去。,
又是一声咆哮。,
一名哨兵轻蔑地哼了一声。,
哪怕父亲不在身边训练你，你的身手也一直这般敏锐。,
这对我来说自然是坏消息——他的劫掠曾给这里带来滚滚财富。如今没了他，我恐怕得亲自带弟兄们出海劫掠，否则，我们熬不过下一个冬天。,
你只需悄悄把这玩意儿掺进一杯麦芽酒里，端给康纳尔，他很快就不再是个麻烦了。,
{给予 5 份毒药。} 给——千万小心。,
{别去惹她。},
旅途怎样？,
{阿斯莱夫加入了你。} 我接受你的誓言。,
你这地方真不赖。多谢你的盛情邀请。,
请把这些带回洞穴去，交给默丁。我会在峰顶的石阵与你们会合。我这就去安抚达布格拉斯和梅尔·穆雷。,
一旦结束战役，你在丹麦所有未完成的可选内容都将无法进行。确定要现在就结束吗？,
那是他的话，可不是我的。,
你今天要往哪儿去？,
啊，我听说过你。大多是好话。,
一阵令人不安的沉默短暂地笼罩了房间。,
你站在齐膝深的冰水里，阿斯莱夫却似乎在躲着你的目光。温存过后，他反倒愈发显得闷闷不乐了。,
邓弗里斯就在旧城墙的北面。那是皮克特人的地盘，但镇子的统治权在我们和他们之间来回易手，已有好几代人了。,
我原指望他们会……,
那是自卫！你倒试试活捉一头暴怒的狼！,
你能这么想，我很高兴。凭我亲眼所见的你的战力，我对你和你的族人有着十足的信心。,
别给我摆那副脸。反正横竖都要跟厄林格打，我们就该想尽办法给自己争得一切优势！,
难怪！这般长途跋涉，怎能不让人胃口大开！,
是地底之民在守护此地。,
痛快！我们这就集结兵力，准备扬帆。,
他伸手按在你的肩头。,
喂，那边！我已经派索尼和梅金比约恩去林子里砍伐你为船只选定的木材了。眼下，就剩下给它命名了。,
[Slippy:Name]可不是个轻易退缩的人，[Slippy:他/她]重新站起来，再次尝试。这一次，费了九牛二虎之力，[Slippy:他/她]总算登了上去。,
咱们是不是在哪儿见过？你叫什么？,
能再度与你并肩，真是太好了。,
若是战局拖得太久，他们终究会摸清我们的位置，将我们合围。,
这儿……有人。或者，是什么……[i]东西[/i]。是地底之民……他们就在那阴影里！,
我们来自日德兰一个叫斯凯恩的地方。你们呢？这罗加兰又是什么地方？,
你的视线模糊起来，视野边缘一片朦胧。脸上和手上满是滑腻的油脂，黏糊糊地沾着蜂蜜。疼痛迫使你活动着下颚。再咬一口就好。,
凭他的所作所为，就该像个懦夫一样窝囊地死去。,
你应该再小心一些的。,
你得付钱给你城墙外的工匠们。你不付清，我是不会走的。,
最后一次机会了，姐妹！你要是不打开这扇门，交出我们需要的东西，我们就亲自闯进去夺取！,
皮克特人是个凶悍的民族，不过事到如今，我们已经有跟他们交锋的经验了。我不认为珀斯会像埃奥福维克那么难啃，毕竟它唯一的防御就是那些悬崖峭壁。,
[CaptainObvious:Name]环顾四周，打量着那些全副武装的卫兵。,
他连身都没转，只是扬手致意了一下。,
这是我仅有的一切了。如果你有时间等的话，我本可以做得更好。我保证这东西要不了他的命。你确定不要吗？,
你这话什么意思？,
你卖些什么？,
你正中我的下怀！,
那边需要援手吗，[Buzzkill:Name]？,
别太贪心了，格雷蒂尔。我看四分之一的财宝已经是相当公道了。,
废话少说！你的统治到此为止了！,
{离开。},
你妹妹究竟是怎么回事，戴尔？,
那位智妇需要药草园里采的粘草，想必是在村子外头。,
欢迎你来试试！,
拉斯科瓦的唇角勾起一抹讥讽的笑意。,
皮克塔维亚似乎正在诺森布里亚与珀斯之间的一连串大山洞里集结一支军队。,
{你获得了100木材。}你留下一半木材，剩下的装船运往斯克恩。,
快跑！冲过桥去，我们挡住他们！,
他很可能特意为我们抬高了价钱，不过如果意味着可以无限制出入的话，听起来倒也不算离谱。,
就在这埃奥福维克，我的精灵骑士仍珍藏着一只白手套，作为我们曾经拥有彼此的信物。而在斯卡伯勒，我的诗人随身带着我的仙环，虽然最后他也离我而去，但我相信那枚仙环至今仍紧贴着他的心口。,
有时候，有些人连问都不问就闯进去。然后就再也没有出来过。,
凯特的艾菲，没错。我们只见过一面。我记得，那是四年前的事了。,
假如你是在想，我们该偷偷溜下去捅死最靠近的两个，那么，没错。,
努基，你在干什……？西格蒙德，你喝醉了吗？！,
我们走运了，兄弟们！还有你——你帮了我们一个大忙！我们乐意请你喝杯啤酒，讲讲我们是怎么来到这儿的，算作答谢。,
这里到底出了什么事？,
{仔细听他陈述。},
我们赢过你一次，赫罗德盖尔达！这次可不一样了——你别想再溜掉！,
我们在海滩登陆的时候，你为什么跑开了？,
你要我做什么都行……只要你肯帮我。,
再会了，兄弟。,
哦……？可我本以为卡尔特拉姆已经和康纳尔在一起了。,
但愿埃尔林格不会再惹什么麻烦。我得全神贯注应对阿斯莱夫的挑战。,
对不起，小伙子。这全是我的过错。,
我也是。我最遗憾的是塞法没能撑过来。,
鲁里克把我们都置于了极大的险境之中。他对斯克恩的宣称权根基深厚——也许比你的还稳固，尽管你立下了赫赫战功。,
我错了，[Player:Name]。作为我们的领主，你照顾了我们每一个人，带领我们走向了繁荣。我之前不该反对你，也不该反对这次远征。,
古老的力量笼罩着此地。你能在泥土中感受到它们吗？在撼动树木的震颤里？这个地方之所以被选中，是有原因的。,
索尔一把抓住锅沿，双脚深深陷进了大厅的地面；西芙的丈夫将大锅奋力举过头顶，锅环在他脚踝边叮当作响。,
我们是维京人，但尽管放心：我们不会伤害你们。,
维京人……求求你们了。抓住他们。把他们带回来——[i]抽泣[/i]——带回来为我的埃雷斯讨回公道！,
别碰我！,
那一番发泄[i]确实[/i]让我好受多了。而且，现在我们有一艘船了！,
我们现在不能让他们离开。斯库勒的手下在这儿干什么？！我们必须审出更多情报来。,
我是对的。我做的梦是对的。,
来吧。都结束了。,
我稍后再跟你谈。,
{杀了他们。}真可惜。,
父亲，您应当对丹麦人的首领[Player:Name]说话。[Player:他/她]才是这队人马的首领，我只是随行观摩学习的。,
他的目光再次扫过你和你的同伴，一丝浅浅的笑意浮上他厚实的嘴唇。他收起匕首，猛地伸出手来。,
谢谢你，布鲁诺，我就知道我是在跟一个通情达理的人打交道。祝你的归途好运！,
有人或许会说，身为侍卫，确保奴仆们的辛劳得到应有的尊重，正是我们的职分所在。,
你们找到我们的朋友了吗？,
突破,
我们很难相信你跟这次袭击毫无牵连，不过祸害那个村子那伙土匪，我们也不是第一天知道了。,
我……嗯，好吧，我们这就走。,
这位盖尔人国王因剧痛而尖声嘶吼，声音刺耳欲聋。,
我真想知道他们为什么不肯出手相助。也许……,
对我来说，这一切的尽头将是永恒的严冬，漫天飞雪被众神的鲜血染得猩红。至于你……啊，那得去问诺恩三女神了，可惜她们从不饶舌。,
我懂了。我一回到岸边就收拾细软，离开这村子。,
弑君者,
你试图对埃尔林格和盘托出他的家族已深陷怎样的泥潭，但你每多说一个字，他的脸色便越发阴沉下去。,
你觉得他会在哪儿？,
你是什么人？,
我要的，不过是一点尊重。,
不过，你显然是下过功夫研习使徒信经的。既然你自称已受洗，我便信你。,
你们的防备不堪一击。外面可都在传，你们这儿油水丰厚，等着被抢呢。,
咱能不能向这位国王缴贡纳税？,
回到埃塞尔雷德营地的塔拉那里复命。,
就算你能证明，也帮不上你什么忙。你的氏族太软弱。一旦法兰克人打过来，我们必须拧成一股绳，坚不可摧。,
在他赶回营地之前截住他，逼问出他要去见谁。我不在乎他能不能活着答完话。,
她一边说，一边紧张地绞扭着双手。,
我们[i]本该[/i]带着货物来做买卖的，可父亲留给我们的那点薄财，全都见底在盛宴上了。,
她眉头一皱，拿不准你到底要她干什么。,
他……你说什么？,
难道就没别的能让我干的事了？,
他年轻时孤身一人建起了这座宅子。如今他满头华发，皱纹深嵌，却仍像一家之主那般，傲然挺立着。,
你抄起武器，顺着他走过的那条小径追了下去。天色暗得厉害，你不得不点起火把才能看清前路。,
重整队伍，跟同伴们商议下一步的行动。,
我干过亡命徒——曾领着一帮弟兄，在南边的林子里劫杀农户和行商。,
听说你在那些本地人中间挑拨离间，互相消耗，只等我们发动致命一击。好算计。,
你不得好死，维京人！愿你坐在我们王座上一天，我们族人的诅咒就追着你名字骂一天！,
我上哪儿能买到回收物？,
对不住。我保证再不这样闹情绪了——你心里清楚，我在战场上绝不会拖累大伙儿。,
栖居在那处地界的力量可不怀什么好意。要成事，就非得献祭不可。,
维贡德之矛,
我不知道出了什么事，[Player:Name]。有东西……碎了。,
{朝那棵树靠近。},
你在埃奥福尔维克被悬赏了——死的活的都要。,
有船有手下是个好开端，可你们还需要补给，而补给离不开银钱。农民艾迪丝曾向你提起过一座堆满宝藏的古王墓。,
我可不想为了几句童话故事，跑遍半个国土到处瞎追。,
莫尔坎特压根没转译你的话，径自用萨克森语质问起你来。,
狡辩！从你这张龌龊嘴里喷出来的，全是异教徒贪生怕死的鬼话！等我刮干净你，我就带着亲族杀向奥克尼，见一个维京人就砍一个，直到活到我们咽气的那一天！,
没了她，这儿再没我什么可留恋的了。我要回东边祖辈的村子里去，但我得在船上讨个铺位。,
当你跨过血流不止、倒地虚脱的莱奥弗里克时，他整个人颓倒进烂泥里，一条胳膊掩住了脸。,
去你的！搞不好[i]我[/i]才该趁早摆脱[i]你[/i]呢！,
最开始说要入侵不列颠尼亚，我还觉得挺异想天开的，但现在我开始信你能办到了。,
那我们万分荣幸，能再次款待你。你此番前来，可是向众神求告的？,
你竟是在盘算着突袭一场婚礼？！那[i]简直丧尽天良！[/i],
这可真够邪门的。按说你们不该有不止一个神啊。嘿，你是搭船过来的吗？,
这些记述听得我透骨生寒。必须除掉这个邪教。,
我天生不是块当战士的材料。可你，一上手就跟玩儿似的——看你跟奈芙娅操练，一招一式就跟跳舞一样。这才叫你来当首领，而不是我。,
当你将撒克逊刀抵上赫罗德盖尔达的脖颈时，她猛地攥住你的手，眼睛死死咬住你的目光，拽着利刃划过自家的喉管。然而，她猝然呛咳喷血，死寂之中，死亡却连她所求的最后一点体面都拒绝施舍。,
早该蹲下的！哈！,
然而，当把它们一块块拼在一起时，每一条铭文都分明在缩小埋葬地的范围。七条指示尽在手中，线索已经足矣。,
乡亲们杀了你的学徒。,
你使出浑身解数，凭着三寸不烂之舌，迅速又透辟地描绘了埃塞尔雷德倒台、瓦达擢升副王后，诺森布里亚未来的宏图。,
还……不到时候。,
她猛地把你拽进一个紧紧的拥抱，久久不放，气息埋在你的肩窝里。你能觉出她的心跳正一寸寸缓下来。,
我一向不擅长看人，但你要想知道我跟某个特定人物的关系究竟如何，我倒可以给你一句实话。,
事情到底还是走到了这一步。,
[i]愿此永存。[/i],
你！站住！,
那陷阱[i]连小孩[/i]都能一眼看穿！,
格里穆尔夫站起身，一瘸一拐地挪回自己屋里。,
动身前我提出过相助，可你说你只需神明的眷顾。你走之后，我向索尔献了祭，就在当夜，他一道霹雳劈中了那棵大柳树。,
女孩双手捂着嘴，泪水夺眶而出，却在你从他身上扒下那柄来路不正的剑和那件兽皮外衣时，安静得像只耗子。,
包你满意——我手里不出次品。就这些了？,
出什么事了？,
我觉着我好像漏掉了什么要紧的背景。,
可你们不是寻常的基督徒。,
米尔丁把你的口音学得那叫一个惟妙惟肖。,
他们都愿为我赴死。我也必以此为准。,
他那洪亮的嗓音因愤慨而发抖。,
内菲娅抚摸着那个小东西，把晚饭最后一点碎屑喂给它。她没有对你的决断提出异议，可你看得出她有些失落。,
凯尔将手掌轻轻贴在了你的胸口。,
那我倒希望那些邪教徒，纵然委身于那般令人作呕的忠诚，也还能看清道理。,
那点事，不值当编成歌谣传唱。我们三两下就把他们收拾了。,
还真不赖！再给他五年，埃迪丝家的小儿子说不定就能驾着自己的船出海劫掠了。,
击败埃塞尔雷德。,
你见过他厮杀的本事。我们这边，就需要那样的汉子。,
一声干笑，难堪得叫人浑身发毛。,
闹了半天，就为了这个？,
内菲娅，我身边就只剩下你了。,
利奥弗里克久久凝视着你的双眼，然后，他点了点头。,
陛下，此事还请三思。这一回若是拒了，可就没有下一回了。,
你才抿了一小口，埃塞尔雷德一世就大步流星闯进帐来，一眼将你上下打量了个遍，随即哐啷一声把随身兵器甩在了桌上。,
你们俩怎么会在离村子这么远的地方碰面？,
为了朋友，万死不辞。,
柯纳尔非得拧掉你那对卵蛋不可。,
这活儿我干过——我知道怎么让他们不出声。,
如今想来，竟以为能在那边寻到自家难题的解法，可真是……太天真了。依我看，我们不过是又一脚踩进了个全新的烂泥坑。,
那我很高兴你正在着手应对。领头，终究强过跟从。,
那不是我的错！我……我没想……,
噢，你有多瞎啊？！那从来就比这更重要！它[i]非[/i]得更重要不可！我这一身本事——怎么打斗，怎么——[i]维护[/i]自己——全是格蕾妮教的！,
{亲自跳进去救[受害者:姓名]。},
我不爱在背后嚼人舌根。有谁叫你特别放心不下的吗？,
你将他拖出来时，他还在不住地惨叫，可如今他咒骂着你的名字，求你让他烧死算了。你扑灭了他衣服上的火苗，但他已经伤得不成样子。,
利奥弗里克的笑容很温暖，却显然吃了一惊。,
我看，甭管咱们商量出个什么结果，事情该发展还是得照样发展。,
伍尔夫西格有些上气不接下气，裤子上溅满泥点——他显然是拼了老命，拿最快的速度赶来的。,
那么，你对内菲娅有什么看法？,
唔，发作得厉害时，你可以坐到雪地里去，那样能镇一镇痒。可要说根治，只能靠大蒜。,
那当然。,
一个凄然的微笑。,
奥斯雷德本已经准备认了，可皮克特人派了武士来夺邓弗里斯。我们不得已，也只好跟过来，为的就是拦住他们。,
呃。行吧。,
你！哈夫丹之子的娼妇，跟这破镇子里的其他人一个烂德行！滚！我跟你没什么好废话的了。,
来，咱们瞧瞧。,
塔拉正在翻看一件皮外衣。看模样不是她自己的，衣裳侧边，靠近那两大块硬化皮革拼合的接缝处，豁着几道瞧着几乎能要命的口子。,
每一口吞咽都伴着血液在耳鼓里擂起的雷鸣。你吃完最后一口，大口大口喘着气，瞥了一眼对手。他的速度已明显慢下来，样子比你狼狈得多。,
唔……要是你只剩这些了，那我就收下吧。,
你竟敢亵渎我们祖先至圣之地，还有脸把你的罪行当[i]儿戏[/i]？！,
很好，我会尽量不因你同胞的所作所为而对你妄下定论。,
打从到这儿起，我心里就一直是这么想的。,
她只报以羞涩一笑，轻轻点了点头，算是回答。,
看……一串血迹延伸到了营地外头……,
神明钟爱献祭。那些向精魂与众神奉上祭品之人，在战斗中会受到眷顾。,
愿祝福与你同在，维京人。,
慢着,
撒谎，那本就是我们的地盘。,
那好吧。我们能帮上什么忙？,
奈芙娅强忍着泪水，她做得很好。,
他是我们敌人的旗手。,
我叫[Player:Name]，幸会。,
[Leader:Name]只是耸了耸肩。,
他们已开出悬赏，保你平安归来。,
跟你同船区的孩子们来一场练习战。,
瞧见没，毛科林？我早跟你说过，这些外乡人跟他们的同族不太一样。,
不过是擦破点皮！,
今年的云杉长势喜人，又高又壮！,
趁我不在，免得被我撞见！不过一头孤零零公猪发出的咕噜声应该能把它们引过来。要不要试试？,
西格丽德的爹娘，你对他们几乎没什么印象，对吧？,
厄林格·索尔吉斯尔松的家人在哪里？,
好，我们说好的——我帮你解决狼群，你告诉我，我父亲究竟遭遇了什么。,
[Killer:Name]一个箭步灵巧地挡在你身前，趁鲁里克挥臂时擒住他的胳膊，顺势将那利刃反推入鲁里克自己的胸膛。一刀贯穿到底。,
老人从紧锁的眉头下投来一记令人枯萎的目光。,
{献上10000财物。}你要的银子，我带来了。就此说定！,
[Random01:Name]用[Player:他/她]的脚捅了捅国王的尸身。,
拉格希尔德的那位旗手，就在长屋外他惯常待着的老地方。他又一次停下操练，向你致意。,
{喝。}干杯，你这……怂包！再来！,
[Skeptical:Name]发出一声几乎无异于轻蔑冷哼的响动。,
你可算回来了，真好！,
那农夫伸出手，掌心里托着一枚精致的旧护身符。,
不妨先四下看看。,
站住！你已走得太远，但休想再前进一步！我绝不容许你玷污上帝圣堂的庄严！,
木匠捋了捋胡须。,
征服诺森布里亚与皮克特维亚。,
那个女人——她定是盾女中的一员。,
你试图跟布鲁诺讲道理，说他那几辆大车装得满满当当，抽二十奥图格银子的税已是分外合理，又暗示他若敢拒绝你的“提议”，定会倒大霉。不幸的是，你威逼得过了火。,
近来如何，鲁里克？我不在的时候，你把诸事照管得怎么样？,
你撞见斯卡拉格里姆正修理他的盾牌。他最后重重敲了一记，验明握柄复又牢牢固着，方才满意地一点头，抬起头来。,
他脸上的笑容微微一滞，就在那一瞬，你瞥见那副快活嘴脸下藏着某种令人不安的东西。,
{觉醒。},
{饶过凯蒂尔。}我与你背负着同等的罪责。这一切，我们权当从未发生过。,
奈芙娅望着母亲重又燃起锅下的火。凯蒂尔伸出只手，搭在那盾女的肩头，她便沉重地点了点头。,
六名男女散落在河岸边上，驻扎在一片用船帆搭就的帐篷营地里。,
你见着那个新来的家伙没？上周打里伯过来的，离你家乡不远，是不是？,
他那是不得不拼上老命。,
这事儿没完！你给我听好了！我定会寻着你，[Player:Father]！我定要让你，还有你那[Player:儿子/女儿]，为你们对我犯下的罪孽血债血偿！,
紧接着，莫尔坎特用土话长篇大论地絮叨起来。那老头子自始至终都在用狐疑的目光上下打量你。,
好。成了。跟我来。,
面对一艘长船，他们根本无力招架。一切转瞬之间便完结了。,
可否容我冒昧一问，诸位此行目的何在？,
赫罗德盖尔达的脸上，当真是一副[i]乐开了花[/i]的模样。,
他挺直了腰杆，可那股子虚张声势的劲儿，却透着几分勉强。,
听说外头那场仗打得血淋淋的，很是惨烈。多谢你们替我们摆平了这桩麻烦。,
莫尔坎特话音发颤，难掩激动。,
仿佛算准了似的，艾芙拉猛然迸发出一阵嘶哑而痛苦的咳嗽。过了足足一分多钟，她才缓过气来。,
好罢。依我看，眼下这事，有两条路可走。,
马格努斯·麦克·瑟腾轻蔑一哼，摇了摇头。,
那边的芦苇丛里，烂着一头死鹿。你会吐的。,
[正直的：角色名]甩给[狡黠的：角色名]一记眼刀。,
拿去……我们就剩这些了！,
慢慢考虑。我明白这决定很难做。,
多谢，也祝你好运！,
不消说，这是最罪大恶极的异端。我信这些人尚有可救赎之处，但主教怕是容不下。辛弗德[i]显然[/i]容不下。,
再也别对我这般不敬。听懂了没有？,
廖特尔和西格丽德望着脚边的尸首。西格丽德似乎在无声地流泪。廖特尔伸臂揽住她的肩，两人一同走回小船。启航前，他们再没回头看你们一眼。,
我还没把话说够明白吗？小礼拜堂谢绝访客！,
他字斟句酌，拣选着话语。,
奥丁那只瞎眼在上，[Random02：角色名]！你就[i]非[/i]要嘴欠说出来，是吧？！,
他本能地开着玩笑，可你能感到，那副满不在乎的模样底下，藏着一丝哀伤。,
这得熬上一阵了。,
慢着，我看咱们一开头就闹拧了！你们误会了这些村民的处境。,
我来这儿找人谈笔猪的买卖。,
你疯了不成？！我们得去救[落水者：角色名]！,
你害我成了本族的内奸！去[i]他妈的[/i]诺森布里亚，也去他妈的你！,
那件事，我还是宁可烂在肚子里。,
要了我们领主命的，可不是当佣兵这营生。照我看，偏是他那些佣兵勾当，才带回了最厚的家底。,
村里铁匠铺正缺得力的人手。,
我总不能撇下你们，听天由命。,
我想多知道你的事。,
多谢诸位随我走这趟远行。你们谁也不欠我忠诚，大多都有理由留下。可你们还是离了家园，别了至亲，随我远赴异乡，蹈此大险。,
他挺刀刺向你胸膛，可出手游移，刀刃叫你身上的甲胄滑开了。饶是如此，还是在你肋侧划开一道深深的口子。,
他定是在长屋里。,
他不屑地嗤了一声。,
他踉跄栽倒，跌在泥里。他蜷作一团，哀哀地哭了。,
我们得去见贝尔，告诉他我们还活着。,
我自然信他们。,
我们是兄弟。这情分是我自己挣的。,
呃……劈柴火呗。,
终于，一个主妇似的声音响起来。语气严正，又含着怒气。,
正经武艺我没大练过，你那话若是这意思的话，可我到底不是什么颤巍巍的老婆子。,
埃吉尔忖了一刻，随即忧虑漫上他的脸。,
你方才梦见什么了？,
啥？精灵？矮人？莫要孩子气。,
我瞧瞧你的货。,
找到那个叫苏森的制陶妇，从她嘴里套出康纳的行踪。,
{离开。},
{查看那头猪。},
托尔芬环顾四周，仿佛在心里描画怎样把这儿拾掇得更好。,
他从湿淋淋的长发里绞着水，郑重地点了点头。,
这事她丈夫克维尔杜尔夫自会乐意帮我。我须得打一根舵桨，再造个锚什么的……,
就这点阵仗，可挡不住我们！,
开往林迪斯法恩，动手劫那修道院。,
我要给船招些人手。,
谁有主意，我一向爱听。,
他怅然地轻笑了笑，朝你一瞥，跟着摸出一只塞了软木的小罐。,
偷来的皮甲,
只要利害一致，他们就会替我卖命。他们都是自在的战士，不受谁管束。,
待狼群退回林中深处，格里穆尔夫猛地扬起双臂，发出一声沮丧失意的怒嚎，在林木间嗡嗡回荡。,
那我，就叫他替你咽下去。,
艾芙拉的声音又轻又柔，听来像正迷糊着要睡去。,
你们这群毒蛇！非拿命来偿不可！,
我跟那些匪徒谈过了。他们咬定是你们的人灭了航标灯，好毁他们的船，劫他们的货。,
{有本事，便来夺旗。} 放手过来试试。,
这烟管用吗？,
依你。,
再不然，从你尸首上拿，岂不更便当？,
内菲娅跨步插在你们中间，张开双臂，面上一派冰冷果决的神色。,
伍尔夫西格仰面倒在泥里，不住地呻吟。马格努斯轻轻发笑。,
是啊，她有些不悦。也不过是我在这儿没太多事可做罢了。我实在没什么用场。,
论起巫术，我自己也略知一二呢。,
那地方还在更北边。巨人住在山里，我们这儿可没那种玩意儿。,
我们现在该怎么办？,
虽然这听起来确实很有意思，但没有援助和物资，我们绝无可能抵达奥克尼。,
报信人爆发出一阵狂笑。,
你利落地把树皮一掰两半，将其中一半递给那个满心戒备的男人，另一半则收进随身的行李里。,
你的客人们在一旁看着，面色肃然，叫人猜不透他们对这仁慈之举作何感想。,
桥面安全了，快冲过去，趁他们剩下的人还没到！,
平息哈夫丹森和马尔多森两家的宿仇之斗。,
她的回答全然不带半点说笑的意思。,
我会写信给考斯坦丁，告诉他我们今日的胜仗，以及你在其中的功劳。诺森布里亚也自会知晓，反正这事瞒不住。我要是你，打今儿起就离埃奥福维克远远的。,
狼群也全无踪影，大概早就跑远了。,
谢天谢地！我还以为他们恐怕遭遇了什么不测。,
你竟敢挑战[Player:Name]，实在愚蠢，但我希望你现已学会教训。我也很高兴身边能有你。,
你那精明的母亲阿斯特丽德，已经打探到他们奉命前来谋害于我。我欠你一条命。,
他的鼻子明显是歪的，像是断过不止一回。你还注意到他后颈有块粗糙的粉色皮肉，一路没入长袍底下——那定是某次可怕的重创留下的疤。,
他张嘴欲言，却又闭上了。他阴沉地皱紧眉头，随即敷衍地对你鞠了一躬。,
妙极了。只要办得到，我们就两头下注，最后谁势大就站谁那边。就算西古尔德·赫林格在老家那边裁断对我们不利，我们在这儿也有一整个自己的帝国等着接手！,
你知道我并非对你有成见，[Player:Name]。在你盖好新房之前，你甚至还可以继续住在这长屋里。,
他把脸挤出一副故作严厉的模样，活像在拙劣地模仿商人。,
好了，干活去吧。我们等着。,
与我想到一块儿去了。你我联手，获益无穷。,
抱歉。穿好衣服，我带你回营地。,
麻木酊剂,
但凡少半分，都配不上你为我王国立下的功劳！,
是啊，对这城，我差不多跟你一样陌生。我来自西边的王国达尔里亚塔，我们一族叫做盖尔人。,
对你的狂妄，他[i]几乎[/i]笑了出来。只差那么一点。,
待他明白过来其中深意，脸上登时血色全无。他虚弱地举起双手，下意识地后退一步，但这一切，已经太迟、太无力了。,
那个人，斯卡基——那他是死了吗？,
这……你可真是个大好人！,
奥德凯尔神色冷峻地盯着你，下巴不住地抖。,
我可不是雇佣兵。,
莫尔坎特对你笑了笑，那种谦卑之人心里实则骄傲得很的时候，才会露出的笑容。,
我的船在风暴中损毁了。你能修吗？,
原来是这样……,
可你这趟分明另有目的，对吧？嗯？是什么？说吧。,
怎么样？,
你缘何这样想？,
那就帮我们进到里头去，我们会亲眼看个究竟。,
它们[i]到底[/i]是什么东西？,
你是个好[Player:男人/女人]。你已经尽力了。,
双王记,
完了，我他妈完了。,
"那这分歧从何而来，不就明摆着了吗：瓦莱里乌斯口口声声倡导秩序与正义，可他那个""圣徒""，却是个弑兄的罪人！",
刚死不久——活的自然更好，但这个也够用。把尸身放上祭坛，我们马上开始仪式。,
离我远点！我宁可自我了断，也休想叫你们带走我！,
说这人是千年老妖，就无异于说[Shipname]是那米德加德大蛇，还好心地化作船身渡我们过海一样荒谬。,
我简直倒了血霉，来这儿之前就买下了这幢房子，结果一到，却发现它给一群老鼠占了。,
好。去挡住你的族人，维京人。这大厅，我和我的人来守。,
堂上众人会心相视，阿尔普特与塞格尔洪德尔的塞恩们友善地捶打着彼此的手臂。,
他们本是三兄弟。虽是畸形，却不过是凡人罢了。如今他们都死了。,
击败奥斯雷德二世。,
那场袭击与我们毫无干系，但凡有此暗示，便是对我这位塞恩荣誉的恶毒中伤。,
愿诸神护佑你。,
这方石板上，多数地方都摆满了青铜和白银打成的古老饰品。,
世界之心直探苍穹？这倒让我想起了世界树。,
真不该让一个外人插手。,
我尽了全力想帮忙，可这帮小捣蛋鬼实在是让我不省心。,
从沼泽地里弗龙格勒的马车上，找回了一大捆微微发潮的东西：药草、兽皮，还有些回收物。,
格雷蒂尔眉头一皱，显然半个字都不信。,
他痛苦地扭歪了脸。他想咽口唾沫，可嘴唇和嘴里都干得要命。,
他们和我们有许多相通之处，却也大不相同。,
喏，这是给你的——东西虽简朴，却是我亲手做的。但愿你能用得着。,
我想，你说的那些人，我怕是见过的。,
在你们族人里，这可稀罕——是个有种的举动。但你执意不信，却是错了。,
要是早晨醒来嘴里尝到大蒜味儿，别慌——那很正常。,
行吧，妈的，既然你知道麻烦已在酝酿，就能早早着手应对了。,
我还不知道你已经盯上了这桩事。容我问一句，你是如何了结的？,
那就用我们听得懂的话来祈祷，好让我们看个明白！,
她长长地叹了口气，那气息沉重得稍一放纵，便会把眼泪都勾出来，但内芙雅没有哭。,
我找到了他，也把他料理掉了，只是你那些装备早就不在他身上了。,
感觉就像笼罩在我家上空的阴云终于散了。给你，这是我能配出的、对付你那麻烦最得力的药。,
斯库勒·碎颅者处处拆我的台，每一步都在与我作对！,
你给了我极大的脸面。但愿我方才的挑战不会成为你我之间的一根刺——我想让你知道，从今往后，你可以毫无保留地信赖我。毫无保留。,
你得拿个主意，看由谁来接管这座农场。,
我一直手痒想再干一架。这事就包在我身上了。,
你真愿意这么做？图什么？,
第二个选择：今夜，与我同枕共眠。,
{结束她的痛苦。},
眼下没什么事。,
[Sick:archetype]脸色苍白得厉害，[Sick:his/her]额头摸上去滚烫。一看就知道，[Sick:he/she]是染上什么病了。,
他们彼此交换了一个意味深长的眼神。,
[ScoutCapturer:Name]，杀了他。,
你不妨将此举视为一个证明：证明你并未与魔鬼勾连，且尽管信仰原始，也甘愿为教会效力。,
有你，便是我所需的全部家人了。,
咬甲剑,
它们会招来恶灵，并令其反噬这片土地。这种诅咒最终会结出什么恶果，我无从知晓，但你大可以放心，绝对不会是什么好事。,
就在你准备歇下时，营地中央传来的呢喃软语和咯咯嬉笑声，攫住了你的注意。,
嗯，这事儿吧……就像是，从来翻不出什么新花样来聊。,
我已派格蕾妮先行一步，去抢占一处要紧的据点：高地上的一座大洞穴，正守在通往诺森布里亚的路旁，位置极好。去那里与她会合，她自会跟你说明，需要你做些什么。,
这是格雷蒂尔的尸体，其父乃斯克宁格的祭司——奥德凯尔。,
那我们就全数留下，你们若是有胆，便尽管来夺。,
我明白了。这事于你定然艰难。我不再多问了。,
说实话，我还真没料到那修士有这份血性。,
我先前听过。,
货物尽在我手。下一步怎么走？,
我不想派我的人去对付他们——我想，我对他们终归还抱着一丝责任——但要在这城里另寻地方安置他们，却也是办不到的。,
我父亲曾富甲一方，手握大权，乃是堂堂郡长。只可惜他站错了队，保了一个败亡的国王，也因此招来了杀身之祸。,
若我能为你弄来所需的家伙什，你能打造出兵器或铠甲吗？,
格蕾妮就倒在近旁。那双失神的眼，仿佛穿透了岩石洞顶，直直望进天空里去，可她的面容却凝在一副紧蹙的眉头里，即便死了，看起来仍是那般骄傲刚烈。,
可毛科林似乎对此早有预料。他拔剑出鞘，手下众人齐刷刷地挺起矛头，对准了你。,
{保持沉默。},
这个符号，我从前见过……,
那老女巫从她的巢穴里钻了出来，由那一脸阴沉的学徒搀着。每挪一步，她那膝盖便颤个不停，脸上挂着深深的忧色。,
我实在是中意这地方，也感激你为促成这一切所做的那些事。价钱方面，我会尽量给你最大的实惠。,
哦，是你呀。,
门边有血，一路滴向通往密林深处的地面。肯定是出事了。,
你以指蘸酒，朝旁边的火盆弹了几滴，算是献给洛基的祭礼。随即你双手捧起角杯，仰头将苦涩的麦酒一饮而尽，喉间冲过一阵热辣，余味里却勾着一丝香杨梅的甜。,
没~错。我看见你眼底的恐惧了。,
那妇人惊愕地眨了眨眼，随即顺着你的目光望向近旁的帆布帐篷，顿时恍然大悟。,
当然，这并非全是命中注定。那些主要的脉络早已为你铺就，与其说是大树的枝丫，不如说更像是磨损绳头散开的细麻。,
一位年轻女子横尸落叶之间，躯体被撕扯得支离破碎。她半被啃食的内脏淌了一地，浸透了这片染血的土地。毫无疑问，她是被狼群咬死的。,
我打算用那笔钱回家，买个农庄，再娶妻生子。但如果你能抢在我那帮老伙计之前找到那洞穴，你就会发现那里藏着的财宝，是这儿的五倍。,
{撞开大门。},
我更喜欢和训练有素的战士，来一场堂堂正正的拼杀。,
她把脸埋进掌心，声音支离破碎。,
我曾为你那不灭的灵魂哭泣，它注定万劫不复，直到你蒙受基督之光的照耀。不过，看在你以祂之名干下那些勾当的份上，我现在反倒信了，你还有得救。,
一个壮实的青年站在一小撮奴隶前头，鹰隼般的目光扫过集市的人群，寻觅着买主。,
他举起双手，仿佛要护住自己一般。,
不错！你往南探索这片土地的深入程度，远超我听说过的任何一个维京人。显而易见，你有的是胆色，我愿与你并肩而战。,
我遇见了个从那场大火里活下来的男人。他眼下正像个没头苍蝇似的，只想找份活干，有个片瓦遮身。,
过了差不多一个时辰……,
我们真不知道这东西对你如此要紧。从你那儿拿走的，我们全数奉还。,
此事再没什么可絮叨的了。你还有什么要问的吗？,
那现在呢，下一步如何？你会杀了我吗，就像你杀了艾菲那样？,
但若是我等的努力，能在不远的将来，将我们带回故土，我便感激不尽了。,
来吧，动手。,
里伯的布拉娜要你去追查她那男人，并给他点教训，只因他纵火焚毁了镇子的一角。,
我给你换个说法：要么把钱还我，要么，我们就像碾死虫子一样，把你们这帮人，一根胳膊一条腿地给卸了。,
立于他身后的少女，怯生生地将一只手搭在他肩上。,
达布格拉斯立于一片狼藉的中央，双臂大张，脸上满是全然的惊惶失措。,
哦！快看，是那帮维京人。,
一个接一个，那些失去行动能力的奴仆被强按着跪倒在祭坛前，随即一个个被割开了喉咙。,
你的扈从大多攀了上去，唯独[Slippy:Name]失手滑落，重重摔下，伤了[Slippy:his/her]的腿。,
趁着顺风，你片刻不停地驾船远离，不多时，那艘小船便彻底消失在了天际。,
你像个老娘们儿似的哭天抹泪、浑身打颤。我们赢了，就这么简单。,
当然！我会请你兄弟鲁里克来帮我做些雕刻——虽说我不是什么匠人，但有他相助，这定会成为一艘无与伦比的漂亮船。,
那玩意儿太过冗长，又晦涩难懂。,
罢了。既然你复仇之心如此之切，我们便随你一同战一场。,
内芙娅终于垂下了手中的剑。,
就算有这些高墙环伺，我心头依旧惴惴，不得安宁。,
若有需要，我自会再来。,
但愿埃尔林格办事牢靠，别出什么岔子。,
营地遭袭！,
构筑街垒,
就奎恩所说的烽火未燃之事，严词质问毛科林。,
把海滩上那些劫掠为生的人渣清理干净。,
贡纳尔，兴许[i]你[/i]有法子撬开这人的嘴。,
这又意味着什么？他必定到过此地。,
猛然间，戈德薇芙一把将小刀拔出鞘来。,
寒来暑往，我已竭尽心力让这些文字不致湮灭。这些最古老的符文，原本唯有德鲁伊方能通晓。,
吾主赐我伟力，直面祂教会的仇敌！别搞错了，[Player:Name]，你[i]就是[/i]祂的敌人，因而也是[i]我的死敌！[/i],
格蕾妮，这几个就是在大道上击败你的维京人？看着可都像是你的手下败将。,
听这动静，与其说是战斗，不如说是场一边倒的洗劫——若真如里面这般情形，那必是一场屠戮。,
比约格迪丝吐出一口悠长而颤抖的气息，随即把自己的两个女儿紧紧揽入怀中。,
我倒觉得，那句忠告的本意并非用在此处——但这话说得倒也没错。,
帮我们[i]宰了[/i]堡垒里那群膜拜撒旦的杂碎。,
一艘长船至少得配备十名船员。若你肯听我一言，便去里伯的集市，当众宣布你的计划。,
{实言相告。}东西是我们找到的，全数取走了。价值三百奥图格的银币。,
乐意之至——我这条命，从不知避战二字！,
不……这是祷告。,
你可曾去过斯克约恩？,
你本应如此。我知道你会成为比他更好的氏族领袖。现在，去当个好主人吧。我们稍后再谈。,
你想要什么？,
我能指望得到什么样的补偿？,
欢迎归来，雅尔 [Player:Name]。你带来了什么消息？,
他目光沉稳地直视着你。,
谢谢你。,
只是把这地方稍微拾掇一下。,
也许假以时日，我们能找到彼此投契之处。在那之前，我很乐意远远地观察她。,
他苦苦斟酌着合适的措辞。,
他们中有些人还活着呢。,
或是那品德高尚却天真幼稚的英雄，好得不该存于这世间。那善良纯洁的处女。那愚钝粗野、却又忠诚老实的武夫。当然，也绝不能漏了那个狡黠的骗子。,
那个说话大舌头、叫人过目难忘的年轻商人，正兴奋地挥手打招呼。,
行吧，反正他们现在也帮不上忙了。,
我们现在别谈这个。,
走，兄弟们，回家了！,
确实是走运！来，让我为你的善举好好酬谢一番。,
我得去照看我女儿了。,
朱姆珀摸索着掏出一枚朴素的银护身符，挂在一根轻巧的细绳上，递出来让你接住。,
我会竭尽全力，为你赢回那些恩赏，凯尔女领主。,
[Leader:Name]透过栅栏望进去，只见一群孩子紧贴着牢房的铁栏，带着疲倦而好奇的目光打量着[Leader:他/她]。他们看上去又冷又饿，食不果腹。,
查清楚你父亲的亲卫队到底遭遇了什么下场。,
珀斯已归我们所有。埃奥福维克仍等着我们前去攻取。,
我不记得亲生父母是谁，也不记得我和塞法是怎么被贬为奴的。我最早的记忆，就是在科尔比约恩的农场上，帮着做饭，在田里干活。,
你不过是个毛孩子。我需要的是有经验的战士。,
艾芙拉投来满是好奇的一瞥。,
我会尽力对你如实相告。你心里想打听的是谁？,
我们现在就奉他的名号进攻！你瞧见没？这完全合乎法理！身为 [Player:Father] 的长子，[i]鲁里克[/i] 才是斯凯恩名正言顺的统治者。,
搞什么鬼！斯卡基死哪儿去了？！,
呃，你们是真要这么干吗？算了，管他呢，好吧。来都来了。,
一桩崇高的事业，值得我们施以援手。只不过……,
他完全中了圈套，连人带魂儿都被忽悠瘸了。,
{结束对话。},
{盯着他们。},
我决定帮你们对付那些搞破坏的家伙。,
回去找那牧师，告诉他那个邪教异端已被铲除干净。,
你觉得这新军械库怎么样？,
片刻间，那人的笑容变得僵硬，但他很快就稳住了心神。他的视线始终不曾从你身上移开。,
怎么样，雅尔 [Player:Name]？只要200奥图格，宝藏的所在就归你了。,
奈芙娅跪在妹妹的床边，小心翼翼地握着她的手。她显然哭过。艾芙拉看上去比以往任何时候都更苍白。,
悬赏：剪径路匪,
抱歉，我在这儿已经耽搁太久了。,
要我来打头阵吗？那好，咱们就去看看要对付的是何方神圣。,
您的赞誉对我意义非凡。我欠西格纳 [Player:Name] 一个天大的恩情。,
阿斯特丽德将你揽入一个温热的拥抱中。,
别出声。看那儿，就在前方。,
他踉跄着走回屋，跌入妻子的怀抱。她正在哭泣——你分不清那是源于悲痛还是庆幸。方才围在你身旁的奴仆们随即四散，开始为撤离做准备。,
奥丁啊，时辰已到了吗？,
那渔妇显然被你的话骇住了，但她迅速镇定了下来。她久久地环顾四周，确认身边有许多同乡后，神情便转为冷硬。,
在震天的欢呼声中，人人都开怀畅饮。几块额外的肉也被丢进锅，在熊熊烈焰上烹煮得噼啪作响。,
他猛地瞪大了双眼。,
西格丽德只是满不在乎地耸耸肩。,
究竟要怎样，你才肯出兵相助？,
小子，趁还没伤着自己，赶紧住手吧。,
{杀了他。} 那我们便却之不恭了。,
再多跟我讲些。,
你竟还答应了那个涂脂抹粉的杂碎，连邓弗里斯也要替他打下来？！,
她望着利奥弗里克的尸身。她的神情令人难以捉摸，但可以肯定，其中绝无半分幸灾乐祸。,
当真就没有法子能劝动你随我同行吗？,
摩根特正待要厉声驳斥这一指控，奎恩却不等他来替自己解围。她只一声短促令下，所有强盗便齐刷刷举起了兵刃。,
愿你健壮且幸运。,
奈芙娅弯起嘴角，笑得一脸狡黠。,
我得说，这地方比我想的要好——比起里伯的喧嚣，这里可称得上宁静了。我很高兴在这儿安顿下来开店。,
一个孤独的奴隶正在农场外围劈柴。听到你的脚步声，他放下斧头，抹了把额头的汗。,
年龄……倒是对得上。这头发，这眼睛……{他摇了摇头}不，绝无可能。,
哦，对，我忘了是在跟谁说话了。你们这些蛮子只需要知道，瑞亚·西尔维亚体内承载着世俗圣礼的力量。,
还有另一个选择。,
{给予50份口粮。}我想向提尔献上一份祭品，祈求他赐予我自律。,
是的，我早料到会如此。,
但埃奥福威克绝不会陷落。我会守住她的平安。,
不过，一听她抱怨起自己那个漂亮姐姐，我就恨不得把自己眼珠子抠出来。那女人[i]到底[/i]有没有照过镜子？饶了我吧。,
结局并不美妙。,
恕我冒犯，但你们这群人在这一带的名声可是相当狼藉。,
你以前到底摸过真家伙吗？,
考斯坦丁显然完全不知道该如何应对这局面。,
你真是个让人难以回绝的女人。,
女猎人抹去眼角的泪。,
你们的唇瓣相接，随着这记深吻的绵延，罗斯克娃愈发用力地抵进你怀中，仿佛要将自己揉入你所在的那寸空间。木碗坠地，内里神秘的盛物泼洒进了草丛。,
你父亲说是哈夫丹那帮人偷了头猪。属实吗？,
这块石碑铭文述说着，有一片受咒祝的林间空地，疲惫的旅人可在那里，借参天巨木的庇护暂避海风的侵袭。古时，人们将祭品带往那里，在一座石祭坛上献祭给森林之灵，如今，那祭坛就藏着你要寻找的物什。,
这位吟游诗人任由自己的目光流连在贡纳尔鼓胀的肌肉上，随即咬了咬嘴唇。,
好啊，有何不可。,
{无视他。},
多谢你，威利布罗德。来，趁我还没走，让我瞧瞧那些伤口。,
把守这道楼梯的卫兵，装备远精良于墙外的那批人。他们高大健壮，屹立如训练有素的战士。,
赫罗德盖尔达的喉间滚过一声介于咳嗽与嗤笑间的闷响，随即仿佛彻底失去了知觉。,
我需要药，给一位生病的朋友。,
好极了！这帮人一走，想必再不会有匪徒来劫掠我们的村子了。我猜你是要领你的那份酬劳了吧？,
我能感觉到那股力量在他体内燃烧，就在他皮肤底下。这么一个聪慧的少年郎，竟要活在对自己血脉至亲的恐惧中，实属可惜。,
这地方极其隐蔽。要在此等候麦西亚使团现身吗？,
在这儿你休想得到任何帮助！我们只想安生度日。,
用于战斗的陷阱？,
你真是自负得没边了。我喜欢。,
自从这支军团组建那日起，我们便一直在亡命奔逃。,
{支付1000财宝。}好，给你。,
{放他离开。},
关于弗拉格尔，你都知道些什么？,
我学那些家伙可是学得活灵活现，你懂吧。尽管开口问。包管逗你开怀！,
我不会那么做的。你太过危险。,
抱歉，我已经尽力了。如果你不介意，我想现在去埋葬我的兄弟。,
好歹还没人被拖去砍头，也没人锒铛入狱，所以我觉得，至少能算作成功了一半。,
这价钱，你得付我双倍。为保你这批货，你雇用到的可是斯凯恩领主的亲身效劳，声名显赫的战士[Player:Father]的[Player:儿子/女儿]，外加我最信得过的侍卫。,
那个蛮汉一声不吭。他只是用一种混杂着畏惧与鄙夷的眼神打量着你。,
我信不过那个修士！他那些基督徒的调调，听得我脖颈后头的汗毛都竖起来了。天晓得他的祈祷，不是用来诅咒我们这些族类的？！,
多谢你将它带回来。这算是一种……慰藉了结了。但我想你留着它。他也会希望如此的。,
我真是鬼迷心窍才去挑战[Player:他/她]。人贵有自知之明。落得这般田地，是我咎由自取。,
那谁来接手我的农场？[i]你[/i]吗，内菲娅？我宁可[i]死[/i]，也绝不眼睁睁看着这农场在外人手里衰败！,
修士走上前，仔细检视着那些石块。,
大伙儿都安然无恙。接下来怎么办？,
在战斗的炽热关头，我做了不得不做的事。,
我们挑了个多好的早晨出航！万里无云，海面风平浪静。,
准备战斗！,
多谢。,
库思拉德和他的一众同伴无不面露极度讶异之色。,
她轻佻地眨了眨眼。,
这地方看来真是个小憩片刻的绝佳所在。,
老天爷的伤口啊！,
我定是昏了头了，但……好吧。我干。,
我曾远渡重洋，去过海那头的岛国，诺森布里亚与皮克塔维亚的王国。,
我们两个部族有许多相通之处。能为促成我们携手联合尽一份力，是我的荣幸。,
[Rescuer:Name]飞快地把[Rescuer:his/her]装备丢在岸边，一个箭步跳回冰面，猛地扎进那个冰窟窿里。你们全都聚集在冰层边缘，目光死死地盯着那个生死攸关的洞口。,
让我问你点别的。,
这确实不关我的事。我在船上等着。,
当然了，莫尔坎特。信我。,
商人跪在你面前，双手高高捧起那把剑，献到你眼前。,
{走进去。}躲躲藏藏可算不上什么荣耀。我不怕他们。,
内菲娅又撕下一小块肉，撕得更碎，递给那只猫。,
你看啊……我们以前在这周遭种过各式各样的药草。这儿泥土湿润，再适合不过了，对草木来说简直是吃喝不愁！,
你当真？我们可以互相切磋的东西还多着呢！我跟你保证，我懂得怎么保护自己。,
你们这是要去跟皮克塔维亚开战，没错吧？,
我懂你的意思。我自己脑子里也转过这样的念头。,
我是来领赏的。,
行吧，既然你问起来了，我倒是有个发现。冈纳尔最唬人的本钱，瞧着[i]像是[/i]他那鼓胀的躯干和那把巨斧，对吧？[i]错啦。[/i],
这个镇子原本归诺森布里亚管辖。后来他们酋长死了，他们竟选了那个该死的女娃子艾布琳来领头。,
今儿个收获可真不少！晚上能敞开吃顿好的了。,
你竟然是个乡绅？！,
奥德凯尔满心急切，几乎没注意到里克维就躺在他面前的石板上。可正当他要开始仪式时，整个人瞬间僵住了。,
这货物，准许你卖吗？,
我是[Player:Name]，我等皆是维京人。我在奥克尼群岛统率一支长船舰队，只待一声令下，便可踏平皮克塔维亚与诺森布里亚。,
那就放马过来吧。我可是盼了好一阵了。让我瞧瞧你到底有多少斤两，可别辜负我的期待。,
听着不错——带路吧。,
不，是科尔比约恩杀了她，然后[Player:Father]为了报仇，把科尔比约恩给宰了。,
他的视线仿佛转向内心深处，出神了好一阵子。接着，他猛地回过神来，目光决绝，伸出手与你握定盟约。,
{攻击}恐怕你的旅途，要比你盘算的短得多了。,
我会记在心里的。,
呵，这地方，几乎能跟家乡那群山比一比壮丽了。再好不过。,
{实话。}大部分都让那伙袭击我们的人给卷走了。我们到手了值五十厄尔图格银币的货。,
你在这儿落脚的时候，都睡在哪儿？,
{打量打量那些奴仆。},
内菲娅正拼尽全力，压住自己话音里那股难以置信的劲儿。,
我们来做个交易吧。,
你以为，只因为我等远道而来，就成了什么威胁不成？,
你弯下腰，凑近其中一具尸体，集中心神，拼尽全力，总算驱散了脑中的浑浊迷雾，求得片刻清明。,
快走。我们越早离开这鬼地方越好。,
埃塞尔雷德的帐篷里少了一位国王的身影，但瓦达迎了上来，对你的到来又惊又喜。,
我就知道！你压根儿就不爱我！你跟他们全都是一路货色！,
这话从你嘴里冒出来，可真够滑稽的。这左近的乌鸦倒该谢谢你这张脸，给它们备了这么好一根栖木。,
老妇人一如往常，用那双看不见的眼睛朝你这边转过脸来。,
一阵急促的指节叩击声从屋墙的木板那边传来，你一听便知，那是催你们赶紧脱身的暗号。,
你推开门，门上一挂小巧的骨制风铃便喀喀作响。屋内虽说有几分舒适，透出的却是家徒四壁的光景。简陋的桌椅板凳上，沉重地堆着盛渔具的木箱和骨雕鱼钩，一股陈年鱼腥的微甜，混着不曾沐浴的体味，扑鼻而来。,
只要你肯帮我们摆平这件事，我们自有法子，能让你们不惊动任何人就穿墙过去！,
你们不过一帮子莽夫。我们可是身经百战的老手。趁还有命在，快滚。,
这座城恰好处在边界，地势极佳，是驻屯兵马的宝地，况且它还扼着这一大片农田，拿来给大军筹措补给，再合适不过了。,
啊？哦，我盼你没把上回交手当成什么私人恩怨？你们那镇子被我们盯上，算你们时运不济，不过你们打得倒也硬气！,
我发誓，有时我真觉得……他们要是知道我私下拜了默丁为师，非宰了我不可。杜布兴许不会，但旁的人……,
不如我们索性打一场，听起来倒是个痛快的解决法子。,
我打算能少管，就尽量少管。自由之民，若能任由他们自己选道走，自会兴旺起来。,
{将他拽入怀中。}好家伙，你这可撩拨得我浑身燥热，心痒难耐了。让我来瞧瞧，你到底有多大的能耐。,
这话正合我意！,
她猛地把撒克逊刀插回鞘中，力道之大，你惊讶她竟没伤着自己。然后她转身，气冲冲地走了。,
我叫辛弗德，只是上帝在莱加塞斯特地区的一个卑微仆人。跟我来，我想给你看样东西。,
你们当中，谁是斯卡基？,
我们大老远跑来，可不是为了这个。在斯凯恩的时候，你说过我们要[i]劫掠[/i]这些海岸的。,
瓦达双臂交叉，似乎在等着你接下来的话——你可得字斟句酌。,
看来诺森布里亚人跟斯卡拉格里姆一样，认定这是最具战略意义的咽喉要道。,
众人收拾好行装，准备动身。,
哦，又来了，别再说这些精怪的胡话了……,
你的脚刚踏上沙滩，一个女人的声音便刺穿了迷雾。可你却看不见声音从何而来。,
好吧，没关系。你知道去哪儿找我。,
过来，我能帮忙！,
那闷声闷气的声音，是铁匠克维尔杜夫的。,
{保持沉默。},
它仍躺在他的墓中，等待着阿尔比恩的新王前来索取。,
[Random01:Name]挣扎着重新站了起来。,
你早该回来的，我担心得要死！,
不，我本指望用它换件特别的东西，可至今还没找到。,
我还能打！,
[i]闭——嘴——[/i],
陷阱！感谢上帝让我瞧见了，祂果真在护佑我们。,
既已神不知鬼不觉地摸到了营地附近，你大可安下心来，在河对岸琢磨如何接近。,
那是我在一个男人脸上见过最心虚的表情了。真够可以的！,
他可悲地干呕了起来。,
那你来是为了什么？,
有劳了。凡事小心，总不吃亏。,
冷静点，[Player:Name]！一会儿有你自辩的时候。,
我杀了。他死了。,
打赢你太容易了。纯属浪费时间。,
你在这儿干什么？,
去啊，尽管试。,
只要你觉着能抽出空来，我随时乐意去琢磨那些铭文……,
你对你兄弟太苛刻了！你明知道他生来就不是战士的脾气！,
拉格希尔德，我拿不准。毁了我们对她多半没什么好处，可她不过是西古尔德·赫林格身边的摆设，谁知道[i]他[/i]又安着什么心呢。,
他已经死了。是你那几个杀人不眨眼的儿子下的手。,
我来见胡尔达。,
这个，她不知道。但我不妨斗胆猜一猜。我是斯凯恩留下的最有阅历的战士，又是你父亲最后一位在世的贴身侍从，在左邻右舍间颇有些威名。,
我们是那位仁慈贵妇的后裔，受命守护和照料亚瑟王的陵墓。,
我们俩都会陪你回珀斯。这不过是我们分内最微薄的一点心意。愿你的国王为你的辛苦厚加赏赐，胜过我们所能给予的。,
看来我们得把所有的坟都刨开了。,
他点了点头，宽嘴角慢慢向上咧开。,
国王的誓言，坚不可摧，[Player:Name]。我何曾言而无信过？,
我不想贸然下结论。或许咱们该把这东西拿给珀斯的人瞧瞧，看会不会惊动什么风声。,
这种骗人的勾当，我干不来。,
我知道你说的是谁。他们一直绕着我这片林子走。你觉得他们会是麻烦吗？,
贡纳尔如何？,
你的扈从们哄堂大笑，可诺森布里亚人那边却只有困惑的嘀咕和尴尬的干咳。有那么一刻，埃塞雷德干脆目瞪口呆，一句话也说不出来。,
我无意贬低喀里多尼亚部落反抗罗马帝国的壮举，但是……这地方当初若能有点像样的营建就好了。,
莫尔坎特没能藏住脸上的失望。,
跟这儿差不多，就是更冷些。,
多谢你这番好话，可我实在是为胡尔达心痛。她是一位睿智的女人，一辈子通晓草木、神明和精魂的学问。眼看着她心智这般溃散，真叫我心如刀绞。,
死得好。我说的是科尔比约恩。不是你妹妹。,
我们会彻查这个教派，但若非他们逼我们动手，绝不伤人性命。,
那种颜色和纹样的搭配，不是耶灵那边惯用的吗？,
凯尔给了你一个姐妹般温情的拥抱，随后便隐没在屋内。,
看样子是狼群要了她的命。可怜的小家伙，根本没机会活下来。,
你可曾亲眼见过它们？,
那反而更糟了！,
咱们必须小心行事，那些教士一旦察觉走投无路，必定会拼死反抗。带你的人往东去，从正面逼近教堂。,
女祭司依然目光空洞地凝视着。,
有时她看着我，我都觉得她能读到我的想法？真有这种事？,
他郑重地点了点头，一边从湿漉漉的长发里拧出水来。,
{给予50份口粮。} 我想向索尔献上一份祭品，祈求他赐我些许力量。,
我们别无选择，只能动武。他们死伤众多，剩下的都逃了。,
东西到手了。我们撤吧。,
墙壁崩塌的巨响在坑道中回荡，卫兵们吓得跳了起来，惊恐不已。,
你可以留下来。这农场仍归你家所有——虽然就剩这点家底了。,
我大概是在午夜前后看见他们走的，还以为他们会回来。但再一想，当时两人都带了大包小包的东西。,
英吉马尔死死盯着你，目光灼人，空气中的紧张愈发沉重。,
哦！原来你是跑那儿去了。,
斯凯恩扼守西海岸要冲——长船由此深入我方腹地，是显而易见的事。此地必须严加防守。,
莫叫我们陷入诱惑，救我等于凶恶。,
这事由不得我。,
我现在哪还有心思去想什么怀崽的母猪。,
走。咱们去惹点麻烦！,
渔夫正修着他的小船，换掉一张冬天里朽烂的座板。你走上前时，他站起身，拍掉衣服上的锯末。,
这可比我想的动听多了。我没意见。,
她似乎放松了些，却仍不肯正眼瞧你。,
去埃奥福维克，从凯尔那位“精灵骑士”手里取回她的白手套。,
实不相瞒，国王陛下派我等前来，是邀您在方便时尽早入宫觐见。,
斯凯恩领主自有操不完的心，孩子。担上这副担子，可就没多少工夫琢磨手艺了。,
他脸上顿时放出光来，满是惊讶与感激。,
英吉马尔搁下角杯，脸色极为难看。,
我得要个保证。,
既然你身边似乎挑不出什么得力的人，不如咱们另想法子？,
他们说我姐姐蛊惑了我，说我迟早会回心转意。我都被关在这儿多久了，连自己都弄不清了！,
我来此并非为了救唐库尔切。我们奉命，只管将公主平平安安送去成婚。,
我们是来见康纳尔·马克·泰格的。,
男孩挺直了身子，笔直如一杆长矛。,
她拼命忍住泪水，转身朝营地跑去，留下你一人，独在这寂静的树林里。,
见口信确已传到，卡特决然地点了下头，便回自己岗位上去了。,
您在斯卡伯勒的所作所为，早传进了奥斯雷德国王的宫廷，恕我直言，那些说法可不大好听。,
{调查。},
等开春凯提尔跟你一走，日子就更难熬了。我和廖特尔，都得再卖力些了。,
众人齐手收拾起储物的口袋、篮子，以及但凡装了货的所有什物。,
不妙——太不妙了。我们现在本就已寡不敌众。,
若要成色更好的兽皮，猎人奎明在港口与国王大厅之间卖着他那儿最好的货。,
[玩家:名字]。,
你在这儿磨蹭什么？快去村里，基利安可能有危险！,
能与此人一谈，将是我们莫大的荣幸。你的信仰在此间或许行将就木，但在我们的土地上，旧神依旧君临。,
修士，我可不会跟你同行。,
那是两码事。斯凯恩领地的安全，不容置疑。,
一枚样式简单的银十字架，没什么纹饰。,
朋友，这是去海泽比最近的路。我那时只想尽快离开里伯，越快越好。,
我们已竭尽全力，眼下能做的只有等。,
又见面了。你运气不差：我在耶阿特兰的线人捎来消息，说他们新抓了一批奴仆。,
内夫雅深深吸了一口气。,
待火焰熄灭，密尔丁小心翼翼地将遗体从柴堆上取下，安放在地上。,
海洋的召唤,
我是[玩家:名字]，奥克尼群岛的雅尔，斯凯恩的领主。,
她咯咯笑了起来。,
西格丽德的母亲以一副审视的目光打量着你。,
英吉马尔的家宅显出一副舒适富足的派头，却透着一股俗气。陈旧的战利品与兵器，同贵重却无用处的摆设并肩而立。炉膛里，一炉火烧得噼啪作响，热闹而欢快。,
{在决斗圈中面对阿斯莱夫。} 您的提议令我不胜荣幸，但这乃是我自己的战斗。,
对不住。,
他丢了性命，我并不意外，但至少他倒下时手里还握着剑，这倒让我欣慰。,
她思忖着，一边搔了搔脖颈。,
行吧！我想你也不欠我什么。只是别让那股阴暗也蔓延到凯蒂尔身上，那他肯定就完了。,
在你身边，旁人皆如太阳旁的蜡烛，黯然失色。,
我不会作弊！,
是,
亲眼所见，陛下。五百人打着奥斯雷德的旗号，还有两百人打着麦西亚的旗号。,
那么，国王还不知道你在为别人效命？,
比约格迪丝的表情，就像被她女儿一刀捅穿了心窝。,
杀掉不信基督的难民，以讨好迫害他们的人。,
只要那些撒旦崇拜者一日不除，我与朋友们便一日听候你的调遣。,
他们都还有气。,
查清那人的死因。,
她不在这儿，感觉真怪。简直让我又想赶紧离开。真庆幸我还有你，不然我怕自己会……彻底迷失在脑子里。,
说实话，想到能亲眼看看那片海岸，我还挺兴奋的。想象一下我们能在那里发现什么吧。那将是属于我们的财宝！,
那边那个！过来瞧瞧我挑的货。包你满意，我保证！,
过会儿咱们兴许都死光了！,
没错。你是何人？,
我们的谋划，比你料想的还要成功！再说了，耶灵在战场上未尝一败，看今日这架势，也不像是会首开败绩。,
我会帮忙的。,
你当真是个令人生畏的[男人/女人]。我真替那些与你为敌的人感到可怜，也庆幸你是我们这边的。,
若他接受了你的条件，我会亲赴奥克尼群岛告知于你。,
我看你在收集槲寄生。这种植物在巴尔德的故事里至关重要，他是奥丁与弗丽嘉之子。巴尔德降生时，弗丽嘉令世间万物，有生命的也好，无生命的也罢，都立誓绝不伤害她儿子。唯独没让槲寄生发誓，只因它还太稚嫩，担不起此等誓言。,
清点完所有资源，着实费了一番功夫。,
宣布独立时，这个镇子归谁管？,
考斯坦丁的大厅忙碌如蜂巢，仆从与信使往来穿梭，几拨氏族首领聚在一块儿，密商着对策。饶是如此，你一进门，就被人径直带到了考斯坦丁面前。,
所有人都扑去抢你的物资，可这时，大半都已被火吞噬了。,
晚安。,
你干了件蠢事。我们几乎肯定要与诺森布里亚开战了。我们本想坐收渔翁之利，如今他们反倒统一在埃塞尔雷德的旗帜下了。,
若想在圣罗穆卢斯面前证明你的价值，就得把她从俘虏者手中救出来。一旦事成，谁能说得准呢，没准她会与你分享那世俗圣礼。,
你的父亲亏待了我，[玩家姓名]。他羞辱了我的荣誉。,
有你，真是我的运气。,
我知道那儿有个去处，不会有人搅扰他们。他们是听了我的提议才去的。,
你最好说的是实话。等我拿定下一步的主意，我会再来的。,
不过，说实话，我喜欢这儿。如今我大半时间不待在那儿，反倒更喜欢了。现在我只是有空时回去看看爹娘，逗逗狗。,
萨姆尔高出你一大截，居高临下。他剃着贴头皮的短发，尽管魁梧的身躯明显蕴含着巨力，他却总是没精打采地驼着背。,
利奥弗里克伸手将你扶起。,
我便信了你的荣誉，料定这消息不会传到奥斯雷德的宫廷里去。,
酷。,
第二个麻烦是，要是我给康纳尔·马克·泰格下了毒，你却半道开溜，等他的手下发现他的尸首，我立马就没命。,
里头那个可是康纳尔·马克·泰格，精明得很，他一眼就会把你看穿。到时候，就算他的人没杀了你，你也杀得了他，但非闹出大动静不可。,
你倒也不一定非要那么做。若你肯接受一个女巫学徒的帮助，我倒有样东西，或许你能派上用场。,
已有二十余艘长船聚于你族旗帜之下。据我推算，现有七百名战士听你号令。,
一片拖拽刮擦声中，夹杂着几声闷哼与呻吟。,
我们的儿子病入膏肓，女巫说他熬不过这周了。,
他嗓音里满是苦涩。,
我们俩都跟你走。你已赢得了我的敬重，再说了，此地于我们再无半点留恋。,
哦，我听闻过类似的病症。依我看，是被某种微小的林中生灵叮咬所致。,
我这人从不会拒绝帮手……,
他瞪着[被揭穿追随者2: 姓名]，双眼圆睁。,
要是主农舍没被烧毁，这儿还能宽敞不少，但托瓦尔德已经应承夏天带些人手来重建。,
你是来把事情了结的吗？那就动手吧。事到如今，嘲笑我已毫无意义。,
旗手之位，意味着你是扈从中最受信赖之人——你的副手，你与他的往来将比其他扈从更为频繁。,
在长屋前击败贡纳尔。,
利奥弗里克戳了戳那张简陋地图上画着十字的地方。,
虽说他的年纪足以算个男人，可当你的小刀捅进他腹部——一下，两下，又补上一刀以求万全——他仍像个孩童般尖声嚎叫起来。,
找到凯尔特拉姆，就能找到康纳尔。,
那你又是谁？,
我想，我们的人称你们为丹麦人。,
寻一枝粘草。,
雅尔。,
南娜，有劳你效劳。今夜还请在我们的营地歇息。,
从此以后，你和你的家人再也无需畏惧我。,
[Toothache:Name]嘴上不肯说，可[Toothache:他/她]那颗牙疼得着实厉害。我们得在恶化之前把它给料理了。,
{一把将他拽过来亲吻。},
你朝布鲁诺走近几步，一边向他列数着交出二十奥图格银币的诸般好处——以他那满载的货车而论，此番课税实属合情合理。你的言辞彬彬有礼，其下却裹着一层若有若无的威胁。,
你其余的同伴在一旁眼含不忍，看着[Victim:archetype]被奥德凯尔的弟子抬上祭坛，如宰猪一般，以仪式性的方式屠作仲夏盛宴的祭品。,
哦，那是，呃……那是由自由民集结而成的武装，专为危急之时保卫郡地而设。,
他单膝跪地，这是毫不含糊的投降姿态。,
{杀了那年轻女子。}是你在逼我动手。,
哈！我们自当竭尽全力！,
作为这场争端中的挑战方，理应由你来宣述决斗的规则。,
况且，他父亲若知晓此事，反应定会极为不善。,
她一脸骄傲地将信递给你。,
多谢，我想知道的就这些了。,
本还能更顺利些。,
滚开。我们这儿不招待你这种人。,
将胡尔达配制酊剂所缺的那三朵花带给她。,
远处传来一根粗大树枝断裂的噼啪声，将你从睡梦中惊醒。你环顾四周，才发觉森林已在燃烧，火势正步步逼近。喊叫声开始划破周遭的喧嚣，你的扈从们正手忙脚乱地收拾营地。,
一丝愠怒掠过他的脸庞，但他很快便用一贯那彬彬有礼的微笑将其抹平。,
{放过凯蒂尔。}这儿没人看见任何事！我的话够清楚了吗？！,
去吧，去洗漱干净。这儿我来收拾。,
我想我得感谢你和你的朋友们，归还了我妻子的首饰。这份恩情，我该如何偿还？,
{说服麦西亚，交易作废。},
你打得着实漂亮。这是一场艰难而酣畅的胜利。,
你居然让他在桶角里撒尿！哈！,
那个也是。,
然后我们到了胡尔达的泥塘里，那时是夜晚，却有一道诡异的红光，我看见了妈妈。她正握着艾芙拉的手，泪流满面。,
找到所有的巨石阵，并揭开它们隐藏的秘密。,
{命令你的一名扈从，跟着[Victim:Name]下去。},
你方才提起，或许能帮上些忙？,
年轻的女巫耸了耸肩。,
很好。,
或许我们能帮你解决掉这些人，只要你回报这份人情。,
站在你面前的是个年轻女子，浅棕金色的长发端庄地塞在一顶编织帽下。她放下了手中那捆之前在泥泞院子里铺开的灯芯草。,
{攻击。}转念一想，杀了你倒更省钱。,
莫尔坎特咯咯地笑了起来，挠着下巴，脸上挂着一副憨憨的笑容。,
我们还留着他作甚？这修士就该和奴隶们待在一块儿。,
突破大门,
载你们而来的长船尚未停稳，三十六名战士足蹬毛皮衬里的靴子，便已踏上了沙滩。,
他们虽待人友善，但似乎一开口便没完没了，而你已耽搁得够久了。于是你离开了他们的营地，重新踏上旅途。,
万分抱歉，尊敬的头领——我不善使用兵器，我只负责[i]铸造[/i]它们。,
这一路走来，可真是[i]一场[/i]远行。眼前这一切，你可曾料到？,
{再度对他进行检查。},
他带着一丝古怪而令人不快的笑意，向你道了谢。,
什么？！在[i]我[/i]的镇子里？你可知他们是什么人？,
是的是的！好吧，领主[Player:Name]，我期待在埃奥弗维克盛宴上见到你！,
那些接手了埃林农场的孤儿们总算把日子扭转过来了。埃迪丝家的大儿子拼了命地教他们怎么种地。,
没错——我叫斯卡基。听说你在镇子上招募人手。恐怕但凡有点本事的都已经被我雇走了。,
如你所愿。还需要点别的吗？,
我去找恩巴尔德，看看能不能说服他。,
或者珀斯，在皮克特维亚遥远的北边。,
格雷蒂尔迫不及待地把自己那份塞进口袋，用那汗湿的手掌使劲攥着你的手摇了又摇。,
这听起来确实有点儿异想天开，但埃迪丝是个明白人，也相当务实。跟她聊聊没坏处。,
她就快死了。我们离开的时候她就已经熬不了多久了——说不定现在人已经没了。,
条纹帆布下的那个女商贩显然正拼命稳住自己，不露出丝毫畏缩的模样。她的姿态透着反抗，可眼睛里写满了恐惧。,
我们婚礼的前一夜，我发现他跟一个床上奴隶搞在一起。,
默丁·埃姆里斯轻得出奇。一旦被抽走了生命力，他不过是个干瘪的老头子。,
你觉得罗斯克瓦这人怎么样？,
你转身要走，而这个闷闷不乐的年轻人被留下面对自己训练马虎的后果，几乎像是没注意到你的离去。,
布鲁诺礼貌地点了点头。,
如果这是塔拉撺掇你搞的什么蹩脚把戏，你告诉她，以后挑跑腿的[Player:小子/丫头]眼睛得放亮些。,
我们奉命将你押入地牢，在那里等候审判。,
我总算彻底赢得了你的支持吗？,
吟游诗人们会世世代代传唱我们的事迹！,
约斯泰因和丹尔对视一眼，随即默契十足地同时耸了耸肩。,
那件事我能摆平，但我们的援手可不是白给的。,
看来我必须在与你或瓦莱里乌斯之间做个了断了。我宁愿跟瓦莱里乌斯过招。,
他没那么老，小子，不可能活上一千年。荒唐。,
霎时间，她满身的怒火仿佛一下子泄了个干净，随即放声号啕大哭起来。,
欢迎你，陌生人。听说镇子里来了新人，你正合那番描述。我叫西格堡，有什么能帮到你吗？,
我很抱歉必须再次转达主人的回绝，但在你在这里赢得更好的名声之前，我不得不请你离开。,
新到的商人在营地和海滩之间搭起了一个摊位，由一男一女照看，两人年纪相仿，一眼就能看出是皮克特人。,
科斯坦丁的眼神冰冷而坚硬。你迎上他的目光，他缓缓点了点头。,
呃……行吧，我想可以。,
你说得很有道理。我自己也是个独立村庄的领主——我是说，酋长——我们正拼命守护着自己的自由。,
埃林死了。你现在归我了。,
凯蒂尔疲惫地摇了摇头。,
除了我，谁也没资格统治斯凯恩！,
一把油腻的钥匙，造型不同寻常。凹槽里积满了烟灰，黑乎乎的。,
当你进入他眼角的余光时，他好歹还能回过神来，扭头望向你。只看一眼伤口就能明白一件事：他活不成了。,
斯库利绝不会坐视我们，把时间消磨在这毫无意义、纠缠不清的政治泥沼里！,
那座巨大的石厅透着一股神圣气息。我可能猜错了，但我觉得那或许是一座神殿。,
你看起来跟上次见面时一样，没带什么累赘。你可以走了。,
你已经找到了你的[Player:男人/女人]。有什么口信要带？,
你救了我父亲的命。你已经赢得了我们的信任。,
[Player:Name]，斯凯恩领主。,
我给过你毒药的！是你不肯要！现在没了，那玩意儿放不了那么久。我得重新配一批，至少需要两天。,
凯蒂尔环顾着这血腥的屠场。,
这把锯子的刀刃晃晃悠悠，做成武器实在差劲，但紧要关头，也能当剑一样抡起来使。,
罗斯克瓦的护符,
你母亲的脸上，浮现出一抹凄苦的神色。,
乌尔夫贝特剑,
哦，谁管他们允不允许！只管跟着你的心走！,
她咬紧下巴，眼神冷了下来。,
皮克特维亚的陷落,
有几个袋子和另几样东西，已经是救不回来了。,
一听到你说出“抢”这个字，她明显往后一缩。,
斯凯恩的居民奋起反击，但掠袭者们还是压倒了他们。一栋房子被夷为平地，那些北方人随后逃之夭夭。,
他看上去确实满心歉意，一脸真诚。,
他用怀疑的目光紧盯住你，然后竖起食指，转身走回他那群手下那边去了。,
我一个人就能对付他。,
她从腰间解下一个小袋子，用力按进你手里。,
这些石碑诉说着一位古代国王的传奇，他曾为一个叫阿尔比恩的国度奋战至死。这位国王时而被称为英雄，时而又被视作敌手，看来竖立石碑之人对他的评价，恐怕是模棱两可得很。,
你介意我在你这岛上四处转转吗？,
宽凿,
塔楼入口更为宽敞，我们需要腾挪的空间。,
他头微微向后一摆，指向阿斯莱夫。,
我们有几个盟友似乎已经撕开了防线。,
我不想杀这些人，一个都不想。看看还有没有别的路出去。,
不！你不能去！你必须留在这里！你不能走，外面太危险了！,
[ObjectOfAffection:Name]向你投来恳求的目光，几乎带着绝望。,
不过是个提议罢了。虽说这算是冷血谋杀，但比起牺牲我们自己人，我还是觉得这条路更好走些。,
找到那个穿蓝衣的强盗，夺回传家宝，还给那个农夫。,
啊！见鬼！,
出什么事了？,
凯蒂尔绞尽脑汁地听着，费力地翻译着。,
欢呼与掌声再度响起。紧接着，埃塞尔雷德开始逐一细数他的盟友名单，大肆褒扬郡长、准郡长、地方官和准地方官们的功绩，最后，终于轮到了你。,
我们不是雇佣兵。我们是盟友。,
找到老隐士栖身的洞穴。,
“伴着潮水上空翱翔的鸥鸟……”呃，不好。“伴着尖声高鸣、冲天而起的飞鸟……”唉！一堆垃圾。,
他们根本不是我们的对手，但我们饶了他们一命。,
她嫣然一笑，抬手将一缕金发撩到耳后。不知怎地，这动作竟以她纤细的手掌贴上[ObjectOfAffection:Name]的胸膛告终，而他对此心如明镜。,
凝视着那具尸体，它的光芒似乎黯淡了片刻，露出一张饿殍般的脸。嘴边和手上都结着干涸的血痂，衣衫破烂不堪。浑身上下满是旧伤和淤青。,
{前去查看骚动。},
很高兴能把它物归原主，虽说那家伙勉强才算个真正的主人。,
那女人离你最近。你走回她跟前，她身子明显地绷紧了。你若无其事地挥了挥左手，正当她的目光盯住那只手时，你右手中的匕首已骤然扬起。,
你没那个胆子当雅尔。,
我会把德鲁伊带来见你。,
你需要什么吗？没什么事的话，我就回去接着摘毛地黄了。,
恐怕西古尔德王正焦头烂额。他必须确保塞恩们全力支持，以抵御法兰克人日后的进犯——我相信你能理解：一旦查理曼打过来，我们便是第一道防线。国王时刻将我们的根本利益放在心上。,
我活着，[i]就是[/i]为了这个。,
她思忖片刻。,
然而，你根本来不及细想其中深意。眨眼间，他们已举起武器，直扑过来。,
向南策马赶往约维克，求见诺森布里亚国王。,
找个懂行的人，问问那堆兽皮的事。,
是他！维京人把那个术士带来了！,
啊，你有着战士对厮杀的渴望。果然，你天生就该位列我的英灵战士之中。,
怎么样？,
我觉得你有点不对劲。在我琢磨明白之前，你哪儿也别去。,
海对岸的活儿干完了。我们准备回家收割庄稼。,
你[i]宰了[/i]和平者贡纳尔？那个巨人终于被放倒了？若真如此，你和你手下的战士，岂不天下无敌。,
阿斯莱夫站起身，甩掉手上的泥。他疲惫不堪地举起武器，对准了你。,
让我瞧瞧你的货。,
抱歉。这事你自己处理吧。我在船上等着。,
不知道我老婆在家烧了什么菜……,
你这自私又恶毒的[Player:男人/女人]！我完全有权站在这里，面对杀我儿子的凶手！,
我有话要问你。,
凯蒂尔深深吸了一口气。,
你这话什么意思？,
对不起。我本该在这里守着你的。,
告诉我，你需要什么。,
我耗费了巨大的代价才把这人弄来。想开口讨要点奖赏，不算过分吧。,
我哪儿也不去。,
还有，嘿……多谢你搭了把手。,
算我们走运，有你在，才没被那种袭击害惨。,
哦嗬，这玩意儿真不赖。你这朋友，我交定了。,
虽然奥斯雷德提高了嗓门，但他那副怒冲冲的表演，听着连他自己都不太信。,
[Player:Name]，de mar a tha thu？欢迎来到这场战争。,
我们接纳死亡的那一刻，才真正死去。别向那片黑暗屈服，[Player:Name]。,
我可掏不起那个钱。,
一——一艘战船？老天爷啊。,
又能去哪儿？又能干什么？我总不能说走就走，去过那种漂泊无依的日子。,
行吧。只要你别想着抢功就行。,
说得对。家乡的人还指着我们呢。,
事已办妥。,
我在考庞或许见过类似的东西。咱们不如去市场上打听打听？,
{放了她。}唉，算了算了。,
后来那杂种居然就那么死了……等你见着他，跟他说，英吉马尔可没忘了他那档子龌龊事！,
她抓挠着自己的手腕。,
你看见米尔丁盘腿坐在木台边，正凑着一根蜡烛，慢悠悠地烤着某种草药。,
你会明白，我们这边才占着理。,
这么说，只要我把这事儿给你摆平了，你就会站到埃塞尔雷德那边，然后他就会挺我。妙极了。,
嗯，那咱们可得打起精神提防着点儿。他说不定还会逮着机会对咱们下手。,
对不住。是我太蠢了。我只是寻思着……,
说到底，我们虽处处不同，我心底却几乎拿他当个朋友。我实在没法下手要他的命。,
只不过，你可不是基督徒，对吧？外面都传你拜的是些古神，专跟基督普照的荣光作对，还撺掇你去求个惨烈的死法。,
[Player:Name]的牢房前，守着六个卫兵。都是轻装。,
帐篷外头传来你的扈从们忙碌的声响，听着让人心里踏实，那动静穿过营地的一片沉寂，直往耳朵里钻。,
{收下吧。}多谢你，可你犯不着为我悬心。在外头，咱们大伙儿都互相照应着呢。,
只当我没问。还是赶紧叫大伙儿都知道你回来了才好。,
可等你被带到他跟前，他眼底却分明闪着藏不住的恐惧。,
你兀自忍忍罢，[Victim:Name]。,
我手下几个弟兄挂了彩。可能给他们治治？,
咱们得见国王。为了大伙儿好，你那些家伙最好还是老实收在鞘里。,
你只等着做乌鸦的口中食罢！,
如此说来，倒越发不能跟着去了。,
那群小兔崽子骗了咱们。,
几个匠人麻利地收拾起家什，由着[CraftsmenEscort:Name]去话别。,
我又何尝不是——那亏心之处，令我羞惭难当。可这份羞惭，全是我自找的，犯不着拉扯上您。,
你挨着坐下，要与扈从们一道用饭，[Questioner:Name]便抬起了头。,
正是！,
多谢你。,
还愣着作甚！护卫们，快来护驾！莫留一个维京活口！,
我早就想进去瞧瞧了，可父亲偏不让——他谁都不许踏进去一步。,
难不成，就为了大摇大摆晃回埃奥福维克自投罗网？我看还是省省罢。倒是要问，是谁告的我？,
好个妖人！你也太不知好歹了！,
这教我如何信得？眼前便有千斤重担压着，如今我却不得不起疑，信不过能同你再谋大事。,
咱们该去问问托尔芬，看他可能担得起这造艘长船的差事。,
你若是肯向我宣誓效忠，便能养足了气力，只待来日进兵。,
回到家中，虽只是暂住，也觉得怪得很。倒显得咱们在那头儿的种种经历，桩桩件件，都像一场大梦。,
比约格迪丝险些跳将起来，几步抢上前去，一把夺过药来。,
想必你的神立时三刻就要显灵了罢。你身上的血都快流尽了，只怕再等不起他了呢。,
{把那个商贾护卫的尸首丢给他看。},
我觉着这事儿不大妙。,
科纳尔再也支不出钱给你了。不如转来替我卖命，自有你的好处。,
{拿出480钱财。}你俩一人十二便士。,
咱们船搁浅那会儿……他死活不走，非留下来，想把船救回来。,
莫尔坎特眨了一下眼，又眨了一下。接着，他竟大笑起来。那绝非是开心的笑，直笑得他浑身乱颤，顷刻间便又哭将起来。可有一桩是确然的——他会随你走。,
你从井里拽出个包裹，用的是块半烂的旧毛皮。一刀割开，里头的东西便哗啦啦撒在满地枯叶上，窸窣作响：有一小堆颇值些钱的珠宝细软，还有一把昔年风光过的好剑。,
你若是要去对付那伙亡命徒，可介意我随你同去么？,
咱们有弟兄挂了彩，等着治呢。,
你觉着阿斯莱夫尔这人如何？,
只等你倒下，珀斯便是我囊中之物，紧接着便轮到利奥弗里克和埃塞尔雷德。这事儿，非等我坐稳了你们这两个王国的江山，便不算完。,
这桩事迹，是从斯卡伯勒村一路传到咱们宫里的。说的便是咱们王国的几个商贾，流落在外，不得已做了剪径的强人。,
唉哟。真该让你瞧瞧你脸上那副神气。,
不太对劲！去湖边看看！,
提尔护符,
她伸出一根手指，轻轻按住你的嘴唇，朝你露出一个猫一般狡黠的浅笑。接着她转过身去，拿起另一只碗递给你。那气味又甜又冲——带着一丝浆果的气息。,
就这么偷偷丢下她溜走，实在说不过去。,
据凯尔特神话所载，神祇鲁格曾以投石索击杀其祖父——强击者巴洛尔。无论此物是否就是那件神器，其虽形制朴素，却堪称鬼斧神工之作。,
要是我们开始偷邻家的东西，用不了多久就会被逮住。俗话说得好，在吃饭的地方拉屎，不是个明智之举。,
跟我说说你的家乡吧。,
{转动箭矢。}我答应过让你死得痛快，可没答应让你死得安详。,
谨遵号令，[i]雅尔[/i]。别忘了找点乐子！,
另一个人插进话来，手指越过断壁，指向废墟深处。,
老族长身子晃了一晃，却又从躯体深处的不知哪个角落逼出最后一丝气力，挺直了腰杆，直直地看进你的眼底。,
正是我的名字。我知道你为何而来——是为了那笔赏金。,
你的束缚已经解开。去吧，回到你们自己的日子里，自由地活。,
兴许你的谋略于我而言实在太过深奥，就算奥丁亲临，怕也捉摸不透你的用意。我只盼，这番举动不是软弱的表现。,
有人在招募战士吗？,
前往埃奥福维克，赴埃塞尔雷德的庆功盛宴。,
好好好，我这就宰了他！,
那北欧人费尽全身力气，撑着双肘支起半个身子。他压下沉重的喘息，直直地迎向你的目光。,
宽恕我吧。,
那是艘战船吗？！好家伙！,
我们不是什么强盗！我们是商船上的水手，流落到这儿可怪不得我们。,
他抬起双手，仿佛要架住什么似的。,
听说你手里有件东西，该是归她的。,
两人都投来微笑，算作打招呼。,
我把那逃跑的家伙拎回来了。,
我接受。你的出价慷慨得远超我们所能奢望。,
你又在筹划一场新的劫掠么？,
他们既是人法也是神律的守护者——既主持敬神的仪典，又在凡人间伸张正义。,
那还等什么，动手啊，你这大软蛋。,
你从泥土里连根扯起几株识得药性的植株，留着日后备用。,
所有的守军定然都已龟缩到那堵旧墙的庇护之后。,
一群收钱索命的杀手。,
你该多向你姐姐学学。,
犬魔将至,
他为何向我们下手？,
{你亲自向他叫板。} 我四轮就干光了两桶！,
我不会有事的。,
对不住了，艾菲。我必须让诺森布里亚站在我这一边。,
油脂罐,
{留下。},
你认得他？,
她[i]咯地笑出声来[/i]，只那么一瞬，整个人都似换了副模样。,
我想朝它们走去，可两只脚陷进烂泥里，动弹不得。紧接着，一只渡鸦也落到了妈妈身上，她尖声惨叫起来。,
哦，说到这个——艾菲告诉我，她主动要加入，却被你一口回绝了。怎么，瞧不出她有几分战士的能耐？那可是你的损失。,
往一旁指了指，看来[Pointman:他/她]是发现了些什么。,
你回来了。看来你终究是改了主意，打算买下那条船？,
出门在外，多加小心，[Player:Name]。,
他垂下眼帘。,
意思就是，我不认识你，就不会帮你。现在，出去。,
康纳尔一死，许多新的门路便敞开了。一瞬之间，我要图谋的事竟多了这许多！,
知道了，我这就接着干活去。咱们回头再聊。,
伟大而胸襟似海的雅尔……不知……还有何吩咐？,
这念头实在教人不寒而栗——天知道那家伙和他那班党羽此刻正蛰伏何处，又在暗中谋划些什么。,
赫里沃德，行异教巫蛊之术，悬赏缉拿。此獠常出没于埃奥福维克东北方沼地。赏格：活口一千四百四十财货，死尸一千零四十财货。,
[Helper:Name]死死按住[Toothache:Name]，与此同时，[Cutter:Name]抽出了[Cutter:他/她]腰间的撒克逊刀。,
你朝[Sneaky:Name]打了个跟上的手势，两人沿着那道土坡，悄悄向哨兵摸去。谁知你们刚攀上坡顶，你脚下突然擦到一片松脱的碎石，石子和沙土便簌簌地顺着土坡直向哨兵滑落下去。,
那帮人中，个头最大的那个抬手指向你。,
那就依计而行——我们直冲进去，夺了信，即刻后撤。,
更糟的是，[Sick:Name]因连日风吹雨浸，竟染上了恶疾。,
那就继续谈槲寄生吧。对我们来说，少有比这更神圣的植物了。在这一带它罕见得很，多亏了基利安，我知道附近有棵结实的橡树，上头就长着一些。,
哦，天呐——！你就不能认真点吗？！,
他再度垂下头去。,
诺托尔夫久久凝视着你，心中分明在反复掂量。他的情人伸臂搂紧了他。,
再接再厉，干得不错。,
我们可施不起那份慈悲！要是让奥斯雷德探得我们的藏身处，摸清我们的兵力……唉，罢了。拿上你的钱走吧。,
{尝一个。},
看来我们别无选择。,
仗是打赢了，但斯泰因已无法活着宣誓效忠。他那些幸存的部下踉跄起身，跪倒在你面前。要杀要剐，全凭你一念之间。,
多谢！真他妈高兴这儿总算有个[i]人[/i]愿意干点正经活儿了！,
一切都那么简单，那么容易：[i]战斗[/i]，否则就被遗忘。,
她徒劳地拢了拢那些从发辫中挣脱出来的碎发，它们像芦苇般四下支棱着。,
跟你做生意很愉快。,
我做不到。,
啊，愿你健壮又幸运，我的好[Player:先生/女士]。你通身的气派像个贵人。莫非你的庄园正缺几个奴仆？,
我爱你，娘亲。{她转向艾芙拉，轻轻拽了拽她的辫子。}还有你，你这叫人受不了的小混账。,
那牧师和民兵头领照样对你置若罔闻。,
多少？！,
是时候瞧瞧，埃塞尔雷德成天披着的那身花哨锁子甲，到底是不是虚有其表。,
基利安边琢磨边挠了挠鼻子。,
他一见你，眼里顿时放出光来，开口说话时，嘴里飞溅出好些苹果渣子。,
这由不得我挑——我们没时间了。,
你们俩不管谁的血，我都不愿背在自己的良心上。,
离尸首不远，一丛带刺的灌木里，你寻见一只仓促间丢弃的背包。虽经风吹雨打已显破败，里头的东西倒保存完好：尽是些品质上乘的零件和材料。,
你兴许会发觉西古尔德·赫林格对那称号怀有觊觎之心，但没人能有凭有据地驳斥你对它的权利。,
你平安回来，我高兴坏了！,
打从一见到你，我就知道，信你是不会错的。,
瓦达的目光审视般滑过一众王室侍卫。无人拔剑为倒下的国王复仇。瓦达收刀入鞘，浑身的紧绷松弛下来。,
你站在一个平面之上——一片原野，灰蒙蒙地铺展到目力尽头。你疲惫不堪。睡意将你浸透，如一团影子滑入你的躯体所占据的空间，将你窃据，直到你的疲惫盖过生机。,
不待你开口为自己辩白，他便笨重地扭转身躯，大踏步走开了。,
{将手搭上他的肩膀。},
你重入厅堂时，满室死寂。多恩科尔斯正俯身伏在他女儿的尸身上。多姆纳尔侍立在他父亲身旁，用手捂着嘴。,
再次多谢你邀我们来这儿。这儿活儿可真不少，半点不假！,
{婉拒。}还是不喝了——我可不想让任何东西遮蔽我在战斗中的神智。,
[Player:姓名]已答应雇佣我们。我们每人能领到一百枚厄尔图格银币。在[Player:他/她]的统率下，我们将以奥克尼群岛为跳板，对不列颠群岛大举入侵。,
怪事，他们掳走了多恩科尔斯，却放过了芬古拉。你知道这是为何？,
就在今日，你为罗马军团立下殊勋。我会将罗慕路斯的追随者重新集结在我的麾下，引领我们步入一个辉煌的未来。,
整队整队的商旅就那么凭空消失在那里面。整座城里流言四起，到处都在传什么灯笼人、吃人女巫，诸如此类的荒唐话。,
异乡人，我们永远欠你们的恩情！我们这就收拾行囊。待你们除掉桥上那帮人，我们便过桥去。,
维京人，我们向你道一声欢迎，尽管你的族人在此四处烧杀。若你是为黄金或荣耀而来，我向你保证，这两样我们这里都没有。,
凯尔的微笑清冷如月，声音柔滑若丝绒。,
那女战士在宝座旁晦暗徘徊，身上犹带着与你上次交手所留下的印痕。,
返回珀斯，把米尔丁引见给考斯坦丁。,
他强自镇定下来，眼眶里仍噙着恐惧的泪。,
多谢你，但这太过了。我只需一丁点优势便够。,
解毒剂,
听着像是笔对咱们双方都有利的买卖。造船的木料品质上佳，脱手应该不难。,
他打量了你片刻，方才开口。,
一只大鸟尖啸着疯狂扑腾，用爪子和翅膀猛烈攻击[克鲁茨：名字]。[克鲁茨：他/她]拼命抵挡这突如其来的袭击，踉跄着向后退去，一脚踩空，跌下边缘。,
我手头一直很忙，但事情进展顺利。回头再谈吧。,
我听说你一直在劫掠村庄，还抢劫进出村子的人。,
原来这是座神殿。,
但我还是做了一个。我选择追随你，并非因为你命令我必须如此，而是因为……因为我相信我会对你产生好的影响！,
突袭女修道院，洗劫教堂。,
几个农场工人互相使了个眼色，悄悄往后退去。他们的主人只顾盯着你，似乎毫无察觉。,
幸会。你接活儿吗？,
他将矛柄重重磕在一块古旧的地砖上。,
他简直要翻白眼了。,
一朵小黑花，从你们家园附近的埋葬地采来。它的茎叶黏糊糊的。,
索尔指引我的武器！,
这就是考斯坦丁雇你的原因，对吧？,
我们试过了！那次袭击折损了我一半以上的人手。河对岸的诺森布里亚人也试过，同样的下场。,
你的亲兵们排成一列，准备一个接一个跳过去。,
她轻盈地翻身下马，牵着它走向你拴其余马匹的地方。她看上去很疲惫。,
您太仁慈了，陛下。,
禁祭,
你还好吗？,
再见！,
胜利盛宴！,
它们何以如此危险？,
是塔拉派我来的。,
他似乎在心里掂量着这名字念起来是什么滋味。,
{留下。},
那样或许最好。那个疯老太婆未必肯放你走。,
戈德薇心不在焉地用一根手指绕着匕首镶有宝石的柄画圈。,
阿斯莱夫直挺挺地立了许久，随即晃了晃，瘫倒在地。一小摊他的血混进了泥里。,
我同意。我会把奎恩和她的匪帮赶走。,
这些话多少轻描淡写了，因为两个男人费了好几分钟才把石头从入口推开一道能让你挤过去的缝隙。,
让她走吧，娘。内菲娅注定不属于这种生活。,
嘿，你！滚出去！这里不欢迎外人！,
好，我们动手吧。,
我们会禀报国王陛下的宫廷，让他们准备迎接你不久后的抵达。,
你离开时，胡尔达在你身后喊道。,
自然。[船名]号毫无恶意。,
一个你认得的弓箭手，来自斯卡拉格里姆的亲兵，向你走来。,
你甘愿为[玩家：名字]冒生命危险？,
内菲娅注视着战斗后的狼藉，神情交织着鄙夷与悲伤。,
噬足者,
赫罗德盖尔达从未让我失望，可你知道，我从不把所有赌注押在一处。,
埃塞尔雷德命我们来见你，宣示他信仰的力量。,
那他日子不多了，恐怕如此。没什么办法了。,
他给我的印象确实有点……可怜。不过他眼光不错，货色看起来也够好。,
我拿到了！他一点都没起疑。你得趁他还没醒，赶紧动手！,
这个大个子男人小心翼翼地笑了笑。,
早起垫一口倒是常有，但盛宴之前可得吃饱。,
得了吧，我早在咱们说话前就派他们出去了！他们自己走得慢，哪能怪到我头上！说白了，我还以为他们半路撂挑子了呢。,
那些妄图不付出代价就从古代君王那里偷盗的家伙，这就是他们的残骸。,
西格丽德回到廖特尔和凯蒂尔身边，又说了几句道别的话，再度相拥。终于，所有该说的似乎都已说尽，凯蒂尔从两位恩师身边抽身，重新回到你的身旁。,
嗯……我想说的就这些了。谢谢你听我唠叨。还有……谢谢你——从一开始就给了我一个机会。,
旧弓,
你可听说过血鹰？那其实是一种处决手段，不过用来逼供，有时候也出奇地管用。,
没人搞了我还能活着。你似乎也是这副性子。,
干得好，小子。就照这样继续干，把这边彻底弄完。我得去跟领主谈谈，马上回来。,
备受敬重的[玩家：战士/盾女]，[玩家：欢迎]光临寒舍！我是格尼普利，今天能为您效劳些什么？,
他面无表情地盯着你。,
{躲好，别动。} 我们还不知道他们是什么人，应当小心行事。,
{把角杯扔开。} 你想毒死我？！好个懦夫！,
一抹咧嘴的笑容在她唇边绽开。,
你踏进空地，几道冷硬的目光齐刷刷投向你。手都不约而同地摸向兵器，多数人警惕地站起身来。,
而你，就是斯库勒那个狂战士。,
但愿这能在你的旅途上派上用场。,
也许正如你所说。我不会把我的想法告诉你。真正要紧的，是你自己从这些故事里品出了什么。,
看来反倒要我们来帮你了！,
我派了威尔弗里德手下那帮小子去找到那群畜生，把它们赶走。我小女儿埃雷斯也跟着去了——她自以为是个女猎手，可我知道，她是看上了威尔弗里德家的一个儿子。,
我看你是个猎人吧？,
就算他们打赢了，名声也已经完了。如今谁都看得出斯克恩有多孱弱、多不堪一击，西古尔德·赫林格准会在阿尔庭大会上站到我们这边。,
不出我所料。,
随你怎么嘴硬，修士。,
{搜索这片区域。},
只要手法够细致，就能让那活口撑上好久——久到足以撬出你想知道的任何东西。,
前往珀斯，从凯尔的“熊”手中夺取沃登之角。,
{花费150财宝购买矛。} 我出十五厄尔图格银子，要这杆矛。,
喂！那东西轮得到你拿吗！,
他们当然乐意——支持我，就能拿捏我。,
你最厉害了。谢谢你替我们做这些。,
这可听着一点儿都不像格尔达。要是那只母獾真想让你死，咱俩根本就不会有眼下这番对话。,
我先告退，你只管做准备吧。,
好极了。再会了，朋友们。,
[玩家:欢迎/欢迎]。我叫斯瓦娜，是这座神殿的古迪娅。你是头一回来吗？,
不走运，看来没人吃这套。那大块头伸手就去抄家伙。,
这些人已经在战争里蒙受了惨重的伤亡。如今他们竟要聚到一处，喝个烂醉。我们若在盛宴上动手，他们简直毫无还手之力。,
过来，我能帮你！,
今天那盏灯没亮。那帮杂种故意不点火，就为了把船引向死路！我们还没给冲上岸，他们已经卷了货跑了！,
八个罐子裂了，唯独一个经火淬过的，好端端从柱上坠落。他们只顾朝前走，那远古巨人却用目光死死咬着仇敌不放。,
这么说，倒是个真正的王者了——把王国前途看得比身后虚名更重的人？但愿如此吧。,
她窘得咯咯笑了两声。,
别管他，他已经不是威胁了。我们得找到留里克。,
你是打哪儿来的？,
照亮周身，令攻击邻近之敌更易命中。可引燃易燃之物，使之起火。,
孩子们重新跳进圈子，接着练自己的。这儿从没断过操练的人，想在安稳地方试个新招式，随时回来就行。,
是，我——呃……,
眼下没工夫管这个，再耽误下去，那德鲁伊的学徒怕就没命了。等事一了，我们随时都能折回来。,
你的人从不曾信过我。根本谈不上什么背叛。,
{向[搭档:姓名]示意，你去解决老的，让[搭档:姓名]干掉小的。} 我奉命来给你看这信物。主教说了，你一望便知。,
那一刻的气势在帐中膨胀开来，化成一阵令人目眩的嗡鸣，将所有的恐惧与彷徨尽数吞没。,
他在你这种人手上栽得这么惨，我倒是不奇怪。他那股子傲慢，看着就是迟早要招大祸的。,
你要是肯认输，我就放你一条生路！大概吧。,
容我再把话说死。你给我毒药，我下给康纳尔和他那帮人。等他一咽气，我冲你给个暗号，你就在外边把这些人斩尽杀绝。是这么回事吧？,
可不，要不就是[玩家:名字]想要个能跟在[玩家:他/她]身边、会到处走的战利品。,
[好奇的:名字]用力推了推大门，门吃不住劲，微微晃动了一下。,
行，我这就着手准备。顶破天的结果，不过是你照常跟他干一架。,
果然不出我所料。据我所知，你们这些人，把武力看得比什么都重。,
另一个强盗凑近她耳根嘀咕了几句。她脸上一惊，接着冲你告了个罪便走开了。一伙人远远避开，聚在一处悄悄议个不停。,
她就那么杵了片刻，满脸堆着讨好的笑，等你往下说。显然，这对话说到哪儿，她早跟丢了。,
从外头看，和平与暴政有时确难分辨；可对那些活在刀锋下的人来说，当中的差别，恐怕就没那么轻飘飘了。,
罗斯克瓦对着自己的炖菜，露出了一丝微笑。,
你被指控袭击并洗劫了蒙克切斯特镇，谋杀了本王国众多臣民。,
没什么。这里的驻军不堪一击。你那边情况如何？,
旧训练场仍被外围农场的孩子们占着，领头的是埃迪丝最小的儿子。,
那个叫约维塔的女人，阴沉着脸向你打招呼。,
[受惊01:角色名]似乎安心了些。,
她大声喊叫，惊得旁边几只鸡扑腾乱飞。,
这事还没完。你得对付掉他的手下，不然我就完蛋了。,
您好。,
就像人们说的，瞎得像蝙蝠——是晚年染上的一场病造成的。不过，可别因此小看了我的货品。,
你愿意讲个关于众神的故事吗？,
你的祭品会存放在神殿里，直到春季的布洛特祭典，届时它会被加入献祭。当然，你若能亲自参加祭典，那是最好不过。,
好吧。我可以用码头，但你必须支付标准费用。成交？,
[玩家:角色名]，让你的人做好准备。奥斯雷德来这里犯了个大错——他会以为我们要固守防御，就会试图包围我们，但他绝对料不到有你。,
对你的提议感到惊讶，那几个亡命徒短暂地交头接耳了一番。,
他的笑容褪去，转为悲伤的神情。,
罗斯克瓦皱巴巴的眉毛下，一双眼睛斜瞥着你。,
袭击上帝的居所？那……简直不可想象。,
说完，那些麦西亚人便退出了谈判，返回他们的营地去了。,
你决定搜查这片区域。你提高嗓门、挥舞着手臂，赶走了那些发出粗哑抗议、振翅飞走的乌鸦。然后，你开始了这项沉重的任务。,
{击倒他。} 睡一觉吧，小子。,
再次见到您真是太好啦，我最最尊贵的领主！您是来瞧我们精选的上好金属和皮革吗？,
我之前说过，但我要再说一遍：要么是你误解了雷穆斯和罗慕路斯的故事，要么就是你对它的教训视而不见。究竟是哪一种？,
让我看看你有什么可卖的。,
{给他看威利布罗德给的绶带。} 奥斯雷德派我来找你取报告。,
天哪……你们是[i]怪物！[/i],
算是吧。,
她最后吻了你一下，才送你离开。这个动作出奇地纯洁，与昨晚的激情相去甚远。,
我大半辈子都住在萨克森，直到查理曼开始了他那场屠杀与毁灭的征战。,
只是想聊聊天，对吧？友好地聊聊什么的。,
哈哈哈！你不是个做外交官的料，我亲爱的[玩家:男人/女人]，这是肯定的。不过没关系！,
你们安全了！,
{射那个小个子。},
我们需要找到考斯坦丁的宝库，保护它免遭劫掠。,
别这么说！他是你的[i]亲兄弟！[/i] 不管他做了什么，他永远是你的兄弟。,
这些家伙真是一点时间都不浪费，是不是？,
谢谢你，塔拉。,
是你让罗斯克瓦给我下毒的，对不对？这场“病”全是你在搞鬼。,
{攻击。} 计划有变……,
冷静点，我不是来打架的。我叫[玩家:角色名]。,
斯坦恩开怀大笑，而他手下的人则在他两侧随意地排成一排。,
几乎难以察觉地，凯尔悄无声息地朝你挪了一步。,
这地方真是蒸蒸日上。我开始相信，我们真的能集结起一支足以征服一个王国的军队了。,
你说得对。我会帮忙。,
那太恶劣了。,
我在位五年，继承着先父的遗志。那是王国和平安定的时期。,
好了！准备好让我看看你的真本事了吗？,
我以前从未用过这么好的工具，感觉简直像在作弊！,
就在那个哨兵重申他的忠诚之际，另外两个皮克特人也凑到了一块儿。,
阿斯莱夫走上前来。他看起来丝毫不因刚才的战斗而显疲态。,
她投来探寻的目光，打量着你的脸。,
好好欣赏这景色吧。从这里能俯瞰一切，你能一直望到尽头。,
然而你竟然还活着告诉我这些。看来贡纳尔这个人，比人们以为的要复杂得多。,
有一瞬间，他们似乎想要逃跑，甚至反抗你——但紧张气氛过去了，他们低下头，带着一脸颓然的神情，在你找到他们的双手并收下这些奴仆时，表示顺从。,
那么，你不否认了？这倒出乎意料。奥斯雷德国王陛下命你尽快前往他的厅堂觐见。,
我早该看出这其中的联系。,
他们在我眼里没那么重要，非得继续关着吗？,
我该从何说起？,
为了家人，我一直都在，伯父。您现在愿意谈谈我父亲了吗？,
你这些攻心把戏对我没用！,
埃迪丝哭笑不得地咕哝了一声。,
你必须死。,
一个崇拜混沌与邪恶的撒旦邪教占据了那片废墟。那牧师说起夜半令人毛骨悚然的吟唱、绑架和活人献祭。,
我对引我至此的命运毫无怨言。我在蒙克威尔茅斯得到了安稳、良好的抚育，学会了读书写字，在我主和救主耶稣基督的慈爱中长大。,
等等……什么？你肯定在虚张声势……,
呸！野蛮人。一波又一波的野蛮人。圣罗穆卢斯保佑我们！,
在你家附近的林子里找到的一把锈剑，上面刻着“埃吉尔”的名字。,
埃塞尔雷德看上去气得快炸开了。,
维京人攻了过来，把那地方夷为平地。,
拿到市场上至少能卖四百厄尔图格银币，拿值钱的东西来抵也行。,
是吗？哼，事到如今，我看这事儿已经由不得我们了。要么西古尔德·赫林格判我们赢，要么他判斯库勒赢，我们横竖都无能为力。,
这是认真的提议吗？,
众神之父认可了我们对他子嗣的虔诚奉献。,
她挑起一边眉毛。,
基利安！,
他要是不露面，我就只好把他逐出氏族了。,
找到马尼。,
那丫头，打小听的那些童话故事，信得太深了。,
{握住他的手。} [Player:Name]。,
快走，[Player:Name]！冲过那座桥！这几个废物交给我们对付！,
我相信你应付得来。,
如你所见，我们已准备好进攻埃奥福维克。你那边的任务怎么样了？,
珀斯位于奥克尼群岛和哈德良长城之间的必经之路上。大军开进诺森布里亚之前，我们应当先把它打下来。,
你能帮我们修修装备吗？,
你觉得法兰克人会不会来碍我们的事？,
是啊，这倒不假。芬妮绝不会丢下她的老父亲，让他听天由命。,
要是这是个埋伏，我可就真要动怒了。,
再说了，你算什么东西，也来管这闲事？,
{跟内芙雅回她的帐篷。},
维京人来了。,
没等你为自己申辩，他就一转身，大步走开了。,
北方人已经在镇西头布置好了。,
看来她已经拿定主意了。,
成啊，尽管看。,
你说的“小礼拜堂”，就是指这条臭水沟？,
我还真有点喜欢他！恐怕是亲卫队里唯一一个喜欢他的。他那滑稽的发型底下，可藏着不少真本事。,
我以前见过这样的蜡烛和骨头——就在你里伯的家中。,
莫尔坎特心烦意乱地倒着脚。,
真是个离奇的故事。,
瓦莱里乌斯抬起双手，恳请和解，但声音里已不自觉地渗进了一丝怒气。,
我匀不出多余的口粮了。你们得靠自己想法子活下去，指望下一艘船能多带些吃的来。,
好吧……,
瓦达——我知道，比起忠心，你更看重实际的考量。也许，我们可以做笔交易。,
眼前这上了年纪的男人，有着一副渔夫才有的饱经风霜、皮粗肉糙的模样。他四肢犹有劲道，然而眼中那倔强的火苗里，却缠绕着一缕悲戚。,
我叫[Player:Name] [Player:Lastname]，想必你也听说过我。,
带上你的祭品，去林中的池塘边，就是靠近你们上岸的那个地方——我们在那里碰头。,
尽管如此，还是要为你的善行义举，给你些酬谢。,
她徒劳地眨着眼，想忍住泪水。那副勇敢的伪装，并不怎么令人信服。,
我一点儿也不奇怪。那种渣滓，隔着几里远就能嗅出你的软肋。,
谢谢你，埃吉尔。也祝你归途一帆风顺。,
[Player:Name]，你看到了吗？那边有东西！,
我从没听说过这地方。它在哪儿？再说了，你凭什么觉得我们在那儿会受到欢迎？,
[Shouter:Name]飞快地把一条毯子裹在[Overboard:Name]身上。[Overboard:Name]冷得牙齿咯咯作响，语无伦次地连声向你道谢。,
你走之前还有一件事，我长话短说。,
多谢了，哈夫丹，我想知道的就这么多了。,
现在说这个太迟了，拔剑吧。,
我能瞧瞧你卖的货吗？,
一位年迈的渔夫欢呼着走了过来，一把捉住你的手，使劲地摇晃着。,
万事总有个头一遭。,
你们氏族穷成了这样——恕我直言——根本招不来什么买卖。逼得我不得不挑三拣四，不得不把价码往上抬。,
那力大无穷的巨人来到众神集会，带来了赫米尔所有的那口大锅；在收获亚麻的时节，神圣的诸神将在埃吉尔的厅堂欢饮盛宴。,
你迎上的那道目光把你的前景说得明明白白：从这人身上，你什么也得不到。,
当你握着匕首步步逼近，他的表情从感激转为震惊，再到惊骇。,
又一场胜利——正如我对这支军队所期望的。我怀疑我们很多弟兄在出征前都没见过阵地战，毕竟他们原本不过是劫掠者，但那些活下来的，如今都已学会了。,
任何敌人能把你从家乡一路追到这里，绝不会轻易罢休。她必定还会再来纠缠你。,
那人明显僵住了。,
怎么，不给你的[Player:兄弟/姐妹]一个拥抱吗？,
让你死在火葬柴堆上都嫌便宜了你，何况谁都看得出来，那正是你想要的。对于你，该受的是血鹰之刑。,
你进去时，牧师正在练习一篇布道词。他从活计上抬起头，用一抹温暖的微笑迎向你。,
你早该来看我了。当我看到你走进营地时，就在想，你会不会就是那个要我等的人。,
他痛得尖叫，被你这一记重击吓得猛缩回去。他盯着你的眼睛里满是恐惧。,
凯蒂尔窘迫地咧嘴笑了笑。,
现在我确信自己是在做梦了。你绝对不可能说出那种话。,
她重重叹了口气。,
我们不想惹麻烦。你们可以借道通过，但别在这儿逗留。,
他听不懂你的话。,
我想应该给点奖赏才是。,
我[i]告诉[/i]过他别再搞那套蠢事了……,
你杀了我的一个姐妹，单凭这个我就该把你开膛破肚。但既然康纳尔·马克·泰格那个卵蛋都缩了的家伙正死咬着我们不放……我眼下有更大的仇要报。,
没错！他说那是国王的财产。现在它就锁在城堡里的一只箱子里。,
我们的献祭，是为了更伟大的利益。,
然后呢？我们就两手空空地回康斯坦丁那里去？,
战斗持续激战了好几个小时。最终，维京人突破防线，拿下了埃奥福维克。,
凯蒂尔割断了贡纳尔的绳索。,
谁在那儿？！,
{寻找格蕾妮。},
那你可得从我冰冷的、死去的双手里把它撬走。,
用众神之父的话来说：只要生活安好，礼尚往来，便能维系友情。,
唉，我亲爱的诗人。你一定是走投无路了，才会背叛我的爱。以你的死，你的罪便一笔勾销。,
为活命而战吧！,
你说，跟维京人秘密会面。我倒很想知道那条老狗在耍什么阴谋。前提是他能活到张口说话。,
她朝自己肩后摆了摆头。,
很好。我会先行一步，告诉埃塞尔雷德你们要过来——免得引起误会。,
他的目光在你和你那伙人之间犹豫不定地闪烁着。,
你们是诺斯人，对吧？我们先前可是领教过来自你们那地方的[i]访客[/i]了。,
现在看来情况不妙，我承认。但我还没打算认输。,
唉，这小子。不过，他可得学着别老让那张嘴给他惹祸了。,
你回来得正赶上忙的时候。让你等着不算冒犯，眼下情况就是这样。,
你可来了！,
能让你尽兴我很高兴，可我的嗓子必须得歇歇了。还有什么别的事吗？,
你这种行为，正好说明了你为什么当不上首领。这是第一次也是最后一次警告。对我的侍卫，我期望有更体面的言行。,
请吧。你什么时候准备好都行。,
好巧，我正要往同一个方向去。不过我看本地人见到[i]我的[/i]船停在他们海滩上，可高兴不起来。,
据我看没什么不妥。慎重些是明智的，可这是对外国王国的入侵——不是讲究慎重的时候。,
要是我帮你掌控这支军团呢？,
一些自称禁卫军的守卫从大门冲了出来，迎上去接应那些难民。,
你们的头领死了，但在我这儿，协议仍然算数。你愿为我效力吗？,
剩下的人在那次行动中都送了命？嗯，这个损失我自掏腰包也补得起——总比两手空空回去强多了。,
在梦见奥丁之后，我从一具吊着尸首的身旁捡起了这支矛，那时只有一件事可做：留着它，并以曾刺穿众神之父肋部的那支神矛为名，叫它永恒之枪。,
{杀了他。} 很抱歉。一个活口都不留。,
真的很不错。多谢了。,
好吧……那我们放了这小子。塔洛尔克？,
她将一只手按在胸口，仿佛要使那颗狂跳的心镇定下来。,
愿渡鸦啄出你的眼珠子！,
他们之所以能摆布我们，是因为我们需要靠他们来把这个世界理出头绪。,
我觉得我越来越上手了！,
我父亲眼高手低，自不量力。,
{刺死她。},
我觉得我的信息他理解得够透彻了。毕竟我用的语言，放之四海而皆准。,
你袭击了那些人。他们在诺森布里亚或许是亡命之徒，可他们是[i]我的[/i]同胞，他们是被绝望逼得铤而走险、落草为寇的！,
我们是不是把那些铭文给解错了？,
很好。,
我们打开天窗说亮话吧：领导这个氏族的其实一直是个女人，有些年头了。你在外头满足嗜血欲望的时候，所有实际的决定都是你母亲做的。现在换成你来掌权，不过是因为你弟弟太软弱，根本领导不了我们罢了。,
那人脸上骤然浮现出冷酷之色。很难分辨他是仅仅起了疑心，还是已然满怀敌意。,
奈芙娅张口欲言，却又把嘴闭上了。她凝眉深锁，久久地盯着你。最后，她在原地猛地转过身，嘴里咕哝着走开了。,
那个疯母狗。她投靠奥斯雷德，就只是为了恶心我们？,
马多尔挠着他那稀疏拉碴的胡子。,
多谢你的报告。我回头再处理。,
我觉得我们这儿的事已经了结了。,
好，那就这么定了。,
他厚着脸皮嘿嘿笑了。,
斯库勒领主去过海那边的群岛，在那边招募了那些北方人。,
准备战斗！,
说不定是那些放哨的家伙根本没在好好站岗！不过替他们说句话，我们当时动静确实非常轻。,
[i]迪伦！[/i],
不论有没有对我们刀剑相向，这里的每一个人都是本族的叛徒。你的家眷，一个都别想活着离开这地方。,
我必须对你坦诚相告——在我脆弱的时候，心里也曾偷偷藏着和她在一起的念头。但早在好几个月前，在决斗岛上，她对你的那份忠贞就已经再明白不过了。,
闻到了吗？刺骨的寒风，空气里还带着海水的咸味。今天是个好日子。,
雷神索尔在上。这到底是什么人建的？什么样的部族才能造出这样的城墙？,
亮出来给我瞧瞧。,
奥丁护符,
小心行事。,
我[i]苦苦哀求[/i]过你别这么做！我告诉过你，我没办法跟自己的同胞兵戎相见！这种事谁又下得了手？,
哦，这事压根不用你来操心。所有事情我都会安排妥帖的！,
{支付500财物。} 那能磨砺心智的一种。,
奈芙娅啐了一口唾沫。,
现在破门应该安全了。,
哦，不。他们以为我们是冲着它们的崽子来的。,
你对这奇异的幻影感到困惑，便返回营地，开始早晨的劳作。可你还是忍不住频频瞥向那杆精良的长矛，上头还凝着点点血斑。,
你检查那根树干，很快就发现一块树皮上覆着一层又厚又湿的霉，手指一碰，便黏糊糊地沾在了手上。,
现在不行。,
我刚才可是好好求过你们了。,
我们跟你们一样！我们家族世代都忠于古老的传统！,
没错，亚尔达尔·亚恩斯凯加松就站在那儿，这都连续第三天了，逢着带兵器的路人便上前求助。,
一丝丑陋的讥笑爬上了他那张瘦削的脸。,
你觉得其他船员怎么样？,
[Player:Name]。,
您可以雇佣我们，一个人头一百银奥图格，外加上船费四百银。“乌恩布拉克尔号”可是匹烈如猛兽的好马，船上的水手们也都经验老道，绝不比任何人差。,
是，但愿如此。但我需要巨魔树上长霉的树皮。,
你这是在打什么主意？,
嘿，用不了多久，我就有机会谢谢他，谢他把您给送来了。我们俩一起跟您回珀斯——这是您该得的。,
丹尔恶狠狠地咧嘴一笑。,
那骨头碎裂的声音，是造物主在唤你回家！,
初看像是些树枝，凑近了细瞧，才发觉竟是骨头——被火烧得焦黑，被啃得一丝肉都不剩。,
这么说，非得献祭不可？要我亲手毁掉所建的一切，换我的妻女活命？,
我会试着溜进去，在不惊动任何人的情况下找到解药。只要我足够小心，这一仗就可以避免。,
好好歇着吧，姑娘。,
没错。你见过他了？,
别担心。能顶替父亲的位置，我很自豪。,
净是些胡说八道的迷信。,
再会了，母亲。几个月后见。,
你刚砍倒的那伙人的头领，在你身后咳嗽了起来。鲜血正从他体内汹涌而出，但这老家伙还剩着一口气。,
准是它了！啊，奥丁、索尔、芙蕾雅，还有巴尔德，求求你们，让这药灵验吧。,
你把随身家伙撂在门口，凯尔便引你到餐桌旁。她备餐的时候，你们聊了些无关紧要的琐事。,
要是我们直接把贡品搬进营地，弟兄们也就不必挨家挨户上门去讨了。,
我永远不会再爱上别的女人。再也做不到了。,
凯蒂尔惊讶地眨了眨眼。,
当然……还有另一条路。与其操心身体上的事，不如照应一下精神上的需求。,
鲁里克独自待在长屋后头。打你回来，他就没来迎过你，这完全不像他的性子。,
内菲娅浅浅一笑，小心地伸手搭在你肩头。,
很好，我信你的话。那我们接着往前走吧。,
镇上有些人觉得我这些做法跟他们的信仰犯冲。他们认定我施展的魔法是从魔鬼那儿借来的。,
嘿，真高兴你过来。又回到家真好，还能顺道看看胡尔达。埃迪斯那几个小子一直把她照顾得不错。你该去找她说说话，她今儿个脑子清楚着。,
哼，不找到人接下这笔买卖，我哪儿也不去。,
{离开},
贡纳尔的手下从你身旁走过，把他们的首领搀扶起来——你无力阻拦。,
老女祭司显然有点不知所措了。她上下打量着你，眼神里一半是宽慰，一半是警觉的疑心。,
这实在是无上荣光！,
来，让我瞧瞧你有什么。,
那我们四处去打听打听。,
那感觉……挺对的。该做什么就去做吧，只要能保住氏族的强大。我一直都是你的拖累——至少我这条命最后还能有点用处。,
给我些时间，我还有些别的杂事要先处理。,
格蕾妮朝你灿然一笑，亮得扎眼。,
叫你大吃一惊的是，帐篷里只有瓦达一个人，没别人了。,
她已经死了——我们把尸首给带来了。你本应该提前知会我们，要面对的是个什么阵仗。,
好哇！你给我过来，小兔崽子！,
那会儿我们同属一支侍卫队，结盟打奥尔斯。我俩当时可真是他妈的强——把那帮软蛋收拾得服服帖帖。,
维京人的坟。,
剩下的庆祝场面，你只记个朦朦胧胧了。勉强想起那么几个欢乐的片段。[开明者：姓名]在桌子上跳舞。,
近来如何，[玩家：领主/领主夫人]？我是瓦达。你要是能抽个空，我想跟你聊几句。,
你不是基督徒？,
我[i]半点[/i]不欠你，[玩家：姓名]！[i]半点都不欠！[/i],
你[i]非得[/i]办吗？！我说一定得办！非得办成北方从没见识过的大宴！等你灌下几口麦芽酒，就该来谢我这会儿的坚持了。,
他们也会这样传你的故事，[玩家：姓名]。全是些英勇大战，了不得的豪气。,
你的那些诗人朋友全死了。你还能平安回去吗？,
第二个地方是郡守的宅子，在城墙里头。他是本城民团的头儿，所以宅子正挨着北门。,
你动作飞快，拔出短刀，一下捅进阿斯莱夫胸口。他根本没有闪躲的意思。随着肺里的气被挤出来，他喉咙里咯咯作响，猛地瞪大了眼。,
不安又吞掉了她的笑容。,
毛科林取出一个小布袋，里头装着他留出来的钱币。,
那[i]究竟[/i]是什么怪物？！,
{支付200财物。} 给我一份镇痛的药。,
我本就打算和你提一模一样的提议。他的尸首就在我们手里。,
我俩从前爱得那样深……,
我对你感激不尽，维京人——这本是你该得的。除了你，我想不出还有谁，能把我和基利安一道从那个烂摊子里捞出来。,
一个大块头女人，脸蛋又圆又红，一本正经地交叉着腿坐着，正拼命往嘴里塞浆果。她那消灭浆果的架势，简直跟[i]风卷残云[/i]似的。,
愿你健壮幸运，[玩家：姓名]。我亲眼见了阿斯莱夫的那场挑战。可有我能帮上忙的地方？,
听着不像战斗，倒更像劫掠——要是这儿和外头一个样，那简直就是场屠杀。,
{弃了小艇。},
不！你不能去！你得留在这儿，不能走，外头危险！,
从坟头采些花给胡尔达带去。,
我可过了[i]极美妙[/i]的一夜。,
你暂且停手，拍掉掌上的浮灰，听着这填满墓室的寂静。要是亡者的魂魄对你有怒气，那他们倒还真是沉得住气。,
千万别这样，我这点儿事，哪配得上这份大礼。,
他将法杖往地上一拄，一声闷响炸开。那震动像涟漪一般，透过脚下的地面传过来。,
动身去里伯，雇上一批雇佣兵。,
我看见南边悬崖那儿有条路。他们定会料到我们走那条道。,
康斯坦丁也提到了康纳尔·马克·泰格。他是什么来头？,
罗斯克瓦居然脸红了，难得体面了一回。,
那女人满心厌恶，朝你们之间的地上啐了口唾沫。,
商人怏怏不乐，回到篝火旁的妻子身边。,
嘿，迷路的老[Player:man/girl]？我们可不想有人作伴。,
凯蒂尔瞪大双眼，直勾勾地盯着那堆战利品。,
你今晚有空帮我个忙吗？,
等我腾出手来再说吧。,
芬古拉·因根·唐科尔克。还记得我吗，殿下？,
Velkomin，欢迎来到我们的小村庄。,
松木并非打造长船最显而易见的选择，但它坚固而又柔韧，或许能在速度与载货量之间取得不错的平衡。,
我不这么想。,
这就是我受众神之父眷顾的明证！哈哈哈！,
得了，舅舅。我是个成年的[Player:man/woman]了，有权知道发生了什么。,
让这枚护身符，让你永远记住今夜。,
是啊……,
她再次朝你举起杯子。,
你觉得我们在那边会找到什么？,
他刚要开口，便猛地爆发出一阵深沉的剧咳，咳得喉头作响。等他缓过劲儿来，声音已变得沙哑，底下还压着一丝恐惧。,
我们得回他们的营地，把事情弄个明白。,
你知道吗……你是我最好的朋友。只有你会被我那些蠢透了的笑话逗笑。换成妮弗亚，顶多只能换来一声叹气。,
很好，我会结束你的痛苦。,
多亏了你对周遭环境那点微弱的感知，你游得还算轻松，也无需屏气太久。没过多久，你便发现自己已身在洞穴的另一端。,
{亮出你的武器。},
我感谢上帝护佑我女儿平安，又派你来相助。,
或许改日吧。,
第一个踏入此陷阱的敌人将遭受60到80点伤害。,
一切都还好吗？,
叫你大感意外的是，屋里竟有两个年轻人，显然已经把这儿搜了个遍。看来，你进门那会儿，他们刚好找到了你要的那笔钱。,
{支付2000财物。}一百便士，听起来挺公道。成交。,
一点不错。利奥弗里克，你还有什么要为自己辩白的吗？,
行啊，那我那次——,
有报告称，一支分遣队被一路尾随，远行向北穿过了皮克特兰。我想，你不会介意给个说法吧？,
{以冰冷的沉默注视。},
她压根儿就不信。,
我叫[Player:Name] [Player:Lastname]。开门吧，我们是来谈谈的。,
{攻击。},
{别管他们。},
看来我别无选择了。今日此地发生的一切，将永埋于这座岛上。,
我要是你，绝不会喝那玩意儿。,
莫尔坎特此刻猛地提高了嗓门，不过比起愤怒，这更多是出于惊愕。,
带路吧！,
我丈夫曾是个了不起的人。我们婚后不久，疾病便夺走了他，我至今仍因这丧夫之痛活在悲伤里。,
上好的白银，用来洒你的血。,
我们一向乐于助人。请说说病情。,
冷静点，[Spooked01:Name]，他们不过是一群饿疯了的狂犬病人。,
{连她也杀了。},
毛科林转身望向林边，那里有个年轻人抬起手臂，打了个信号。,
我不知道。这事我得想想。,
已经无处可去了。,
一座要塞对于协调海外的战事将是无价之宝——若你想在海外建立起强大的势力，我确信这便是必由之路。,
{捅他。}我想你怕是误判了眼前的形势。,
你先把最小的物件装进口袋——钱币、戒指、手镯——接着又把几件大点的玩意儿塞进麻袋。要是他们搜你的身，但愿别搜得太仔细。,
瓦莱里乌斯或许老谋深算，但等他看穿你，早已为时太晚。他连眼皮都来不及眨，刀已落入你手，而他根本无法阻止那利刃刺穿他的心脏。他临终前痛苦的喉鸣，惊动了他的随从。,
是-是-是的。很-很抱歉打-打扰[i]您[/i]了。,
老人将目光从同伴身上移向你，眼里满是绝望。,
等等——我们能把这儿砸开，但这得花些功夫。驻扎在外头的其他士兵会听见的。,
我从不蓄养奴仆，如今也不想开这个头。,
我就知道你准喜欢！想不想看看我还有什么可卖的？,
主教从一旁的讲经台上捧起一本厚重的《圣经》。书卷装帧华美，书脊以黄金镶刻。翻开书页，内里的插图描金绘彩，灿烂夺目。这真是一份厚礼。,
你这是要去哪儿，旅人？,
当你从藏匿处取出那块古老石板时，[Random02:Name] 数了数你的藏品。,
我们只立下一条规矩：别靠近那座墓冢。那是个阴暗之地，埋葬着一位古代国王，地底之民正满怀妒意地守护着它。,
他说不定已经死了。,
那么……我接受你的仁慈。,
弗利里脸色一沉，怒意涌现。他紧咬牙齿，冲你嘶嘶作响。,
你双手猛地插进那团令人作呕的污物，胳膊直没至肘。你感到指尖合拢，攥住了那块金属。触手温热，滑腻腻的。,
他的确是个强悍的战士。,
哈哈哈！行吧，睡个好觉。,
你尽力描绘着除掉埃塞尔雷德后诺森布里亚的光明前景，却难以将自己的计划说得令人信服，埃塞尔雷德还不时打断你。,
他们攻击我们反被打败，这算什么挣到了？,
{支付1000贵重品。}我在下水道里找到了大量钱币，心想这或许就是欠你们的那笔，便觉得该物归原主。,
我向来乐意帮助未来的盟友。你那边进展如何？,
莫尔坎特点点头，如释重负。,
这是什么地方？,
皮克特人之王,
有时候我真恨自己料得这么准。,
艾芙拉发出一声古怪的轻咳，又像是在咯咯笑。,
他踉跄着回到屋里，倒在妻子怀中。她正在哭泣——究竟是出于悲伤还是宽慰，你分辨不出。聚在你周围的奴仆们散开，各自回去干活了。,
{拧转箭矢。}你竟以为我会饶你不死，真是个蠢货。,
去珀斯东南方那与世隔绝的麦克贝瑞氏族的林中家园，寻找解药。,
如果你最终拿下了埃奥福维克，务必找到博塞尔姆，把他从地牢里弄出来。告诉他，我会在我们初遇的地方等他。,
请收下这个，算作你出力的酬劳。这本是我为她定制的，打算给她十六岁生日。现在我巴不得赶紧脱手。,
脸朝下倒在沼泽里。惨不忍睹。,
是啊，可我这四周尽是上好的木料。再说了，我就喜欢林子里的清静。你有何事？,
你是指……笼统地讲，还是……？,
南下。,
你指望我为你做些什么？,
奥德凯尔重新褪下狼皮兜帽，再次到外面迎接你。那四名守卫仍在原地，有祭司在场，他们似乎警觉了几分。,
她心不在焉地点点头，一根手指绕着剑柄头缓缓画着圈。,
这事儿绝不能忍！,
距下一次全体庭格会议还有近一整年，我们总得做些什么。,
幸而那鱼终究敌不过[Fisher:Name]的耐力，最后还是被[Fisher:he/she]拖上了船。众人齐声欢呼，[Preserver:Name]立刻上手，将渔获开膛片肉，动手腌制。,
我和鲁里克出去迎她，她说你在里伯帮过她的忙。,
大教堂门口，站着蒙克威尔茅斯的莫尔坎特。他张开双臂，仿佛要抵挡什么邪恶的咒语，声音发颤，眼含泪水。,
说实话，我对这位康斯坦丁颇有好感，他看起来会是个值得结交的盟友。不过，在做出任何承诺之前，我们或许该先去拜会一下诺森布里亚的国王。,
你若深信众神在此事上眷顾于你，那我希望你能有机会证实这一点——但我绝不会坐视你失足犯错，将整个氏族拖向毁灭。,
你是个明智又通情达理的男人/女人。我祈求你今日的决定，不会为你招来更多麻烦。,
看来我们的关系到此为止了，是么？你终究还是更忠于格蕾妮。,
你快要念完使徒信经时，恩巴尔德终于露出了一丝淡淡的笑意——你看是赞许的意思，却也说不太准。,
你想干什么？别……别伤害我，求你了。,
我可以给你指路。,
她给你的那枚戒指——交出来。,
他语气一变，转为严厉的命令，这种口吻在他似乎是自然而然。,
凯蒂尔面露忧色。,
年轻的埃瑟琳的家人悬赏六十便士，盼她平安归来。她最后一次被人看见时，正与一群流浪吟游诗人为伴，向北朝着英吉尔森林而去。,
你就这点能耐？！,
说得不错。把你所有值钱的玩意儿都交出来。,
我们压根儿打不过这帮人，他们人太多了。,
我可不想听你诬蔑我侄女是贼，外乡人！最后警告你一次：滚出去！,
奥斯加的妻子——你该不会以为那事能善了吧？贪得无厌的人。,
只要你不管闲事，我们本打算让你过安生日子，可这……你居然与异教战士勾搭！,
他们走了。我们安全了。,
弑君者,
我要是不清楚你的底细，简直要说你是存心的了！,
年轻的铁匠擦去额上的汗水，来掩饰心头那窜起的无名火。,
虽然守军装备简陋，仓促集结，但他们布下的阵型仍让你隐约如芒在背。你目光扫过面前的土地——这里近期似乎被人翻动过。,
{继续听。},
我们走投无路了。,
女祭司的心思显然早已飘到了别处。,
收集康纳尔·马克·泰格已死的证据。,
行行行，看在他娘的老天份儿上，行了吧！我给你钱！快放了我！,
听着，你显然不是本地人，所以大概还没察觉，这两个王国如今都乱成一锅粥了！一个连自家地盘都收拾不干净的国王，我凭什么要向他俯首称臣？,
我得警告你，身为本城的地方官，我只对奥斯雷德国王负责。不管我们这儿出了什么事，你放心，国王陛下自会知晓。,
{给予5000财物。} 我这人一看见明事理的主儿，就认得出。,
那就着手准备吧，我的[Player:孩子]。我会去牵些线，设法多探听些斯库勒的动向与计划。,
我追捕这畜生都追了好几个月了。你究竟是怎么找到他的？,
他的嗓子沙哑发颤，却仍在拼命掩饰话语背后那藏不住的恐惧。,
我本以为埃塞尔雷德会把利奥弗里克留在身边——他可不放心把自己的身家性命交到你手上，但派你来这儿，我倒不意外。毕竟你是可以被牺牲的。,
或许，你活该再得一次机会。,
基督徒正步步蚕食萨克森，西古尔德·赫林格担心他们不日便会进犯日德兰半岛。听闻你在奥克尼群岛的功绩，雅尔·拉格希尔德特遣来她的旗手斯卡拉格里姆，向你递呈一项提议。,
你们这帮家伙，可真够凶神恶煞的！,
只是确保你还没溜号。,
忆起那个答复时，他眼里闪着泪光。,
且来看看，这地界儿给咱们预备了什么。,
你说得对。真可惜——这本该是个好机会。,
[Lover:Name]悄悄把你的手握进[Lover:他/她]自己的掌心。每逢台上演讲格外动情，你便能感到那手在轻轻一握。,
不是我们干的！我发誓！,
{饶他一命。} 让别人来发落他吧。,
不。给我坐下，嘴闭上。,
趁我发火前，快给我滚出去。,
拉斯克瓦剪开那男人破烂的衣衫，手法娴熟地为他清创包扎。他失血过多，眼下仍未脱险，但这女巫的作为已为他挣得一丝生机，也缓解了痛楚。,
贵国国王考斯坦丁遣我们为信使，来面见他的德鲁伊。我们想向他递呈一项提议。,
我不会放的。我们不过是在拖延那个注定的结局。你该放手了。,
听起来棒极了。你一定深爱着你的家乡。,
这事你若是能办成，便算我们欠你个人情。,
你瞧着可不像是这个……地界儿里的人。,
我这会儿啥都不缺。,
我，呃……我没法给你打造兵器——在还不知你们底细的时候，我良心过意不去。,
找到赫丁维逃跑的奴仆。,
他的双眼霍然睁大，瞪着你愣了好一会儿神，脑子里正慢慢转过弯来，消化着这从天而降的崭新转机。,
她恶狠狠地啐了一口唾沫。,
我名叫[Player:Name] [Player:Lastname]。,
我的表亲达布格拉斯领着他的兄弟们为我们报了血仇，之后，他便与梅尔·穆雷收留了我，待我如同手足兄弟。,
也罢，我便去见见你那位国王，听他有何话说。,
这是什么？,
[i]嘘——！[/i]少说蠢话。,
你们竟是单枪匹马，一路杀穿了我们内层防线的？真是了得。,
慢着，你的意思……你也是来偷这玩意儿的？那老东西竟把咱俩都支来了？,
你跟艾菲处得好吗？,
明天的我，可就再没这份心情了。这种掏心窝子的话，只能在这午夜时分，等我卸下所有心防时才能聊。,
考斯坦丁·马克·弗格斯算不得皮克特的合法国王。皮克塔维亚本就不该只有一个国王！,
告诉我，[Player:Name]，[Player:Father]家的[Player:儿子/女儿]：我凭什么还活着？,
拉斯克瓦与你目光相接，短短一瞬，她的神态起了变化。不知怎的，她整个人都显得松快了些。,
拉斯克瓦垂眼望着自己的脚，语气温顺。,
一阵撕心裂肺的深咳，低烧缠身不退。我这可怜的闺女，缠绵病榻已有数周了。,
{无视他们。},
真正贤明的统治者，绝不会让对信仰的成见，成了外交斡旋的绊脚石。,
诸神又赐下良机，定要叫那帮杂种血债血偿。,
内菲亚的嗓音险些失了平稳。,
我从没想过我们会成为敌人，莫尔坎特。我还以为你是站在我这边的。,
我是[Player:Name]，考斯坦丁的重要盟友。我要你放了这些人，他们有着至关重要的战略价值。,
他坦然地迎上你的目光，眼神冷硬。,
基利安似乎迫不及待地想离开他的家园。,
我信耶稣基督，上帝独生的子，我们的主，因圣灵感孕，由童贞女玛利亚所生，在本丢·彼拉多手下受难，被钉于十字架，受死，埋葬；降至阴间。,
你是从唐纳科伊斯的领地被掳来的吗？,
我来自耶阿特兰南部，离你母亲长大的地方不远。她来斯克恩迎接我时，我有幸与她交谈过，是位非常和蔼的女士。,
如果你发现任何关于他们的线索，能帮我查明到底出了什么事吗？我叫凯特，是埃塞尔雷德的军械大师。,
唐纳科伊斯疲惫地冲你咧嘴一笑。,
和萨姆尔谈谈。,
{展示塞法的项链。} 你可曾见过这样一条项链？,
我们会尽力在这片土地上扎根，有了圣罗穆卢斯的祝福，或许还能开垦出一个小农场。,
考斯坦丁就倒在原地，一眼便能看出，他再也无法站起来了。,
对不起，留里克。,
她双臂交叉，抱在胸前。,
那就动手吧。,
为了让我的人民免于危难，获得自由，我什么都做得出来。你最好把这话记在心里。,
他抬起手，虚弱地抓住你的手腕，绝望地胡乱咕哝着。,
她俯身向前，眯起眼，仔细端详着那枚大徽章中央的符号。,
你已毋庸置疑地证明了自己的价值。若你想见瓦莱里乌斯，通往礼拜堂的阶梯便为你敞开。,
谁在那儿？！站出来，到我们看得见的地方来！,
林中毒蛇,
行，行，我这就回去，把这事摆平。,
[Player:Hlaford/Hlafdia][Player:Name]，我一直都盼着与你会面。,
那不过是老人们口口相传的故事罢了，我从没遇到过谁真见过那种东西。,
{等待。},
年轻女子疑惑地望向同伴们，那男人耸了耸肩。,
话刚出口，她猛地顿住，转头看向你。,
最近没怎么见着他人……,
西格丽德在附近发现了些旅人的踪迹，我必须去摸清他们的来意。,
撕开个口子,
我的气味？这可真是想不通。伟大的雅尔大人想必是从来没闻到过我吧！嘿嘿！,
你打算怎么做？,
此话当真？你发现了什么？,
这箱中之物，便算作你在英吉尔森林一役中鼎力相助的酬劳，敬请收下。,
如今……劳烦你……让我独自哀悼吧。,
多谢。,
你安然落座，静静聆听，他们编造的故事太过离奇，令人难以置信。尽管有啤酒助兴，你仍确信他们说到后头已是在信口胡诌了。不过，这故事确实引人入胜，待你起身告辞时，才发现时辰远比预想的要晚得多。,
那就叫他替你吃了吧。,
用不着那样费事，你想知道什么，我告诉你便是。,
正是如此，决定权在你。你可愿接受？,
他转身，再次面向你。,
可惜凯蒂尔不在这儿。他要是瞧见凯尔这样把你玩弄于股掌之间，必会觉得好笑。,
我是[Player:Name]，来自西海岸的斯克恩。,
我没打算取他性命，只需将他击败，便足以守住我的席位。,
我们急需你去前线，[Player:Name]！你熟悉他们的战术！,
哨兵强忍住心头的嫌恶，瞥了你一眼，但还是侧身让你通行了。,
你绘声绘色地描绘道，当这满腔偏见与敌意终于沸腾，暴民们如潮水般涌向那座古老堡垒时，那最可能发生的一幕。,
你觉得罗斯克瓦这人如何？,
我看，她是钟情于你了。在营地时，总朝你投来恋慕的目光。没准是我看走了眼，不过这种事我向来一猜一个准。,
哈夫丹总爱装成个讨人喜欢的坏脾气老头，可我心里清楚，他觊觎咱们这港口已经有些年头了。,
他们已在他农庄外头聚齐了，用不了多久，他就得死。,
行，等这事了结，我们得靠它的财宝来重建这座城。带路吧。,
五十便士！,
女战士的脸上绽开一个大大的笑容，让她那只乌鸦纹身显得愈发对称了。,
兴许吧。你问这个做什么？,
他保卫阿尔比恩，击退了撒克逊人的进犯，并以鹰旗为号，将麾下众多部落一统。,
我在路上瞧见你们的营地，便过来探个究竟。,
我们既已至此，便再无什么能阻挡我们了。,
你搜寻了好几个小时，想方设法从那些惊魂未定的当地人口中撬出点消息，总算找到了一处偏僻孤立的住家。,
是啊。那当然。,
你觉得[i]那玩意[/i]就能拦住我？！,
谢了。,
牛羊会死，亲族会死，凡人都有一死。,
你的伤让我看看。,
我不能。我前脚离开珀斯，我们那些脆弱的政治同盟后脚就得散架。你得替我去。,
{在静默中宰了他。},
来啊。咱们多耗一刻，事情就只会更难一分。,
啥……你是说跟他们打？我还以为你是派来援手的。,
你脚跟还没站稳，半打形容枯槁的战士便从悬崖上直冲而下。打他们的衣裳和兵器你便认出，这群人是北方人。,
我向你担保，袭击你家宅基的事绝非我们所为。我等是替考斯坦丁·马克·弗格斯来的——他实实为你担忧。,
你……这是想替我们去偷？,
凯蒂尔和内菲娅交换了一个眼色。,
他可是个狼皮战士。奥丁的选中之人。他不着甲胄而战。烈火与刀铁都伤他不得。,
别往心里去，小子。这么着，对谁都最省事。,
眼下还能做什么？我该怎么……这叫我如何是好？,
能为吾王效力，是无上荣光。,
你要在此地生事，可有得咱们忙活了。民兵团的人数可比咱们多。,
布雷塞尔再见到你时，跌跌撞撞地站起身来。,
太好了。你认清形势，我好生欣慰。,
艾菲步履生风冲到近前。她满面飞红，目光炽烈地攫住你。你险些认不出她来。,
你兄弟和母亲连滚带爬从床上起来，揉着惺忪的睡眼，把满脑子迷糊晃掉。,
你不会上阵搏杀吧，对不？,
一艘唤作[船名]的战船。,
我倒觉着，全靠这鼻子，我这脸才添了那么几分独特风韵。,
他最好乖乖现身，否则我非划回去亲手把他揪来不可。,
你转身朝村子望去，便见廖特尔冲出那已然吞没整片区域的浓烟，正向你奔来。,
瓦莱里乌斯对一名手下附耳低语了几句，那女子旋即赤脚啪嗒啪嗒踩过长满苔藓的石板地面，朝楼梯奔去。,
可咱们不能就这么走啊！,
你仰脖猛灌一口，那蜜酒力道雄浑，火辣辣地烧过喉头，煞是痛快。,
你该没伤着他们吧？,
{亮出塞法的项链。} 这样的项链，你可曾见过？,
有一只渡鸦扑在她身上，爪子直扎进她肉里，可她愣是没流一滴血。我放声喊她，耳朵里却听不见自己半分声音。,
此乃一撮药粉。若他清晨服下此物，到了晌午他便连站都站不稳了。,
不，不要！索尔的[i]雷霆[/i]在上，别把咱们撇在这儿！,
你和[玩家：父亲]那会儿是怎么分道扬镳的？,
这么说来，在大门和桥头，你都把我的人击退了。这可真是让人头疼。,
他们瞧着还过得去。可还有别的空房子能安置他们吗？,
{回自己帐篷里歇息。},
这就动手吧。你就不觉着心痒难搔？,
你自管放心。吾王金口一言，如律法般，坚定不摇。,
你大抵说得不错。击退那会儿，还觉着是场大胜。可眼下细品，只觉败馁难当。,
纵是如此，也少不了你的赏！你再推辞寡人可不准了！,
我的锄奸勇士。又得见你来，真是痛快。有何需要？,
不对！左拐！这下可好，咱又迷路了。又迷了！,
{以二百财帛行贿。} 行了，拿去吧。,
我经手的多是北地来的木料——那等结实耐用的好货，助你扩建与好转你的家园，再合适不过。,
对阿斯莱弗这人，你怎么看？,
且放宽心，他平安无恙。非但如此，他还亲身领会了些……关于他自个儿在世间的立足之地的天启。,
还不快把家伙收起来，真想挨这辈子最狠的一顿胖揍不成！是卡特差我们来的。,
咱们进展顺遂。虽仍不敢打包票说到了阿尔庭上，国王不会判斯库利胜诉，不过咱们也快见分晓了。,
我付钱同你买。你要多少？,
你走到白衣拉格希尔座前，她礼数周全地站起身来，一把握住你的手腕，攥得紧紧的。,
受此一击者遭五十至七十点伤害，并身中剧毒，持续五个回合。,
那两个孩子像是吓破了胆，连朝你瞧一眼都不敢。,
恩巴尔德目不转睛地盯着你，脸上不露一丝情绪。,
又见面了。可有音讯了？,
我思来想去好一阵了。,
咱们要教他知晓咱们到了——容他有一辩之机。,
保不齐呢。为策万全，你还是离他们营地远些为妙。,
闲话少叙，挪威人再度离开村庄，扛着沉甸甸的装满战利品的麻袋，朝海滩走去。,
我在哪儿能找到她？,
你怎么会落到这步田地？,
走到迎候的人群跟前时，那穿长袍的男子放下兜帽，用一种缓慢而饶有兴致的目光，打量你这帮不起眼的异教部众。,
激战持续了许久。最终，诺森布里亚突破防线，攻占了珀斯。,
{给他们看奥德凯尔的图腾。} 有人叫我拿这个给你们看。,
你已备齐远征所需的一切。一旦决心已下，便再无回头路可走。,
他把手搁在她的墓碑上，停了片刻，随后站起身，望向远方的天际。,
也许将来有一天，你我之间会有所不同。,
她怅然一笑。,
一大片水花泼溅开来，足以浇灭目标格及所有相邻格的火焰。,
队伍前头一个中年男人，慌慌张张套着件廉价的兽皮短袄，手里攥着一柄真正的长矛，冲你喊了句什么。那语言在你脑海深处勾起一丝隐约的熟悉感，却怎么也拼凑不出什么意思来。,
行吧，你就接着耽误我工夫好了。,
凯尔将手从[ObjectOfAffection:Name]掌中抽了回来，那[ObjectOfAffection:archetype]的模样，活像胸口被人捅了一刀。待那妖女转身离去，他投给你的那一眼，可着实不善。,
在这块石头上做个标记，兴许是明智之举。,
我还不如继续逮兔子去。,
你无权插手我们的事！,
[Player:Name]的牢房前头可真是够瞧的。六个看守。装备稀松。,
那你[i]确实[/i]比你父亲明智。你若赢了，我自当欣然效忠于你。,
没错——不过是略施小计，让天平朝咱们这边稍微偏一偏罢了。或者，让你知道，少偏过去一点也行，管他呢。,
来吧。他们再也伤不了你了。,
他们曾是饱学之士，也是手握权柄之人。是那个时代的长者，为困厄之人提供建言。,
你在林迪斯法恩干下那档子事之后，基督徒怕是轻易不敢来攻了。,
我们家的人，绝不屑于偷鸡摸狗的勾当。你最好趁还没惹出乱子，掉头给我滚出去。,
耶灵的防御工事，全是我监造的。他们的领主——裂颅者，可是专门雇我来做这活儿的。,
我帮你过桥。进了城墙里头，你们就安全了。,
他们当中装备最齐整的那人，警惕地打量了你一番，这才抬起一只手，打了个招呼。,
其实呢，我们谈了谈。原来他能出更高的价。,
斯卡拉格里姆冲你闪露一个狡黠的笑。,
有那么一瞬间，她似乎不知该说什么好。,
[Diver:Name]带你们一步步背下潜到对岸所需的转向和距离。待所有人都烂熟于心，你们便一个接一个纵身跃入水中。,
国王重重叹了口气。,
我看他是不会帮我们让这过渡来得更顺当些的。,
啊，我的好友，我的领主！我正琢磨着，你什么时候会寻到这儿来呢。,
既然最精彩的部分已经过去了，那我就先告辞了。,
正如我们在奥克尼群岛议定的那样，埃奥福维克防守严密，城墙高峻坚固。攻下它，恐怕比珀斯还要难。,
想想看，离藏身之所就一步之遥，结果发现自己走投无路是什么滋味。,
确实如此。,
对于那面墙，你有什么办法？,
我相信，你若理解了我们，便会看清我们究竟是什么人：是同道，只是见识不同罢了。不是什么待宰的羔羊。,
老妇人爽快地点了点头。她的要价，想必会很对得起你在诺森布里亚闯下的名声。,
你自己多保重。,
这话可不假，对吧？,
一抹被逗笑的笑意掠过他的嘴角。,
这俩人身上可没有一丁点训练有素的战士的架势——说实话，他们看上去更像是两个庄稼汉，给硬塞进一身盔甲，本该攥着锄头的手里，被换成了剑。,
日安，[Player:Name]。有什么需要的吗？,
多谢惠顾！,
这面结实的松木盾，比你见过的大多数盾牌都明显大上一号。你是从杜伊里的尸身上取下来的——他是那对在里伯附近沼泽地作祟的怪物兄弟里，年纪较小的那个。,
那男孩，如今已是世上最后一个德鲁伊，猛地发出一记凶悍的蹬开。,
{我认输。} 你赢了，朋友。,
这都是你自己瞎琢磨的。想得太多了。,
我想，我该告辞了。我还有些……要紧的事。要往别处去办。,
内菲娅翻了个白眼，但一抹被逗乐了的得意笑意，还是浮上了她的嘴角。,
谢谢你。我知道，他本巴不得能和我们一起站在这里，但他直到最后都守着自己的信念，这其中自有莫大的力量。,
他久久地凝视着你。,
艾菲眼看就要落下泪来。,
凯尔的“大熊”脸上绽开一个疯癫的狞笑，直向你扑来。,
他抬手致意。,
格蕾妮的目光只从你身上移开一瞬，厉声喝令。,
跟我说说你的队伍。,
基利安的祝祷极为简短。他祈求这片土地的精灵庇佑，祈愿所有旧神降恩于这桩婚事。,
皮克特人说，在艾布琳之前，邓弗里斯是他们的。,
西格蒙德放下杯子，麦酒淌过下巴，洒了满身。,
把我弄出去。,
不过是头畜生。保持警觉，免得我们落得一样下场。,
告诉那个幸存者，农夫会收留他。,
你和他，嗯？真没看出来。不过，我早该料到的。说实话，这么久我居然看走了眼，错得这么离谱，真是替自己害臊！,
她选了[i]你[/i]？当真？,
要是你在这儿伤春悲秋、浪费我时间的戏码演够了，我还有正事要办。,
我想听听你对此事的看法。,
我明白，也坦率承认，接下来所求之事有失你的身份，但请听我说完。,
在你回来之前，我会继续享受你的款待——哈！,
我想这几个就是[Player:Name]在埃塞尔雷德营地审过那个间谍后，提到的孤儿。,
次日清晨，你险些一脚踩上半只被啃烂的死老鼠，就扔在你帐篷外头。,
{保持沉默。},
你走近那块堵住墓穴入口的巨石时，所有卫兵拔刀出鞘。那女人开口了。,
我拿到了。给。,
管你是不是乡绅老爷：要东西，就得[i]买[/i]。这些货我花了钱的，别想拿什么就拿什么！,
西格丽德揽过凯蒂尔，紧紧抱住。她的眼眸在晨光中闪闪发亮。,
喝酒的邀请，我来者不拒。,
行了，你自己看着办吧。我在吃饭。,
{攻击。}那就开打！,
谢谢。这儿真不错——风光太动人了。我叫赫利弗伊·吉斯蒙多蒂尔。,
学徒轻轻扯了扯老妪的胳膊。,
什么？,
你的见识显然令他折服，但他没有说出口。,
况且，有国王做后盾，你便能建起一支足以扫平一国的雄师。,
活力补剂,
要遮住那样一双手，得用一整面盾才行……,
这些尸体，你打算怎么处置？,
谢谢。[i]嘿……[/i]真心谢了。我是认真的。我不会再回埃奥福维克，什么都不会对奥斯雷德说。,
你母亲脚下并未踉跄，但她伸出一只手，撑住木柱稳住身形。她沉默良久，你眼前浮现一幕幻象：一个女人将自己的情绪一件件叠好，塞进麻袋，扎紧袋口，抛入河中。,
没错！,
[Diver:他/她]带着愧疚的沉默扶你重新站稳。过了片刻，[Diver:他/她]终于又开口了。,
那具被啃掉一半的尸骸上，骨头还挂着些碎肉，却已无从判断他们遭遇了何等凄惨的结局。食腐的畜生至少在这里吃了好几天了。,
随你怎么吹，马格努斯·麦克·瑟腾可是全皮克特数一数二的勇士，照样被艾布琳死死压了好几个月。,
那只会让事情更糟——老贝拉赫或许恨康斯坦丁，但他更恨外来者。,
身后传来[Scout:Name]猛地倒吸一口凉气的声音，你随之抬起头。,
是啊，那姑娘血统就是好，没问题。,
比如说，那个神秘的流浪客。,
你备好罐子，跪在落满冷杉针叶的草地上，一手扫过草丛。那虫子已不见踪影。,
他们交换了一个眼神。,
也许此间更好，但眼下我们必须专注于氏族的未来。,
我自当竭尽所能，殿下。或许，可以设法一试他们的气节。莱加塞斯特那边的麻烦，意下如何？,
{放弃。}算你赢了，朋友。,
对付斯库勒，我们找不到帮手——没人敢冒这个险。,
这[i]确实[/i]疯了，但也未必是个坏主意……,
皮克特人必定已在路上——希望你留了些力气，还能再打一场。,
什——……当真？我……多谢！真心感谢！,
我向来随心行事，我的侍卫队也只在本人麾下才能发挥全力。不过，眼下你我的利益倒是一致。,
你……真是绝色。为了你，你问什么，我就答什么。,
这里看到的一切都卖。我们备足了新鲜药草和腌制的食物。,
我们先别急着排除任何可能……,
{让她加入。} 好吧，你可以来。,
等瓦莱里乌斯一死，你把鹰旗带来给我，要军团剩下的人追随我，就易如反掌了。,
还有什么我该知道的事吗？,
哈！我看出这是个陷阱！我可没那么容易上当。,
{攻击。} 我改变心意了。,
最强的战士未必能成为最好的领主。,
我想约维塔会是个好领袖。瓦莱里乌斯是个智者，但他缺少她那股决断力。,
非常[i]乐意[/i]。,
她朝你的侍卫队方向点了点头。,
而你是这个船区的领主。这事是怎么来的？,
艾菲看起来完全不受那股恶臭的影响。,
最后的远征,
我有个主意。我想我能让这些家伙离开他们的岗位。,
许愿可要当心啊。,
好吧，我试试。要是再这样熬一个星期，我非发疯不可！,
在你面前，一个小男孩和一个小女孩蜷缩在牢房的角落里。他们看起来又冷又饿，营养不良，但即使满脸脏污，也一眼能看出他们有血缘关系。,
虽然这并不像[玩家:他/她]说的那么不光彩——毕竟我们只有一艘船，对抗的可是整个村庄！,
你用绳子做了个套索，一次次朝岩架上的石笋扔去，却怎么也没能把绳头套住任何东西。,
正相反，埃塞尔雷德和奥斯雷德都从各自效忠的人里召集了军队，如今埃塞尔雷德一人统领着这两支大军。,
我会找到他的，母亲。我会查清楚他到底出了什么事。,
她好软啊！啊……,
你站起身，强忍住一个哈欠。内夫雅又拨了拨余烬，火却没能燃起来。,
那修士看起来相当惊讶。,
跟着婚礼队伍，等到夜幕降临。,
我整晚心里都不踏实。,
你若如此起誓，我就饶你一命。,
{用100份贵重物品购买投石索。} 我准备付10厄尔图格银币买下你的投石索。,
凯蒂尔·挥弓者。,
艾布琳向你简短而恭敬地欠身一礼。,
他似乎猛然回过神来，立刻缄口不言。,
我可不是会拒绝啤酒的人。,
需要小心的[i]不是[/i]我们——是那些在岛上撞见我们的人该小心！,
我是个治疗师。我会想办法让自己有用武之地的。,
斯库勒往椅背上一靠，朝你这儿漫不经心地摆了摆手。,
埃尔林格今晚失去了所有的儿子。他很可能满心复仇之念，却再也无从下手了。,
就算今天买卖没成，我相信日后你若有需要，定会再来的！,
旅人，我想你们找错人了。我的主人在屋里头……慢着，您就是领主大人！,
总算清静了。,
尽管放心，件件都是上等货——钢里的每一丝瑕疵、皮革上的每一处薄弱，都逃不过我的手感。,
我是卢特林，这是我的妻子多娜达。,
斯卡拉格里姆尴尬地干笑了两声。,
我怎么才能把它们安全地弄下来？,
约顿巨人行过星空，挟着冰霜而至。,
谢谢你，我的朋友，谢谢你！没了我的学徒，我本已走投无路，可现在……现在有希望了！哈哈！,
放松，小子，我只是来收拾一下鼠患罢了。,
烧村子，杀修士，没错，人人都上赶着跟我们讲这些。,
那年轻人手忙脚乱地摸出一个小袋子，递到你手上。,
等等！我正在想法子补救！,
埃尔林格与你父亲的宿怨，从他们年轻时便已沸腾不止。那个刻薄的老蠢货，花了那么多年把这股恨意灌进他孩子们的骨头里。,
我目前没什么想买的。,
小偷！等等，你是斯凯恩的领主，对不对？这事儿我们记下了。,
在这鸟不拉屎的地方，你是怎么卖货的？,
我也曾这样躲过一个洞，一待就是三个月。不过那个洞逼仄得多。那滋味可不好受——咱们越快离开这鬼地方越好。,
你在这儿呢。看来盛宴开了个好头。,
这次攻击，将是你犯下的最后一个错误。,
老人耸了耸肩。,
什么都不想要？那行。现在我得收拾东西，赶紧离开这儿。,
与凯尔共进晚餐。,
内夫雅的母亲比约格迪丝正站在自家门口，双臂交抱，脸上写满了忧心忡忡。,
你他妈得为此付出代价！,
我晓得他躲在哪。,
第三栋房子在集市街上。一个卖农产品的商贩在楼里开店，自己也住在里面。不用想，他富得流油，你该去把他的钱偷到手。,
来吧。咱们去搞点事情出来！,
嗯……我想咱俩也算知根知底了，可以跟你讲那个故事了。,
我求的就这么一件事。也请你记着，你这次出手相助的恩情，我绝不会忘。,
确定[Klutz:他/她]死不了之后，你们重新上路，继续在这险象环生的地方跋涉。,
芬妮满怀爱慕地凝视着多姆纳尔。,
在我五岁那年。,
你认不认得一个叫凯尔的女人？,
他绝对是个一等一的战士。,
[Hurt01:姓名]在湿滑的岩架上脚下一滑，差点坠入深渊，多亏另一个侍卫眼疾手快，才把[Hurt01:他/她]从鬼门关里拽了回来。,
芬妮，你没事真是太好了。他们跟我说……那些畜生对你们下了毒手。,
冷静。我想我有个东西能帮上忙。,
父亲说他们守着老国王的宝藏。,
很高兴那事算完了。接下来呢？,
操，但愿你说得没错。但至少谁他妈都得认，你这顿盛宴办得真是气派！,
我来是为了当面谢你，这个冬天你解决了斯库勒那帮人，把他们撵出了森林。,
愿你健壮幸运，斯卡拉格里姆。近来可好？,
“陛下，我对天发誓，这真是最后一个德鲁伊了！他绝不是我路上随便宰掉的什么糟老头子。我拿名誉担保！”,
没用！这儿屁都没有！,
{闪身避开，下了他的武器。},
纯属放屁。你要是由着他们把你扔进那个地牢，咱们可就再也见不到你了。,
哈！,
这东西我还是想让你收下。就算今晚没按我盼的那样收场，至少有了它，你能记得我。,
前往厄林格·索尔吉斯尔松的农场。,
我们的仇敌巴不得看着我们土地被夺、任他们宰割。他们觉得我们软弱可欺，觉得已经把我们逼进了死路。太久了，我们一直忍气吞声、坐以待毙，指望靠着那一套老规矩来护着自己。,
容我多说一句，我看答案在海的那一头。,
你已经抓到精髓了。诸神黄昏[i]就是[/i]那荣耀的原型，你们文化里所有关于荣耀的规矩，都打这儿来的。,
我本来就没指望那个老糊涂能吐出什么象牙。现在咱们可怎么办？,
他们大概开始明白自己的处境了，开始慌了，一边挣扎一边没命地喊。,
长话短说，就这回事：咱们的人扎在那边，诺森布里亚的人扎在那边，而艾布琳放出话来，她和她的人会宰了任何一个想把她镇子弄到手的家伙。,
拉斯娃的语气透着小心。,
动身前往奥克尼群岛去拜访他们,
告诉我你缺什么，给我备好料，我就能给你打出你见都没见过的顶好装备。,
他要是不来，那咱俩比划比划。放着这么好个场子不用，那也太糟践东西了。,
多半是把你那凶神恶煞的架势当成了要动手，布鲁诺雇的那队护卫拔出剑，朝你直扑过来。,
前儿晚上我做了个梦，梦见咱俩偷偷摸到他身边，趁他睡着给他刮胡子。可没刮成？我是说，咱俩折腾完了，他那一脸胡子居然还在？,
我去——我的领主下令要我去的地方。,
我是说，我能干——但弄出来的可算不上是最好的装备。不过，总比两手空空去打要强吧，我觉得。,
有人在这藏了条绳子。,
这事儿急不得。我们得把各种对策仔细掂量掂量。,
我快喘不上气了{咳！咳！}这烟……,
如果这支矛能开口说话，它的嗓音必定沙哑又狠厉。矛身的木质呈现出深浅不一的浅棕色调，那是经年累月使用留下的印记，几处地方还用皮革和羊毛做了修补和加固。,
那边！我看见有东西突出来。,
等最后一个哨兵放倒，你停下脚步侧耳细听——四下一片死寂。听动静，你们成了。,
这真是个……[i]了不得[/i]的壮举。我都不知道咱们这些人里，有谁真掂量明白了今儿个这事有多重。等这分量落在心头，非得闹它一场青史留名的庆功宴。,
那会把咱们置于险境。就没个更稳妥的路子了？,
[Curious01:姓名]稍微平静了些，但浑身的劲还是绷着。,
我不能认栽，我的小子们还指望着我呢。,
倒霉的是，[Victim:姓名]在水里泡了那么久，[Victim:他/她]一准儿很快就要害一场重感冒。,
带上报酬，回去找那些工匠。,
她双手同时捋过头发。,
那男人骨子里软得像条蚯蚓，这下事情更糟了。,
那条[i]母狗[/i]！,
诺森布里亚的民兵已在镇子西侧摆好阵势。,
那屠妖者从公牛身旁挣脱，那头双角高耸的壮硕公牛。,
嗯，行吧，我给你个机会。,
我肯定会的。,
那份和平正是他们的弱点——安逸让他们变得麻痹自满。,
很——很冷？你想让我说什么？,
你怎么看出来的？,
他们划船回来时，巨人闷闷不乐：希密尔在桨边一声不吭；他驾着船，驶向截然不同的方向。,
下次需要补给时我会再来。,
她的眉毛高高扬起。,
去他妈的你家人怎么想。,
……什么？,
这里的地形极难通行，那些洞穴本身也容不下任何常规的战术调动。,
一个叫威利布罗德的鞣皮匠，阴险得像条滑腻腻的蛇。,
你准备好着手真正的准备了吗？你若想在冰消雪融时起航，我们还有大把事情要做。你再没有闲工夫在乡间四处游荡了。,
安静。,
你发现了一具男尸，背上插着一把斧头，周围毫无打斗痕迹。他的死至今仍是个谜。,
他脸上挂着一副如释重负的神情，汗涔涔地泛着光。,
你知道吗，我总为你担心。在你战斗的时候。,
{利用你对全部七块立石的熟悉来翻译这些符号。},
噢，我们为朋友真是做出了牺牲啊。那就去吧，再来一个。,
你仔细地将几根细绳搓在一起，绑在那颗牙上，另一端则系在你其中一匹马的缰绳上。,
我是[Player:Name][Player:Lastname]，斯凯恩领主。,
这下可就棘手了。自罗马人时代以来，这片地方的异教信仰就举步维艰。当初在德鲁伊治下，万事原本井井有条，可罗马人却把他们杀了个精光。,
{攻击！},
我们没工夫耗在这里。再见。,
你父亲也曾这么想，但一个强悍的家族不是靠温和手段能立起来的。你若继续顺着他为我们定下的那条路走，我们都得完蛋。,
你打哪儿来？,
所以也许他只是想索要赎金罢了。哼，他倒真是挑对了肉票——为了换回唐柯尔克，我怕是会出大价钱的。,
我会的。如果你帮我们做成这件事，为了军团……我们就追随你，加入你的麾下。,
我看我是时候动身了。我在中庭尘世的纷争还远远没有了结。,
行。这回我就不跟你计较了。,
老头子，我们是为你的命和你的财物而来。,
我们这儿不欢迎你们这些多管闲事的外乡佬。我们不想跟你们沾上半点关系！,
陛下，这全仗我在西方的胆识之举和精明交易。,
活计做完，德鲁伊任铲子落地，擦去脸颊上残留的泪痕。,
我能做。掣肘我的不是手艺，是家伙什儿。,
{刺死他。}你的随从们马上就会消失，但你没法跟他们一道离开。,
凯蒂尔怎么样了？,
慢慢说。或许我能帮上忙。,
认了吧，它不在这里。,
你是治疗师吗？,
这些年来，那片沼泽地里一直有人失踪，但最近情况愈发恶劣。过去两个月，失踪了差不多有十几个人。,
斯库勒·碎颅者对[Player:Name][Player:Lastname]设下的毒计，这段恩怨便到此收场。,
[Exempt:Name]留下断后，眼睁睁看着你们的拦截者把你和队伍里的其他人一道拖进了旧堡垒下的地牢。,
对不住了，小子，我没空弄这个。回训练场去。,
你若是来求取精神指引的，恐怕我给不了你所需的东西。,
击败康斯坦丁。,
我们姑且假设，假如我是一位来自南方的贵族[Player:男人/女人]，你要价多少？,
祝你好运，寻回宝藏。我宁愿它落到你手里，也强过落在我从前那帮船员手中。,
一声古怪的响动从他口中逸出，半是轻笑的哽咽，半是痛苦的呜咽。,
鲁里克拔出撒克逊刀，在盲目的悲恸中朝你劈来。你愣了愣神才意识到他是铁了心要伤你，但为时已晚，脸上已挨了深深一道，皮开肉绽。,
真要到那个地步，肯定有更好的解决法子。阿斯莱弗的脑筋和脾气都犟得像头骡子，但他终究是家人。,
与养猪妇弗利里交谈,
是啊，他们让我统管斥候。放心，这位置是我靠本事挣来的。,
那流浪者转过身去，迈步走开。,
哦，小伙子，感谢达格达神，你还活着。,
村里的其他男人慢吞吞地回去干活，时不时向你投来狐疑的目光。那个年轻些的男人走到你面前，看上去疲惫不堪。,
这伤迟早会要你的命——不过那将是一场漫长的折磨，直到你咽气为止。,
戈德薇芙面露愠色，但她那套滴水不漏的外交辞令，功夫依旧做得十足。,
[Handler:Name]强忍着处理那两具肿胀的尸体。那股恶臭熏得[Hander:he/she]直往后缩，完事后看上去随时要吐出来。,
他对战术[i]确实[/i]一窍不通……但我不会把钢刀交给你，让你去砍他。,
埃塞尔雷德倒毙在他那群盟友脚边。,
我还是得请你离开，不过我觉得，军团若是由你统率，境况会好得多。,
他的双臂和脸上布满抓痕，活像是被野兽利爪挠过。见你走近，他轻蔑地扫了你一行人一眼。,
当真？慢着。凯尔特拉姆以为和康纳尔碰面的地方是哪儿？,
你准是艾布琳。久仰了，你这名声可不小。,
你接不接受？,
一阵篝火的气味传来，提醒你目的地已近在眼前。可你刚寻到一条天然的石径可以下山，便听见人声，不由得收住了脚步。,
出发。,
他跌跌撞撞地回到屋里，一头栽进妻子怀中。她已是泪流满面——你分不清那是悲伤还是如释重负。方才还围在你身旁的奴仆纷纷散去，着手准备撤离。,
{剥光格雷蒂尔的衣服，砍下他的脑袋。},
格蕾妮就倒在近旁，可你费了好一会儿功夫才寻到她。她似乎刚恢复知觉，正拼命想站起来，却一次次地摔倒。,
你们来这儿做什么？,
祭司耸耸肩。,
依我听来的那些关于埃塞尔雷德的事，他死了反倒最好。,
我们这几个，就是彼此最亲的家人。,
哪有我说话的份儿？,
多谢。拿他们杀鸡儆猴，看谁还敢再来。,
木匠托尔芬从两栋房子中间钻出来，围裙上糊满烟灰和油垢，说话时气都喘不匀了。,
让瓦莱里乌斯[i]见鬼去[/i]吧！我们绝不搬走！,
不知道，也懒得管。,
随你便。这提议依然作数，什么时候改主意都行。,
他朝你身后几步远的一座帐篷扬了扬下巴。帐下有个身上没一处纹身的年轻女人，正跟一个顾客讨价还价。,
这儿有埋伏。留神脚下。,
那好，不如我给你讲个我们那边的故事吧。,
阿斯莱弗拔出撒克逊刀，大步走向尸体。,
想来你也清楚为什么追捕他，我就直说了。我们的人追踪唐德瓦恩，已经快一个月了。,
瞧屋顶那十字架——基督徒的记号。这是一处神殿，或许是某种庙宇。,
这船名不赖！就叫[Shipname]！回头我告诉鲁里克，没准儿他能照着雕些应景的饰纹。,
只好先放一放了。,
他们硬说有自家的标记，可它右耳沿上那道豁口，原先不过是个米粒大的刻痕。定是叫他们割大了！,
从你们登陆的消息传到埃奥福威克那一刻起，我就知道迟早会走到这一步。你们这些人除了把死亡和废墟带到这片土地上来，再没有过别的东西。,
我本不愿如此，可方才这里的事你们都瞧见了。是这些人逼得我没有退路。,
抵赖也没用。那些……[i]秃鹫[/i]在这片海岸横行肆虐，已经好几个月了。,
你这小崽子！哪能径直朝人冲过去就抢东西！,
哦？若你当真是呢？,
你当我是个十足的白痴不成？！你手里攥着的可是[i]我的[/i]剑！,
那女人的嗓音沙哑，透着一股走投无路的狠意。,
第三个卫兵终于忍不下去了。,
{出发。},
商人的额头拧成一团。,
寻求庇护,
塔洛克往地上狠啐一口，仿佛在驱邪。达布格拉斯满脸羞惭，而艾丹只局促地盯着那具尸首看。,
哟，领主大人，您又来了。再来瞧瞧我的货？,
好——堂堂正正干一仗，反倒更有震慑力。对付那只犟脾气的山羊，我们绰绰有余，就算他拉上所有奴仆一起上也不够瞧。,
克维尔德乌尔夫把双臂往胸前一抱。,
攒下200件贵重品，向里伯的船长买情报。,
那些可怜的女人啊，我苦命的姐妹们。我罪无可赦。那些可怜的女人……,
给我站稳！我跟你可还没完！,
你母亲的念想，我不能收，孩子。,
哎哟，这一下可真他妈的疼。,
倒也算公道。是你卖力气挣来的。,
我乃斯凯恩名正言顺的统治者！[i]要我屈服，除非我死！[/i],
奥斯加？他就该永远漂在海上——对谁都好。,
你们家族的繁荣度真是蒸蒸日上。现在好搞到像样的食物了，我总算能公道的价钱卖了。,
把工匠们的工钱讨回来。,
只希望洞里那些家伙没听见打斗声。不过嘛，就算他们有了防备，也照样救不了他们自个儿。,
你觉得艾迪斯这人怎么样？,
也罢。或许还有更好的法子。,
不！我们——你这天杀的！,
我可没那闲心听你冷嘲热讽，老东西！要打便打，放马过来！,
{一把揪住他的衣领。}我[i]说[/i]了，把钱掏出来！,
去看看阿斯特丽德和鲁里克怎么样了。,
我的好[Player:先生/女士]，求您发发慈悲，帮帮我这走投无路的可怜人吧。,
他一把将钱袋推到你面前，浑身上下每一寸都写满了催促——恨不得这买卖马上结了才好。,
就剥一瓣蒜头，睡觉前塞进去。留神别切破了。早起再取出来。,
你先把那些容易藏的小零碎尽数敛起来——钱币、戒指、镯子。然后煞费苦心地在自己的行头里寻摸隐秘的去处，把大件的东西也一一藏好。等所有能塞的地方都塞了个满满当当，石板上就一根值钱的毛也不剩了。,
你该来奥克尼跟我碰头。我正在集结大军。,
你怎么会跟这些……这些个……,
卡斯雷德和他那帮同伙脸上，满是掩不住的惊愕。,
相当不赖。,
路上多保重。,
呵，埃奥福威克那位妙龄貌美的贵妇。美梦赐福于她，命运却诅咒她活在这腌臜的世道。,
那女人满心嫌恶，狠狠朝你俩中间的泥地上淬了一口。,
你可晓得斯库勒会怎么跟西古尔德·赫林格回话？,
那可真是好极了。半个家族都跟我对着干，这女巫还疯了。,
多谢你。,
海那头的营生已经了了。该收庄稼了。,
鲁里克活得好好儿的，全须全尾。他到这儿来是他自个儿乐意的。,
我带着几个儿子从南边几个小村子收来货物。赚头都跟种地的一起分了。,
我说的是[i]女巫[/i]，你这蠢货！,
那年轻人眼珠子滴溜溜地扫着营地，像是在寻摸什么。,
城里头。西南边的埃奥福威克。要不就是北边的珀斯。,
我没事。,
唉，老天……我本来笃定那财宝是真的。敢情又是他们扯的瞎话。我老是当人家笑话里的冤大头。,
说得对！你当然说得对，这事儿上我不该这般小气。20厄尔图格银币就是，那接下来的路我总不用再提心吊胆了吧？,
你踏进她们的屋子，便瞧见奈芙娅正和艾芙拉有说有笑——你可从没见这对孪生姐妹处得这般融洽。她转过身，将你一把搂紧，给你来了个又长又湿的吻。,
你走至他那头桌边，他闻声抬眼。他那两个伴当谁也没搭理你。他语气倒是恭敬，只是内里透着几分冷淡。,
那伙人的事儿，我可跟你说不上什么。我对他们向来是躲着走！他们迷那座古墓的劲头，真叫人汗毛倒竖——我是说，心里发毛。,
听着像是桩值得打探打探的事儿。,
[Objector:Name]死盯着你按在兵器上的手，不情不愿地坐了回去。你手下其余侍卫个个瞠目结舌，大气儿也不敢出。,
她把嘴里残存的草根往河里一淬，身子从门框上撑了起来。那嗓门粗粝而滚烫，像是在追着什么跑。,
一个念头猛地撞进考斯坦丁的脑子，往日那点子精气神又在他眼中活泛了。,
为领主大人效力，那是无上的荣光！可还有别的吩咐？,
{懒得理那只萤火虫。}听你这口气，是非走不可了。跟我们往珀斯去，你也能安稳些。,
下一回庭格大会还得等上将近一年光景。一年里头能出多少变故！我琢磨着，国王那边是不会有二话的。,
你点了点人头，三个维京人，四个皮克特人，守土坡的那两个也在里头。既然哨兵早把你的行踪报了信，营地里这伙人全都抖擞了精神，只等一战。,
他眯起了眼。,
你揣着好大的歉意，赔了许多外交上的抚慰辞令，只说诺森布里亚的风向已经变了，奥斯雷德那头已用不着麦西亚来援手了。,
{动手。}你在这儿也横不了多久了……,
多谢。动身之前，我会找人照看胡尔达。,
接着好好干。,
愿君安康……,
我愿意。,
若是每条路都能走通，那还叫什么选择。,
呵，依我看，等一切尘埃落定，总归会剩够活人回来收拾这片残山剩水。,
我打不过阿斯莱芙尔，阿娘。半分胜算也没有！,
我是[Player:Name]，[Player:Father]的[Player:儿子/女儿]。,
他试着撑起身子，可箭头刮过肠子，疼得他一阵龇牙，闷哼出声。,
老女巫厉声斥责，话里行间滋滋冒着毒液般的恶意。,
若[Player:他/她]能活下来，落败者须向胜者宣誓效忠，否则便以性命相抵。我二人决斗，任谁倒下，尸身便葬于此地。,
把他处决。,
我拿定主意了，要凭武力夺你的城。大伙儿，给我把那城门劈成柴火！,
无妨。离了她，我照样应付得来。,
接受,
眼下不行。,
那女人倔强地双臂交抱，横在胸前。,
根本没人盯着湖面！你们这防线，人家[i]划着船[/i]就能大摇大摆穿过去。,
你去过那儿。嗯，也不全算那儿，但也差不离了。蒙克威尔茅斯跟圣奥古斯丁女修道院，原是半斤八两。,
一个沉甸甸的金十字架，密密麻麻镶满了宝石。,
说真的，谁教那丫头射箭的？[i]霍德尔吗？！[/i],
别对你父亲太苛责了，年轻的[Player:男人/女人]。他就算百无一用，至少还忠实于自己的本性——这一点，咱们谁都该尽力做到。,
是啊，多谢了！但愿这事儿往后别反过来咬你自个儿的屁股！,
你的直截了当，似乎让盖乌斯有些发怵。,
我要你随我一同远征。,
如此说来，你认得她？,
那是我和女巫之间的事。,
让开，莫尔坎特。我们有事要进去办。,
叫我怎么信你说的就是真话？,
她一副心花怒放的模样。,
跟明白事理的人打交道就是痛快。那我们这就告辞。再会了，酋长。,
好。你若一开始就不蹚这浑水，这些事压根不会发生。,
第七诫命,
他在昏暗中眯起眼，细细地打量你。,
是斯库勒·碎颅者指使你的？我就知道！,
我叫斯卡基。,
你总不至于真要攻打女修道院吧？,
正好——大家都在，他就算想反对我的决定，也没那么容易开口了。,
那你[i]又是[/i]何方神圣，艾菲？,
我便只能将就着用学徒的活儿来凑合么？,
多谢。这本就是他想要的。,
或许他们真变了。可那也不等于我们就有权杀了他们，再夺走他们的财物——,
那里地广人稀，皮克特人大概不用费心。只是我先前说过，我那帮老伙计也许还有人活着，冲着这财宝来。,
其实……不了。,
那便好。他们再也构不成威胁了。,
总之，你为里伯帮了大忙。谢了，[Player:父亲]的[Player:儿子/女儿]。,
待你进兵诺森布里亚，国王陛下的军队自会驰援。,
[Leader:名字]一挑眉毛，嘴角挂着一丝坏笑。,
咱们这才刚开个头罢了。别误会，比这更少的兵力我也办成过大事，可眼下咱们手头这支人马，顶多算支大号劫掠队，还称不上军队。,
他攥紧双拳，死死抵在身侧。,
我绝不会让凯蒂尔伤着分毫。,
几个年轻人顿时慌作一团，像被枯枝断裂声惊着的鹿，四散奔逃，扑向他们知道藏在营地各处的兵器。,
前往珀斯，赴考斯坦丁的庆功盛宴。,
你领着一众亲兵扈从，正穿行在一条植被蓊郁的山间隘口。那都是些糙如瘤节、拧着身子也能活在深山里的灌木和粗针叶树。,
等他彻底走到能看清的距离，一把掀掉兜帽，露出一头编成辫子的金发——还有那女人身份的事实。,
涅菲娅是你最老的交情之一。你们两家素来亲近，打小在村子里一同长大。她方才刚给你母亲满斟了一大杯蜂蜜酒。,
贡纳尔泛起笑意。,
你哥哥原是去那里寻你的。我在雪下发现一具男尸，身旁有把剑，他以为那剑是你的。,
他笑了，却不是你记忆中那般无忧无虑的笑，其中有一种你全然陌生的、钢铁般的决绝。,
火候若不仔细，肉块便会干成晒在日头下的牛粪饼。,
你说得一点不差。,
这东西我可不喝。,
上回你在西海岸突袭于我，咱们没来得及叙话。幸得老天又给了一次机会。,
你飞快地交接完毕，他随即转身，朝那尸体的方向走去。,
若还珍惜自家性命，速速离去。,
待拿下都城，诺森布里亚其余各郡，总不至于便乖乖引颈就戮了吧。,
揭开环绕艾弗维奇黑犬的重重谜雾。,
黎民百姓也会点头称是。,
我在你屋后发现一个死去的男人。,
那三人目送基利安随你离去，脸上神色迥异，各有各的心事。你穿过村庄，女人们和孩子们望向你，眼中满是惊恐与羞耻。,
{往前走。},
如你所愿。我这便吩咐手下，准备血战一场。,
明天还有一仗要打——阿斯莱夫尔。,
我们先到的，财物自然归我们。你只管回马班那儿，跟他自行了断便是。,
浓眉之下，那双黑眼睛毫不掩饰地透着居高临下的轻蔑。如此粗鄙妄人竟能傲慢至此，实属罕见。,
没有。我只是在问路。,
看看这座神社。你见到了什么？,
Failte air ais。来找吃的，还是来寻药草？,
我不愿谈起他。谁知道他的巫术能伸到多远。我们都活在对那人和他异教诅咒的恐惧之中。,
报上你的来意。,
我会的。他留在了斯凯恩，看起来对劫掠也厌倦了。,
我叫碧翠丝，这位是我的朋友，贾斯汀娜。,
他俏皮地眨眨眼，那神情活像个吟游诗人正准备抛出一句狠刺雅尔的俏皮话，先讨好了侍卫们，逼得雅尔不得不跟着众人一起笑。,
装备提醒,
她佯装惊恐——显然一个字也不信，但她正乐得听这番鬼扯。,
我在这里并无要告别的人，可我明白初次分离有多煎熬。你需要多久便待多久。,
啊哈……留些蝇蕈，回头再享用……,
我相信你也知道，去年冬天斯凯恩遭到了来自北方西福尔的掠袭者攻击。,
让雅达尔知道，他的新居所又成了空宅。,
族里能打仗的男人已所剩无几，我们还得留下些人手护着村子。,
让我瞧瞧——哎，就是这些！话说回来，你怎么招呼都不打一声，就私自跑来别人坟头摘花呢，嗯？罢了，不提了。,
你是谁？,
干得漂亮——只可惜你不得不杀了他。报酬是六十八便士，照约定付。,
凯蒂尔闷哼一声，在你胳膊上轻轻捶了一拳。,
[Helper:Name]伸出手，开始往外拖人。两个人都明显使出了吃奶的劲。最终，[Helper:Name]拼尽全力猛地一拽，总算是把[Stuck:Name]给拉了出来。,
这跟我想的不一样。那边其实也没什么不同，却永远有一种格格不入的感觉——旁人只需瞧我们一眼，就知道我们是外乡人。,
她身子微微瘫软，靠在你身上，把头枕上了你的肩头。,
我走南闯北，去过的地方多，路走得远了，防身的手段多少总得懂一些。,
希望它能在你手上派上大用。今天还需要别的吗？,
他话音里压着怒火，但那火气不是冲着你来的。,
尽管显然还心存疑虑，这位民兵首领还是挥手示意手下的人退后。,
嘘！听……前面有卫兵。,
他踏上那最后一次旅程之前，来向我讨过主意——全凭我与考庞的那层关系。我本该更郑重地警告他，他到底要蹚进怎样的一滩浑水。,
求……求你了。用不着……用不着威……威胁。我给你许可。我给你许可就是！,
我们说动了他们离开。有那么几个死硬的，不得不揍了一顿，但现在人都已经走光了。,
斯卡拉格里姆呢？,
清点财物刚清点到一半，一个绝不会听错的声响攫住了你的注意力——无数双靴子踏过冰封的灌木丛，步履急促。,
若是我替你除掉那些找你麻烦的战士，怎么说？,
请容我介绍这位德鲁伊，默丁·埃姆里斯，还有他的学徒，基利安。,
这城的气味全然不对。我们离家太远了。,
他脸上那怨恨之色，不曾有片刻缓和。,
你看上去出奇地放松。,
你说得对。并非人人都能理解。会让事情变得很麻烦。,
克维杜尔夫满意地咕噜了一声，宽慰地拍了拍你的肩膀。,
想法子进到那座墓冢里去。,
要是没有你和你那班侍卫，北方人铁定已经赢了。,
返回奥克尼群岛，去找斯卡拉格里姆谈谈。,
他看上去就是个刚愎自用、不服管束的国王，我看在往后的日子里，他也绝不会甘心为我们所用。,
我可不喜欢留下后患。,
她颤颤巍巍地朝前迈了一步。,
英吉马尔若有所思地嚼着东西。,
多谢了，克维杜尔夫。,
事很简单：我们必须让整支军队穿过哈德良长城，才能抵达埃奥福维克。适合大军通过的隘口寥寥无几，还全攥在诺森布里亚手里。,
感觉我这辈子待在这镇上的辰光比在高地还长。可得留点儿神，不然身子骨就懒了。,
这是非做不可的事。,
{给予 50 份口粮。} 我想为芙蕾雅献上一份祭品，求她在战场上护我周全。,
我敢肯定你能猜到这故事的结局。,
我请求你的准许，为我的船招募一队船员。,
一抹歪斜而古怪的笑。,
快！我们搭一个披棚，可以去那儿避过这场风雪！,
奥克尼群岛的统御之权，尽归你所有。,
我要是知道线索，早就亲自集结军团士兵去救她了。我们追踪着绑走瑞亚的那伙人留下的足迹出了城墙，可一到城外，踪迹就断了。,
阿斯莱夫尔的话如瀑布般倾泻而下，根本不给你插嘴的余地。,
之前在埃塞尔雷德营地的那个年轻探子告诉过你，他那群孤儿朋友被关起来做了要挟他的人质。这些孩子看上去正对得上号。,
国王一挥手，照例有个仆人变戏法般端出一大罐金银来。,
你已穿越阿瓦隆的迷雾，来到亚瑟王最终的安息之所。,
你知道上哪儿能找到我。,
奈菲娅用靴尖捅了捅其中一个袭击者，那人发出一声呻吟。,
我可不抱侥幸！动手！,
付钱给他们，你这不可一世的懦夫！否则的话……,
阿尔庭,
他又久久地凝视着你。,
[Random01:Name]停下脚步，透过灌木丛朝外窥视。,
他们在火堆旁高谈阔论，我却站在寒风里……,
收集康纳尔·马克·泰格已死的证据。,
这么说来，她和我倒是同病相怜了。,
弗利里直起身子。哈夫丹和兰薇格走上前来，等着听你的裁决。,
听着……事情闹到这一步全是因为我。我不想让你们大家为了这事搭上性命。,
你果真是[Player:Father]的[Player:son/daughter]，对吧？只是切莫在急切保护你的人民时，忘了体察他们的疾苦。,
让我看看。嗯，伤得不轻。下次扎营时得给你治一治。,
在珀斯搜寻可能认得塞法的项链的人。,
族长靠在墙上，阖上双眼，双手微微抽搐，仿佛正从一口深井里汲取着往昔的回忆。,
远征所需已万事俱备。一旦下定决心踏上此路，便再无回头之可能。,
碰巧路过罢了。,
就是过来瞧瞧你。,
她轻蔑地翘起上唇，露出犬齿，活像一只龇牙咆哮的猫。,
过去这一周我先后派出两批使者，却没有一批回来。我担心他们已遭遇可怕的不测。,
我什么也没做，只会抱怨，只会反对。我像个稍不顺心就胡乱撒气的任性小孩，一直是个累赘，而最近我更是担心，我的怨言已经伤了全团的士气。,
她的目光骤然一冷——在那副高贵矜持的假面下，是一丝几乎难以察觉的变化。,
你一把揪住一个女奴破破烂烂的衣领，逼她吐出那个失踪奴隶的名字。女孩在你手里瑟瑟发抖，用狗都几乎听不清的微弱声音说出了那个名字。,
我真希望他当时把我也带走。,
你最好说到做到，否则我们现在就当场把你砍翻在地。,
铁匠挠了挠后颈。,
叫那几个年轻猎人到埃塞尔雷德营地的卡特那儿去。,
康斯坦丁总得做点什么，好让大家看清楚，他大权在握之后并不会清洗那些异教徒的残兵游勇。他打定主意，需要给他们立一个傀儡头目。,
什么？！我才不会把大蒜往剑鞘里塞！,
待我完成使命，自会归来。,
愿你健壮幸运。我能为你做点什么？,
我就算了，但各位请自便。,
我们希望充当贵我两族间长远贸易伙伴关系的先锋。,
莫非我选的人不合你的心意？,
见你把他被窃的甲胄和剑归还，他喜笑颜开，细细验过有无损坏，这才妥帖地收进行囊里。,
此话当真？好，那我可要你信守诺言。,
我此行是为和平而来。,
她冲贡纳尔调皮地咧嘴一笑，随即又转过来看着你。,
你千万别这样。你的路途引你远远离开我，而我相信，你我都没有那份耐心去等待。,
修复的活计虽不如铸造新作来得痛快，但我向来乐意帮衬你和你的手下。我会给你最实惠的价。,
凯蒂尔把弓递到你手里，自己把那头雄鹿扛上肩膀。你领着他走回营地，他默默跟着，似乎心甘情愿。,
你道出自己的推测，分析贡纳尔一伙如何、又为何会盯上你的村庄，可当你亲耳听见从自己嘴里说出的这番话时，才发觉这一切听上去多么站不住脚。,
没人愿意再记起那份恐惧。,
你的亲卫队正取道一片冰封的湖面抄近路。你们刚踏上对岸，身后猛然传来一阵巨大的咔嚓声，差点没把你们吓得跳起来。,
我谅这群渣滓再不敢来寻我们麻烦。,
我向你保证，我乃是奥斯雷德国王忠心可靠的军事顾问。,
你发现自己正身在世界尽头，与那些先你而来之人并肩厮杀。,
是啊，我们何不省了这些繁文缛节，现在就把正事办了。,
让我问你点别的。,
你站起身，任由那具尸体留在原地。,
这话从你嘴里讲出来，分量可不一样。我听说你和拉格希尔德在布拉韦利尔，跟哈拉尔德·战齿的十几个侍卫交过手。,
{选择你的旗手。},
俊美的凯蒂尔。,
我们早就告诉过你，我们帮不了你！,
你给我带来的利润，顶得上我全家人正常年份收入的两倍。这个给你，聊表谢意。,
没问题。现在放了那孩子。,
守卫们还在你离开时的老地方——还是那几张面孔，照样散漫地坐着闲聊，丝毫没点警惕心。不过，等你从树林边走出来时，他们倒是识趣地站起了身。,
基利安对你露出一个安抚的微笑。,
等等！我有银子！还有值钱的东西！,
在弄清楚这些石头的名堂之前，你在这儿翻不出什么有用的东西。,
他无力地抓着你的胳膊，眼珠整个翻白了过去。那尖叫声渐渐化作痉挛般的抽气，接着又变成一阵绝望而湿漉的干呕，最终，朗瓦尔德彻底僵住不动了。,
老妇人一把抓过罗斯克瓦的手，指甲狠狠掐进她手腕的内侧。罗斯克瓦疼得身子一缩，全写在了脸上。,
罗斯克瓦认命地叹了口气，转身走开。路过你身边时，她顿了顿，用只有你听得见的声音嘟囔了一句。,
我们可以那么干……要么，就为它干上一仗！这倒更合咱们女领主的胃口，你说呢？,
真见鬼，妈！你已经有艾芙拉了，就这一回，相信我，我清楚什么对我自己最好！,
我们大老远赶来，却扑了个空，着实遗憾，不过，奥法国王陛下不必再派战士去援助奥斯雷德了，对此我深感欣慰。,
他脸上浮现出一种既怀疑又好奇的复杂神色。,
你是打哪儿来的？,
赐给我们今日的饮食。免了我们的债，如同我们免了别人的债。,
奈芙娅呻吟一声，把头扭向一边。,
{攻击。} 好，那就让我们见识见识，你那神的庇护到底值几个钱。,
公主还活着？我怎么知道你说的不是假话？,
对不住了，计划有变。莫尔坎特说服了我，与其要那些修女的命，不如要你们的。,
就在此刻，那群趁火打劫的家伙正在我王的居所里翻箱倒柜。那些腐肉食者一天前就冒出来了，可我手里这点力量，实在没法把他们赶走。,
阿斯莱夫尔没有丝毫迟疑，一把格开鲁里克的手臂，高举利刃，随即一记大开大合的横斩，狠狠划过你兄弟的胸膛。,
给我滚出去！[i]走啊！[/i] 别再让我看见你！永远也别再回来，你这满嘴谎话的畜生！,
这把弓，是诺森布里亚的埃塞尔雷德一世的武器教官为女儿十六岁生辰定制的。可惜，生日未到，她就命丧狼口。,
奈芙娅和罗斯克瓦互相翻了个白眼。,
恩巴尔德紧盯着你，脸上波澜不兴，不露一丝情绪。,
嘿，塞恩[玩家姓名]。这事儿真是太谢谢你了。我们总算有一个真正的家了！,
{假装再次饮酒。},
要是奥斯雷德胆敢进犯，他绝无半分胜算。,
感激不尽，可我们得先想法子把你从这群民兵的眼皮底下送过去！,
事儿了结了。你请便吧。,
他的目光落在那头野猪身上——一副疲惫不堪的模样。,
当他意识到自己的失败是何等深重时，绝望如同一只巨手，死死攥住了他。,
异教徒……？你们是为求财而来。恐怕你们要败兴而归了，不过，想拿什么请自便。我们也无力阻拦。,
兴许会有一杆燃烧的长矛呼啸着穿窗而入，把我扎个透心凉？又或者我该提防脚下这些石头突然裂开，把我活活吞没……,
[队长姓名]走到牢房前，死死盯住其中一名囚犯的双眼。,
喂，那边那位。你看着可不像是这附近的人。,
在你熬过了这辈子最磨人的一个时辰之后，终于被再次传召到国王驾前。许多其他的塞恩早已聚拢而来，都想亲眼目睹今年这场最为棘手的纷争，究竟会如何了结。,
甚好……既然没有与你相悖的证词，你以荣誉立下的誓言便将被视为事实。你已被免除一切嫌疑，亦无须承担任何罪责。,
而且，若你还想再买点什么，我所有货品都有折扣——就如我先前承诺的那样。,
我理解。你不必为此感到羞愧。,
奈芙娅审视着这场恶斗留下的痕迹，神情中交织着鄙夷与悲悯。,
什么。,
杀了他们！,
{放弃。} 我不行了……彻底不行了。,
你刚才说，你在给这些人喝麦芽酒？,
作为伟大圣徒的门徒，我们也是如此行事。,
没一样看得上眼的吗？,
这场败仗，你们无需感到羞耻——你们的人给我们制造了极大的麻烦。着实令人佩服。,
我已经把他们赶跑了。,
莫让我们陷入诱惑，救我们脱离凶恶。,
今晚我们无疑是占理的一方，却也给了埃林格沉重一击。时间会证明一切。,
派我来的不是你的上帝，是考斯坦丁·马克·弗格斯。,
没错。,
今夜充满了欢畅的笑声和青涩笨拙的摸索，洋溢着新恋人才有的兴奋与不安。,
愿主护佑你。,
去跟格蕾妮谈谈。,
这样吧，那混蛋的剑你留着。我们只要珠宝。,
我干掉他们的首领，然后我们冲锋。,
他的笑容让你觉得十分友善，可他的架势却满是戒备，手下人也个个随时准备动手。,
我经验很足，8岁就开始打猎，12岁就开始战斗，用不着别人操心。,
我从雅尔手下那里得到的支持少得令人心寒。你本以为雅尔会有兴趣铲除这帮害虫，恢复她领地的秩序——结果根本不是！,
你决定最好不要惊扰泥沼下安息的鬼魂，于是绕道而行，继续赶路。[贪婪：Name]嗤笑一声，满脸不悦。,
在偷听那些你不该听的谈话，是不是？,
{500财宝。},
这不是迷信。要是夜里靠近入口，有时能听见它们发出的声响，像尖叫一样。,
我确信你的神非常强大。,
到底怎么回事，直说吧。,
她渐渐显得有些失魂落魄。,
你跟凯蒂尔处得怎么样？,
还有你，埃奥福维克的冠军，该拿你怎么办呢。,
泪水在她眼眶里直打转，但她硬是忍住了。,
其余被困在木栅圈里的人试图蹭向出口，却让你的侍卫挡住了去路。,
他立刻就动身了，带着几个最信得过的手下，向西往马恩岛去了。,
看来你刚好赶上了。,
那些传言明显是吹得太离谱了。,
至少那诱饵毫发无损地脱了身。,
我们非得走这一趟，好让儿子亲眼见一见救世主的面容。我们还有一个孩子快要降生了，是个[Player:儿子/女儿]。如果您允许，我们就给[Player:他/她]起名叫[Player:Name]。,
[爱猫者：Name]被你吓出的惊叫声逗得咯咯直笑。,
我绝不会的。就当我是全盘托出吧。,
甭理它，它迟早会自己走开的。,
谁去挑战努基？,
诺托尔夫久久地盯着你。,
我们没时间了。让开，不然要你们的命。,
那个诗人死了。,
我会记着你的提议，但别指望我承诺什么。,
行，好吧，我们把钱分了。,
他搁下杯子，踉跄着向前迈了一步，伸出手来，掌心摊开，嘴角挂着笑意。,
我们带回了大把的钱！谁管我们是怎么弄来的？,
[Random01：他/她]说得对，我们得先解决掉这边的战士。要是我们攻城的时候他们从后面打过来，我们就陷于被动了。,
准备伏击,
你要把我赶出我自己的家？这座农场是我一草一木亲手建起来的！,
我姐姐叫塞法，意思是平静、温柔。我对她记不太清了，我们分开时我还太小——不过这些你都知道。,
你站在船头点数船员。现在所有人都在船上了，正熟悉着这艘船——用手掌摩挲着船木，拉扯着绳索。,
就在你再度滑入梦乡之际，隐约听到壁炉那边传来一阵鼾声。,
我守卫斯凯恩、那河流与峡湾的力量是无可撼动的。我是奥克尼群岛的雅尔，也是诺森布里亚与皮克塔维亚的[Player:国王/女王]。,
那艘破破烂烂的老家伙可带不了我们漂洋过海。再说，就算想开它，我们也凑不齐那么大船的船员。,
现在还不行。,
战局已败，那些约顿巨人眨眼间便消失无踪。你的父亲和他的侍卫们再次倒下了——可这一次，你亲眼目睹了全程。,
你若愿意，大可以那样叫我，从你嘴里说出来，我不会当作是侮辱。,
凯尔会不高兴的。,
等你的侍卫们准备再度动身时，那股萦绕不去的不安终于烟消云散了。,
喂！把你的爪子从那上面拿开！,
你寻求与我的领土通商，实属明智之举，然而眼下政局微妙，我们没有工夫商谈贸易路线。,
阿斯莱夫冲着那盾女皱起了眉。,
他在那儿坐了片刻，你仔细地打量着他，不知他下一步要做什么。最后，他似乎终于意识到你还站在那儿，便站了起来。,
利奥弗里克注视着你，眼中的惊讶渐渐化为敬意。,
我早就料到会走到这一步。我不知道考斯坦丁会派你来还是派格蕾妮来，但我确信，在这一切结束之前，我也必须杀了她。,
差不多吧。一套换洗衣服，外加一堆你不想知道的东西。,
片刻之后，用溪水洗净树液，再敷上膏药，[Victim:Name]的伤势已见起色。,
不远处，凯蒂尔深深吸了口气，那气息却粗重而破碎，未能让他镇定下来。,
它猛地一拽，在[Klutz:他/她]彻底滑进下方那黑暗的深渊之前，止住了坠势。,
阿斯莱夫双臂交叉，不耐烦地倒换着脚，重心移来移去。,
男孩们一察觉到你的存在，便立刻站起身来。年长的那个挡在同伴身前，对你露出一个犹疑的微笑。,
说得对！说实话，我们正缺一个值得为之而战的人，在这鸟不拉屎的岛上困守得太久了。,
你确定一切安好？你的举止有点古怪。,
你提到了玛尼和弗里德格德？,
索瓦尔德真是帮了大忙。要是没他，我们[i]根本[/i]就束手无策。,
看来，这面墙尤其薄弱。,
{观察他的样貌。},
他伸出一根手指指向你，活像在演一出义愤填膺的哑剧。,
我知道。,
瞧见咱们坐得离国王有多远了吧。咱们几乎把整个皮克塔维亚拱手奉上，你原以为怎么也该给个更体面的席位才对。,
被索尔的闪电劈中过。这地方受过诸神的触碰，[Player:Name]。,
他瞥了一眼那正在下沉的马车，然后目光扫过你和你的同伴。,
看来是真的——那伙强盗确实走了。,
她的眼神闪烁了一瞬。要不是她正在对[Random01:Name]说话，你或许根本不会察觉，但这分明就是泄露心绪的迹象。女祭司在撒谎。,
你是何人？意欲何为？,
你对与你并肩的扈从们有何看法？,
真是万幸。感谢你分享这个故事，我定会据此调整我的叙述，以求与你的说法一致。,
他全身的每一条肌肉仿佛在同一瞬间绷紧了。,
哈！你说你[i]抱歉[/i]？我袭击了你的村子，杀了你的族人。这待遇已比我料想的好太多了！,
一群耶灵来的人在林子里扎过营。我们把他们赶走了，但他们肯定在临走前杀了他。,
我是[Player:Name]，[Player:Father]的[Player:儿子/女儿]，也正是此地的领主。,
我真希望你没有处决阿斯莱夫。以族人之血开启你的统治？这对氏族的将来可不是什么好兆头。,
“虚弱者”,
告诉我，你为何袭击我的村子，否则我现在就把你捅个对穿。,
已经谈过了。不必再议——至少现在不。,
计划是什么？,
当你将剑刃从诗人的肠腹中抽出时，他跌倒在地，脸上挂着一副滑稽而窘迫的表情。,
帕尔尼很精明……他声如蜜糖，才思敏捷。只可惜他的父亲和兄弟从来听不进他的话。,
我吗？怎么会……不。这种事我可没份。我和“裂颅者”素无瓜葛。,
凯尔投来一个眼神，那目光足以让最铁石心肠的战士脸红，随即她足跟一旋，为你打开了房门。,
我想你最好还是离开。塔洛尔克脾气不小，你再四处嗅来嗅去的话，我不保证还能按住他。,
就算我拼命做个最烂的领主，也仍比你强。,
我已听取争端各方的陈述，凡是能反驳或佐证其中任何细节之人，我也均已问询。在深思熟虑这一切证词之后，我做出了判决。,
那我就随你去珀斯。这里再没什么可让我留恋的了。,
{拾取遗物，但留下祭品。},
这或许能行。只要我们能查清他在何处，以及下一步要去何方。,
以松木雕成，细节一丝不苟，并刻有符文以祈求盲神霍德尔的眷顾。这件武器仿佛能磨砺其在战斗中持有者的心智，使其愈发敏锐。,
你赦免奥斯雷德，实为远见卓识。他是一位明智的统治者，深谙此国，且显然心系子民。,
你所求之事，恐将招致地底之民的怒火。,
比约格迪丝没有回答，她的整个身躯似乎都僵住了。纳夫娅忧心忡忡地伸臂搂住母亲，可比约格迪丝只是雕像般呆立着，一动不动。,
去告诉你母亲这桩好消息。,
我怀疑奥斯雷德这辈子怕是连刀都没摸过。他能构成什么威胁？,
这陷阱藏得真够拙劣的，连我都能一眼看穿。,
那些混蛋击中我了！,
计谋？嗯……或许有一件事我能办到。你叔叔格里穆尔夫曾给我讲过一个故事。,
行。那就走吧。滚出去。,
我们埋伏在西边路上，伏击奥斯雷德的使团。然后夺了他们的旗帜，替他们把谈判给取消了。,
{带走那女人的尸体。},
我实在不忍心看着我那可怜的女儿再受折磨。我这就去给她煮一碗热腾腾的汤。,
他察觉到你脸上毫不掩饰的恼怒，清了清嗓子，便又巧妙地让谈话重回正轨。,
你的双唇微启，她的眼中闪烁着一丝笑意。,
聚精会神地倾听了几秒声响后，[Finder:Name]的喊声从树林边缘外传来。,
那位上了年纪的女人斟酌了片刻，旋即点了点头。,
来找格蕾妮的？她就在里边。,
也就我吼了几个钟头的那些消息罢了：法兰克人在萨克森的大屠杀，有商人招募雇佣兵，斯凯恩遭了北方人的劫掠。可有什么遗漏？,
修道院？我们头一个去的就是那儿。他们连门都不肯给我们开！我们隔着墙苦苦哀求，可他们寸步不让。,
莫尔康特的翻译透着几分紧张，但似乎忠实传达了原意，因为毛科林听罢，用力咽了口唾沫。,
你们俩是老相识？,
我们每次来访，这里的船和人就多上几分。你可知道他们为何聚在你的旗帜之下？他们盼着你去开疆拓土。,
泪水几乎要涌上他的眼眶，但他硬是忍了回去。,
汤德温的来信,
若是日后你手头宽裕了，想扩充财富，我就在这儿等着。,
这“便士”究竟是个什么劳什子？,
错过教训这帮乡巴佬的机会？门儿都没有！让他们见识见识自己面对的是何方神圣！,
我要你去教训教训他，叫他为了自己那非分之想见点儿血。,
你或许可以……,
你要是放弃，我便放你走！兴许吧。,
你那帮同僚塞恩们可真是一群傲慢又优雅的家伙，即便他们此刻正密谋要你的命，夺我们的地。,
你急忙升起帆，抽出船桨。[Shipname]并非什么快船，在急转弯中船身被扭得嘎吱作响。它挣扎着转了个大弯，好一会儿才靠近[Overboard:Name]，但你终于还是把[Overboard:him/her]拖回了船上。,
{什么也不做。},
两人交头接耳了一阵。你紧紧盯着那堆钱，不过他们倒是没去碰。最后，那窃贼又转了回来。,
怎么了？傻丫头，你哪能有事瞒得过自己的好姐妹！嘿，你们俩可真是一对璧人。,
别担心，这条船本就能载比这多得多的货。包管没事。,
彻彻底底地做个了断吧。,
人群中爆发出此起彼伏的“埃塞尔雷德万岁！”“为了诺森布里亚！”的怒吼，如汹涌波涛般倾泻而出。这番景象持续了好几分钟。埃塞尔雷德依次同他所有的封臣握手，最终握住了你的手。,
啊，不不，刀剑长矛可不会随意摆在市场摊位上等着买家上门，要么定制，要么直接从物主手中购买。,
北方人正从南北两面夹击我们！内芙亚守住了桥，阿斯莱夫去增援北面的入口了！,
你少掺和！把嘴闭上！,
她看上去一脸沮丧，但最终，似乎是从你带给她的那种巨大的幻灭感中恢复了过来。,
你说什么？,
尽管放心，东西放在地穴里万无一失。,
你这谎撒得可不怎么样，[Player:Norseman/Norsewoman]。把剩下的都交出来。,
哦，孩子，感谢达格达神，你还活着。,
我无意叨扰你们这般地位的人，但你们实在令我着迷。能否考虑助我一臂之力？,
在我忙活的时候，可有什么趣事发生？,
那就收起那副假装对一切都漠不关心的做派，简明扼要地直说吧。,
是啊，你敢信吗？我早晚得把脑袋从自己那该死的傲慢里拔出来，清醒一下。,
他说我心爱之人唯一的活路，就是让我替奥斯雷德做间谍——只要埃塞尔雷德一完蛋，他就会被释放。若我拒绝，博瑟姆就死定了！[i]我别无选择！[/i],
我们必须打回去！,
念在你为这镇子出了这么多力，我会在不亏本的前提下，给你最优惠的价格。让我瞧瞧损坏得如何。,
莫尔康特有些不好意思地笑了笑。,
关于那片富饶海岸的故事早已广为流传，你定能招募到为数众多的志愿者。,
你这么关心我，真让我受宠若惊！我在西兰岛东海岸有个贸易定居点。,
埃迪丝鼓励地拍了拍你的肩膀。,
他们若不想被我夺走什么，就该主动对我下手。,
在高地洞穴与格蕾妮会合。,
{动手。} 如果今天非打一场不可，这村子才是更软的柿子。这些[i]话[/i]就不用翻了，莫尔坎特。,
教会想把你逼到关门。我希望能找出个折中的法子。,
两人中年长些的那位——脸颊凹陷，唇上横着一道疤——移步挡在了同伴身前。,
国王挥手示意卫兵放你近前，随后亲自开口了。,
那个被你暗自称作“来使”的男人，先对同伴简短吩咐了几句，接着又对你说了句话——语气生硬，但你觉得，是想讲和。,
我从未见过这样一艘船。,
你进来要找的东西还没找到。先别急着出去，再四处看看。,
那些传说纯属放屁，可也没说错。只不过隐去了血汗艰辛。,
妈的……这下我该怎么办？全被那混蛋卷走了，如今没人会要我了。,
这村子里，难道连一个像样的战士都找不出来？,
你总是这般狠心……每次我想帮忙，你都这样。可诸神，他们仍在垂听……他们垂听我。,
{割开她的喉咙。},
他把你拽到一旁，远到他那些窃窃私语刚好听不清楚。,
那提议着实诱人，可我不能对她那般狠心。来吧，用不着你跟她搭话，我只要你在旁边给我壮壮胆。,
我不觉得有什么理由，要为西古尔德王卖命。,
{暂且退后。},
他不屑地哼了一声。,
我还不知道你的名字，这手还不能握。,
[食客：名字]在努基身旁落座。食物在你眼前铺展：蒜香黄油烤大麦饼、莳萝熏鱼、蜜渍防风草。,
哟，瞧你这副吓人模样。想拿什么自管拿，我可没本事拦你。,
我听说阿斯莱夫向你宣誓效忠了。再没比这更好的结果了。,
继……继续往前走……别……别找麻烦。,
海洋的召唤,
贝拉赫是考斯坦丁最强大的对头。所有氏族首领中，唯独他硬扛着不肯结盟，他的氏族会攻击一切闯入他们家园的人。,
行，行，随你！但愿你在里头送命！,
上唇渗出密密汗珠，他紧张地一把抹去。,
你靠近皮克特营地时，一个头发蓬乱、身形魁梧的男人霍地跳起来，拔出兵器。他身后的族人冷眼看着你，满脸厌倦。,
塔洛克正焦躁地来回踱步。,
慢着，别！[i]求求你了！[/i],
没错，就是那个女战士。她在我们战士中威名远扬，令人胆寒。如今，那份敬畏似乎已转到了你身上。,
{先等其他人。},
我们在这儿等第一拨人先到。然后速战速决，赶在第二拨露面之前杀光，这样就不必同时对付两拨了。,
你明知道他们定会死守那所礼拜堂。,
{献上财物一万。} 我们给族人带回财宝了。,
各自珍重，后会有期。,
{别去碰那棵树。},
你沉着摊开对局势的判断，剖明拒援你就等于暗中相助阿斯莱夫，再点出你的装备如此悬殊，更可能令你送命，而非保护阿斯莱夫。,
你若不交出偷走的货物，我就只能要你的命了。,
他看上去并未全信服。,
嗯？哦，当然。这等决定，须得仔细掂量。,
成，需要什么卖给你就是。冲你的名声，我给你个公道价钱。,
埃塞尔雷德嗤之以鼻，但瓦达的双眼却微微睁大——他在听。,
我叫基利安。我听过维京人的故事，老实说，从没想过会是真的。他们把你们传得跟凶神恶煞似的。你们的船，当真像条龙吗？,
她转身面向你时，目光却闪到一旁，没敢正眼看你。,
他浓眉紧锁，满脸失望。,
到城墙外面去找考斯坦丁。,
他重重叹了口气，颓然靠回椅子里。,
此行去往何方？,
皮克特人或许永远不会向埃塞尔雷德国王俯首称臣，但他们再也无力对我的王国构成真正的威胁。,
科尔比约恩不是我父亲。,
你以为这就能把我打趴下？,
瓦莱里乌斯是个软蛋。该由约维塔来主事！,
我们手头恰好就有。,
我无意冒犯你，但我实在没有理由相信你。更何况康纳尔·马克·泰格正对我步步紧逼，我现在已经焦头烂额了。,
奈芙娅的妹妹艾芙拉病得很重。你答应过从里伯给她带药回来。,
识相的话，就把白手套交出来。,
将复仇降于村民，以血祭基利安之死。,
艾迪丝拾起一根树枝，在雪地上草草画了幅地图。她描述了沿途要留意的一些地标，甚至画了些小房子，标示能够落脚的地方。,
当你踏进诺森布里亚营地时，战士们竟反应迟钝。哨兵们根本没想拦你。,
她俯身靠近，在你脸颊上印下一个纯真的吻。,
我赞同，但正因如此，信仰的仪式才绝不能遭人歪曲，以免在信众间制造分裂。,
他缓缓颔首。,
墙壁坍塌的巨响在空荡荡的厅堂间回荡。众人屏息以待，然而片刻过后，似乎并无任何回应。,
我会尽力担起这份责任。来吧，让我们看看里面有什么在等着咱们。,
{处决阿斯莱芙尔。} 我绝不饶你。你罪该万死。,
起来吧，英灵战士。你战得英勇，但你于我的效劳远未终结。还有更多战斗在前面等着。,
他[i]死[/i]也不会承认，但我觉得他那些祈祷跟我这套仪式的效用没两样。它们之所以灵验，不过是因为我们信它灵验。,
又是一连串的鞠躬与千恩万谢，你好不容易才从这小小的家庭里抽身出来。他们离开斯克恩时，还兴高采烈地朝你挥手作别。,
人总是花大把时间去担心那些看不见、摸不着的东西。他们真该把心思放在[i]真[/i]正的威胁上。,
艾菲在嘴里低声咕哝着。,
你真该听听他们是怎么说他的。说他跟魔鬼狼狈为奸。说他深夜掳走孩童，献祭给黑暗势力。,
当初你为珀斯清除了一个敌对女巫设下的诅咒柱，事后乌阿拉赫送了你这个简单的羽毛护符，祝你走运。,
人群中起了一阵咕哝，可那位自封头的农人首领，仍然站得笔挺。,
那大汉双眼圆睁，尽是恐惧。,
不一会儿，[Helper:Name]回来了。,
当然，能为王事效力，我们都很自豪。但赏赐也不该就此推辞，况且，国王也亲口承诺过给予你官家支持。,
你来迟了。事已至此，就是这样。,
酷，这下好多了。,
是啊，一想到这些弦外之音就吓得我发抖。听说你正在招人？可惜这地界但凡有点本事的人，都先被我雇走了。,
这个嘛，我们听说你跟埃奥福尔威克主教交情不错，还听说你正在奥克尼这边立足扎根。,
听起来倒是容易。,
人全齐了！而且都还活着，基本毫发无伤！我再没别的奢求了。,
斯泰因已召集起他的亲卫队环绕身侧，你自己的人也聚集在近旁。他见你来了，便转身面向自己的手下。,
尽管他仍是一副戒备姿态，却绽开一个明朗的笑容来迎接你，那笑容让你感觉是发自内心的友善。,
随时可以动身。,
多谢，但我们自己能行。,
风里飘着一股淡淡腐肉的甜腻臭气。抬头望去，前方灰白的天幕下，黑压压的乌鸦正急切地拍打着翅膀。,
你竟要同这些怪物讨价还价？！,
能带走的全带上，但愿此地的魂灵能让我们安然离去。,
倒也有可能。他说他们往北走了很远，只见到些部落，但如果有关南方那些庞大王国传言不虚，也许[Player:Father]就去那里了。,
你有什么事正瞒着我。,
你的亲卫队就这么生生从他的地窟里冒了出来，把这位好主教吓得着实不轻。,
若他们意在搅乱婚礼，那抓的是谁便已无关紧要。一旦唐克厄斯遭俘，这婚事就结不成了。,
快去，找到凯蒂尔和奈芙娅！我们会把门闩上，待到平安为止。,
为这么点蝇头小利，招来本地人的怨恨，值得吗？,
{让她入伙。}我没意见。,
这也让你赢得太轻松了！,
他眯缝着眼睛，审视了你良久。,
那德鲁伊看上去像个泄了气的皮球。,
仆人捧回一只小箱子来。他将其放在你面前，卖弄地掀开盖子。里头满满当当全是宝物。,
原谅我，[Player:Name]。我从没想过这么快就离你而去。,
我亲爱的奈芙娅。你已出落得如此坚强，又如此美丽。,
瓦尔哈拉，我来了。,
[Random01:Name]低声嘟囔了一句。,
但他为亲卫队招兵买马的时候，可曾问过我？没有！,
这次劫掠大获成功。,
她对我展开了猛烈的攻势，但坦白讲，我总有种感觉——我要是真从了，我身上某些部位恐怕就保不住喽！所以我礼貌地保持了距离。,
我知道这一定让你很难接受，莫尔坎特——但其他的选择只会死更多人。你也看到了，罗穆卢斯军团根本不足为虑。,
{离开。},
在这荒郊野岭安排全职守卫看守墓冢，本就够蹊跷的了，更诡异的是，这帮人竟然全都武装得出奇精良。,
你可听说过海那边往西的那些岛屿？奥克尼群岛便是其中最北端的岛屿。许多北方人早已渡海而去，从当地部落手中夺取土地。,
她是个心地善良的姑娘——别看总是一副愤世嫉俗的样子，她关心别人远比自己表露出来的要多。,
{观察。},
不过是一时冲动罢了。,
更多的身影此刻浮现出来，从地底缓缓升起。它们耷拉着脑袋，双脚沉重地拖曳着，懒洋洋、漫无目的地从你身边飘离。,
凶手逃之夭夭了。,
我们必须去跟毛科林谈谈，孩子。,
求你了……给我个痛快吧。你想知道什么，我全告诉你。,
我……我真不明白。,
你[i]瞅见[/i]他那一身腱子肉了吗？你说他要是把我拎起来，能把我扔出去多远？改天咱得好好试试。,
跟我讲讲维冈德尔这个人。,
埃塞尔雷德能指望你伸出援手吗？,
这女人意志确实坚定，毋庸置疑。可我总觉得很难真正看透她。她显然有着极强的执念，但这一切，会不会只是某种扭曲的母性本能在作祟？,
{说明情况，征召一位善于游泳的志愿者。},
尽量[i]别[/i]让破绽漏得满地都是。,
保护我，孩子们！干掉那些外来者！,
我早就说了，我们当时在符文石那儿就该向[i]左[/i]拐，顺着湖的[i]北[/i]岸走！,
凯蒂尔凝视着你，仿佛你是他这辈子见过最不可思议的奇景。随即他又一把将你揽入怀中，又是一个湿漉漉的深吻。,
这把刀的刀主早已沉尸河底，刀却被牢牢锁在邓弗里斯。它或许带着诅咒，但确实是柄罕见的利刃。,
找阿斯特丽德交谈，结束这场战役。,
我发誓。一旦攻下珀斯，我必定派出十船战士前来助阵。,
如何？,
这是我的荣幸。,
这[i]活脱脱[/i]就是路西法的作风——假扮成那个昔日帝国前基督教神话里的某个角色，拿些胡编乱造的圣徒故事，将主的羊群引入歧途。,
他们穿的衣裳是什么颜色？,
好身手，艾菲！还真有几分胆色。,
不安如冬日的寒意，彻底攫住了她。,
两人握手为定，亚尔达尔片刻也未耽搁，转身便朝他的新家走去。,
那些族人压根没把你放在眼里，只顾着手忙脚乱地去抄家伙。,
你刚才叫我什么？,
是你父亲杀了我姐姐吗？,
你好啊。欢迎回来。,
不过说实话，我主要是靠刻符文过活。光靠当吟游诗人，日子可太难熬了。,
有时候，我们会帮忙给那些船引航至此……只可惜，现在蜡烛一根不剩了，呃-嘿。,
你们这些小鬼到底[i]什么[/i]来头？,
没出什么岔子吧？,
那个船首像，瞅着有点吓人，对不对？,
阿斯莱夫再一次后退，给你喘息之机，从他连绵的攻势中恢复过来。,
我屁都不欠你一个。,
这主意够阴。对付一帮醉醺醺的平民，还不是手到擒来。,
妈的！看那边！,
我的儿子们竟敢攻击你，已是愚不可及，而在盛宴上动手，更堪称懦夫。感谢你手下留情，没断了我家的香火。,
阿斯莱夫要跟我来一场生死决斗。你有什么法子能帮帮我吗？,
我真替你担心坏了……,
[玩家姓名]，这儿有桩麻烦事，恐怕得你来处理。,
那么，你会被当场定罪，就此正法。,
我会派我的学徒多带些人手，去把他们给拖回来。他们得为对我家埃雷斯犯下的事，付出代价。,
话一出口，她便突然难为情起来，声音低得成了嘟囔。她一边说着，一边用穿着凉鞋的脏脚丫在沙地上画着圈。,
要我去看看她吗？,
你怎么会当上修士的？,
那就铁板钉钉了！这小妮子分明就是瓦尔拉文。,
他轻轻敲着嘴唇，沉吟了片刻。,
我对他自然不会有半点轻视，但是记住，再刻苦的操练，也抵不过一次真刀真枪的实战。,
{给予10份回收物。} 铁匠，你要的材料我给你弄来了。,
说起来，今儿个天气可真不错，是吧？,
我是[Player:Name] [Player:Lastname]。见到您是我的荣幸。,
贡纳尔耸了耸肩，但你看得出，你的话让他很不痛快。,
趁你还有机会，赶紧放弃吧。,
是斯库勒干的？！那情况比我预想的还要糟。到底怎么回事？,
我真为你们俩高兴。说实话，你选了她，起初让我很惊讶，但现在我明白了，你们俩恰好是天作之合。她会好好待你的。,
可怜的阿斯莱弗。他确实做了一些糟糕的选择，但也不该落得如此下场。,
谢谢你，我一个人确实应付不了她。跟我来。,
我明白，我们的仪式在你看来或许既古怪又骇人。,
告诉那些吟游诗人，我可是走得[i]轰轰烈烈[/i]。,
遵命，伟大的雅尔。谨遵您的号令。,
陛下，那名德鲁伊和他的学徒都已遭高地人杀害。,
我绝不会这么做。,
可万一你被发现了呢？,
沿着竖井缓缓下移，你越往深处去，周遭就卡得越紧；幸而衣衫浸透了油脂，你终究还是挤了过去，并未费太大周折。,
我知道你行的，亲爱的，可那实在太耗时间了！要是咱们能重新自己种药草，那就省事多了。,
斯泰因默默盘算着战士、战船和兵刃的数目，一时间，他的眼神变得缥缈起来。,
快走开。,
太好了！我们一直盯着三个特定的目标。头一个，是南墙根下的一座小仓库，恰好就在国王大厅的正对过儿。,
他是被耶灵来的人杀害的。,
英吉马尔，你是如何认识我父亲的？,
哼！到头来，我们总在替别人打仗！,
那是自然。你若回心转意，我的剑随时听候差遣。,
别往心里去，朋友。,
{交出1000财物。},
我方才不过是想探探你的底细。如今摸清了，送你上路我倒也心安理得了些。,
你先搜罗出所有细小的物件——钱币、戒指、手镯——这些容易私藏。接着，再小心翼翼地施展巧计，把一些大件货色也悄悄藏入行装之中。,
[ObjectOfAffection:Name]牵过她的手，将嘴唇轻柔地覆上她的手背。,
我所求并非财宝。我唯一的目的，便是维系凡人与地底之民间的和睦。,
击败利奥弗里克和他的手下。,
其中一个劫掠者咕哝着应和了一声，余下的人也很快随声附和起来。,
这将是你这辈子犯下的最后一个错误。,
他举手示意，算是打了招呼。,
话落，克韦尔杜尔夫似是认定今日的活计已足，便开始了每夜必行的惯例：一丝不苟地将工具一一归还原位。,
她发出一声破碎的叹息。,
西格蒙德在酒桶前焦躁地踱来踱去，一双眼睛贪婪地紧盯着它们。察觉到你的到来，他猛地挺直腰杆，四肢却笨拙地晃荡着，竭力想摆出一副漫不经心的模样。,
一个小男孩正挥舞着一把钝刀，朝树干猛砍，那刀刃还在分秒不停地变得更钝。而他，似乎已全然沉浸在这场鏖战之中。,
这是我的荣幸，[Player:Name]。每一位君王都该拥有像您这般卓绝的盟友。,
此地精魂缄默。海面之上，我听闻的唯有狂风的怒号。然而……在那波涛之下，却另有一番光景。,
可话说回来，嘲弄敌人，恰是胜利带来的半数乐趣。,
那桩事交给我来办。,
不等他反应，你已拔刀出鞘，以一个迅捷无比的动作，捅进了这老族长的小腹。,
哦，不……[i]哦，不，不，不[/i]……求你了，若是你找到了我的凯尔特拉姆，求你千万饶他一命！,
格蕾妮发出一声断断续续的叹息，任由脑袋疲倦地向后一仰，枕在了冰冷的洞穴地面上。,
我要你替我把它带来。你既已成为圣雷穆斯手中的一件利器，那便务必要让众人亲眼目睹，是你将那面旗帜带给了我。,
我们这就要去踏平营地了。快走吧，你自由了。,
你居然还活着！,
她沉重地点了点头。,
嗨，方才可真是丢人现眼……,
那一串胡拼乱凑的尊号实在怪诞不堪，让你不得不花片刻功夫才解其意。而那名商人始终谦卑地低着头，直到你开口说话。,
西格丽德和克韦尔杜尔夫正在路标处等你。,
那匪首陷入恐慌，拔出了兵刃，麾下同伙也纷纷亮出了家伙。,
她轻蔑地一笑。,
你[i]竟敢[/i]这般口出狂言？！我乃诺森布里亚的国王！,
你放开了那女孩，她跌跌撞撞地跑开，转瞬便爆发出撕心裂肺的抽泣。一切很快便归于沉寂，众人又各自忙活起手头的差事来。,
趁那战士还来不及反应，只是畏缩退避，你已一刀将撒克逊刀捅穿他的喉咙。你把奄奄一息的守卫放倒在地，两个俘虏不禁倒抽一口凉气——鲜血嘶嘶地从他嘴里涌出，他咕噜咕噜地咽着气，双眼死死盯着你，眼神中满是茫然与恐惧。,
奈芙娅的妹妹艾芙拉病得很重。没有新药，她恐怕熬不过这个冬天。,
你与你的人作战勇猛，可根本不是贡纳尔和他那伙劫掠者的对手。你躺在烂泥之中，天旋地转，仿佛身在狂风暴雨的海上，那巨人便赫然耸立在你上方。,
我知道。她叫[Shipname]。,
那修士显然是打定主意，把你丢给别人去对付。,
海洋的召唤,
宴客大厅前的雪地被农夫们的鲜血染得通红，你的宾客肃穆地观望着这一切。倘若之前还有人对你的决心有所怀疑，如今他们都领教了你的手段。,
三个男人守着摊位。两个在码货，第三个正在跟湾里某条船的领主讨价还价。你刚一走上前，他们便停下了交涉。,
还不行。,
诺森布里亚与皮克特之间的冲突已暗中酝酿多年。有了你的帮助，这冲突很快就要沸腾起来了。,
那就这么说定了。走。,
你要把埃尔林格的家产分给他们？你觉得就[i]这帮[/i]无赖，能打理好一个农场？,
听你这么说我就放心了。我正拔鸡毛准备晚饭呢，想赶在天黑前弄完。既然不是为母猪的事，那这次登门所为何事？,
{把他们抓回去。} 斯凯恩建设需要奴仆。把他们捆起来带回去。,
这是我的荣幸，雅尔。,
去给我们找吃的，因为我们饿坏了。吃的是弄到了，可……可我一直替他怕得要死。,
你看到是谁留下那些首饰的吗？,
这么说，想必你懂得怎么使那把[Player:weapon]了。,
他多半是想买个船位南行，去麦西亚或更远的地方。这东西也许能跟斯卡伯勒的船夫们讨价还价。,
一派胡言。我们绝没干过那种事。,
{拔出撒克逊刀。} 我倒有个还价的提议。,
我们必须救那孩子。他年纪比索尔凯尔还小！,
你走近时，英吉马尔又挂上了从前那副笑脸，不过这回看着有些僵硬。,
我们抓住他了！总算结束了！,
看得出你随身带着上好的精钢武器，但我希望这把对你仍有价值——这是我们铁匠所能打出的最好的剑。,
快跑去找你哥哥，孩子。叫他带上斧子，再叫几个帮手来。,
全日德兰半岛最公道的价钱！,
沙滩花,
那就永远别来。我没空。,
我明白了。你无需向我解释——是我追问得太冒昧，向你道歉。,
{攻击他们。},
你都卖些什么？,
一丝忧虑掠过瓦达的脸庞，但转瞬便被老练的外交笑容掩盖过去。,
也祝你们平安。要是你们再跟那邪教打交道，请务必——多加小心。,
恕我直言……滚开，陌生人。,
保重，斯坦恩。,
{撒谎。} 我们找不到他。,
你能描述一下那女人长什么样吗？,
好吧，我帮你。,
我叫[Player:Name]，是这座村子的领主。,
有闯入者！我们遭袭了！,
我就是找不到那该死的钥匙孔，可我知道它就在那儿！[i]肯定[/i]在。她不会……不会骗我的。,
{找找有没有发霉的地方。},
国王一个响指，召来一名侍卫听令，接着朝康纳尔的方向点头示意，手一挥指向门口。他的对手随即被人架起肩膀，拖出门去，直面他将至的命运。,
你能相信吗，他们居然选我来负责这趟任务？是时候让你重新掌舵了，免得我把大伙儿全害死。,
约斯泰因压低了声音，几近耳语。,
杀掉默丁·埃姆里斯。,
往来西福尔或阿尔夫海姆与霍达兰或罗加兰之间的船，很多都会途经咱们的海岸线。,
赫罗德盖尔达用臂弯勾住长撒克逊刀的刀背，将刀上血迹往自己衬衫上蹭了蹭。,
血腥的恶臭浓郁地弥漫在空气中。你跪下来，检视那堆破烂不堪的残骸。,
这是我辛苦挣来的。你是谁，你想干什么？,
你跟我说，智慧和仁慈中自有力量，可那个念头我总也甩不掉——你那样讲，不过是因为你是我的[Player:brother/sister]罢了。,
她交叠双臂，想止住双手的颤抖。,
{别管他。},
你猛然惊醒，坐直身子，一时辨不清身在何处。熟悉的帐篷内部映入眼帘，正沐浴在清晨柔和的粉红色光晕中。,
让我瞧瞧你都挑了些什么。,
我觉得你说得在理。,
那女人终于放下了手里的鸡肉，在围裙上抹了抹手。,
价廉物美！趁我还在镇上，赶紧买吧。,
它们确实挺美的，没错。,
说得对。她比我们更了解斯库勒。,
从今天起，这艘船上的每一个人，都是并肩作战的兄弟姐妹。我们必须相互照应，将来也要为彼此赴汤蹈火。只要我们团结一心，就都能平安归来。,
饮者[Drinker:Name]松了口气，[Drinker:He/She]踉跄一步，向西格蒙德摊开手掌。他点了点头，微笑着握住那只手。,
我回头再来找你。,
有我罩着你！,
等待的时候，能赏光陪我吃顿晚饭吗？自从丈夫过世，我就没了能为之烹饪的人，实在想念有人陪伴的日子。,
你能帮我做一份毒药吗？,
一场唾沫风暴正在她面前酝酿。,
我们族人还住在这儿的时候，每年夏天都会过来。听说这座岛已落入你手，我们又知道你是康斯坦丁的朋友。,
正面迎击那头犬妖。,
让我看看……橡木最常见，这木料又沉又耐用，用来造船足以令人生畏。,
他们追了我们整整一个星期！,
眼下你当然只能听信我们的一面之词，但我们会去奥克尼群岛见你，这是我们的承诺。谢谢你肯帮这个忙。,
我相信，我们总有法子……[i]说服[/i]那位主教的。,
一无所获。营地看来把猎物都吓跑了。还有，我还没当上你们的国王呢，别再喊我陛下了！,
我会按自己的步子来，多谢。你们先过去吧。,
我来这儿可不是为了交朋友。,
我们好不容易才换来整个王国的安宁，他居然怕我们入侵？[i]呸。[/i],
他话音中那丝颤抖出卖了他：这消息并不像他表面装出来那般无动于衷。,
就我看，来这儿只为了这个理由。,
那金发战士攥紧了双拳。,
给我讲讲哈夫丹之子的事。,
尖兵[Pointman:Name]若有所思地挠了挠[Pointman:his/her]后脖颈。,
那身材滚圆的族长咧嘴笑着，重重一拍你的肩膀。,
那倒也是。不过，去求个了断或许才是上策。,
在你麾下侍卫的协助下，信徒们制服了他们，用绳索和塞口物把那群奴仆捆了个结结实实，让他们安静了下来。,
我们上回聊的时候，你提过你正头疼几件事，没准我能搭把手。,
那个疯[i]母狗[/i]……她一把火烧了我们家还不够——居然还派人来追杀我？,
名叫赫克瑟姆。替埃塞尔雷德望风。,
唉，原谅我，你们赶了那么远的路，都辛苦了。,
你们这帮小子可得把叔祖父照料好。他一个人可弄不动农庄——你们得顶上我不在的这份力。,
什——什么？我这会儿正忙着呢。,
你几大口灌下了碗里的东西。味道像发酵的浆果，质感却跟浓汤一样黏糊。暖流几乎立刻冲上头来——一股热浪拖慢了你的视线。,
哦，好吧。那么……一路保重。,
行！,
嘎！看来我这辈子都[i]甭想[/i]摆脱那些该死的东西了！,
我过来是想找在这附近扎营的旅人说几句话。,
等你抵达门前，他们将手里的简易长矛交错一横，象征性地拦住了去路，另只手臂同时前伸，行了个怪异的礼。,
与英灵战士并肩，迎战约顿巨人。,
她留意到你在盯着她，便不再挣扎了。,
杀了他们，也换不回他。我们还有更要紧的事要办。,
十足十的异教徒做派！连半点私有财产都不懂得尊重！,
被你看穿了。我才不是基督徒。我就是个粗鄙不堪的蛮子，勉强能听懂几句人话罢了。,
给我找些零碎废料和回收物来，只要价钱合适，我自会尽力帮你做点能用的东西。,
他们就是你之前在沼泽那株巨魔树前见过的那对绝望父母。,
康斯坦丁被凯蒂尔这一打岔，惹得放声大笑。,
不。,
你生来既不是做统治者的料，也不是当战士的料，这没什么好丢人的。别管旁人指望你什么，你只需对自己诚实就够了。,
谢谢你。他们抓了我们，还毒打一顿——正要拖我们去当奴仆使唤。,
黑暗中，三个笨重怪异的身影摇晃着浮现。它们大得反常，五官更是扭曲得丑陋不堪。,
眼睁睁看着上好的奴仆就这么白白浪费，实在可惜。,
他们缓缓站起身，拖着脚步朝屋里挪去，好养一养伤。,
感谢上帝。,
你想让我去找他？,
你的迎接还不算是我遇过最糟的，但也确实有长进的空间。,
你们不能这样待人——即便是敌人也不行。,
我不明白这事为什么对你们这么要紧，但我可以顺着你的意——就冲你或许真会买条船，哪怕这可能性微乎其微。,
没错。我们的众神绝不会输给基督教的上帝。,
呸！他们装备破烂，训练稀松——可他们还是敢打！这证明他们有争取自由的胆气。,
那哨兵飞快地审视了你一眼。,
很高兴如今能见到你。我敢说，这绝不会是咱们的最后一面。,
当然，那档子事本与我无关，可他是穿着我上好的皮袄、佩着我贵重的宝剑溜走的——那可是[em]我的[/em]上好皮袄和贵重的宝剑！,
不大可能。不过也无所谓了。,
法比安·昆图斯脸上掠过一阵痛楚。,
随时乐意效劳。,
他们不知道咱们在这。你是不是也在想我正在想的事？,
这是什么？！你们是谁？！,
你卖武器盔甲吗？,
没错，你欠他们的，就该还。,
两男一女远远站在你的亲卫队外围，保持着安全距离。他们身上的装备，正是那些受过训、有义务应召加入莱当征募制军队的农夫们的典型装束。,
现在怎么办？你放了艾菲。你也会饶过我吗？,
牢房里那男子已吓得魂不附体，叫人可怜。他双手捂着脸，一遍又一遍地重复着同样的话。,
闭嘴，跟我来！,
你替我一直盯着氏族那边的动静吗？,
好，我想咱们彼此已经摸得够熟了。来谈谈吧，我怎样才能赢取你和你族人的效忠。,
从斯卡尔基那伙劫掠者手中救出唐科伊尔克王。,
我们来说说你们那城墙的麻烦事。,
我可知道怎么抡锤子。,
仁慈暗藏危险。我们得确保他们不敢再轻举妄动。,
唉……比约格迪丝为她女儿的病，比往常更加焦躁不安，两只手绞来绞去。,
那牧师带着毫不掩饰的厌恶，打量着你的亲卫队。大厅里零零散散站着几个当地民兵战士，手按兵器，紧盯着你。,
别忘了你的誓言，领主[Player:Name]。我可等着你放我自由的那天——哈！,
我想向你们证明，我们这些“异教徒”既不邪恶，也并非不可信赖。难道就没什么我们能做的，能叫你们回心转意？,
先把领头的干掉，咱们就冲锋。,
我替埃塞尔雷德效力，做斥候。我的任务就是确保奥斯拉德没法子偷偷领一队人马摸上西山坡。,
可惜了，我的[Player:好孩子/好姑娘]。你开头倒是不错，可一个真正的基督徒，绝不会把使徒信经背得这样颠三倒四。,
他是那么回事，没错。而且懒透了——这些年在这地方，他连一根手指头都不曾抬过。,
我可不像看起来那么好对付，是吧？,
{捅死他。},
我名叫和平者贡纳尔——来自北方西福尔的狼皮战士！我猜，你就是这个村子的领主吧？,
[Helper:Name]伸出手去，开始用力拖拽。[Stuck:Name]终于被弄了出来，所幸没再发生什么意外。,
她的一张脸猛地涨得通红。,
你在尸山血泊中费了会儿功夫，才寻见利奥弗里克的尸首。随便扫上一眼便能看出，这位埃奥福维克冠军早已一命归西。,
我瞧不见这儿有防御者。看来那声东击西的计策成了！,
那卫兵一歪脑袋，嘴角向下一撇，流露出几分赏识。,
因为他们可恨至极！我们到底做了什么，竟招来他们这般切齿的恨意！,
在邓弗里斯城外的皮克特营地，与马格努斯·麦克·瑟腾碰头。,
听你说话时，她眼中闪烁着好奇的光芒。,
你这想象力，倒真是丰富得叫人愉快。,
这一路艰险重重，但每逢关口，总能遇上愿意仗义相助的人。渡海时最是棘手。我们不得不大大破费了一笔，付给一个渔夫，才勉强租下他的小船。,
对此我们早有防备。这些新立的栅栏，会给我们带来极大的优势。,
许多人都曾盘问过你的意图。劫掠者还是行商人？你是否开始看清，这非此即彼的选择背后，藏着怎样的谎言？,
随着你威势日盛，战士们将如羊群归圈般涌来，为你效命。,
这不可能。他们绝不可能是真的！,
[Sniper:Name]的箭矢离弦尖啸，狠狠扎进那年轻捕兽人的眼眶，发出令人毛骨悚然的碎裂闷响。达布格拉斯的儿子竟还直挺挺立了几秒，另一只眼茫然无措地眨了眨，随即像段木头般轰然向后倒下。,
那贵妇噘起了嘴，分明对你的决定大为不快。,
抱歉。要是我放你过去，这守卫就白当了。,
没错。,
你们的家人呢？,
作为斯凯恩领主，我邀请你们搬到我们镇上来。那座刚空出来的农场，你们要是想要，它就是你们的了。,
恩巴尔德[i]愿意[/i]相信你已经皈依——这才是整件事的关键。这不仅证明了上帝的力量，更因为他想要支持埃塞尔雷德。,
愿你健壮幸运，我是[Player:Name]，[Player:Father]的[Player:son/daughter]。我们前来与你们的国王说话。,
这点小事，不足挂齿。,
有场争执，是为了一头猪……,
握紧你的盾牌，让我们做个了结。,
康斯坦丁的支持，就是我全部的奖赏。,
噫，不要，那你留着吧。,
南边传来的消息！法兰克战士洗劫了一座撒克逊人的城镇！,
他的目光扫过你的盔甲和装备，狠狠地咽了口唾沫。,
那强盗从你手中接过包裹，倒退着回到同伙中间，眼睛始终死死盯着你。,
别急着否定这个念头。这世上，存在着古老的东西。,
你说得一点没错。[i]的确[/i]是时候赴死了。,
我们知道他们在一座叫林迪斯法恩的岛上有一处宏伟的圣地。我们正集结一队人马，要去攻打洗劫那个地方。我们要杀光他们的修士，夺走他们的财宝，烧毁他们的教堂。,
摇曳的火光在他那张丑陋的脸上投下阴森可怖的阴影。,
仿佛是约好了似的，一声狂暴的战吼在山间炸响。城墙外，诺森布里亚的残兵慌忙集结。你的盟友们到了。,
一个苗条的女人挥手拦下了你的队伍。她脸上沾着泥巴，头发里还缠着一片碍眼的树叶。,
让你经历了这种事，我真的非常抱歉。,
我们可以跟着他们，等他们灌下几杯再说。到时候，看看他们到底有多肥。,
你不该那样对罗斯克娃说话。,
埃塞尔雷德的军械大师派了一群年轻男女去英吉尔森林，驱赶一大群狼。结果一个都没回来。,
我对你的情意，已经很久了。我一直摸不透你是否与我有同样的心思。希望你的夜晚，像我的一样美好。,
正相反，我跟你们一起去，你们反而到得更快——我可以试着大致说坟墓在哪儿，但我直接跟着去会更省事。边走，我就能认出路线来。,
他不快地咕哝了一声。,
你们是从农场那边过来的吗？那边闹哄哄的是怎么了？等等……你就是那个领主！,
我们决定夺取一座旧城堡，但整个计划的关键，全在于你。,
我听闻，你与斯库勒·碎颅者有过节。请稍候片刻。,
我什么毛病也没有！有毛病的是那个歹毒的女孩！行了，滚出去！再也别回来！,
你就不怕他找你寻仇？,
我不信那些传说。,
我……我们呃，我们最好动身了。我想我们该走了。,
我现在明白你为什么这样在乎这个地方了。这儿的树碧绿青翠，泥土松软又肥沃。我固然怀念家乡的群山，但我也能想象自己在这儿生活下去。,
自从你俩好上以后，她几乎再没抱怨过家里的事。老天爷啊，这绝对是斯凯恩有史以来最不让人意外的一对儿了！就好像别人早就看明白了，就你俩[i]最后[/i]才发现彼此相爱似的。,
我的脑子一团浆糊……,
国王重重叹了口气。,
拿着。就是这东西让我惹上这堆麻烦的。,
他咬了咬牙，脖子上的红晕又开始往脸上窜。他拧紧了眉头。,
他思忖了片刻。,
内芙娅的话音里渗出一丝哀求——这可真是难得从她嘴里听到的口气。,
阿斯莱夫对着杯子低吼，仿佛在[i]用意念迫使[/i]那麦芽酒屈服。,
你这趟路上需要多少钱？,
我就盼着你这么说呢。,
本地人或许知道点什么。他们的耳朵长着呢，况且这事就出在离他们城墙不远的地方。,
什么样的献祭？,
那该是一笔50便士的酬劳。我们试着跟他们讲理，可他们反倒威胁起我们来，摆明了压根没打算付钱。,
何必反抗呢？我们早就是西古尔德王的臣民了——斯库勒不过是捆绑我们的锁链上，多加的一环罢了。,
我们就照他们说的做。看看他们请的是哪路神仙。,
是啊……,
好歹对这儿的价钱还满意吧。,
你沿着泰河逆流而上，径直驶过了主战场。几个皮克特斥候只能眼巴巴地看着[Shipname]绕过城防，扬长而去。,
那些是和平的女性，是信仰与哲学的纯真学子！她们的著作启迪着整个诺森布里亚！,
当然。我会确保在我们的队伍中维持最严格的纪律。,
他胳膊下夹着五张上好的皮毛卷儿回来了。,
我们大概永远也不会知道了。,
{杀了那男人。}行，老子自己动手。,
不过，偶尔在神启般的灵光一现之时，我确实也算个诗人，这倒不假。,
那战士怒不可遏，拔出了她的剑。,
我不知道。怎么帮？,
占卜师递给你一个符文雕刻的图腾，那材质很可能是某人的锁骨。,
我们该把这个拿去给阿斯特丽德看看，听听她的想法。,
但我们会离开。搜寻会继续下去。我去把大家集合起来通知他们。,
我这辈子见过的怪事多了，而那老妖婆总让人觉得她身上有股变形者的味儿。,
我会为船的不同部位挑选特定种类的木材，以确保每个部件都用最合适的木料制成，但主材将极大地影响最终船只的品质。,
我从没见过这些人，我的爱人。,
于是[船名]被卸下货物，拖上滩头，为收获季和参加阿尔庭大会的准备工作随即便开始了。,
康纳尔扬起下巴，眯起双眼，一言不发，只以炽烈的蔑视死死盯着考斯坦丁，权当辩护。,
罗斯克瓦尴尬地干笑了一声。,
这与其说是个提议，不如说是种勒令。,
{提供500贵重物。}后边那两位怎么样？每人25厄尔图格银币，拿了走人，额外的好处是你们能保住自己的手脚。,
你算什么东西？我从没见过像你这样的武器和盔甲。,
科尔比约恩对我们的态度越来越恶劣。我记得他那会儿正惹上了些麻烦——大人之间的事儿，对一个八岁孩子来说太微妙，根本没法理解。,
他看起来并没完全服气。,
好吧……好吧……我懂了……,
只带那些你能轻松藏在身上的东西。,
{等夜幕降临。}帮我把火生起来。我们就在这儿等住着的人回来。,
你又把撒克逊刀收回鞘中。看那港口长官的样儿，怕是已经有点吓尿了。,
他拍了拍空气，做了个息事宁人的手势。,
他们一看见你，就跳将起来，抄起武器。你注意到他们一个个都晃得厉害——那些酒罐子被他们灌得太狠了。,
真是令人钦佩的勤勉。你找到了盔甲铺。,
父亲，那能算是最符合基督教义的做法吗？,
陛下，我亲眼所见。据我估算，足有五百精兵。,
为何盛宴早已备下，桌旁却空无一人？,
行吧，我们是跟着斯卡基的——康纳尔派我们来，在他们商讨战术时站岗守卫。,
一帮亡命徒呼啦一下从小农舍里涌了出来，手持武器，准备开打。,
我觉得你对我已经没什么用了，所以你也没必要再在这儿待下去。,
当时就是一时冲动。,
行，我帮你。,
我对你这种家伙本就不该抱任何指望！现在是时候清算你的暴行了。,
有什么消息？,
瓦莱里乌斯恭顺地低下了头。,
这么多人挤在这儿，空气却清新得出奇。真好奇他们是怎么处理垃圾的？,
利奥弗里克以极大的尊严迎来了他的结局。即使死亡那无可避免的恐惧攫住了他，他仍保持着沉默。,
你示意[弓箭手：名字]跟着你爬上土坡顶，你们俩一起瞄准了下方的哨兵。你放出一箭，但一阵不合时宜的狂风刮偏了你的准头，箭矢“叮”的一声只在石头上弹开了。,
那贵妇的脸拉了下来，仿佛你刚刚扇了她一耳光。,
这事儿我得斟酌一下。,
打斗结束后，倒下的人又爬了起来。即便你是故意输给他们的，你也能看出，孩子们通过观摩你战斗学到了不少东西。,
拦截坦纳,
就只是想看看他是不是……你懂吧，是不是那种你愿意让他在周围转悠的人。他在老废墟的东北角搭了个——勉强算是个——营地。,
你英勇地战斗了，但你们的抗争从一开始就注定徒劳——你的亲兵卫队在人数上实在太寡不敌众了。,
我是[玩家：名字]，斯凯恩领主兼奥克尼群岛的雅尔。,
他对你怒目而视。,
考斯坦丁·马克·弗格斯沉重地叹了口气，在他面前挥了挥手，做出一个打发人退下的手势。,
第三，他几乎掌控了与考庞的全部贸易，这条商路的利润足以媲美从萨克森经里伯而来的那条。,
那都无关紧要。我们得把心思放在斯库勒间接攻击了我们氏族这件事上。,
我需要你的帮助。,
贡纳尔深吸一口污浊的空气，他居然没被这股恶臭熏倒，真是个奇迹。,
他琢磨了一会儿这种可能性。,
他当然会这么说！但不代表那就是真的！那本是我们的。,
该做些什么，才能博得这等生灵的青睐呢？,
我想，这位塞恩是在自谦了。,
谢谢你。瞧见没？事情没必要搞得那么复杂。,
我倒是想，可是……我孤身一人，他身边有的是强壮的马夫替他卖命。没有别的人会帮我了。,
她拨弄着自己的护身符，似乎比平时更刻意地躲闪着不愿与人对视。,
哦，仁慈的主啊，护佑祢谦卑的仆人吧！,
当你破门而入，奥斯雷德脸上的血色瞬间褪得干干净净。,
在他们前头，一个年轻人叉开双脚，与肩同宽，脊背挺得笔直，双手交握于身前，伫立在大路中央。,
我叫埃吉尔，若是我俩从前见过，我定会记得。,
就在那时，一声低沉的号角自河的下游响起，在陡峭的悬崖间隐隐回荡。第一声号角淹没在宴饮的喧嚣中，几乎细不可闻。待到第二声响起，才有几位宾客好奇地朝门口投去目光。,
他们经营着一家不错的木材行，还结交了不少有权势的朋友。当初国王任命这位雅尔时，他们可是出了力的。,
她回以一个揶揄的微笑——勉强算是回应了你的玩笑。,
我们要放了他吗？,
那儿！快看！,
女士的恩惠,
这些木杆看起来怎么样？,
我……我原没打算去任何地方。,
不出所料，格雷蒂尔正在坟墓外头等你。卫兵们都离得远远的，格雷蒂尔招手示意你靠近，好避开他们的耳朵。,
我当时就藏在那棵树后，偷听你们谈话。,
我不知道！我这就放回去！,
{攻击。},
愿你健壮幸运。,
我们不欢迎陌生人。趁还没翻脸，赶紧滚吧。,
我们是来给你撑腰的，看在你先前放过了埃林格那帮小子的份上。,
西格丽德眉头紧锁，双臂交抱在胸前。,
她指向西北方的港口。,
你说得没错。已经流了太多同族的血了。,
我会设法和平解决。,
内菲亚揉了揉鼻梁。,
也许我最好还是就此告辞。,
我[i]真—的—[/i]很讨厌偷听的鼠辈。,
你要进要塞去吗？我猜你……你可能要去。,
你觉得这是不是意味着……,
只带一个你信得过的人进去，让其余的人留在外面望风。好运！,
[Random01:Name]将一只大手重重按在你肩上。,
我们还会再见面的。,
什么？此话当真？好吧，等等，这麦芽酒里[i]究—竟—[/i]放了些什么？,
我们需要一支轻装小队，杀皮克特人一个措手不及，扫清障碍。然后我们才能把大部队调进来，占据洞穴，随时应对可能的反扑。,
我来你们的市集做笔交易。,
你的目光循着他所指的方向望去，只见一圈和你手腕一般粗的朽烂木棍，歪歪斜斜地戳在一片烂泥地里。每根棍子上都挂着些来历不明的动物烂皮破革。圆圈的中央附近，赫然是一块绝不会认错的、铜绿斑驳的旧物。,
没开玩笑。哈。其实，我好像也有这种感觉。,
哦，真抱歉不合你的口味。我的客人多半——唉，罢了。,
但愿那些地底之民会向你们伸出援手。,
想必你对陛下的回绝并不感到太过意外。毕竟，你们这些外邦武士，信奉的是异教的信仰。,
因吉玛尔的声音里透着一股苦涩，那是一道深藏心底的旧伤，如同他角杯中的蜜酒，被他细细品味。失去[Player:Father]的痛楚，他必定感同身受。,
斯库勒·碎颅者是耶灵的塞恩，他的领地紧挨着你的地盘。耶灵幅员辽阔，斯库勒本人更是日德兰半岛上最有权势的塞恩之一。在他的治下，耶灵繁荣兴旺。,
她贴上前来，双唇印上你的嘴唇。她身上散发着百合花的幽香。,
站住！,
若我们这里有此等信仰的领袖，又何须站在齐踝深的海水里举行仪式。,
你为何挑战我？,
你当时也无力回天——那些北方佬实在太强了。,
正是如此。,
设身处地替我想想。费了这么大一番折腾，换作是你，会让我就这么带着所有的钱一走了之吗？,
{固定绳索。},
斯凯恩人的坚韧，超出了我们的预想。,
他生前是位了不起的战士，我同旁人一样，因此而敬重他。,
为了你，我的女领主：[i]万死不辞[/i]。,
你能想象住在这种鬼地方吗？光是这风，就足以把人活活逼疯。没完没了！我们越快离开越好。,
是啊，这儿的事结了。,
总之——一言为定。我发誓在你的旗帜下战斗，我的人也立誓与我并肩。然而，效劳也意味着责任，我们现在食物极度短缺。,
这是我的林地，这里的猎物只属于我。,
你头顶的岩架高不可攀，光靠跳是上不去的，但上面倒有好几处能固定绳索的地方。脚下的岩石湿滑不堪，每一寸表面都爬满了海藻。,
太壮观了。我们得在大厅里为它寻个显眼的位置，好震慑那些访客。展示这等战利品，定会为我们城镇带来无上的繁荣。,
你在父亲的葬礼盛宴上见过他——斯卡拉格里姆。这个高大的男人是拉格希尔德的旗手兼情人，与她形影不离。,
听着很冒险。或许，由[i]我们[/i]来当诱饵更合适。,
内夫亚劈手夺过你掌中的小瓶，凑近了细细端详，然后便塞进了自己的背包里。,
若你敢质疑我与生俱来的权利，就拿你的命来抵偿。,
我可不信。,
赫罗德盖尔达在激战中身受重创，但她硬是挣扎着爬起身来，撤回到己方阵线之后。,
正是如此。,
{安慰地轻捏她另一侧的肩膀。},
他脑子明显不对劲。我们真能对这种人下手吗？,
我们不该杀他——至少现在别杀。等眼前的扬尘落定，兴许还能从他身上榨出些有用的东西来。,
完好如初，对吧？来找我，你不会后悔的。,
莫非沼泽里的蘑菇滋味更好？,
怎么，你将要带给家族的荣耀，竟还抵不过腹中那点饥肠辘辘的声响？,
将赫丁维的奴仆们送回奥克尼群岛。,
可嘲笑你的敌人，本就是胜利的一半乐趣。,
我们不需要同伴。去珀斯的路，我们会按自己的步调走。,
那真是太不走运了。,
我[i]发誓[/i]！以我家族的荣誉起誓，若有半句虚言，便让索尔的雷霆将我劈死！,
众人齐聚海岸，凝望着你那艘崭新而绝美的长船滑入水中，你终于能扬帆启航，前往不列颠群岛了。,
你当真什么都不要？,
我明白，我都明白。你现在安全了，他们再也不能伤害你了。,
那人似乎想回呛几句，可就在这当口，他恰好仔细打量了你一番，显然看见了什么让他心生忌惮的东西。,
呃，真不知该作何感想。,
我们是纯粹的探索者，作为族人的善意使者前来拜会。,
{环顾营地},
他们可真是磨蹭。来瞧瞧箱子里到底藏了什么！,
你觉得我们的客人如何？,
他沉默地凝视着那头雄鹿，良久无言。拔出小刀时，手在微微发颤。,
可叹那位德鲁伊本人已离我们而去，但这年轻人绝非表面看上去那么简单。我确信，他定能为我们的宏图增添助力。,
他们不过是一群染了狂犬病、饿疯了的家伙罢了。,
干草叉,
我认为，你欠那些“强盗”一笔赔偿。,
你对我们造下的所有罪孽，必将百倍偿还。,
我之所以选择追随你，并非因为你命令我必须如此，而是因为……因为我相信，我能给你带来好的影响！,
愿——愿枉死的冤魂纠缠你，至死方休。愿你的庆功酒在你喉中化作毒药。你这该死的，[Player:Name]。[i]该死的[/i]！,
过了这么久，终于站在这栅栏之内，感觉真似梦幻。这一切，全仗你的功劳。,
村里的达布格拉斯说，在谷底深处能找到一个隐士。,
若果真如此，便万事皆休了。,
这么说，埃尔林格终究是管不住他那几个蠢儿子了，对吧？真高兴看到你从那团烂摊子里全身而退。,
这里吵吵嚷嚷的，是怎么了？,
当真？你们想让我当头儿？好，那就出发！,
有埋伏！这帮卑鄙的懦夫。,
你在珀斯遇到了你的两位同乡。他们在一场注定惨败、企图建立北欧定居点的行动后，被皮克特人所俘。他们恳求你施以援手，助其逃脱。,
或许我们不该一头冲进去，先在四周探查一番为好。这附近说不定有能让我们抢占先机的东西。,
莫尔坎特独坐营地边缘，双目紧闭，用一种他偶尔才用的古怪语言念念有词。那音调听起来，既不像英语，也不像北欧语。,
剩下的人早跑回村子去了。我要是你，就远远避开那个地方。,
躺在那地上的本可能是我。若非埃塞尔雷德派你前来，那必定是我无疑了。,
你总能想到办法的。,
我或许很快就回来。,
雅尔[Player:Name]，见到你总是令人愉快。但愿你还没开始后悔接手这块风吹浪打的破岩头。可说好了，不能反悔！,
啊，那敢情好。多谢你了。,
我早知道[Player:Name]会把你们带坏！你们这两个疯丫头混在一起，就没干过好事！,
半个时辰过后……,
你那边打得如何？,
凯蒂尔狡狯地挤了挤眼。,
那件事，你可曾再思量过？,
不错，它瞧着是不怎么气派，但论易守难攻，不输任何堡垒，且地势绝佳，随时可挥师直取低地各处。,
我会给他送一剂汤药，告诉他这能叫他身强力壮，保他明日得众神垂青。,
自然，没几人能出得起一整年的进价，可即便你有那些银钱，像你这种人，我也不会卖你这个方便。,
你们身上可带了些值钱的东西，好换来我们出手相助？,
你朝那石砾遍布的土里挖去，竟真掘出一口箱子，可那柄铲子也在这当口断作两截。,
此人树敌众多，且个个有权有势。取他性命，赏格六十六便士；若生擒活捉，你便能到手九十八便士。,
来自里伯的勇士们，已在镇西头布好了阵势。,
一群破衣烂衫的青年男女正在庭院里无所事事地晃悠。当中最年长的——一个约莫十五六岁的男孩——见你进来，便站起身，懒洋洋地踱了过来。,
斯卡拉格里姆再度起身，将自己的盾牌奉到你面前。,
他用指节缓缓蹭着下巴。,
[i]什么？！[/i]你……你这个[i]白痴！[/i]你这[i]不长脑子的莽夫！[/i],
利奥弗里克与另两名指挥官正围着一张铺满粗陋地图的桌旁而立。他照例向你投来彬彬有礼的微笑，以示问候。,
你方一靠近，他那鹰隼般的目光便霍然锁定了你。你感到他心中正飞速为你勾勒出一副完整的品评画像——而且显然不是什么好印象。,
我等是来收些献纳的。,
那边那座长屋，是雅尔拉格希尔德的扈从们所用。四处寻主家的佣兵常聚在那儿，与她的亲兵一同演武。,
你如何断定他不曾做过？,
格里穆尔夫恭敬地颔首，便回过身去，继续修补他的栅栏。,
不必谢我。我等不过是遵考斯坦丁之命行事罢了。,
她的嗓音深处，藏着一丝难掩的颤栗。,
去同那些塞恩们谈谈。,
临了，却发现什么都不缺了？,
我心底或许偶有疑虑之时，但我身为你的塞恩，定会永远立于你身后。愿你能明白这一点。,
莫尔坎特迈出一小步，向前一步，恭顺地垂下了头。,
国王仰靠椅背，以一种好整以暇的审视目光端详着你。他身后的教士趋身附耳，二人压低嗓音，私语了几句。,
万事胜意。,
什么事这般好笑？,
你的叔父倚着他屋舍的侧墙，眼中闪着精光，上下打量着你。,
你可信奉诸神？,
你的几个扈卫骂骂咧咧地拽着一大群马与你擦身而过，那是他们刚从女修道院马厩里“顺手解救”出来的。,
内夫娅伸出一只手，按在凯蒂尔肩头。,
罗斯克瓦的语声轻得几乎被海潮的咆哮一口吞没。,
回海滩的一路上，内夫娅始终缄默不语，也未曾回头向她母亲投去一瞥。,
把吃奶的劲都使出来！,
恐惧与愤慨的窃窃私语如暗潮般涌过奥斯雷德国王的大厅。卫兵们终于横过兵刃对准了你，奥斯雷德却抬手制止了他们。,
看来，听到风声的不止你一人。有雇来的杀手在铁匠铺附近伏击了我。这事儿，你不会碰巧知情吧？,
是维京人！他们来抓我们回去了！,
是我干的。,
行脚商人,
半晌，那汉子终于又现身了，臂弯里抱着一捆形制精巧的小网。,
这些石碑再三提及国王最终的安息所在，并隐约透露，他落葬时或许有一件威力无伦的兵器傍身。,
其实已是世界末日，闲来无事罢了。,
你若需搭船去那岛上，我乐得效劳。,
人们唤我作科尔比亚纳尔松，只因[Player:Father]寻见我时，科尔比约恩正是那个占着我身契的主家。,
那还是莫要沾手为好。,
咳咳！容我问一句，我想在场诸位，该不会还有人自以为是替康纳尔·马克·泰格卖命的吧？,
凯蒂尔特重重清了清嗓子，其意不言自明。,
拜托了，可还有旁的事要问？还是说，容我回去接着干活？,
孤意已决！再有任何违逆之举，一律处死。即刻退离孤的大厅！,
那就随你意吧。,
她刻意夸大，幽幽发出一声无奈的叹息，却又旋即收住话头，只对你笑了笑。,
哦……怕不是二十二年前，就在这个夏天。,
你想打听些什么？,
这也太残酷了，即便对维京掠夺者来说也是如此，但还有什么比这更能证明那家伙确实死了呢？,
不，不，不！我和我的朋友们以前就赶跑过他们！[i]两次！[/i]可只要你一转身离开，他们立马就会卷土重来！,
能再见到我的[Player:侄子/侄女]总是件好事。你来找我这头老狼有什么事？,
比约格迪丝的声音颤抖着，而奈芙佳深吸了一口气，强忍住泪水。,
菲努拉缓缓放下她的小刀。她指向父亲家园那余烬未熄的废墟，声音里满是苦涩。,
我很期待见识你的身手，[Player:Name]。这对我们俩来说都会是一次宝贵的经历。,
她思量了片刻，然后点了点头。,
她眉开眼笑。,
什么？！那个商贩丫头跑哪儿去了？！我敢发誓她刚才还在这儿！,
你心肠真好，[Player:Name]，但如果你让埃林就这样逍遥法外，我们在阿尔庭的声望可就要受损了。,
海浪平静，[Shipname]缓慢前行。突然，[Fisher:Name]惊叫了一声。,
我总盼着自己能做得更多些。所以我想到了这个——我觉得它或许能帮上你。也许有一天，它能救你一命。,
弗拉格尔，你这该被诅咒的名字……,
赏金这下可泡汤了。,
我叫[Player:Name]。你是谁？,
大伙儿都说你跟卡奥斯坦丁熟得就差称兄道弟了！我尽量给你最便宜的价格！,
是啊，下回再让咱们碰上，她可就没这么容易脱身了。,
其中一个皮克特人清了清嗓子。,
你需要什么我都卖给你。,
感谢大家对我的这份信任。咱们这就去把[Player:Name]从那堆麻烦里捞出来！,
一股强烈的不安感悄然袭来。你驻足片刻扫视前方的道路，但除了风吹动枝叶的声响，似乎什么都没有。,
是啊。足足两次。,
格里穆尔夫挠了挠他的胡子。,
沿着走廊走了几步，你在那股腐烂的气味之下闻到了别的味道——一种平淡的泥土味，仿佛黏在了你的舌根上。你开始感到头晕目眩。,
你一个箭步冲向那个落单的修士，一记重拳狠狠砸在他的下巴上。他还没来得及缩身就瘫倒在地。通往大教堂的路畅通无阻了。,
与智者斯泰因共进晚餐，并设法将奥克尼群岛收入囊中。,
那个维京首领的名字就叫[Player:Name]。你或许饶过了我的同胞，但你如此凶残，该死！,
我会给他送去一剂药，告诉他这能让他变得更强，并确保诸神明天会眷顾于他。,
我们只想安安静静过日子！我们听说这儿或许能保平安，可他们赶在我们前面占领了那座桥。,
算了。,
[i]是你[/i]干的好事！你答应过我的人民会为我们而战，结果一转身就投靠了我们的敌人！,
我们确实打退了进攻者，但没了船，我们只能徒步穿越皮克特兰，而我们手里的财宝多得根本带不走。,
如果你的兴趣不止是一时好奇，我建议你去问问拉格希尔德。她一直在四处找人，希望能有人站出来管管这事。,
如果我们救了他，你会跟我们走吗？,
这点伤还要不了一个狼皮战士的命，老伙计。,
看来他们已经知道我们要来了——哈哈！——但他们可来不及做什么准备了。,
你想冲破这道防线，那可有你忙活的了，甜心。,
{脱下你的衣服。} 如果你想让我脱光，直说就行。,
说吧，艾菲。,
你有一个儿子和一个女儿吗？,
他耸了耸肩。,
斯卡拉格里姆摇了摇头。,
{支付 3000 财物。} 那就是一百五十便士了。,
艾丹把一只沉重的手搭在达布格拉斯的肩上。,
我差不多料到会是这样。,
他摇了摇头。,
她的语气冰冷如霜。,
我们当然守得住峡湾！在我父亲的统治下，这个峡湾已经太平了几十年！,
你的父亲和他的朋友们纵声高呼，庆祝胜利。格里姆尼尔踏过那道横跨裂谷的石桥，气势汹汹地大步向你走来。,
闻到了吗，在烟火气和霉味底下那味儿？像是羊肉炖菜。,
胜者将就任斯凯恩领主，居于其长屋之中。除此之外，再无其他奖赏。,
你面前之人气度犹带战士之风，尽管岁月与安逸似乎磨去了他的锋芒。他须发已见斑白，而那身紧绷在身上的华服与他极不相称。,
想都别想。瓦莱里乌斯正忙着重要的事，非军团士兵一律不见。,
你——你不是给奥斯雷德卖命的。,
老实说，这已经是我们最拿得出手的了！既然来了，要不要顺便看看我这儿都卖些什么？,
不出我所料。也该让你们见识见识我是怎么带这支队伍的了。来吧，都跟我走。,
阿雷的目光在你和他兄弟们之间游移不定。他颓丧地退后两步，然后转身离去。奥塔尔的目光死死钉在你身上，攥着斧柄的手又紧了几分。,
若你追随我，我必令你为我而战，但我绝不会让你去做那些有辱战士首领身份的下贱事。,
就在你转身的刹那，你感觉瞥见了她投来的目光——那脸上浮现的神情，或许正是渴望。,
夜晚在令人头晕目眩的炽热激情中飞快流逝，最终你们相拥入眠，像一对老夫老妻般安心而满足。第二天清晨你醒来时，凯尔已经起身梳洗、做早饭了。,
无论如何，我已下定决心，该对得起这份名声了。你不在的这段日子，我会亲自监督年轻人的训练。自阿尔瓦尔德过世后，那个位子已经空得太久了，早就该有人顶上去了。,
他们朝北去了——沿着海岸线。我就知道这么多！,
我腻烦了给你当雇佣兵的日子。我绝不会为了你去攻打皮克塔维亚。,
有些故事流传于四海，横亘于万代。这些故事中运用着特定的形象——那些我们一眼便能认出的面孔，因为它们是人类经验中永恒的常客。,
幸会，尊敬的[Player:Name]。在下布鲁诺，尤伯特之子。这是内人贡希尔。我们是在萨克森做小本买卖的商人，刚做完一笔收益不错的生意，正在返乡途中。,
我总在琢磨……那儿是不是埋着一颗种子，能长出点，呃。更进一步的东西，你明白吗？可你跟涅菲娅都是那种野得要命的姑娘，我总怕把一切都给搞砸了。,
他是不会，可等阿斯莱夫最终取代你成了我们的领主，他定会为我们感到骄傲。,
能在自以为是上跟你匹敌的人，更是少之又少。,
她朝着你深深鞠了一躬。,
啊！没事！我没事……大概吧……,
这无疑会是个更可控的过程。希望他的死能让那些冥顽不化的郡长、地方官，管他们顶着什么可笑的头衔，都给我长长记性。,
看来人齐了。很好。准备好了吗？,
忙着款待你的宾客呢？,
待我有了拿得出手的东西，自会回来。,
年轻的女巫勉强扯出半个笑容。,
说啊！快告诉我他到底怎么了！,
就如我们先前所议。,
对不住了，兄弟们。我辜负了大伙儿！,
最后一个挪威人栽倒在泥浆里，你容许自己稍停片刻，清点战果。,
老人转过身，招手唤来一个年轻的村民。他对女孩耳语了几句，女孩便撒腿沿着大路跑远了。,
我会落得个什么下场？,
她找不到的。我把它藏在了我俩的隐秘小窝。等风声过了，我们再回来取。,
你再不住手，自会有人把这事儿捅到雅尔那儿去。,
启用“灰烬号”。{中等威慑 / 中等载货 / 低航速},
话是这么说，可也就仅限于你这位国王在位时。一旦他像所有国王一样迅速被人拉下马，我怕是也要跟着陪葬。,
身陷重围，连人数上的优势也荡然无存，这些庄稼汉眼看就要崩溃，可此时他们已无路可退。这将是一场血流成河的厮杀。,
海面上巨浪滔天。索尔策马驰骋于苍穹之上，他的战车将波涛抽打得狂怒翻涌。,
你若以为我这般看你，那便错了。我等皆是上帝的子民。救赎[i]向来[/i]都是可能的。,
芬瓜拉眨巴着眼，逼回了倔强的泪水。,
海洋的召唤,
那是最后一桩了！我手头已无差事给你。你为诺森布里亚立了大功，我感激不尽。,
“Hu gæth？”利奥弗里克在里面候着你呢。,
没指望了。这群人简直顽固不化。,
{环视营地。},
我们会将皮克特人引出珀斯城，让他们在南边的平原上撞上我军主力。而你，需率你的[Shipname]直捣城心，给康斯坦丁来个当头一棒。,
比起奥斯雷德宫廷的孱弱无能、漫无目的，这自然算是一种长进了。,
有劳！事情了结后，务必回来复命。,
而那些效忠于[i]你[/i]的人，你麾下的那些战士——你们之间可亲近？,
[Random:Name]点了点头。,
别那么软弱。,
我敢肯定就是她。这就解释得通她那些古怪举动了。,
我听到了打斗声。看来他们并没表面上那么无害，对吧？,
老头儿为了争一口气答应下来，结果输尽所有。所以我才落到了这步田地。,
我之前提的异议依然算数。下次我再抛出这种顾虑时，会尽量管住自己的脾气。,
格雷提尔招呼两名卫兵过来，他们动手翻查你的行李，而你那个同伙则和另外两个卫兵待在后头。,
再认真不过了。什么代价？,
我把你的号角从珀斯带回来了。,
好吧……我不杀你，但你最好马上滚出这里。,
你说什么？报酬自然是少不了你的。至少先听我把话说完！,
我听说过奥克尼群岛。,
啊，你把苍蝇带来了！很好，趁等基利安的空档，我可以把仪式准备起来。,
我明白了。原谅我一开始就不该问。,
这女人冷嘲热讽的功夫，当真到了大师境界。,
我走了，阿娘。我的领主在召唤我。,
仗是打赢了，但斯泰因已成了一具没法宣誓效忠的尸体。他手下仅剩一个活口，此刻正踉跄着撑起身子，跪倒在你的脚下。,
没人盼着我回去。兴许哪天我还能再见到他们——只要他们没先撞见我！[i]哈！[/i],
那男人老大不情愿地收下你的贿赂，然后嘘声连连地把你从他摊子前撵走。,
察觉你走进工坊，她点了点头，同时抛来个眼神——这眼神既等于承认了她在这儿确实不同寻常，你这么觉得也情有可原，却又明摆着告诉你，要是胆敢把这话说出口，她会[i]非常[/i]失望。,
没人能越过我，[Player:Name]。,
好在涅菲娅不在这儿，不然凯尔没准已经仰面躺在她那漂亮屋子的后头，叫人从肚脐到喉咙给开了膛。,
交给我来处理。,
没用。这整桩烂事就是一团浆糊，根本无计可施。,
{支付200财物。} 我这儿有副能镇痛的方子。,
我听说了。对不住，我的[Player:孩子]，这事我不想掺和。你们两个我是打小看到大的。阿斯莱弗从前还总来铁匠铺搭把手呢。,
{交出200财物。} 喏，给你。现在可以说了吧。,
海亨格羽毛护符,
是啊，当然，我丝毫不怀疑族里会有人把一切打理好。只不过，这日子终归不好过。令尊是位伟大的战士，可身为领主嘛……唉，死者的坏话还是不该讲。,
埃塞尔雷德正尽情享受着幸灾乐祸的滋味。,
我信圣灵，信圣而公之教会，信诸圣相通，信永生。,
那就让皮克特人和诺森布里亚人杀个你死我活。等他们彼此消耗殆尽，我们再暗中推上一把，叫我们的“盟友”得胜。就在他们自以为胜券在握时，趁其病，要其命。,
等战事结束，皮克特兰归了我们，到那时再来谈派我们的战士去日德兰半岛支援你的事。,
一声轻得几乎听不出来的失望叹息。,
说实话，对这个考斯坦丁，我直觉不错。他看上去会是个值得结交的盟友，不像那个奥斯雷德。,
斯库利命我在防御工事下方挖了一条隐秘地道，以备遭围城时偷运消息或补给，或是他遭遇行刺时用作逃生之路。,
试想一下，倘若你以诺森布里亚与皮克塔维亚[Player:国王/女王]的身份驾临阿尔庭，那该是怎样的风光！,
想想看，海对岸有什么样的荣耀在等我们去夺取。数不清的财宝！[i]打不完的仗！[/i],
等你出来时，我就在墓穴前头等着。祝你好运！,
{杀了他。} 我做过交易了。你的命，换那孩子的命。,
这话怎么说？,
用“落叶松号”。 {中等航速 / 中等威慑力 / 低载货量},
{消耗5份绳索，朝下方固定一条索降绳。},
他朝你亮出他那个招牌式的迷人微笑。,
一只做工精良的白色手套，滚边绣着旋绕的花卉纹样。,
说罢，涅菲娅把铠甲往她那侧好肩上一甩，大摇大摆地走开，去忙当晚的杂务了。,
此话当真……？你竟饶了她……,
你的话语便是我们的荣耀，维京人。,
你和你全家都是本族的叛徒。我此来就是要取你的命。至于那些女人，一律流放。,
这些便是众神。他们活在我们体内，也活在我们的传说里。他们是我们尘世的一面镜子。,
我们猜他们原是奔这儿来，要投靠那座旧要塞里拜撒旦的信徒。万幸我们抢在了前头。,
就在他的拳头攥住那包裹的一瞬间，你拔出小刀刺去，但他早防着这一手。他丢下包裹向后跳开，同时拔出了自己的武器。,
迷路了？,
不过一个老头子罢了。一个很老、很老、[i]老得没边儿[/i]的老头子，是吧？能给你添多大乱子？,
抱歉，我的[Player:孩子]，你开头不赖，可一个真正的基督徒，总不能只会背主祷文第一句吧。,
又是你？！你就不能消停一会儿吗？！,
格蕾妮。你——那你觉着自个儿这是要去哪儿呢？,
约维克城那略显异样的市井喧嚣中，你清晰地辨识出一阵阵锁链拖过地面的哗啦声。,
郡长毛科林又在城门口迎你们了，那神情，仿佛随时都在等着脑门上被狠狠楔进一柄斧头。,
你是个美丽的女人，凯尔，可我还有其他推卸不掉的责任。,
利奥弗里克挑了挑眉。,
我会试着——[i]啊[/i]——把另一边脸也转过去。,
你竟然还活着！,
可等那杯子到了索尔手里，他却连杯带柱砸了个粉碎；他从座椅上将它砸向石柱，可他们带回去给希密尔的，竟还是那堆碎片，一片不少。,
谢了。不耽误你干活了。,
原木墙外轻柔的海浪声清晰入耳，会众的絮语早已沉息。木栅圈外，那些最胆大的人聚成了一团，正怀着震惊与敬畏观看着这场仪式。,
我可不想被人当枪使！,
惩罚已经降临到他身上了，我的女领主。那个诗人死了。,
有时她神志清明，有时她的心绪又不知飘去了何方。今天怕是云游到百里外去了。,
你凝神细听，发现石块撞击井壁的频率越来越高，这意味着越往下，竖井便收得越窄。,
她在拼命克制自己，不让疲惫引发的颤抖泄露出来。,
他从栅栏上抽出自己的长矛，递到你面前。,
让你撞见她这副模样，真是对不住。她今天实在是不顺心。,
两个守卫面面相觑，满脸的不可置信。,
莫尔坎特立于几步开外，目光空洞地凝望着半空。待你走进，便听见了他低声的呢喃。,
谢谢你！哦，上帝，谢谢你，你救了我们一家！,
[Random01:Name]应了一声，一个翻身便跃了起来。,
[Observant:Name]仔细地撬了撬卡在隧道口那堆碎料中的一块木板。,
{离开。},
他们哪里叫你信不过了？,
贡纳尔脸上露出了不悦之色。,
科纳尔拔出剑，他手下所有人也齐刷刷跟着拔剑。,
闪避成功,
你打得……比我预想的要好。霍尔蒙要是还在，看到自己女儿变得如此能干，一定会引以为傲。,
她的目光再一次对上你的，这一次却是透过一双精明的眯缝眼。,
所有帮助埃塞尔雷德重夺王位之人，都将收获我们最深重的感激。诺森布里亚王国会成为一个强大的盟友。,
放下武器！,
这事儿要是让我家里人知道了，他们可不会高兴。,
地底之民是真实存在的。他们始终守护着那座墓穴。,
那些搞破坏的家伙，你们解决掉了吗？,
祝你们再度起航时，一帆风顺。愿索尔看顾你们的旅途，赐你们一路顺遂的风。,
孩子想开口说话，却发不出半点声音。他只是沉甸甸地点了点头，步履蹒跚地走到你身后站定。,
她将一缕火红的秀发从眼前拨开，露出精致的五官和象牙般的肌肤。她看起来至多不过十八个冬天。,
那两名战士点头会意。一人抄起斯卡基的双臂，另一人抬起他的两腿，合力将他抬进附近的小屋里。,
感激不尽！,
他痛苦地紧闭双眼，咬紧牙关，从齿缝中喘出最后那几句无力的话语。,
锯,
你觉得自己更配坐这领头的位置？,
利奥弗里克的笑容变得和煦了些许。,
那女修道院毫无防备。我们只是取走了我们想要的东西。,
我只知道，等抓住他的时候，我要亲手将他活活剥皮。,
好吧，说得在理。那进去吧。国王住在最大的那栋房子里，但他只想跟你们的头儿谈，所以别去打搅他。,
在你将手中仅剩的这点东西轻易抛掉之前，最好再掂量掂量。,
半梦半醒间，你模糊地感知到埃塞尔雷德正哀声乞怜。接着便是一声利刃切入肉体的闷响，以及一阵令人毛骨悚然的、被死死压抑住的惨叫。,
得，这下守卫发现我们了。,
我才不信呢，像你这般身手不凡的[Player:男人/女人]。,
我自己[i]当然[/i]绝不可能参与此等恶行，但也万万不能听任你们犯下如此暴行！,
我想找的答案已经得到了。一些困扰我很久的问题的答案。感觉……现在的局面似乎稍微清晰了些。,
你转过一道弯，迎面撞上一大群全副武装的盎格鲁人。他们显然早就等着你了。,
至少我死了也是具挺好看的尸体！,
听首领的，索尔凯尔。不惜一切代价也要保所有人周全。,
他身子微微前倾，脸上笼上一层深深的怒意。,
再去跟女巫的学徒谈谈。,
他当时和[Player:Father]在耶阿特兰为西古尔德·赫林格而战，奉命伏击一队正赶去增援敌人的雇佣骑兵。,
他还活着。我们怎么办？,
芬瓜拉亲昵地在她父亲肩头捶了一拳，任由自己发出一声半是哽咽的轻笑。,
他紧张地舔了舔嘴唇。,
奥斯雷德那副绞尽脑汁字斟句酌的样子，一看就是在拼命避免得罪人。,
在东海岸找到拉克伦和戈姆莱斯的家园。,
索尔指引我的武器！,
{离开。} 这不关我的事。,
我们别无选择，只能再次寄望于当初拿下珀斯的那手战术。,
在奥克尼群岛时，我曾让手下为劫掠珀斯备战。后来“碎颅者”露面，许诺了一个更易得手、也更富庶的目标。我偶尔会想，当初若是没改主意会怎样。,
埃尔林格回头望了一眼他的妻子和身后的农舍，又扫视了一圈围在身旁的奴仆们。他的右手缓缓移向腰间佩剑的剑鞘。,
与玛尔多交谈。,
[i]该死！[/i],
去告诉米尔丁发生了什么。,
若你有什么需要，我们的祭司可以相助。,
薄斧,
听着挺危险的。,
留里克耸耸肩。在宴席的嘈杂声浪中，他那轻柔的嗓音几乎微不可闻。,
你能回到家真是太好了。众神一定庇佑着[Shipname]——只要你的船帆一浮现在海平线上，整个斯凯恩似乎就会跟着安宁几分。,
怎么？还在等什么？你只要拿下村子，我们便会前去支援。,
凡事小心总不为过。,
英吉马尔倚在壁炉旁，目光落入那噼啪燃烧的火焰深处，眼神渐渐变得悠远起来。,
他呵呵一笑。,
你回来了。这次又是什么事？,
他的手指骤然收紧，死死攥住你，仿佛他一条命全系于此。,
不，是[i]我们[/i]要走。你这会儿已经归我了。,
贼人！这是亵渎！,
你在这儿打出了不错的名声，所以我很乐意为你打造任何你想要的兵器或甲胄。你在找哪一类装备？,
在混乱中找到你的侍卫。,
用那东西换几个钱，你肯不肯？,
埃塞尔雷德一息尚存，虽然这一息已艰难至极。,
当你涉过河水时，哨兵终于察觉了你们的行踪，营地里所有人立时抄起兵器，向你合围过来。若这是一次佯攻，那简直堪称大获成功。,
我偶然得了一枚黄金十字架。,
你是那个最有可能活着回来的人。,
{离开。} 走岔路了。再见。,
你最好还剩几分斗志，我可还没打完呢！,
[Victim:Name]刚来得及对你露出极度震惊和难以置信的神情，你反手就用武器柄头补了一击，干净利落地把[Victim:他/她]撂倒在地。,
如你所料，既然是腌制的存粮，盐分果然很重，但仍然惊人地保留着不少原本的风味。,
国王为自己信仰的坚定而骄傲。我们中间可并非人人都如此虔诚。,
那这大批的补给品怎么办？,
艾蒂丝似乎被勾起了兴趣。,
艾菲深吸一口气，又仔细检查了一遍自己的武器。,
是某种护身符吗？你的手艺可真是了得。,
那就随我来吧，留里克。,
我们明日正午，于决斗岛相会。愿众神眷顾你。,
这些防御工事建得真好。全日德兰半岛最棒的！,
我要成为伟大的战士。谁也别想打败我。,
我可不是什么寻常战士。我本以为会得到更好的待遇。,
你这果然是在替奥斯雷德刺探情报。多谢你坦然承认。,
{放了他们。},
首领，随时听从你的号令启航。“峡湾号”会在林迪斯法恩以北与我们会合。,
我坚持我的决定。,
每一根木杆的末端都悬着小小的木制十字架，而那布料上则绣着图案，所描绘的正是他们那位饱受折磨的神瘫倒于他哀恸的母亲臂弯的情景。,
我会看住她——我发誓，绝不再胡来了。,
杀死瓦莱里乌斯，把金鹰徽交到约维塔手上。,
回去找康斯坦丁。,
我们奉命前来捉拿你，以清算你犯下的叛国罪行。此事与主教大人无关。,
你开的价码，简直是对体面二字的公然侮辱。,
她嘴唇微微张开，旋即又紧紧抿住。,
金十字架,
若非如此，我怎会遭这无妄之灾？要不是玛尼护佑，沼泽早就要了我的命。,
恩巴尔德双手托着下巴，彻底傻了眼。,
敌袭！维京人！,
大块头，你能加入我们真是太好了。你打起来是条汉子，有你并肩作战，我求之不得。,
他的嗓音嘶哑，堵得厉害。,
艾菲悄悄摸到一块石头后，伸长脖子窥探。,
几根羽毛被细绳草草扎成一束。你是在海神殿旁的沙地里找到的，这东西半截埋在沙中。,
谁跟你说的？,
那地方是夹在霍达兰和阿格德尔之间的一个王国，就在海对岸。那是个美得惊人的国度，巍峨山脉绵延起伏，幽蓝的峡湾深切入其间。,
你一个手势落下，你麾下船队中的两名战士便上前，小心翼翼地架起利奥弗里克，将他抬走了。,
悉听尊便。,
第二天清晨，你在他的帐篷里醒来，浑身湿透，头痛欲裂。当他顶着那头乱如鸟窝的金发看向你时，你实在没忍住，笑出了声。,
我就当你是在说“不行”了。但话糙理不糙：我造的河船，是整个岛上最坚固、最灵动——我是说最敏捷的。,
我就当你这话是拒绝了。行吧，那就滚吧，懦夫——赶紧夹着尾巴跑。,
很好，我们自会证明，这群人根本无需畏惧我们。,
行，那就这么定了。,
那就更该立刻拿下埃奥福威克。,
求你了！母亲天天为这事念叨个没完，你就别再来火上浇油了。,
[Watson:Name]在尸体旁单膝跪下，小心翼翼，免得跪到一滩肠子上。,
我看不出这事与你何干，不过既然不明显，我就明说了：我在盯着北边的来路，以防有什么风吹草动。,
主教抚着他那光溜溜的下巴，那架势活像那儿真有一把胡子似的。,
整个皮克塔维亚的人仿佛都涌入了珀斯。庭院里堆满了摆着珍馐的桌案，所有氏族的旗帜沿街招展。国王大厅内，所有参战氏族的首领都得到了盛情款待。,
他怕是以为我遭了什么可怕的变故。,
那孩子的父亲腾地跳将起来，指着你，满脸愤然。,
你觉着我就这么面目可憎，能把三个大老爷们吓跑？,
她眼中霎时腾起一股怒火，但转眼便消失得无影无踪。,
你要看看，自然随意。但你若敢碰我扈从一根寒毛，我便视作你对我荣誉的奇耻大辱。,
[Naysayer:Name]尴尬地清了清嗓子。,
尽管奥斯雷德的斥候已七零八落，无力干扰你的计谋，可你自己的能耐此刻却掉了链子。电光石火间，戈德薇芙便看穿了你的谎言，洞悉了一切。,
[Eater:His/Her]的手指刮过空空如也的盘子。努基撑在桌上，狠狠盯着面前还剩半盘食物的碟子，一脸苦大仇深。[Eater:Name]脸上和手上沾满油渍和残渣——但[Eater:he/she]赢了。,
与我同床共枕，我愿终生侍奉你。,
我带她走——我发誓，再不会有逃跑这回事了。,
老天爷啊。谢天谢地，你是咱们这边的。,
利奥弗里克注视着你，眼中的诧异缓缓化为敬重。,
我能赶在那奴仆身边的猎人碰到他们之前，先把他干掉。,
把号角给我，否则我就自己[i]动手[/i]拿了。,
两个小时过去了……,
你来了我真是太高兴了，[Player:Name]。这不仅仅是对我们战胜诺森布里亚的庆贺，在某种程度上，这也是为了你。,
翌日清晨，你们带着战利品，在国王大厅前整队列阵。门口的卫兵微笑着向你们致意，那份敬意，是你在诺森布里亚从未感受过的。,
你竟把他们想得这么不堪？,
戈德薇芙死死盯住莫尔坎特，那目光凌厉如刀，逼得他整个人明显往后一缩。,
再说了，有点良性竞争，不也挺有意思吗？,
艾瑟尔雷德转过身来，对着集结的众战士朗声而言。,
正是此物。愿它在接下来的战斗中，佑你无往不利。,
众神之父的箴言果真睿智。此局平手，吾友！,
你必须为自己的罪行付出代价。,
你迅捷如鹰隼，抽出撒克逊刀，狠狠劈在阿斯莱夫的肩膀上。突如其来的惩罚之痛，让他猛地缩了回去。,
急中生智的[ScoutCapturer:Name]闪身挡在了一名旅伴和他的武器之间。,
等你各自散去忙活、稍作休息之后，沮丧便渐渐被一种试探性的期待所取代——你终于要回家了。,
他们逼得我们没有别的退路了。,
凯蒂尔紧贴着墙壁站了片刻，然后便悄悄溜回墙角后，与等着他的大伙儿会合。,
我们哪儿也不去！,
国王向卫兵们使了个眼色，他们随即举起武器，却没有瞄准你。,
掌声与欢呼声顿时响成一片。,
你用力一抽，长矛便轻易从他肋下滑出。这真是一把绝美的兵器，你猛地意识到，上面所刻的竟是诺斯符文。,
哈！漂亮。那我们出发。,
我不明白你在说什么。,
我去请她出来。,
你的话听着空洞无物，这位领主。,
一位年轻女子伫立在一棵苍劲的古橡旁，出神地望着西面的来路，心思仿佛早已飘到了别处。她远在你到达之前就已注意到了你，此刻转过身，静静看着你攀上山岩。,
我们会如约离开，但你们若想除掉雷穆斯教派，就必须自己去对付他们。,
他一时不知该如何理解这件事。,
恶灵很快就将归来。灾祸要临头了！,
是斯库勒领主派我们来的……,
大多数宾客随你来到屋外，在你身后围成半圈。你隐约察觉到，其他领主们正在交头接耳、窃窃私语。,
该死，这下事情怕是要棘手了。,
{把袋子留下。},
在约弗维克与哈德良长城之间找到唐德瓦恩的营地。,
国王法庭悬赏五十五便士，要他活着回去受审。若沃尔塞奥夫被杀，赏金降至三十便士。,
等我亲眼看着所有人都死光，那时我才会跟你走。到那时，就算你带我去天涯海角，我也无所谓了。,
依我看，有两条路可走。我们可以把它建成一座配得上君王的要塞，或者扩建成一座像模像样的蜜酒厅。,
你对此事如此费心张罗，看来其中必有利害关系。,
当然，牧师。我们不打扰您清静了。,
等待期间，我可以先为头一批探路的家伙设下套索陷阱。这样交锋时，我们便能占得先机。,
他似乎斟酌了片刻，随后点点头，连自己都对这个决定感到惊讶。,
利奥弗里克摇摇晃晃，重新站起身来。,
我定要你为此付出代价，哪怕这是我这辈子干的最后一件事！,
就在那边，在那座山上。我认得那些石头。我们多年前落脚的那个小村庄，一定就在前头。,
你不妨晚些再找贡纳尔叙旧。你方才正和我说斯库勒的事。,
她接过了那些药草。,
把那个术士给我们带过来！,
你竟然同这些被神遗弃的异教徒沆瀣一气，马格努斯？！我早知你是个没出息的懦夫，但万万没想到你会堕落到这种地步！,
艾雅？艾雅就像……咱们所有人的娘亲。在某种程度上，我感觉咱们就像一大家子，这全是因为有她。,
他本该留在这里，为自己氏族尽忠的。,
当你割开他伤口周围衣物的时候，威利布罗德一脸惊惧，可随着你手法娴熟地为他包扎好伤口，那神情立刻转为惊愕。,
瞧你这模样，生得又壮实又能干！能不能帮帮一个可怜又落难的旅人？,
罗斯克瓦向[Detective:Name]投去一个佯装被冒犯的眼神。,
是啊没错，你的炖菜真叫一绝，艾雅。你往里头放了什么？,
也不知克维杜尔夫还要多久才能弄完。,
找到赫丁维手下的第二批奴仆。,
他这次笑得更加由衷。那是满含钦佩的快意大笑——你简直敢打包票，这人一脸被迷住了的模样。,
你觉得奥斯雷德还会回来吗？,
你解开系带，将胸甲从她头上脱下，又引出一声不适的呻吟。你留意到，她肩部的衬衣早已被血浸透。,
只需让令友每天早晚各服下一小撮粉末，不出一周，她定能痊愈。,
他的眉眼轮廓隐约有些熟悉……,
就在那滩秽物中，你瞥见一抹金灿灿的光泽。看来底下偷偷藏着成堆的珠宝。,
这些人全副武装。我们得往最坏处做打算。,
玛尔多尔到底想索求什么？,
内菲娅有事要和你说。,
到外面与斯泰因会合，正式接管奥克尼群岛。,
你的作为足以赢得我的敬重，但在我的王国恢复稳定之前，我还无法将麾下战士托付于你的事业。,
她站起身来，小心地揉着肩膀。,
你有权让另一个人代你出战！,
是吗？你知道那颗脑袋在对我说什么吗？它在说，你对一位备受尊敬的皮克特酋长下了杀手，是你自作主张。,
你打得很好，英灵战士，但你为我效劳还未结束。还有更多的战斗等着你呢。,
所以你现在为埃塞尔雷德效力了？,
好——等这一切结束后，我们需要里面的财宝来重建城市。带路吧。,
令尊的事，请节哀。,
达布发出一声怪异的兽鸣，像呜咽，又像低吼。,
一群基督徒正在追捕那些躲在莱加塞斯特古罗马堡垒里寻求庇护的异教徒。,
如果诸神皆是想象的造物，那么了解诸神，便是了解我们自己。,
嘿！走路看着点！,
她惊愕得用手捂住了嘴。,
孩子的父亲从他身后悄悄摸了上来。,
你知道吗，我也是个好首领。你为何不臣服于[i]我[/i]呢？斯克恩是个好地方——海边的空气清新，或许对你有些好处。,
{向前行进。} 我们该表明身份了。,
走了这么远，总能再撑一阵子。,
把自己的身家性命系于旁人的喜怒无常，实在是再糟不过的厄运了。,
{游回去，把其他人接过来。},
我不会告诉你我怎么想。重要的是你[i]自己[/i]从这些故事里悟到了什么。,
巨人压根没留意你。他的两个劫掠者从你的长屋里钻了出来，一人扛着一个大麻袋，里面装得想必都[i]你的[/i]家当。,
你听得懂他们说什么？,
那方面，我们恐怕帮不上什么忙。,
我听过赫罗德盖尔达的传闻。说她出手迅捷如狼，而且毫无荣誉可言。,
内菲娅回到朋友们中间，看着大大地松了一口气。,
牧师的语气有所保留，但还算恳切。,
巴德尔护符,
他挺起胸膛，双手叉腰。架势摆明了是想吓唬人，反倒让他显得滑稽透顶。,
你在这儿可派不上这些兵器。,
我想是因为我跟你说的那些话，嗯？我本意并非如此，不过……还是做得好。,
你在我父亲的葬礼盛宴上，当众出言不逊？,
不过是句警告罢了。,
你们已在崎岖难行的岩石地上跋涉了数小时。前方忽地传来石头撞击的哗啦声和一声惊呼——这便是唯一的预警了。你眼睁睁看着[Klutz:Name]脚下的岩架崩裂坍塌。,
我偶尔会和他切磋。他若能在战场上放下几分掌控欲，或许能更胜一筹。不过嘛，轮不到我来教旁人如何打仗。,
你看起来心事重重，我的[Player:儿子/女儿]。什么在让你烦忧？,
还不行。,
信徒们好生受苦。哎哟。,
那就算平局吧。诸神在上，你这肚子真是铁打的。,
该死的雇佣兵……,
听着，既然你在此间的正事已了，不妨做笔交易？,
自己送上门来，可就容易多了！,
{攻击。} 你胆敢向我求施舍？！你要为这放肆付出代价！,
下次回家时，我们可得盯紧了那老妇人——天晓得她干了什么才招来这等诅咒！,
若传闻属实，那里可遍地是机会。我渴望追随父亲的足迹，去看看他曾见过的风景。,
别担心，你们若是真能拿下村子，我们自会援手，帮你们守住。[i]如果[/i]你们能拿得下的话。,
转念一想，银钱你自己留着吧。你们可以自由通行，愿你们归途平安。,
{走到他们听不见的地方。},
这把小刀沉甸甸的。不过，这样一把刀，必须得沉。,
你的叔叔格里穆尔夫正为一群狼犯愁——它们已经咬死他四头牲口了，他想要做个了断。,
谢谢你，[Player:Name]。若不是你出手相救，我敢说我们早已双双毙命。哪怕今日没死，怕也撑不过一个月。,
狩猎如何啊，陛下？,
那斯库勒·碎颅者呢？你和他打过交道了？,
这实在有失我的身份。我不会相助。,
让死者安息吧。这不干我们的事。,
你们口才了得，我承认。那好吧，我会相助。我不知道此举是否如他所愿，只能祈祷，望你们莫要惹他不悦。,
你做得对。越早开始越好。,
凯蒂尔又唤来几个族人，他们用足以捆住一头疯牛的绳结把贡纳尔绑了个结结实实。这大个子被人带走时，竟毫无反抗之意。,
他紧锁的眉头透着忧虑，但固执最终占了上风。,
那就别假惺惺的了。你今晚就得死！,
感谢托尔，你还活着！快，起来！,
干出这等可耻的事。后来怎样了？,
在英吉尔森林的营地中与被废黜的国王埃塞尔雷德会面。,
要是我能把维冈德尔的全套装备都卖掉，钱不仅够用，最后还能余下些银两。,
红头发，胡须稀疏。身穿一件镶蓝边的黄色长袍。,
搜查那艘小艇。,
事情倒还真有一桩，简直像是为你们这伙人量身定做的。只不过，我现在开始怀疑，你们究竟是否值得托付此事。,
给我滚开，你这小崽子。,
没错，他是想让人逮捕我，他迟早会为此付出代价。,
潮湿的石墙上回荡着嗡嗡的话语声。,
诸位安好，陌生的来客。,
你在找些什么？,
带路吧！,
说句掏心窝子的话，就算魔鬼肯把他的力量借给我，我恐怕也不会用来治农妇们的经痛。,
求你了，别告诉任何人我们在这儿！,
一共十二人。六个盖尔人，六个盎格鲁人。男女参半。,
该死，我着火了。,
第二天早晨，你来到篝火旁与众人会合，内菲娅并未向你打招呼，但到吃早饭时，她的态度有所缓和。,
[乞求者:姓名]微笑着，抬手比了个锤子的手势。,
他把注意力重新转回自己的同伴身上。,
我这儿完事了。,
我看看能想点什么办法。,
赫罗德盖尔达漫不经心地审视着自己的指甲。,
莫尔坎特缓缓点头，不确定是否该信任你。激烈地争辩了一阵后，那女人又折返回来，拾起方才的话头继续往下说。,
去他妈的这鬼地方，我要离开这儿！,
五十？！那赏金总共才六十便士！,
不，我跟他实在没什么好说的。他成天就知道钻在书堆里，我又大字不识一个，所以……,
我会将此视为无上的荣耀。,
内菲娅从血污泥泞中撑起身子，跌跌撞撞地走向凯蒂尔。,
不赖嘛，小子。谢了。咱俩的账，就此一笔勾销。,
他对这个结果似乎并不完全满意。,
看啊！埃奥福维克就在你脚下。感觉如何？,
我可没兴趣让那家伙上我的船。,
看到你的反应，她仿佛猛然意识到了自己的失态。,
奥斯雷德默不作声，没有为自己辩解。他开始微微发颤。埃塞尔雷德似乎对他动了恻隐之心。,
城墙仅仅是麻烦的开端。对付国王的侍卫，恐怕才是更大的挑战。,
考斯坦丁的一名仆人端出一只高高堆着金银细软的小托盘，放在你的脚边。,
他轻蔑地哼了一声。,
你不妨先从外边打听起，说不定有人能对那个德鲁伊略知一二。,
她点点头，眼中满是深沉的哀伤。,
好吧！算你说得对。给你。,
你手腕一翻，刀刃迅捷地划过女孩的喉管。她瘫软在地，随着生命从指间流逝，嗓子里只发出一阵咯咯的轻响。,
一个不带丝毫感情的漠然点头。,
要是真想和这帮人谈谈，我们当初就不该把口译员留在后面！,
我正有此感。,
慢着，那究竟是他们偷了你的，还是你偷了他们的？,
行啦！好，我们这就回去。,
在我见过的所有人里，就数你最有意思！,
这看起来像要出乱子了。你们怎么不在自己岗哨上？,
你那边运气如何？,
别在意。待会儿场面可能会乱。你最好先躲起来。,
那女巫将她细长的手指嵌入你的指间，你们一同悄无声息地溜进营地，与其他人汇合，开始履行晨间的杂务。,
什么？,
{保持沉默。},
奎恩看上去几近崩溃，但她从内心深处挖掘出力量，以一股怒火强打起精神。,
现在反悔为时已晚。等阿斯莱夫当上我们的领主，今晚之事的荣辱，[i]他[/i]自会定夺。,
全体公民大会,
甘纳尔乖乖抬起了脚。,
不必，不必。这是家事。,
我的队伍里混进了奸细。我需要一个局外人帮忙，而你，是这数周来唯一一个知道怎么握兵器的访客。,
那人用闲着的手揉搓着自己的脖子。,
倒不是[i]想[/i]伤着你——但要伤你我也没什么不敢的！,
记着——这是战争，我们的敌人跟我们一样，从不留活口。我们败了，他们便会杀了我们。,
凯蒂尔一阵干呕，慌忙用手捂住嘴。,
那甘纳尔该怎么办？,
我——我不觉得我是做这事的最佳人选……但我愿意一试。,
这是我的提议——就由我动手吧。,
咱们试试看吧。带路。,
{平局。} 够了！一个人身上最糟糕的累赘，莫过于灌下肚的太多麦酒。打成平手，你意下如何？,
也许是吧，但我绝不会掺和。,
杀掉那群可悲的懦夫，本可以是个有趣的消遣，可惜我们没时间了。,
不管你是不是基督徒，你学习我们教义时，确实给了我应有的尊重。看来，我们终究还是有共同点的。,
行，我们回家。,
冷静点。出什么事了？,
这可帮了我们大忙。不管何时，只要你需要什么，尽管回来——除了你，我们已没剩几个朋友了。,
{检查这片区域。},
看来我这生意是没法在这儿做下去了。如果你想从我手里买走些什么，我会给你个好价钱。,
埃塞尔雷德从战略会议上猛地跳起来，手指控诉般地戳向他的卫兵。,
疼痛只会让我[i]更强！[/i],
还在掂量我的选择。,
也许[i]晚一点[/i]就他妈的太晚了！,
瓦达从桌上抓起一个罐子，给你倒了一杯东西。那玩意儿很像蜂蜜酒，但苦味盖过了甜味。他举起自己那半空的杯子，向你致意，随即一饮而尽。,
我们伤亡惨重吗？,
给我一个不杀你的理由。,
你还从未在埃奥福维克受过正式的迎接，对吧？那让我先把这事儿办了：欢迎来到埃奥福维克，丹麦人[Player:Name]。愿神与你同在。,
请宽恕我，[Player:Hlaford/Hlafdia]。国王的帐篷里正等着您呢。,
那男孩停下攻势，一双锐利的蓝眼睛紧紧盯住了你。,
请容我介绍默丁·埃姆里斯，世间最后的德鲁伊。默丁，这位是考斯坦丁·马克·弗格斯，皮克塔维亚之王。,
你知道吗……你说得对。抱歉，我不该因旁人对[Player:man/woman]的闲言碎语，就拒绝[Player:him/her]。你需要什么？,
那是自然，[Player:Name]。无论你做什么，我们都誓死追随。,
瓦达拔出武器，奥斯雷德的人也立刻亮出兵刃。不管你乐不乐意，这一战你已躲不掉了。,
一个能把我们先杀光的机会？谁知道那村子里到底藏着多少真正的战士。最好趁我们尚知彼此时，先发制人。,
别让我的心血，就此被世人遗忘。,
看起来就像一个[i]极尽[/i]疯狂的夜晚过后，留下的一地狼藉。,
美丽的格蕾妮，完美地示范了该如何解决这个难题。她既能将基督安放于心，亦不忘向旧神献上敬意。,
我们仍应为这趟旅途备足口粮。我想，我有个法子能凑到钱。,
{静观其变，看他打算做什么。},
对于像你们这般规模与本领的队伍，我手里恰有合适的东西。,
我们已竭尽所能。剩下的，就看我的姐妹了。,
你还未走到她的藏身处，那女孩早已腾地站起身。她的双眼哭得通红，一身华服浸透了灰烬与鲜血。她顺着厨刀的刀刃望过来，眼里满是恐惧。,
你敢！我很清楚自己说过什么。就直说吧，你到底想要什么，我好趁早摆脱你。,
我们在这儿是找不到盟友的——斯库勒的势力太大了。,
艾菲猛地转身，一把抓住你的肩膀。她焦虑万分，指甲深深陷进了你的皮肉里，一阵生疼。,
替你打理新摊位的女人，听见你的脚步声便转过头来，可她的目光却仿佛径直看穿了你。她双眼泛白，什么也看不见。,
当然。出什么事了？,
我感激不尽。这真是莫大的荣耀。,
上等好货！便宜卖啦！,
艾布琳能活下来是件好事——她早晚会想通的。而且，我相信凭她的热情及其在族人中的声望，我们定能找到获益的办法。,
格蕾妮？呸，管她呢。很明显，靠耍嘴皮子是躲不开这场架了。亮兵器吧！,
珀斯与埃奥福维克，如今皆入我囊中。一个由我统治的、一统的不列颠。,
那咱们接着干吧。,
我们只是路过，恰好瞧见了这片废墟。,
{举起你的拳头。},
你到底是怎么带着那么多东西逃出来的？,
二话不说，贡纳尔迈开轻快的步子，沿着大路向北走出了村子。,
斯卡拉格里姆带着一脸倦容向你致意。他的盾牌上溅满鲜血，双肩低垂，但神情看着很是满足。,
床上得多添点干草。我的背疼得真要命。,
你们四散而去，各自处理杂务、安顿歇息，一股令人窒息的挫败感，沉沉地压在每个人心头。,
瞧，干净利落。这下满意了？,
我要发起一次远征，急需一艘新的长船。,
我父亲在那儿有座大农场，可有个叫霍尔姆冈-蒙迪的维京人出了名，路过那儿就向他提出决斗。,
嗯……你要是有心，我倒想过设个套，把那群狼宰了。,
你这儿都卖些什么？,
去解决那个崇拜雷穆斯的异教另一个分支。,
你算老几？我的替身？你他妈在搞她？,
这事儿会怎么收场？,
还不行。,
我老家那边，有的是各种[i]手段[/i]让人开口。,
{攻击。}你[i]要是能去死上一死[/i]，那可真是帮了我天大的忙了！,
那三个男人在村中央挤成一团，一副惊魂未定的模样。,
那孩子低着头，满心恐惧地缓缓经过你身旁，一走过便撒腿沿着小路狂奔而去。,
{支付300财宝。}一剂解毒剂。,
动手干吧。我希望这片地方尽快清理干净。,
你就这点本事？！,
恐怕已经到那个地步了——我这副样子已经好几个星期了。,
当然。,
咱们分头行动。我们摸进教堂，你去搜那小屋。,
牧师跟一个民兵聊得正酣，两人都没觉察你进来。,
罗斯克娃翻了个白眼，但嘴角的笑意却没藏住。,
里伯是西海岸跳动的心脏！在这儿的工夫，可记着好好享受！,
我们不是去争荣耀，是为了救氏族。,
很好。不管你在那遗弃之地找到什么，我相信答案自会明明白白摆在眼前。无论是不是基督徒，在这件事上，你都是为上帝效劳。,
他迟疑了一下，随即便迈着自信的步子哗哗蹚过水来，一把将你拽进怀里，深吻下去。,
你父亲肯定是把我错当成旁人了。,
若非要取我性命，随你，但别糟蹋了那些书！,
那就走啊。倒要看看你能走出多远。,
我们被抓去做了奴隶，伺候维京人。,
阿门。,
我们的儿子都是你害死的！我的娃儿可[i]死了！[/i],
活下来的就这几个？！洛基在上，死了的奴隶顶个屁用？叫买主知道了，非活剥了我不可！,
见他落到如此境地，还真别扭。贵为国王，死后也无半分体面可言。,
英吉马尔鼻翼翕张，不由得拿袖子抹了抹嘴。,
{吻她。}我宁可脑子清醒着体验。,
{攻击。}我给了你机会，让你平平安安离开。要能活下来，就给我记住喽。,
我们压根不是那路匪的对手。,
能在这儿干掉利奥弗里克，算是我们走运——少了他，埃奥福维克的城防可要薄弱得多了。,
你麻利地寻来几根绳索，接在一起，朝[Unlucky:Name]抛了过去。,
我在此地所做的一切，全是为了护我族人周全。,
神明眷顾于我——此战告捷，便是明证。,
你亲手养大的牲口，日日瞧着你几个儿子伺候它，自然就瞧得出来。,
莫尔坎特翻译这话时笑逐颜开，甚至还夹带了些自己的说辞。,
能不能让那家伙住嘴，奈芙娅？,
他飞快地环顾四周，确认再没旁人偷听，这才伸出手来与你相握。,
躺着别动。让我瞧瞧你的伤。,
这话说得实在有理，我欠你的，何止几句谢意。请收下这些薄礼，权当我的心意。,
站住！你想做什么？识相的话，趁早掉头滚开！,
[随机02:姓名]指了指地上一具身着里伯服色的尸体。,
对，我就是会打架。怎么，吓着你了？,
你若是打算让我们去前线冲锋陷阵，那我们可不干。,
这么说，我们扶你夺回王位，就能换得诺森布里亚的支持？,
{只给2000财宝。}拿着，按说好的，战利品分你一半。,
你甩这些文绉绉的大词儿，是想显得我多蠢？,
你知道我会去的，只要米丁也肯走一遭。,
一半。,
{与他擦肩而过。},
{别去管他们。},
她用沾着炭灰的手指挠了挠后脖颈。,
诺森布里亚的乱子已了。是我亲手平的。这王国如今重归一统，归于埃塞尔雷德一世治下。,
我哪儿知道。都是些毛头小子，没准只是想试试能摸到多近跟前。放了他们走，也未见得有什么坏处。,
她[i]不是[/i]战士！她是我的心头肉！我放纵她那些天马行空的念头太久了，可我绝不会让他们把她从我身边夺走！,
A bheil thu gu math?,
还能有旁的人逃出生天吗？,
无妨。此计之妙，端在万无一失。,
跳跃者护符,
看哪！维京人又杀回来了！,
不是狼……不过我倒是听见了……嚎叫声。那些畜生准是跑到了——[i]啊！[/i]跑到了我的营地，来寻我没吃完的食。,
莫尔坎特转向你，一副忧心如焚的模样。,
你在这片儿名声不赖，所以我很乐意帮你一把。来，让我瞧瞧。,
你若以为那能改变什么，可就大错特错了。我千辛万苦才统一皮克塔维亚，绝不会让你在美梦成真的当口，窃取我的荣光。,
他那一声嗤笑，傲慢得令人发指。,
我自当尽力。,
栅栏内，死一般的沉寂持续了许久。终于，艾布琳再次开口，语气斩钉截铁。,
但愿还剩点残片，能引我们找到那藏东西的地方。,
还没到时候。,
老人阴沉着脸向你一点头，拔刀出鞘。,
有事？,
{等天黑了再动手。} 且等他们再多灌几杯黄汤，我们再行动。,
我救过一个男孩，叫玛尼。,
我若帮你，于我有什么好处？,
你准是斯威辛了。,
我不会再好声好气地问你第二遍了。要么你跟我们做交易，要么我们就自己动手，拿我们需要的东西。,
你察觉在座的其余宾客全都噤了声。,
很好。此事我需得查证一番，但若你所言属实，相信这场争端即刻便能解决。,
要我们做什么？,
我对你的管治手段——连同你父亲那套——素来心存疑虑。话就说到这里吧。,
若想让我留意你，就看着我的眼睛。,
你也是。眼下我们该当如何？,
欠你个人情！,
[弓箭手：姓名]，那婆娘交给你，这汉子我来对付。,
但愿这能顶点用。可还需要些别的？,
她生硬地一点头，算是领了你的谢意。,
现在不成。,
你方倒空最后一口箱子，便听得房间尽头水花四溅。几个北欧汉子从水池里爬将出来。,
别逼我。别逼我对自己同胞兵刃相向。,
给他们一个刻骨铭心的教训。,
我办不到。没闹到非死不可的地步，可你若逼我抉择，我便会与你一战。,
那他偷去的财物——我全部的家当呢？,
见你走近，他脸上堆满了笑，又朝帐篷深处瞥了一眼父亲。他父亲正朝你这厢做出鼓励的手势。,
我是公主的贴身护卫。奉她之命，一路追踪掳走她父亲的维京人至此。,
昏迷的狼,
要不咱们把萝丝克娃打扮打扮，看看她这模样能不能吓住那些守卫。没准儿能行。,
眼见你朝她走去，她忙后退一步，缩进帐篷的阴影里，仿佛盼着自己能当场隐身，好躲开您那可怖的垂顾。,
眉头紧锁，深刻的皱纹里满是阴霾。,
接连有人神秘失踪，闹得沼泽里巨人与精怪的流言四起。拉恩希尔蒂悬下赏格，请你查明真相，根除往来里伯的旅客所受的威胁。,
近来，我们跟你这号人闹得很不愉快。那些家伙穿得与你一般无二——[i]武装[/i]得也跟你一模一样——就爱划着他们的大船，闯进小村庄和教堂，不分青红皂白地杀人，抢走他们想要的东西。,
你做了一个又一个的抉择。鼻子凑在细绳上，哪里看得清整幅织锦的纹路。,
阿斯莱夫尔勃然大怒，厉声喝道。,
前往第39号里堡，肃清所有敌人。,
兴许过后再与你分说。,
请回吧。你的行为实在有失体统。,
愿你健壮幸运，战士们。我是祭司奥德凯尔。是什么风把你们吹到咱这小村庄来了？,
他咕哝一声，对这一说法嗤之以鼻。,
又见面了。你是——回心转意，来谈那艘船的事儿了？,
[i]格蕾妮！[/i]好歹给我个机会！,
多谢——有你这句话，我心里踏实多了。,
弗利里如释重负，紧绷的面容柔和下来，笑意在脸上漾开。,
其余奴仆惊叫起来，却又立刻噤若寒蝉。最后，人人都埋头干回了自己的活计。,
这事儿我们早有怀疑。你到底想说什么？,
那个麻烦，我早就料理干净了。,
那人唯一的动静，便是随着白蜡木在风中摇曳而轻摆的身躯。脉搏全无——早已死去多时了。,
真想知道他们这么火急火燎地，是要奔哪儿去。,
你要寻哪一种木料？,
一个时辰后再来。届时，我自有判决。,
前往阿尔庭，捍卫你的统治之权。,
有野兽！有野兽啊！,
{攻击他们}。,
那你想要我怎么着？,
与奥尔德温对质,
那城邑于我不合。它只让我变得[i]怨毒[/i]，耗尽了我的精气神。在这儿，我会更快活些。,
不，你这张哭丧脸，我今天只是格外酸痛。有个杂种伤得我不轻。,
要是你正巧要往那两个方向去，我倒很乐意有同伴一起上路。,
愿达格达与你同在。,
我要你在这等着。,
喂，维京人？准备好比试了吗？,
“少来这套”？！你亵渎了神的殿，还偷走了我弟兄姐妹的辛劳成果！,
去集市街那家食品商的铺子，把店里的钱偷出来。,
他们的非法侵占行径早就发生了。,
来啊，霍尔蒙的女儿。让我瞧瞧你有多大能耐。,
奥塔尔幸存的兄弟们慢慢站起身来。他们之中已没有一个人还有余勇。,
“巨人的后代啊，我真想把你们这两个好汉藏在大锅底下；我那可爱的丈夫，不知多少回对客人刻薄使性子。”,
你付我们这些物件[i]两倍[/i]的价，[i]然后[/i]我们就对你的偷鸡摸狗绝口不提。,
除此之外，我们不会再有别的要求了。拔出你的武器，埃林格。,
我知道得够多了。,
那只是一时冲动下的决定。我说不定还是会决定宰了他。,
但如今你知道自己是谁了。你是卡哈尔·麦克·拉克兰。,
我相信这层他心里清楚，但我们会让他明白，他的处境有多不妙。,
你怎么看奈芙雅？,
我们为你做了这一切，换来的就是这种感谢？,
那双浅色的眼眸从乌黑的发帘下望过来，意味深长地恳求你。,
我觉得我们无能为力了。,
待到那一天来临，我不会想起你。,
弗里德盖尔德仰头大笑。在燃烧的河流火光照耀下，你父亲的侍卫们看上去宛如巨人。,
我看看能做什么。,
据当地人说，诺森布里亚以北是另一个王国，叫皮克特兰，也有人叫它皮克塔维亚，全看你问的是谁。如果你想在这片地方寻盟友或找贸易伙伴，最好去一趟皮克特人的首府珀斯，设法觐见他们的国王。,
靠着你的协助，诺森布里亚征服了皮克特人，战争结束了！是时候办一场美好祥和、庆贺胜利的盛宴，而且绝不会出什么岔子……,
哪怕眼底涂着灰暗的战彩，你也能看出她脸红得厉害。她抽手将酒瓶塞回背包时，指尖拂过你的掌心。她歪着嘴笑了笑，移开了视线。,
塔洛尔克的眉头皱得更深。达布格拉斯把脸埋进掌心。艾丹沉重地点了点头。,
我可冒不起触怒皮克特人的风险。,
那些威名远扬的神明与强大的力量都束手无策，直到最后，多亏关系紧密，洛基才能单独给索尔递上极为及时的建议。,
这东西可老了。至少比我在这儿待的年头还久！大把的人跑来找宝贝，可我从没见谁发了财离开。,
你总不至于以为，你对领袖之位的要求会没人来争吧？,
可惜艾布琳死了。要是她活着接受了战败，说不定能在权力平稳交接上派些用场。,
槲寄生,
你丈夫难道不会发怒吗？,
斯坦恩的脸僵在一个极难捉摸的表情上，但很明显，你给他留下了很深的印象。,
那就这么定了。我让你们去洗劫教堂，旁边那栋小些的归我们。尽兴吧！,
她居然答应了？真想不到咱们南边邻居的忠诚竟如此多变！,
[刽子手：名字] 厌恶地瞅着你。,
唔……行吧！我接受你的提议。,
那人意识到自己刚刚说了什么，脸腾地红了，抬手在胸前画了个十字。,
你们的维京同族，给我们的土地带来了多少死亡和哀痛。他们烧毁教堂，强暴我们的女人，把我们掳走当奴隶。,
认清了路线，游回去就快得多，你只用花原先一半的时间就能潜过去。,
等待并不长。很快，太阳开始西沉……,
我父亲曾说起海对岸有一个伟大的王国。我会像他一样找到这个王国——不过在他折戟的地方，我会得胜。,
我听过你跨海远征的传闻。这么说，你有国王在背后撑腰，是吧？了不起。,
镇上又派了群走狗来，兄弟们。是他们主子派来猎杀他们所不懂的东西的！,
我们先从远处把哨兵解决掉，再迫近。,
{在角斗场中面对阿斯莱芙尔。} 不，我正盼着给阿斯莱芙尔点教训呢。,
值得去查探一番。,
我能杀了斯卡基，也能杀了你。,
若是我们现在就发起进攻，可以轻而易举地建立起一处据点，但这注定将是一场漫长的战役；而一旦我们给这些土著太多时间集结防御，他们终会把我们赶出这座岛屿。,
你的兄弟鲁里克已经落入斯库勒·碎颅者的掌控。此刻他正和斯库勒在耶灵密谋，企图夺取斯克恩的控制权。,
他看上去一脸恼火。,
没一会儿，[贪婪的：Name]便硬扯出什么东西，一把扔到你脚边。,
我们见过？,
丹麦战斧战利品,
我感激不尽。萍水相逢却能遇上如此善意，着实难得。,
你卖些什么？,
这个还有口气。,
瓦达让这番话像吟游诗人复述古老传说那般滔滔不绝地涌出来，他兴高采烈地添油加醋，给这众所周知的故事注入了全新的戏剧感。,
那里财宝多吗？那里的人像我们吗？,
不值一提。,
我的游历和钻研让我不得不前往埃奥福尔维克，还有珀斯一趟。,
斯泰因叹了口气，但还是朝手下打了个手势，他们便朝海滩走去，去取补给。,
听她的吧，[玩家：Name]！我们明早再来！,
维京人在我的镇上晃来晃去，房子却一栋都没烧？今天可真是开了眼了。,
此剑出自乌尔夫伯特之手，那可是法兰克帝国最伟大、最负盛名的铁匠。我便是受乌尔夫伯特之托，将它带到此地。,
早已满腹狐疑的守卫在你出手之前就做好了防备。他敏捷地躲开了你的攻击，随着一声大喝，将小屋里的援兵全喊了出来。,
英吉马尔提起一对角杯搁在炉边，招呼你过来同饮。你的侍卫们自顾自地取用酒食，与此同时，一群奴仆端上来更多酒肉。,
总有一天，我们将统治这座城市——然后以它为起点，统治整个诺森布里亚。,
我自己的事我会处理。,
守卫们交换了一下眼神。那女人松开架势，凑近了些，仔细端详那件信物。然后，她朝其他人点了点头。,
在我被抓去当奴隶之前，曾把我最值钱的物件藏了起来。其中有一只熊爪，那原是我妻子的东西。,
他上下打量着你，眉头拧成了一团。,
郡长一脸惊讶。,
凯蒂尔怒冲冲地逼向那个老铁匠。,
她们俩只是勉强点了点头，眼睛死盯着自己的脚。埃迪丝又一伸手把她俩拽进怀里，紧紧抱了一下，随后便郑重地朝她的大伯点点头，转身向船走去。,
我见过比这强得多的，不过呢，从基督徒那儿能拿出来的，怕也就只有这点货色了。,
那年轻女子站得离她失而复得的兄弟极近，两个人之间简直密不透风，几乎要融到一起去了。,
结束盛宴,
没错。那就这么办？,
那些可怜的人，我们得把他们转移到安全的地方去。,
{离开。} 那孩子，你爱怎样就怎样吧。我已经撒手不管了。,
无聊透顶……,
我知道。我们中间只有那么几个人真正下地干过农活，但索尔瓦尔德一直很尽心地教我们怎么弄。,
阿尔庭,
如果你打定主意去追杀赫罗德盖尔达：[i]祝你好运！[/i]你真会需要的。,
她就在我这儿，安然无恙。她那帮“族人”已经被收拾干净了。,
他脸上挂着忧色，但你觉着那底下隐隐藏着一丝笑意。,
在战斗中击败斯泰因及其手下，夺取奥克尼群岛的控制权。,
带十份回收物交给海滩村落的铁匠铺。,
这把剑是你父亲从祖父那里继承过来的，而祖父恐怕也是从先辈手里接过来的。这是件扎实可靠的兵刃，但缺了些现代工艺的精巧。你父亲出征远征时，从没用过它。,
唔哇，正中喉咙！,
真庆幸你来得这么快——这帮掠夺者还真能打！,
铁匠手起锤落，一记又快又狠的重击砸在贡纳尔的后脑勺上，那大块头就像被伐倒的木材一样，轰然倒地。,
不！我的孩子们！还有戴尔……他还有个儿子啊！,
盖乌斯翻了个白眼。,
这帮兵就没一个会搭他妈的帐篷吗？,
我的侍卫队里可不收野人。,
要是你今天赢了，我自然会认。我还放得下身段，当你的总管随侍左右。,
米尔丁似乎听到你身后有什么动静，随即伸长脖子向你背后张望。什么也没瞧见，他不由皱起了眉头。,
当心脚下，弟兄们。,
那么，很荣幸认识您，[玩家：领主/女领主]。能见识到那些不为人熟知的异域文化和习俗，实在总是令人着迷。,
回头再聊，克维尔杜尔夫。,
那就来吧。,
凯蒂尔朝艾菲瞥了一眼。,
你第一次威胁我们的时候，那些话就空洞无力，现在依然如此。滚开，你这刻毒的泼妇！别打扰我们做事。,
你若敢阻拦，我们就杀了你。,
随你的便。我只知道这一种补救的法子。,
胡尔达[i]当真[/i]离开过斯凯恩吗？,
怎么？很惊讶我还站着？,
什么风把你给吹来了？,
跟我说说马尔多尔家那几个儿子的事。,
她咬紧了牙关。,
这计划简直漏洞百出。,
给铁匠铺送些生火用的木柴去。,
在他旁边的是利奥弗里克，他蜷缩在埃塞尔雷德面前，脑袋深垂，一只手紧捂着胸口一道看起来触目惊心的伤口。,
他用力咽了口唾沫，一连咽了好几次。,
啊，糟了，只盼那些个小麻烦别去跟爹娘说瞧见我们在一处。,
多谢你的贡献，凯蒂尔！[i]这究竟[/i]是怎么一回事？！,
没错了，就是赫罗德盖尔达。那种令人不安的、漠然的微笑，走到哪里你都认不错。,
让我问你点别的。,
我理应知道，但我清楚我做不到。你不必替我担心，打起仗来我自会像往常一样全神贯注。,
卡隆格点点头，显然对这笔买卖挺满意。,
这是一种井然有序的生活。我们定时祈祷，定时进食，定时就寝，其余时间则研读经典，或是为鸿篇巨制绘制插画，或是单纯地沉思上帝的荣耀。,
很好。祝你好运。,
我们是拼了命全速赶来的。,
他先是仔细地审视你，接着又审视起他自己来。,
你回来了，[Player:诺尔斯人/诺尔斯女人]。,
还以为我不知道呢，她一直偷偷溜出去会我那邻居奥尔德温。他田产广阔，日子也过得滋润。,
库斯拉德的一个同伴在袋子里翻找了一气，接着转过身来对着你。,
你[i]瞧瞧[/i]那座要塞。要说有哪个厅堂能堆满财宝，非它莫属了。,
奥塔尔·埃尔林松躺在冰冻的泥地上，身下是一片自己的血泊。他那空洞无神的双眼直愣愣地瞪着天空。,
你什么也没做错，这种事很容易闹出误会。,
我们遭遇了巨大的困难，但总算是挺过来了。你们那边的仗打得如何？,
真没想到会在这儿碰上你。我听说奥斯雷德已经下令要缉拿你。,
可算来了！总算有人问起了这该死的病症。我并非存心冒犯，可我实在是受够了那些诅咒和邪灵的说法。,
你们的神明降罪于我们了，是么？好吧，既然是上天插手，我们区区凡人又能奈之如何。,
我们知道，奥斯雷德与麦西亚的奥法双方使节的最终会面即将举行，但地点仍在保密之中。,
幸好你及时赶到。这帮混账可真够顽强的——装备也是精良得很。我们可不是他们袭击的第一个村子了。,
第三日，他从死者中复活；他升上天堂，端坐于圣父之右；他还要来审判活人与死人。,
这里往北，木屋里的那个造船匠是个正直可靠的人。,
[Player:姓名]。有阵子没见你了。什么风把你吹到这儿来了？,
喔，行了吧。我才懒得去哄一个成年女人的小心思。,
你或许可以在这边的泥塘旁，给众神献上更多的祭品——牛啊、马啊……也许到时候，还能献上人。,
只要你把船驶入城中，便不会有人上来盘查。,
领主，倘若我们对于星辰的解读无误，春分便来临了。距离阿尔庭大会召开，仅余三周左右的光景。,
很好，我敬重这一点。后会有期，克维尔杜夫尔。,
你尽信这些最离奇不过的玩意儿。要真有此种生灵，别处定当还有证据才是。,
一条由珍珠与白银制成的项链，从里伯的一名雇佣杀手身上搜得。位于中央的挂坠上，装饰着陌生的纹样。,
当你行近祈祷的终了，恩巴尔德的脸上总算浮起一丝浅笑——你觉着那是赞许之意，但这也难以说得准。,
诺森布里亚的国王在咽气之前，还想最后再诅咒你一次，然而剧痛与恐惧淹没了他，他的话语终究化为了一串毫无意义的呜咽。,
行路的旅人，愿上帝保佑你们。你们几位便是主教差来的人么？,
那种花儿我已经采了一些。,
轮不到你开口的时候，就管好你的舌头。,
盖乌斯单挑起一侧的眉毛。,
很高兴听你这么说。你叫什么名字来着？,
去把弗兰格的下场告诉布拉娜。,
没错，杀了你确实会非常可惜，但你[i]必须[/i]为此事偿命！,
去挑战朗希尔德长屋门外的那群侍卫。,
是你？这绝不可能。,
你几乎未察觉凯蒂尔已悄然贴近阿斯莱弗身后。当凯蒂尔将一把短刀深刺入他背脊时，这位胜券在握的战士面容扭曲成一副痛苦而狰狞的怪相，猛地倒抽一口凉气。,
眼前就有一场盛宴正在白白糟蹋。,
我们训练更精良，装备也更优良。谁若珍惜性命，就速速离去，莫让任何贬损之词玷污他的荣誉。,
我自己也说不出比这更妙的了。,
你刚饮尽第二杯，一声滚雷般的饱嗝便从你喉间迸出。你的胃里翻江倒海，一层薄雾蒙上了你视野的边沿。每一个动作都带着几分迟滞。,
我的机智或许无穷无尽，但我的肚子却有限。不过，我会尽力而为的！,
[Player:Name]！干得漂亮。的确，日子一天天过去，你给了我越来越多的理由去珍视我们之间的盟约。,
瓦莱里乌斯绞尽脑汁，思忖了片刻。,
那太多了，也许我们能想点别的法子？,
我会给他献上我最拿手的基督徒腔调：“哦，求求你别杀我！主啊，救我脱离这些异教徒之手！”,
我会铭记于心的。,
我正忙着呢！带着你的斧头和毛皮滚去别处。,
想个法子去扰乱那些守着麦酒桶的人。,
雅尔·拉格希尔迪尔的喝声如雷，响彻整个庭院。,
这番废话真让我他妈的饿了！,
我睡过比这还不如的家伙——哈哈！,
啊，一棵巨大的老榆树。这可是上好的木料——用它作材，我能造一艘拥有充足货舱的船。,
你的挑战者抓住她的手腕，将他落败的对手从地上一把拉起。,
阿斯莱弗的铠甲,
我怕是最糟糕的情况了。,
{走吧。} 这纯属浪费我的时间。,
皮克特兰的国王轻捋着他的长须，目光中带着一丝淡淡的困惑，扫视过你和你的亲兵卫队。,
她花了好一会儿工夫，仔细翻拣着那些物品。,
好哇！那你可来对地方了。告诉我你想找什么样的货色，我这就去放话。,
谁在那儿？玛尼，那是谁？,
埃奥福尔维克乃是奥斯雷德国王的驻跸之地，他是诺森布里亚的领主与守护者。我必须去那里向那位睿智的主教求教。,
嘿，[Player:Name]。如果你是在找妈妈，她现在不在家。,
咱们还是别在陛下听得见的地方讨论这桩事了。,
如今，一副沉重的担子已落在你肩头。好好担起它，须知你命运注定将成就伟业。,
[Leader:Name]迈步走到牢房前，直视着那囚犯的双眼。,
没工夫浪费了。咱们去揍他个人仰马翻。,
我恳求你——请别挡我的道。我不想与你兵戎相见！,
你帮着弗朗格尔一道将货车拖出沼泽，并找回了他的原牛。,
他们中最年长之人，一个疤痕累累、毛发稀疏却大腹便便的男人，双手各挥着一把短刀，踏步上前。,
内菲娅正死守着桥，阿斯莱弗已赶去增援北面入口了！,
绝望如同一副丑陋的面具，僵固在他的面容上。,
我认为那不是座堡垒。它透着一种神圣的气息。我或许猜错了，但……,
{拿下他。} 你得随我一同回里伯去。,
那一小撮人仍在你当初离开他们的地方。你步入他们营地时，那个商人再次站起身来。,
然而……自从我们中任何人于此地服役起，你是头一个来此的人。,
那是自然！我会想念这小子的，但一辈子窝在洞穴里可成不了一名德鲁伊。等他去见过了世面，若他愿意，随时可以回来继承我这衣钵。,
格里姆尼尔正要转身离去，却又似乎突然想到了什么，顿住了脚步。,
我们需要可用于交易的货物。,
你可把我彻底搞糊涂了。,
{出价400财宝。} 我给你二十便士，从今往后再别让我瞧见你这张脸。,
一个矮壮的女人正按着某种大概只有她自己才懂的玄妙章法，把堆在麻袋里的值钱小玩意儿分拣进三只木箱。虽说这些小物件看着不沉，但她每拾起一件，都会发出一声极细微的“嘿呀”声。,
{继续前行。},
阿斯莱弗低声咆哮着，话中满含几乎无法压抑的不快。,
国王陛下睿智过人，无人能及。我就不再占用您费心了。,
{让他们搜身。} 自然无妨。搜吧。,
又见面了。你为什么回来？,
几十个了。我瞧不出这回有什么不同。,
这算不了什么。要挡住我们，差得还远着呢。,
我的王——斯克恩的富庶只会令它沦为掠袭者更眼红的目标。,
不。我想我没醉。,
你若赢了，便能护我周全——请务必确保你会赢。,
铭文记载着一把石钥，深埋于大地母神腹中，邻近那片已然沉寂的水域——它曾往来奔流、蕴藏生机，滋养着整片林地的万千生灵。,
你父亲用强壮的双臂将你紧紧搂住，那一瞬，你仿佛又变回了十二岁的孩子。,
那人退回到摊位最里头，目光却始终紧盯着你，一刻未曾松懈。,
我听说那帮基督徒还真在这儿给了你们点儿颜色瞧瞧！村里人倒好，差点儿没直接乖乖投降！,
我确实见过。但我敢肯定，你我素未谋面。,
若你觉得仍有余事未了，我们便推迟筹备。但请你——千万要回来参加阿尔庭大会。,
你在海外那些英勇冲杀的传闻，我们耳朵都快听出茧子了。,
深入黑暗,
你瞧上去有些心神不宁。,
没错。我叫[Player:Name] [Player:Lastname]。,
你说得对，他肯定会另寻门路来对付咱们。,
城墙绵延不绝，往两边伸出去不知多少里。想全守住，靠咱们这点人手根本是做梦。好在咱只需要卡住最要紧的那几处关隘。,
这事儿，你非得自己跑一趟才能闹明白。,
还在琢磨。,
诺森布里亚和皮克塔维亚之间，恶气已憋了很久。有你伸把手，这潭浑水怕是很快就要烧开了。,
闭上你的鸟嘴。兰恩……回家去。对不住，老妹，我不该把你拖到这儿来。快跑回爹妈身边去，赶紧的。,
结束战役,
行吧，我去问胡尔达。,
{杀了主教。} 我们没工夫在这儿磨蹭。,
没准你真有本事靠嘴皮子把他们劝退。,
雅达尔指的路，把你带到离市场不远的一片矮屋跟前。墙上到处是污渍，门框歪歪扭扭，有间房顶上还豁着好几道大缝。,
随即他拔出刀来，扯着嗓子撕心裂肺地尖叫。,
你父亲就是探那些岛时丢了命——在你一门心思要追着他的脚步走太远之前，给我牢牢记着这事儿。,
西格丽德脸上掠过一丝失望。,
这种活计，我只收个手工钱。当然，我手头也常备着些材料，可供你买。,
囚犯们要溜了！快追！,
他这么干，能捞着什么好？,
老铁匠猛地来了精神。,
你准是诺托夫。,
求你们了，各位过路的……行行好，离开这座教堂成吗？,
斯泰因浑身上下透着一股要大干一场的兴奋劲儿。他在自己的亲兵队前踱来踱去，手下们虽说难掩倦意，眼神里却满是决绝。,
他们已经挣到了自由！把人放了。,
这个，我想让你收下。你几乎已替我稳住了江山。,
杀得漂亮。比我心里盘算的那一刀利索多了。依我看，咱们在这儿的事儿了结了。,
容我琢磨琢磨。等想清楚要什么了，我再来。,
{献上3000财物。} 我付你150便士，租你这码头用一年。怎么样？,
他冲你厌烦地一挥手。,
眼前渐渐模糊了。什么都黑下去了。,
真高兴听你这么说。祝好运。,
我们是拼了老命赶来的。,
你扈从队里这位新伙计，舒舒服服地咕噜了一声。,
撵上那帮强盗，把被他们抢走的东西夺回来。,
随你便。,
亏得你把这些物件分开放，多谢了。,
紧接着，他乐不可支，迸发出一阵大笑。,
老人总算是反应过来了。,
感激不尽。,
朋友们，盟友们。动嘴之前，先听我说一句。,
盖乌斯叫你这样不依不饶的架势唬得有些不轻，迟疑了会儿才答话。,
珀斯城坐落在泰河边上。你要是能讨得港务长的许可，日后大可以驾着你的长船直插城中。,
死者数目还没清点完。照我估摸，被女武神收去的武士，撑死不到百人。,
这场突袭简直是平地起惊雷，事先一点征兆都没有。到处都乱了套——我们同时跟南北两头的敌人绞杀成一团。,
我脑子里翻来覆去想了个遍，也没哪个帮派能对上你说的这些特征。,
你俩又在余烬垂灭的微光里多坐了片刻，这才起身入帐歇息。凯蒂尔不多时也歇了。,
我进沼泽采药时，有时候能瞧见它们。,
回头再跟你聊。,
奥斯雷德惊恐万状，绝望的目光在自己的王家侍卫间来回乱窜。,
你越看越觉得醍醐灌顶，猛然发觉其中一块陌生碑文上的几处刻痕，竟与你母语的如尼文字惊人地肖似。,
等你这会儿走出帐，大伙早就严阵以待了。,
她的另一个男人，那个打皮克特兰来的，我从未见过。但他的传闻我可没少听。那是个醋坛子，脾性又烈，你得留神他。,
一个风尘仆仆的旅人正背靠着大树歇脚。几袋子鼓囊囊的行囊被随意甩在树根堆里。,
他本当如此，但[玩家:父亲]向来过于热衷冒险，拿自己的命不当回事，到头来也因此送了命。,
守住北门。,
我们正要组织人去搜寻。你们俩这一整晚都跑哪儿去了？,
我敢肯定，这次入侵在你看来一定既诡异又迅猛。我们打了王国个措手不及，而你在战争中的职责又恰好让你远离了最惨烈的搏杀。,
当然。我们以前常跟格蕾妮干这种事儿。她可是个相当狡猾的女人。,
{杀了他。}我要用你的命来终结这诅咒。,
我仿佛看见我那幼小的[玩家:兄弟/姐妹]，乘着美丽的长船，带着[玩家:他/她]忠心的朋友和侍卫们消失在天际，从此一去不返。,
那么你愿意把女儿托付给我们吗？,
{抓住幸存者。}谁派你来的？快说！,
你好，萨姆尔。我是[玩家:姓名]。,
[i]圣[/i]罗慕路斯？这太出乎意料了。,
你若不赔偿我，我杀你同样易如反掌。,
你追踪到那个无赖诺托尔夫了吗？,
想办法越过耶灵的栅栏。,
就算没你，我们也能击败他们。,
她这个样子很久了吗？,
她用指尖划过那些雕刻的纹路。,
内菲娅摇着头，一脸惊愕。,
{除掉首领。}斩下蝰蛇的头……,
至少[i]试着[/i]反抗一下吧。,
仆人们端上菜肴，看上去确是一场盛宴。大浅盘里堆满了鸭肉和牛肉，炖兔肉从罐子里满得溢出来，好几头整猪在烤叉上滋滋作响……长桌边响起热烈的掌声，为这满席的铺张喝彩。,
我不是战士。所以是你当领主，而不是我。,
他看着你，那神情仿佛不敢相信自己的耳朵。,
我不——不确定。也许你可以去打听一下西奥多。就像我——我说的，他红头发，蓄着一撮可怜兮兮的胡——胡子。,
哦，这可是好东西！我做了一套上好的新皮甲来测试这些新工具。试试看，看合不合身！,
转念一想，放你走太危险了。我判你死刑。,
你身上有种熟悉的感觉。是……你的气味？,
即便我们拿下珀斯，皮克塔维亚其余的地区依然存在。那是一片难以统治的土地。,
我当时就在场。你听说的那些确有其事。,
火堆旁的那些人已经警惕地打量你许久了。现在，其中一人站起身，清了清嗓子。,
我以我母亲的坟墓起誓，若你为我而战，对抗诺森布里亚，待战争胜利，我必派我的战士们随你一道返回你的故土。,
等等！别把我丢在这儿！救命！,
{描述死亡病的症状。},
诗人见到你似乎并不特别高兴。,
若非得抓人，就抓我吧，但放我儿子一条生路。我会尽心服侍你的。,
最后一个[i]庭格[/i]倒下，发出一声嘶哑的死亡哀鸣。你的侍卫们眯眼瞧着那些尸体，摇着头，仿佛要驱散脑海中的迷雾。,
我们省去客套话，直接谈正事吧。,
你回想起一座阴暗的屋舍。每处表面都覆满了淌着烛泪的蜡烛，每个角落都充斥着烟灰。墙壁被熏得焦黑。地上随处可见人的粪便。那就是里伯纵火犯的家。,
那东西从来就不是他的可卖之物，就像我的心从来不曾属于我自己一样！,
狩猎队伍,
我是亚尔达尔·亚恩斯凯加松——一名经营东方铁器的商人。,
马查护符,
这面墙看起来已经朽烂不堪，你应当能不大声张地破开一个洞。,
嗯。那就20吧。,
这是一艘战船。船名是[船名]。,
看来行价在五十奥图格银币左右——若我能出力充抵食宿，还能少些，只可惜我对船只一窍不通。,
奥丁指引我们至此。很快，你和你的所有子民都将归属于他。,
兰恩，你手上正在做的这东西真漂亮。你愿意把它卖给我吗？,
那女人鼓起两颊，怒气冲冲地瞪着你。,
来吧！你是我的客人，我决不会让我的客人渴上太久！,
在西北方的小规模战斗中增援你的盟友。,
我渴望胜利。你呢？,
四处打听一下那条项链。,
散开来搜！找不回她，我们绝不前进！,
离我远点！,
我听说过你们，北方人。你们一看就是[i]麻烦[/i]。,
不要靠近那座墓冢。,
{用他们来扰乱敌人。},
年轻的男子瘫倒在地，绝望地扼住自己的喉咙，生命从指间流逝。女孩吓得失声痛哭。,
能再见到家人总是好的，但我不得不承认，这一路游历已让我变得挑剔。如今知晓海对岸有什么在等着我们，斯凯恩看起来便显得无比狭小、土气得可笑。,
不。他们既不属于阿萨神族，也不属于华纳神族——根本不是我们信仰中的神。,
我没工夫听你胡说八道。一个男人死了，另一个吓得魂不附体——把你知道的都给我说出来。,
那么，我想你不会介意我让卫兵搜一搜你的身吧……,
你们回来了，维京人。可那个德鲁伊呢，没带回来？,
哦，上帝啊！不！不！,
一伙穿着斯库勒家族服色的维京人，正漫不经心地洗劫一大群埃塞尔雷德麾下阵亡战士的尸体。他们的头领正扯着埃塞尔雷德的旗帜，擦拭长刃上的血迹。,
七座神秘的立石守卫着那条道路，通往传说中的阿尔比恩之王的长眠之所。,
那个渔妇用精明的目光审视着你。你几乎能听到她脑子里算盘打得噼啪作响。,
那么，我们初步的调遣就已完成。是时候拿下一座城了。,
对一个如此[狗屎不如]的塞恩来说，这场盛宴可真够气派的！,
一朵娇嫩的小花，纤薄的淡色花瓣，是你从自家住处附近的一堆牲畜粪便里拔出来的。,
谢谢你。我相信他只需要他的[兄弟/姐妹]几句鼓励就够了。,
那些强盗不会再找你麻烦了。,
你背弃了诺森布里亚和皮克塔维亚，却也因此在不列颠赢得了你的第一批封臣。如果你能在奥克尼群岛集结起足够庞大的军队，兴许仍有能力发动一场入侵。,
我们去探探情况。剩下的人把船拖上岸，就地扎营。,
你将自己如何同猎人们找到那些奴仆的经过说了一遍。令他大喜过望的是，你接着承诺会把男孩放回桑达尔身边，然后便告辞了。,
够了！都给我住手！光是盯着那个异教徒[首领/女战士]就够我们受的了，我可不想再加上这条河来烦心！,
你何不自己看看？他就在这儿。,
过了差不多半分钟，格雷提尔才停止抽搐。你搜遍他的尸体，取回了那尊戈狄图腾。如果用格雷提尔做你的献祭，这图腾你本不该再需要，但你不能让奥德凯尔在尸体上发现它。,
机缘巧合，我“弄到”了那枚郡守的印章。,
一番彻底的搜查，在尸体下翻出了一件可用的武器。至于它究竟是致其死地的凶器，还是他们未能及时拔出的救命手段，已无从知晓。你只希望它能为你更好地效力。,
你说得对！说得对。没必要再继续下去了。我把你要的东西给你。,
别管它了。让别人去操心怎么处置吧。,
狂战士补剂,
什么都没了！我只剩下个[一无所有]！,
怎么样？事办妥了吗？,
我们到这儿来，可不是为了交朋友。,
听说镇子上来了新面孔！您要是想淘换点东西，我给您个好价钱。包您满意，我的货可都是顶好的。,
那些毫无廉耻、舔泥吃屎的尼丁格尔……,
除了我们！,
别急着走啊——我们很乐意跟你分享这堆篝火，是吧，兄弟们？,
不能说我很意外。看来他们遭了一连串的灾祸，尽管他们自个儿不愿细说。,
{抱起双臂。},
结束了吗？我们安全了？,
我们是圣罗穆卢斯的大祭司，瓦莱里乌斯的追随者。我们崇拜这位旧帝国的圣徒，祈求他能再度将他的荣耀与启迪带回我们的土地。,
他们从我们这儿抢走的已经够多了，不管他们过去遭遇过什么，都不能成为他们如今烧杀抢掠、敲诈勒索的借口！,
你可以闭上你那张嘴，然后滚回去干活。,
异教徒！肮脏的野蛮人！,
盾女维贡德尔在弗里西亚战死时，正挥舞着这把亚麻投石索，对抗不知名的袭击者。她的丈夫在里伯将它卖给了你，只为凑足路费回家。,
弗蕾雅与我并肩而战！,
你凑得越近，詹姆珀盯着你的眼神就越是疑虑重重——但他终究没有立刻转身逃跑。而这就成了他这辈子犯下的最后一个错误。,
{礼貌地点头，然后离开。},
我们不该奴役自己的族人。再说，基督徒生来就是做奴隶的更好料子。,
你这[狗崽子]！我真该就地宰了你！,
[角色名]！鲁里克，阿斯特丽德！你们在里面吗？！我们遭到攻击了！是海上来的掠夺者！,
他不再年轻——该有五十好几了——但那股子精气神，让他显得活力充沛。,
也许北方人知道怎么对付这种死亡病。,
我懂巫术，肯定应付得来。,
我不这么看，倒是多谢你给我这么多机会来证明这点。,
这家伙看样子是倒下后才被补刀处决的。咱们要是失手，也是同样下场。越晚被敌人发现——,
那老隐士就住在下头峡谷的一个洞穴里。顺着山间那条溪走，就能找到他。,
这事儿跟我没关系。我想咱们不会再见了。,
我得琢磨琢磨。,
那是个好女人，有骨头。,
她投来一道审度的目光，牢牢锁住你。,
我不懂为什么人人都对你们这伙人疑神疑鬼。依我看，你们挺不错的。,
我早告诉过你会需要那副合剂，可你就是不肯喝！,
哼。别太得意了，朋友。,
斯卡拉格里姆深以为然地点了点头。,
噢，别嚎了，你这没用的碎嘴婆。,
跟非基督徒共事，你心里没疙瘩吗？,
筹备远征所需的一切都已齐备。你一旦下定决心，便再无回头路。,
可她却派你去拿号角？,
眼角的余光里，你当真瞥见内菲娅在拿袖子擦眼泪。,
随你怎么想，那老太婆周身总透着一股变形者的味儿，再加上罗斯科娃那番话，足够让我信了。,
牙齿磕得咯咯直响……,
你朝那吟游诗人走去，她一脸期待地望向你。,
一名立在边上的年轻修士瞧见了你，连忙上前迎接。,
滚远点，你这头母狼！,
基利安一脸忧色。,
我要你收下这个——就当是我们占这块地方的租钱。这是我们份所应当的。,
我正有此意！那我就继续教他们。我可有不少东西能拿出来分享。,
他最后恭敬地一颔首，亮出了兵刃。,
约斯泰因勃然怒喝。,
[i]够了！[/i],
是艾布琳和她从邓弗里斯带来的勇士！激战之中，她们已杀穿皮克特人的战线，前来履行对你的誓言。,
是啊。说得对。那茬还是别提为好。,
日子说不上好，也谈不上坏。屋里那婆娘对这鬼冷天老大不高兴，不过我倒是随时乐意给她暖暖身子。,
从哈德良长城通往珀斯的大道旁，高地上有一大片洞穴。我的探子来报，考斯坦丁正在那儿纠集人马，要伏击我们的大军。,
那男子毕恭毕敬地低下了头。,
随你怎么想。我的行事自会证明一切。,
你这奸猾的狗崽子！,
你在岸边看到凯蒂尔站在几袋辎重旁，正和廖特尔与西格丽德说着最后几句告别的话。,
要是还缺什么，我再来找补。,
那女巫的学徒在你的长屋外头拦住你搭话。,
布拉娜已加入你在家园的队伍。,
站住！以国王的名义！你被捕了！,
就算非得跟他整个氏族开战，那也认了。那解药我们必须拿到手。,
欢迎！欢迎之至，[Player:Name]。快请坐，畅饮麦酒。,
好吧，让咱们瞧瞧，你是不是真把他们教得收敛了几分。,
你面对的是阿斯莱夫·格里姆瓦达尔森！记住老子的名字！,
众多灵体汇聚于此，它们定会满意这番供奉，这错不了。,
阿斯莱夫看来健康而警醒。他朝你草草而郑重地点了下头，毫不犹豫地踏入圈内。他的嗓音响亮而沉稳。,
马格努斯打量着这片屠场，紧捂着肩膀上那道深可见骨的伤口，那儿恰好是他两片甲胄的接缝。,
她倾身凑近，压低嗓门，唇边仍挂着友善的笑意。,
找到鲁里克。,
你顺着绳索轻轻松松攀上落脚处，你的侍卫们一个接一个跟了上来。,
那位女士低眉顺眼地点了点头。,
我绝不敢有此妄想。我是代表我的国王，以平辈的身份请求你的援手，而非以君王的名义命令臣属。,
陛下……带兵的就是奥斯雷德本人。,
嗯，这意味着什么，你心里清楚……,
那年轻的女巫勉强扯出个半吊子的笑容。,
斯雷普尼尔补剂,
我听够了。,
这么说来，咱们有客上门了？恕我方才失礼了，维京人。在下乃是考斯坦丁·马克·弗格斯，皮克特人之王。,
我的朝堂接到奏报，说你们袭击了海岸的一处村庄，洗劫了圣奥古斯丁女修道院。这些指控可属实？,
等咱们把车拖出烂泥，逮住那原牛，我就该动身了。,
你怎么想？从远处一个个点掉他们？,
包在我身上。,
你和你的扈从们何不与我们一同用午饭，边喝蜜酒边谈？,
你们是为了那老汉的几个儿子来的，对吧？我一听说他们干的事，就知道迟早会有这一出。,
不，我的国王。,
就这些？,
你死死抓住他的手臂。那行凶未遂之人把武器丢进泥里，又恨又怕地死死盯住你。,
是啊，我也找到他了。我们之所以扎营在这儿，部分原因正是为了避开那些四处流窜的强盗。,
他们又来了。果不其然。,
他笑逐颜开。,
恐惧和愤怒把他的脸拧成了一个丑陋的怪相。,
[i][玩家：混账/贱人][/i]。,
我们该放了他们吗？,
不太可能。,
他扬起眉毛。,
我很庆幸能从她那里更多地了解你的信仰和神秘之道。我们教团中许多人都惧怕她，但我看得清她的本来面目。,
他沮丧地咕哝着。,
这护身符不错。交给我。,
我一向乐意把那些众神的故事讲给你听，就像当初别人反复讲给我听一样。还有什么别的需要吗？,
一个奴隶想谈买卖？这下可有趣了。,
莫康特结结巴巴地接话，随即又强自收声，稳住气息。没等他准备好继续说，那女人便折回来，捡起方才的话头继续往下讲。,
从没听说他回来过，直到最近传来他的死讯。,
格瑞特尔看起来压根不信。,
几个世纪前，这里曾打过一场仗。打得惨烈。极为可悲。亡魂在泥土下徘徊，但我解不开它们的悲叹。,
这口气跟国王同我说话时可是差了十万八千里。不怕被人瞧见你跟卑鄙的异教徒混在一起了？,
这一局你打算怎么打？,
即使残破不全，那些城墙也足以让攻城变得异常艰难。嗯……看来耍点手腕怕是唯一的法子了。,
莫康特在你身后谨慎地咳了一声。,
这可得是艘了不起的大船。我得给咱们的邻居们留下点印象。,
我不惧死亡。,
几年前，邓弗里斯的市民胆大包天起来。他们在一个名叫艾布琳的女人带领下结成一体，宣告独立。,
你叫什莫名字？,
你们两个或可思量一下，发动这样一场突袭需要动用多少资源。,
{离开。},
你以前从没去过里伯不成？,
他满怀憧憬，疲惫地叹了一声。,
返回埃塞尔雷德身边。,
在一片区域内布满锋锐的尖刺，任何试图踏过的敌人都将举步维艰。,
格蕾妮正在查验斯库勒一名刚死的扈从的脉搏，可那人显然在断气之前就已造成了不可挽回的伤害。她抬起头，面无表情地望向你。,
威斯哈尔，[玩家：诺尔斯男人/诺尔斯女人]。,
你可记着，厄尔林格的儿子们已经让邻居们见识了我们的虚弱。你必须让他们看明白，那薄弱之处已被收拾干净，不然我们在阿尔庭上的声望就要受损。,
她身后的那个男人局促地倒了倒脚。,
我知道得够多了。倘若我们助你夺回王位，你就愿意与我们联手，差不多是这么回事吧？,
他将信将疑地上下打量着这位[领队：职业原型]，但还是点了点头。,
命运已将你逼上一条冷峻的路。你可以硬撑下去，也可以跳车。又或者，你可以孤注一掷，再下重注。,
很好，贡纳尔，你是否起誓，像我自己的侍卫一般忠诚地侍奉我？,
我们离开耶灵四天了，正往卡特加特去，带着些兽皮和陶器。你们呢？,
这都已是她今天第三次把我永远放逐了。等她再尿了床，又会把我唤回去的。,
那咱们该怎么让他信服呢？,
他埋头对着胡子沙哑地低笑起来。,
许多旅人前往里伯或更远的地方时，都会途经斯克恩，这里正适合补给食物。,
难民们说，查理曼的兵马屠戮了成百上千的妇孺！,
{把珠宝给她。}接着。快拿去！我可不想跟诅咒沾上半点关系！,
{离开他。},
啊，我想是吧。既然你这么中意。,
我们的邻居们正在暗地里勾结，想要削弱我们。,
你们这群无用的、背信弃义的、被神遗弃的、毫无荣誉可言的异教渣滓！你们休想得逞！,
到此为止了！,
你可得明白，我原本可以给你比这糟得多的东西。,
是啊，我妈也这么说。嘿，你是坐小船来的吗？,
这会是哪门子船呢？我猜，是一艘人畜无害的货船？,
若是西古尔德·赫林格明天就下判决，“碎颅者”只消把我们外围农场的穷酸样摆出来，我怕国王转眼就会做出对他有利的裁定。,
盗贼之运,
她伸出手，用手指轻轻划过你的下巴。,
这我知道。,
你把他怎么了，赫罗德盖尔达？！鲁里克人在哪里？！,
若有你在我身旁，成事的机会便大得多。,
你得趁其他人还没到，赶紧穿过去。,
真是倒了血霉，现在又他妈怎么了？,
{交出200财物。} 这趟路途远、走得又急。给你10个便士，行个方便，让我们在营里歇歇脚，如何？,
去料理掉那些不肯服从瓦莱里乌斯的雷穆斯信徒。,
没错。你确实下手了。,
话虽如此，比起你能推出来的任何一个货色，科斯坦丁都好出不知多少倍！,
斯卡拉格里姆想见您，雅尔[Player:Name]——等您得空的时候。,
你的那点财宝，在我眼里[i]狗屁不值[/i]。,
回去找托尔芬，给你的船挑个名字。,
他凝视了你片刻，仿佛在心里掂量着你的回答。随后，他移开了目光。,
他满腹狐疑地眯起双眼。,
这赐给了他无匹的巨力……但也让他在战斗中沦为一头疯犬。,
凯蒂尔朝阿斯莱弗伸出手，后者迟疑地握了上去。,
行。,
他的视线掠过你那血迹斑斑的兵器，脸色霎时变得惨白。,
这等事情，[i]你[/i]又能晓得几分？,
她耸了耸肩，甩开一缕散发，接着不得不像动手术似的，小心翼翼地把那绺头发从左眼里拨出来。,
请宽恕我们这拙劣的骗局。说实话，我们并非奸猾之辈，此行是为在两国之间缔结纽带而来。,
但这一切，必须到此为止。你若杀了凯蒂尔，我绝不会再追随你。我会确保家乡的每一个人都清楚这儿究竟发生了什么。,
你干下的那些事，你的妻子全告诉我了。,
多谢你赶来救我出去。,
你若想借用何物，只管开口便是，[Player:Name]。,
我得走了，母亲。我的领主正需要我。,
这简直骇人听闻！快叫醒我，求你了！,
求求你！我们都是基督徒，和你一样！,
我近来一直寻思着，该动工搞些营建了。,
尽管这掠袭者竭力想维持一副体面的仪态，泪水却仍在他眼眶中直打转。,
你不会有事的。我会确保族里照料好你。,
非得取他性命，着实可惜。他不过是在向自己的国王尽忠罢了。,
卸掉重负后，[Unlucky:Name]麻利地爬了回来，可那些物件却悉数坠入了下方的峭壁深渊。,
你近来可有投掷过飞斧？,
喂！说的就是你！,
她从袋中掏出一把银币给你看，证明自己拿得出钱。这差不多值600财物。,
这枚胸针虽历经沧桑，品相却完好得惊人。其上图案祭拜着某位早已湮灭的神祇，但兴许，还有些许神力萦绕其中。,
不了，多谢。我这就去睡了。,
我早料到你这一手。你该明白，我可不会自己伸长了脖子往你剑上撞。若我等今日注定一死，那便战死方休。,
我这便带你回卡特。,
这事我们可没完！,
多谢你，我……请让我一个人……让我独自承受这份哀痛吧。,
抱歉了，[Player:lad/lass]。你我之间，到此为止。你该走了。,
那我们倒要看看，其他商贾对此事作何感想！,
末了的几句是：我信圣灵，圣而公之教会，诸圣相通，罪过得赦，肉身复活，并得永生。,
她的目光飘向了远方。,
若我们是为财富而来，那我想，我们已然找到了。快看那座要塞！,
那商人正数着一小堆钱币。他看也不看你，只竖起一根手指，命你候着。片刻后，他抬起头，挤出满脸虚伪至极的笑容。,
凯蒂尔手里悠闲地嚼着一个汁水饱满的苹果，着了迷似的望着熙攘的人群。,
究竟要怎样，你才肯离开？,
{把马切开。} 错过这等好肉，实在可惜。,
不过，我倒有一件东西，可用来追忆他们。,
我恨不能在此助你，但军令如山——我们守护这礼拜堂，绝不可擅离半步。,
我们还会再与艾菲交手的。记住我这句话。,
牢门刚一打开，[Lover:Name]便冲了进来，用一个结结实实的拥抱将你紧紧搂住。,
这——这不过是皮肉伤罢了！,
[Threatener:Name]抽出[Threatener:his/her]的小刀，用指尖小心翼翼地抚过寒光闪闪的刀刃。,
凯蒂尔缓缓走向那些坟茔。他就那样立在原地，久久地、直直地凝视着那几方石碑。,
{交出10000财物。} 能有你的人马为我效劳，自是我的荣幸。这笔交易，我们说定了！,
你割掉男人破烂的衬衫，尽可能为他包扎起来。他失血太多，或许最后还是活不成，但你给了他一线生机，也减轻了他的痛楚。,
我支持领主关于我们这次劫掠的证词！,
自杀是罪。上帝若乐意，自会带你走。,
感谢您的仁慈。从今往后，我们便奉您为领主。,
这话倒像是你父亲的口气。,
有何不可？,
那些年轻人停下脚步，手中仍握着兵器，目光在你和[ScoutCapturer:Name]之间来回打量。,
有话直说。,
我会尽力而为。,
我真心觉得，她在那边简直如鱼得水。也许等她整根矛都刻满凹痕之后，她终会明白，艾芙拉跟她比差得远了。,
{再打一场。},
有那么一瞬，你以为阿莱弗会抬手揍你，但随即你便察觉到，那股劲头全然是另一回事。那是欲望，炽热而赤裸，如同一团火焰。,
阿莱弗眉头深锁。,
{咳嗽。},
它胸口的肉，简直就像是些亮闪闪的肉条和腐臭的内脏。强壮的下颌与锋利的牙齿在上头贪婪地撕扯过。,
那这孩子至少有着与他年龄不相称的深思熟虑。,
毫无水准。我原指望能多些惊喜。,
只是些本地的麦芽酒。早些时候花几个厄尔图格弄来的。,
或者干脆杀了他——但格蕾妮不是说他有一支军队吗？,
恶作剧,
农夫和他妻子现在看起来都好些了，可不知怎的，他们好像反倒高兴不起来。,
[Objector:Name]的语气里满是难以置信。,
她短暂地停下手中的活，看向你，恭敬地点了点头，然后一边说话一边继续忙她的事。,
这件事我要向毛科林问个明白。若你所言属实，那局面就不一样了。,
听你这么说我就放心了。我总觉得那家伙不对劲。,
他的目光在你脸上和街道之间来回闪烁了几下，然后整个人明显松弛了下来。,
我现在还无法做出这等判断。,
国王的嘴角抽动了一下，露出一丝浅浅的笑意。,
这个夏天我们成就了了不起的事业。真是一场难忘的冒险！,
嘿，真没想到你会过来。我猜，是来看西格丽德的吧？,
我发现了一个陷阱——藏得[i]有点[/i]马虎。,
我知道你在忙活那艘船，可村里怕是还有更多的活儿需要你干。,
这点我们无力弥补。我们只是座小镇，但定会竭尽所能。,
{撒谎。}我已经办妥了，女领主。那诗人死了。,
等等……你不是他。那[i]求求你了！[/i]你务必帮帮我们！,
赫罗德盖尔达。,
萨姆尔，我就不打扰你干活了。,
此事我们应当立刻处理。,
一瞬间，塔洛尔克几乎要被如释重负的感觉冲垮，可紧接着，怒火便占了上风。,
你刚才说“滑雪板”？那是什么玩意儿？,
轻快的风推着你航行了一整天，偏在这时，你耳边突然响起了绝不可能认错的海鸥叫声。,
我一直在为你制作一件新的信物，其中灌注了我全部的挚爱与虔诚。如今，我所有的念想都已回到我手边，我终于能将它完成了。,
我们皮克特人跟你们北欧人很像。凡事喜欢自己拿主意！那些决意坚守旧神的人，宁死也不会让哪个自命不凡的混账东西说服他们改弦更张。,
我们都为你骄傲得紧。真希望能随你同去，可没了我不成，希格活不下去的。,
又能做什么呢？我们不能离开长屋门口能看得见的地方。,
我想我有些明白了。,
你是我平生仅见最引人注目的女子。让男人心甘情愿追随一个女人可不容易，而你显然具备这等魄力，甚至有过之而无不及。,
她长腿一甩搭上那根原木，转过身来，倚靠在你肩头。,
我这才刚开了个头。接下来，你想献祭谁，才能让我放过你的德鲁伊？,
好吧。,
不……我拒绝付钱，谁让他们拖了这么久才完工！,
一个面容清俊的青年坐在悬崖边上，若有所思地凝望着破碎的浪花。,
你和你的亲卫队撞破木门，劈开的碎片还在飞溅，你们便与两个吓得魂飞魄散的修女打了个照面。她们旋即转身，朝那口钟冲去。,
沼泽地如今安全了。不会再有人葬身其中。,
[Finder:Name]走近你，将那奴隶掼在你脚边。,
那就亮出你的本事来吧。,
艾芙拉露出了她那疲惫而悲伤的微笑。,
那怕是方圆一里地的人都给引来了。,
你的弟弟与你对视了片刻，而后长长地吁出一口气。,
咱们瞧瞧，能不能寻着另一条路绕过去。,
年轻女子此刻满脸困惑。,
你摆出同情的神色，为瓦莱里乌斯描绘了一幅景象——他和他的追随者在这一带多么不受待见，恐惧如何在当地人心中飞快蔓延。,
厄林格已被逐出氏族，该回村了。,
我们的长船是此战的一大优势——珀斯与埃弗维克都建在河道旁，我们长驱直入，毫不费力。,
几分钟在紧张中缓缓流过。你的侍卫与当地人之间你来我往的警惕目光，双方不安的脚步挪动，与拍打沙滩的悠然波浪、林间鸟雀的悦耳鸣啭，构成了一幅怪诞的对比。,
我们总不至于把坟全刨了吧……？,
也许我们不该来这儿，但来都来了。眼光得放在氏族的未来上。,
基利安……,
那人的年轻妻子见丈夫丧命，发出惊恐的尖叫。女祭司一把将她搂进怀里，试图遮住她的眼睛。,
来谈谈怎么让你那把锤子干点新活儿吧。,
他一见你手里的印章，劈手就夺了过去。,
我们只想向那位德鲁伊致以敬意，他是你们传统信仰的最高领袖——一个与我们血脉相近的信仰。,
发现他正鬼鬼祟祟地往营地溜回去。口袋里塞满了银币。,
那大块头脸上是绑了只死山羊不成？,
就这点能耐可远远不够！,
那位国王不悦地咕哝了一声。,
一个上了年纪、身形臃肿的女人紧皱眉头，气势汹汹地向男孩逼过来。,
那可以是任何地方！不过这些标记似乎确实围着那个猎人的家。嗯。,
我来助你！,
毁容者,
你怎么可能懂这帮人？,
很好。随时再来。,
我可不想那样冒犯众神。,
这份耻辱，你必须学会受着。,
我不知道你在说什么。,
{捅死守卫。},
妈的！,
对不起，孩子。我们尽力救他了。,
你们当年为何取道此处？,
你做了你必须做的事。,
又是一块这种怪石头。到底还有多少块？,
此石颂扬一位功业赫赫的战士之美德，他是传说中阿尔比恩王的至交。他在战斗中被抛下悬崖，死于非命，便就地埋葬。自那以后，他的坟冢周围总有茂盛的疗伤药草与蘑菇丛生。,
至少还能劈了当柴烧。,
终于打败格蕾妮，真是痛快。,
丹尔若无其事地继续着，好像没人打断过他一样。,
看哪，有一个撒种的出去撒种。撒的时候，有落在路旁的，飞鸟来吃尽了。,
这笔账我们回头再算。我正要来告诉你，那股异教已从莱加塞斯特滚蛋了。,
这是种粉末。他早上吃下去，到中午就连站都站不稳了。,
等开春，我的小子们会教你们怎么耕地播种。往后就不用再偷了。,
我们遭了一个老对头暗算。盾女赫罗德盖尔达一路尾随我们，来到了这片海岸。,
他们肯定事先在崖顶布下了斥候。你要想使什么诡计，我们得先把他们摸掉。,
你们握了手，那女人便转向她的一个儿子。,
他重重地点了下头。,
可惜。,
角杯边缘有什么东西引起了你的注意——一圈薄而透明的黏液，巧妙地涂抹在内壁上。你把容器凑到鼻尖一闻，在蜂蜜的浓烈甜香之外，还辨出了一缕青草味的大黄。,
呃，我不是那个意思。你[i]确实[/i]是个了不起的战士，别误会我，我可不觉得你差。,
我们寻找最后一位德鲁伊。有人告诉我们，他就住在这峡谷里。,
对于莫尔坎特，你作何感想？,
女领主让我把这个转交给你，聊表谢意。她……[i]万分[/i]感激。,
承蒙抬爱。到了合适的时候，你自会明白一切。,
守好你的嘴，不然就要你的命。,
领主[Player:Name]及[Player:his/her]侍卫拼死抵御来敌，然劫掠依然得逞。此事暴露出本地区防卫漏洞之严重。,
就这么着吧。但这事最好到此为止！,
你就不想念里伯吗？,
你居然让我下了船，可真让我意外。就凭咱俩相处的架势，就算你把我绑桅杆上我都不会怪你，哈！,
他们把东西藏在哪儿了？你知道吗？,
他刚要开口，便爆发出一阵深沉的剧烈呛咳。等他缓过来，声音变得沙哑，透着几分惊惧。,
多谢你，好心的乡绅。还有什么其他能让你感兴趣的？,
还有那些安静的时刻。营火旁的欢声笑语。,
闭嘴，你这醉鬼！我们不过是来道贺的……顺便拿走你的一切！,
出什么事了？,
我们该审问那老家伙，至少得让他给咱指条明路。,
我刚从考斯坦丁的大厅过来。我们已经谈妥，暂时为你的国王效力，但若想好好侍奉他，我们就需要[船名]。,
队伍里传来一阵嘀咕，可这群农夫里那个自封的头领却纹丝不动。,
只一瞬，她那超然取乐的伪装便裂开了，露出真切的怒火。,
你尽管怨恨我们，可他们有十多个，况且那些畜生凶险得很。,
行吧，既然你把话说到这份上……,
埃奥福威克的遗孀领主凯尔，曾把她的爱情信物赠予三位从前的追求者，可他们一个个又把她抛弃了。凯尔求你替她取回这些信物，并许诺，你的援手会换来丰厚得多的回报。,
哦，他们我是找到了，没错。还找到了他们那个死掉的朋友。,
我有点儿渴了，这里有的是麦芽酒。,
你决定再多给他一点时间，再着急也不迟。几个小时过去，寒气开始逼人。凯蒂尔依然不见人影。,
记住这个符号……,
说得对。咱们去揍扁他们。,
那你到底想要什么？,
你们在厄林格·索尔吉斯尔松家宅外围勒住马。最大的屋子顶上懒洋洋地飘着炊烟，奴仆们在田间照常忙活。到目前为止，似乎还没人注意到你们到了。,
你们走了很久，缓慢而仔细地搜寻凯蒂尔的踪迹。终于，在森林边缘，你火把的光映着某种湿漉漉的东西：泼溅在岩石上的血迹。,
我……算是吧。,
很好。那让我瞧瞧那件装备。,
国王不耐烦地瞟了瓦达一眼。,
他用兵器敲敲自己另一面盾牌，对你沉沉地点头致意。,
能在此觐见陛下，是我的荣幸。,
你我本可以一同踏上壮阔的历险。我袭击了你的城镇又如何——哈！日子不就是这样过的！有我在你身边，咱们本该势不可挡。,
注意你的口气，农夫。,
你们这是去哪儿？,
不——哈咳——别再打了……我认输……,
这件事似乎让他刮目相看。,
这点水可救不出[玩家：名字]。继续找。,
谢了，这道疤准会很帅。,
你拔出撒克逊刀时，她强撑的勇气差点崩溃。她双手挣扎、狂乱挥舞，仿佛想抓住身边任何能抓的东西，直到攀住你的胳膊，在咽下最后一口气时死死攥紧。,
然后他们把我丈夫扔进火里！活活烧死！他惨叫着死——为了你这身性命！为了[i]正义！[/i],
唐科伊斯来得正是时候，只不过他随从的马匹让队伍稍作耽搁。他把芬古拉领进大厅时哭了出来，考斯坦丁演讲期间仍止不住地抽泣。,
这块石头像是亘古便立在此地——底部覆满地衣，顶端积着鸟粪。怪异的符号凿满石面——有些像动植物的形状，更多却全然无法理解。,
她嗤笑一声。,
别误会我的意思。你们只会成功把自己弄死，但如果你能证明我错了，我会很高兴。这帮猪猡在这儿赖了快两个星期了。,
这事毫无荣耀可言……你唬不了我，英吉玛尔。,
得说清楚，村里可从没丢过孩子，他们这么说，只想吓唬小孩儿离他远点。,
你选好要献祭的牺牲了吗？,
快去把弟兄们叫起来。我们来处理。,
什么？凭什么？这东西除了我，对谁都一文不值！,
这当然是你的权利。你并非我的臣属。你已经为我做了许多，也不必再对我有所亏欠。,
英吉玛尔的手闪电般探出，一把扣住你的手腕。,
我们在这儿的事还没完！,
他脸上的笑容褪去，换作一副哀伤的模样。,
愿尼奥尔德对我们微笑吧，我们已经做好扬帆出航的准备。,
{好好估量一下你周围的环境。},
若你回心转意，请一定回来。,
谢谢你！哦，谢谢你。我终于凑足回家的盘缠了。,
你可曾见过一小队人，两个男人和四个女人，还带着孩子？,
罗斯克瓦如薄雾般向你飘来，你们的唇交会的那一刻，向四面八方无尽地延展开去。,
我本以为营地里肯定有敌人。,
我原本没打算让你做我的旗手。,
宾客间响起一阵兴奋的低语。凯蒂尔压低嗓子咕哝了一句，那声音轻得只有你和内菲娅能听见。,
据我所知，那些德鲁伊已经死绝了。,
他的眼神空洞茫然，让你觉得似乎无论给他什么理由，他都会是同样的回答。,
是我杀了你的姐妹。,
[i]操。[/i],
他双腿本能地向后倒退，险些绊倒在地，最后踉踉跄跄地在你面前刹住脚步。,
男人见到我通常不会[i]跑[/i]。他们一般只会小心翼翼地往后退。,
能为考斯陶丁王的朋友效劳，向来是件乐事。我会给您最优惠的价格。,
{点头。},
不论你出身如何，塑造你的都是你所处的文化。你若生为基督教国家的酋长，便不会成为一名战士。,
内菲娅重新摆出战斗架势，目光死死锁定阿斯莱夫，那眼神凌厉得足以让橡树枯萎。,
嚯，这可真够提气的！这帮没胆的猪猡，居然趁葬礼对你们下手。不过嘛！俗话说得好……不打一架，哪算得上真正的盛宴！,
兄弟们，瞧瞧这个！,
那彬彬有礼的外表之下，隐隐透出一丝僵硬。,
行了，哪儿也别去，我们很快就回来。,
塔拉猛地一愣，吃了一惊。,
屋外，音乐声与欢快的交谈声愈发高涨，而那些沉浸在节日气氛中的皮克特人浑然不知，十二艘长船正缓缓驶入泰河河口。,
那咱们瞧瞧这附近有没有人家养狗。,
好吧，看来我们开局不利，但这反倒说明，我们大有改善关系的余地。,
雅尔·拉格希尔德露出了一个心照不宣的微笑。,
怎么做到的？,
绝妙。实在是绝妙。,
这镇子简直大得没边……,
合着苦活累活全归我们干。,
这是个铁匠铺——就凭你们手里那几件家伙的模样，这点眼力劲儿也该有吧。行了，别在这儿耽误我干活。,
哈夫丹之子，与玛多尔之子,
那边那些火堆……上面还能闻到余烬的烟味儿。,
她略顿了顿，饶有兴味地欣赏了一番你手下几个侍卫脸上的表情，然后像个小姑娘似的咯咯笑了起来。,
可惜了。我们大多数弟兄，当初拿了国王的赏钱去打野人，全战死了。剩下那批，后来也叫瘟疫夺了命。,
我们能在哪儿找个通译吗？得是什么样的人，才既懂我们的语言，又懂这些人说的鬼话？,
父亲从来就没想明白这一点，对吧？他永远只看得见人身上的弱点，却不知世上还有别样的力量。,
他再度用审视的目光上下打量着你，仿佛在估算你的斤两。,
本地那位牧师声称，你们用活人献祭。,
别光在那儿[i]杵着[/i]！杀了他们！,
瞧瞧他们的盾牌和装束，[Player:Name]。这是斯库勒的人。,
我不配苟活于世。我辜负了我的王，辜负了我的职责，也葬送了我的荣誉。杀了我，反倒是种慈悲。,
他将拇指扣在腰带上，脚底板撑着地面，身子悠悠地前后摇晃。,
珀斯隘口以南，已不见皮克特勇士的踪影，他们的埋伏未及发动便遭挫败。通往珀斯的大道，已然为埃塞尔雷德的军队敞开。,
说实在的，你也帮不上什么忙，对吧？今晚就在这儿歇下吧，但天亮前务必离开。,
你为何要卖掉你的装备？,
我们的城墙，相当壮观吧？它们屹立千年，正是罗马帝国威仪与秩序的象征！,
我接受。,
他鼻翼猛地一张，随即又迅速克制住了。他垂下眼帘，目光投向地面。,
返回珀斯，引默丁去见考斯陶丁。,
那大个子男人一脸惊愕。,
反正如今他也没机会弄清楚了，对吧？,
古代石板,
见你起身，她随之站起，并迅速拉近你们的距离，将她那温热的身体贴紧了你。,
{饮尽液体。} 噢，去他妈的。,
再度欢迎您大驾光临！不知有何能为您效劳？,
等等！求你……别走。今晚，你……你就不能留下来陪我吗？,
我劝你们从哪儿来回哪儿去。我们这地方，不欢迎你们这号人。,
卡斯雷德上上下下将你打量了一番，随后望向另外两人，那两人都朝他点了点头。,
{古怪的低吼。},
我父母都已过世了。他们是在很多年前一场愚蠢的家族仇杀里送了命。,
有人交代我，把这个交给一个既敬拜上帝，又信奉旧神的探子。我能依靠的线索，就只有这个了。,
{献上50份口粮。} 我愿向巴德尔献上祭品，以祈求好运。,
凯蒂尔拔出小刀，阿斯莱夫从内菲娅怀中向前栽倒，脸朝下摔进泥里，死了。,
上前来，我说！我一直想杀个巨人！但愿他又胖又慢……好让我的斧头能咬得更深！,
你最好继续走，异教徒！快滚吧！,
是啊，这么做就对了。他是个好小子，日后定能堪当大任。,
凯蒂尔将一只手搭在你肩上。,
行。你不赚我的钱，我就去别处寻药。,
这是尼德柱。一道狠毒的诅咒。,
罢了，你若这般需要那码头，我又岂能回绝。这笔买卖，成交！,
赫罗德盖尔达没能完全藏住声音里的笑意。,
{搜他们的口袋。},
他踉跄退了几步，站着死去，随即重生，皮肤上覆了一层厚厚的花岗岩。,
瓦达给自己倒了杯酒，一屁股沉进凳子里，朝酒瓶含糊地比画了一下，算是邀你共饮的唯一表示。,
他看起来并未完全信服。,
就在你转身背向村长时，那位通晓多种语言的修士，向你投来满含希望的一瞥。,
西格蒙德拧开酒桶龙头，将一只花楸木大杯斟得满满当当，递到你手中。随即又给自己满上一杯，这时伙伴们也都围拢到你身边。,
我会没事的！,
我已做出裁决，支持斯基恩的[Player:Name] [Player:Lastname]。,
我是来跟你交手的，照约定的那样。你准备好了吗？,
那陷阱几乎就明摆在那儿。,
我……有时倒真是怀念。那般循规蹈矩的生活自有一份宁静。但就算在修道院的高墙内能寻得心灵的升华，[i]真知[/i]却只在路上才能觅得。,
失窃之剑,
我是奥斯雷德国王治下的郡长——一方贵族，管辖着南边一个小郡。但奥斯雷德并非我的主宰。,
往事俱已付东流。你要我守在何处？,
那么……我能为这位美丽的女主人做点什么呢？看你的举手投足，想来不是来打制一枚胸针，或是给厨房添口新锅的？,
回去找那老渔夫，告诉他，他的徒儿死了。,
为未来干杯,
可惜奥斯雷德被杀。他出了名的睿智却软弱——一位体察民情、爱惜子民，却对战争毫无胃口的君主。,
冬日里，飞雪将那群山化作微光闪烁的云霞，峡湾也几乎要冻透了底。,
我绝不会犹豫向一个凭本事挣得领主之位的女人宣誓效忠，可要是那位置落到你头上，仅仅是因为那些本该担此重任的男人太过无能？那么，是时候变一变了。,
幸好你是我们这边的。,
这事别提了。你比我更需要它。若有朝一日它能救你一命，那这礼物便送得千值万值了。,
忧虑重重，压在他的眉间。,
你说你姓[Player:Lastname]？我想你父亲的船可能打这儿经过。他那时还带着他的兄弟，名叫格里穆尔夫？,
坐下，闭上你的嘴。,
前往哈德良长城，在营地与利奥弗里克会面。,
不知怎的，这仿佛冥冥中早已注定。终于，在这异乡一个燠热的夏夜，那未曾言明的承诺终得兑现。,
{离开。},
{将里克的尸身呈给他。},
基利安沉默了一阵，一边从袋中取出几个罐子。他递给你一个，便走开几步去捉近旁的一只飞虫。背过身去，他似乎更容易开口说话了。,
几年前，他们打定主意再不愿屈居人下，于是聚在一个叫艾布琳的姑娘麾下，宣布独立。,
他迎上你的目光，与你坦然对视。,
别小瞧了艾布琳。那娘们儿可是块硬骨头。,
我真是个蠢货。天真，还以为你……竟以为你跟你的族人们不一样。,
她为何将你赶了出来？,
别抱太大希望，内菲娅。这事儿八字还没一撇呢。,
看来他跟我签下这约，纯是为了能神不知鬼不觉地溜出镇子，不引人注意。,
[Diver:Name]仿佛已消失了亘古之久，不见一丝生命迹象。你终于意识到，[Diver:他/她]再也回不来了。,
一个小姑娘坐在满架陶器中间。见你走近摊位，她绽开热忱的微笑。,
鬼知道那是什么玩意儿，赶紧拿上东西，撤！,
噢，我的乖女儿！你姐姐竟要撇下我们！,
年轻的铁匠咧嘴一笑，抹去额头的汗水。,
嘿……有什么问题不成？,
你又救了我们于危难之中，[Player:Name]！,
编年史会这样记载：陛下死于斯克恩的维京人[Player:Name] [Player:Lastname]之手。真是可悲。,
待到他们长大，便组建了一支军队，征服了曾经驱逐他们的部落，扶持父亲重登王位。随后，他们便远走高飞，去建立一座新的城邦。,
赫利弗伊还在她的铁匠铺里忙活，正精心修理着一把做工上乘的剑。,
就是这个——多棒的猎物！,
我从胡尔达那儿偷师了几手。,
这男人嘴角虽挂着笑，眼中却毫无笑意。,
塔洛尔克看起来不大情愿，但还是动身朝村后关押基利安的地方走去了。,
第二天早晨收拾行装时，你发现少了些贵重物品，十有八九是被那逃走的奴隶顺走了。正要拔营出发，另一个奴仆在地上拾到一枚钱币，忙不迭地交还给你。,
浓眉之下，一双阴沉的眼睛满是狐疑地打量着你。面前这老头身形瘦长单薄，一头稀疏直发大半已灰白，可仍固执地夹杂着几缕姜红。,
我就想，你若非也这般认为，断不会一路跟我到这儿来。,
拿到了吗？你把那鹰带来了？,
就你偷的那只？,
你真敢？,
我连妈妈也要搭进去了。我敢肯定。我想，就是那[i]该死的[/i]诅咒，跟当初带走艾芙拉的一模一样。,
有几个旅人在他家附近的林子里扎过营。看样子，是他们临走前下的毒手。,
考斯坦丁的声音里，最后一丝温情也已荡然无存。,
死的是他总比是你强，孩子。,
那女人一脸憎恶，朝你们之间的地上狠狠啐了一口。,
古代盾牌,
我跟你睡，是因为我想那么做，斯坦恩。能赢得你的效忠我很高兴，但你无须觉得亏欠我什么。,
棒极了，多谢。,
有埋伏！,
我们想加入军团，当军团士兵。,
等人们都把你视作国王的座上宾时，再来吧。,
我们曾试图在一群修女和麦西亚来的旅人之间调停。绝望之下，那些麦西亚人动了手。我们本想阻拦，却无济于事。,
那就先留你做个阶下囚，直到我宰了他为止。,
愿你于来世寻得安宁。,
离那座古坟远点。净是些邪门的仪式和古怪的响动。,
我担心仅凭斯卡基一人，挡不住[Player:他/她]。若你准许，我愿一同前往。,
你在这儿待了一辈子？就不想出去闯闯，见见世面？,
去跟你父亲谈谈。,
他们转眼就会把咱们抛到脑后，有更大的麻烦等着他们去料理呢。,
羞愧的泪光在达布格拉斯眼中打转。,
那咱们就叫她比古尔吧。欢迎加入亲卫队，小家伙。,
如今我已有了新的家人。这个护身符自打我出生便护着我，现在你要远行，就让它来守护你吧。,
呃，这位是斯克恩来的[Player:Name]。[Player:他/她]有些事想问问。,
埃尔林格的妻子赫约迪丝来到你面前，脊背挺直，目光毫不躲闪地与你对视。你看得出她方才哭过，声音却异常坚定。,
想杀一个狼皮战士，这点儿伤还差得远！,
你在遍地尸骸中找到了赫罗德盖尔达。她死死摁住身上一处狰狞的伤口，用一种你从未在她脸上见过的狠厉，默不作声地逼视着你。,
穿过去吧。,
[Optimist:Name]将一只手搭在你肩上。,
你夜里由着你的狗到处乱窜？,
我拿下那个大块头了。,
哦，我……我敢说绝非如此，我的孩子。比起当初出发时，你已更坚强，也更睿智了。这便足以证明一切。,
{将石碑拼合。},
快点……把钱拿来。,
这地方可真平坦！你觉出来没？天穹像是比咱们家乡高了足足十倍。,
在你父亲的葬礼后，雅尔拉格希尔芙差人送来了这柄剑，以褒奖你处置埃尔林格那几个儿子的手段。剑格窄窄的十字护手上，细细镌刻着“血冰”之名。,
咱们凭啥断定它还原封不动地杵在这儿？这石碑刻下的年头可太久远了。,
[i]真他妈扯淡。[/i],
愿主对你的所作所为睁一只眼闭一只眼吧，维京人，祝你好自为之！,
从来没人会自愿跑到这鬼地方来。,
我从前就赢过利奥弗里克，再赢他一次又有何难。,
这片林子里，可没什么是为你这号人准备的。,
老家有人在等你回去么？,
那你们路上可得当心脚下，朋友们。但愿你们能早日寻到该去的地方。,
格蕾妮一死，考斯坦丁便成了唯一一位能够号令所有皮克特部族的指挥官——诸氏族除他之外，谁也不认。,
我真希望他们赶紧滚蛋！,
我对当前的人选很满意。,
孩童才会抱怨，而我们中的佼佼者用行动说话！,
内菲娅的嗓音轻柔，满是关切。,
你不过是个奴隶——你的意愿毫无意义。这点你最好给我牢牢记着。,
还记得埃迪丝提过的菲英岛上那座古墓吗？据说那里合葬着一位国王和一位女王，陪葬了他们毕生的财富。,
你数了数，前面那伙人超过了十个。然而当你藏在荆棘丛里暗中观察时，发现其中四人披枷带锁，被严加看管。他们垂头丧气，眼中满是惊惧。,
为何要手下留情？我们来此，就是为了让基督徒们领教我们雷霆之怒。,
啊，是啊，敢情我那最好的甲胄“也就配这么凑合着使”。恕我无能，实在罪该万死，[i]陛下[/i]。,
矮人还是精灵？你可真会说笑。,
有贼！,
我们该动身了，看看能走多远。需要的时候打点零工，未必非得干木匠活。,
把这些狗崽子们从哪来给撵回哪去！,
本地人胆敢这么干，不过是迟早的事。我们在这片地界可没攒下什么人缘！,
被废黜的国王给自己斟满一杯麦酒，仰头痛饮了一大口。,
哈！我就欣赏你这股子决绝！很好。,
谢谢你的故事，米尔丁。愿我们后会有期。,
吟游诗人张开双臂，原地旋了一圈。那兴高采烈的劲儿，几乎有些过头了。,
茂密的灌木丛窸窣作响，[Finder:Name]走了出来，一只手死死攥着一名年轻奴隶，另一只手则将一柄尖刀抵在了那年轻人的小腹上。,
我们准备好了。,
此话当真？那你赢得了我的敬重。,
了结这场世仇。,
对，把咱们说好的东西给我就行。,
我这辈子就是一趟漫长的败亡之路。这将是最后一段。我从不曾像个真男人一样活过，但我可以像个真男人一样赴死。,
这是当年称霸南方的庞大帝国留下的遗物。,
我信你。你进展之神速，令人咋舌。雅尔大人自然对此一直抱有极大的兴趣。,
你们俩之间……是不是生出了什么变化？我总觉得他瞧你的眼神……跟以往不同了。说不上来。总之，多留个心眼吧。,
她展颜一笑，世间万物便失却了颜色。她爽朗大笑，天地间便再无其他声响。,
我们呃，我们只是途经此地。,
对不住，耽搁了这么久。其实你不必来寻我的。,
盘踞在那些洞穴里的皮克特军队必须被肃清，还得打通一条穿越哈德良长城的道路。,
我向你担保，那些不过都是：[i]一派胡言[/i]。我们是[i]基督徒[/i]，和上帝所有的仆人一样，杀戮令我们深恶痛绝。,
长夜将尽，蜜酒仍汩汩流淌，笑声与呐喊充斥四周。你的扈从们面带餍足的微笑，脚下生风地忙活着各自的差事。,
那都是些什么东西？,
你叔叔西格哈尔姆向来不喜长矛，故而在你父亲最后一次出征时，他未携矛前往。西格哈尔姆此去便再未归来，如今，他的这杆长矛便归你了。,
插翅难逃,
我听说你放逐了阿斯莱夫。我觉着他本可作个侍卫为你效死，但你不想留他，也怪不得你。,
对不住，我还以为——,
老巫婆矮身钻回她那洞穴，转眼便没了影。待她再度现身时，手里多了两个用软木塞封紧的小罐子。,
是哪个不长眼的把异教徒放进来的？,
武器教官用一种审慎的目光上下端详着你。,
你绝不能这么干！这会被视作对诺森布里亚的宣战！,
贾达尔整个人仿佛被抽干了气力，为沮丧所压垮。,
我们可不像你们那般能征善战……我们只求个自在活路……,
她一边掂量着你的话，一边揉搓着双臂，试图让那苍老的皮肤暖和些。,
我万分歉疚，我的[Player:孩子]。我们已别无他法了。,
和平？狗屁。你是你父亲的[Player:儿子/女儿]，你的所作所为便是铁证。无论怎样，你骨子里都会成为一个维京人。,
是你！你怎么会在这里？！你对我们孩子做了什么？！,
那下可真够丢人的，内菲娅。丢人丢到家了。,
那年轻女子飞快地瞟了一眼哈夫丹，接着压低嗓门，脸上烧得通红。,
最终，他们按各自块头和臂力大小自行落了座，然后齐齐转向你，静静等待。你再也无从拖延——必须从中选出一位旗手。,
要拒绝她，你可得小心着点。她那颗心脆弱得很——一碰就碎。,
但凡冲上岸的东西，统统归我们所有。转手卖给村里人，或者随便什么肯出价的主儿。,
她毒蛇般迅猛，撒克逊刀一挥，带着精湛的技法利落割下他的右耳。他迸出一声尖叫，接着是拖长了的呜咽。,
[Player:欢迎你/欢迎你]，仁慈的领主。你是来补充补给的吗？,
你当然明白，空手而归，我是不会给你奖赏的。这次任务的失败，会让我在往后的日子里举步维艰。,
忏悔吧！,
我们在找一个隐士。,
多亏你出手迅速，战斗中没有一个奴隶丧命。他们警惕地注视着你，不知你打算如何处置他们。一个年轻人，下巴上只冒出几根恓惶的胡茬，试探着向前迈了一步。,
你可在她身上找着个好女人了。说真的，也不意外，我看整个村子都一直在等你俩开窍呢。,
一直都想。我总坐在那座桥上，双脚悬在水面上晃荡，眺望着大海，想知道彼岸究竟有什么。,
不了，谢谢，我得走了。,
斯泰因兴冲冲地回来了。,
长话短说。,
早就该有人站出来了！这里再没别人有这个骨头，有这份胆量去反抗他们的领主，所以这责任就落到了我头上。是时候行动了！,
当艾斯莱夫将你一把拎起、死死抵在树干上时，你几乎感受不到粗糙的树皮摩擦后背。积压多年的紧绷的弦猛然炸裂，烈焰将你们两人吞没，把黑夜烧得噼啪作响。,
我想帮忙，但我得先顾全自己人。在帮完他们之前，恐怕你得等等了。,
你再次回到对岸，看见其他人也都毫发无伤地游出了水面。摸清了路线，那些不太会水的人也能一口气潜过来了，不至于气尽。,
这会让埃塞尔雷德跟贵族们的关系绷紧的。不妙。,
他把干草叉往泥里一插，倚在上面。,
明白了！,
你真是疯了。我们没什么好说的了。,
他终于听见了你的声音，这时你几乎是贴着他的后颈在说话。他猛地转身，往后一跳，脊背死死抵住墙壁，惊魂不定地嗫嚅着什么。,
教会自然比村子有钱，可要是招来了上帝的震怒——,
涅菲娅和罗斯克瓦蹲在那堆还在冒烟的篝火余烬旁，目光牢牢锁在她们面前地上的什么东西上。,
猎人坐在一棵倒下的、覆满青苔的树干上，心不在焉地用两根手指揉搓着弓弦。一头受伤的公鹿躺在他面前，显然是你先前见到的那些血迹的来源。,
非常好。今天还需要些别的吗？,
那可真够可悲的。,
你回来了。准备好了去猎杀那些狼吗？,
你是说，跟维京人密会。真想知道那条老狗在打什么算盘。我们怕是永远也弄不明白了。,
你急忙转过身，正好看见[Victim:Name]一头栽进了沟里。沟边土壤里长满了细密的根须，早就把地面掏松了。,
要是那儿真有这么一笔财富，我们就该赶在别人之前把它弄到手。,
就这么办吧。,
很好。廖特尔和我会盯住他们的，有任何动静我都会告诉你。,
和你做生意，从来都是件愉快的事，[Player:Name]。,
好吧，我想，眼前这么多麻烦，只要有人肯帮忙，我都得来者不拒了。,
[i]你[/i]又是从哪儿冒出来的？！,
那是搞什么？！看来你是自告奋勇，今晚去把粪坑给我洗干净了！,
妈的……妈的！唉，我也怪不得你。至少，他要是还有点儿脑子，就会跑得远远的。,
我明白。别为这事操心了。,
罗斯克瓦用手掩住笑意，目光顺着你的身体滑下去，脸颊上烧起两团浓重的红云。她紧张地咬着嘴唇，轻轻滑到你身边，凑上前来索吻。,
那修士似乎注意到了你异国的衣着和武器，但他把心里的不安藏得很好。,
不！你干了什么？！这不对！,
那么，我很庆幸阻止了这件事，但我之前并不知道有人要对你下手。你并不欠我什么特别的恩情。,
那当然。我不过是个糟老头子罢了，基利安可还有一辈子的路要走呢。再说了，要紧的东西我都已经教给他了。,
说完，她转身朝自己的帐篷走去，步履间比平日多了几分摇摆，显得格外招展。,
在外面要多加小心，孩子。,
卫兵！他们盗了墓！,
埃迪丝已经在往海滩上抛掷补给袋了，忙着准备扎营。,
太好了！你们出发的时候，我会来会合的。,
很快，这对小鸳鸯互相耸了耸肩，便干脆走开了。艾菲归了队，对自己显然颇为得意。,
从没听说过这人。他在这一带算个人物吗？你也知道，我并非本地人。,
我们损失惨重，但尚可接受。奥丁的军队今日将增添近两百名战士。,
你自己惹的麻烦，自己解决。,
不介意我问几个问题吧？,
如前所述，我是做精铁制品生意的。你在这件事上出手相助，其价值嘛……大概抵得上值一百厄尔图格银子的铁料？,
你随我一同下去，将他们斩尽杀绝。一个不留，他们都是同谋。,
我为你感到骄傲，[Player:Name]。我们所有人都为你骄傲，无比骄傲。这份心意，你收好了。,
你无权过问此事。你是自愿跟我们走，还是要我们动手？,
嗯，好吧。,
你用溪水洗去了树汁，但仅此而已。[Victim:Name]有些沮丧，面露疼痛之色，点了点头。你继续处理时，[Victim:他/她]痛得直咧嘴，接下来几个时辰里，那片红肿急剧恶化，成了一片狰狞的皮疹。,
你说得对，没必要那么残忍。,
向罗慕路斯致敬。几位旅人，什么风把你们吹到莱加塞斯特来了？,
凯蒂尔用胳膊肘轻轻碰了碰你，对旅人们露出友善的微笑，同时压低了声音对你说话，那音量他们根本听不见。,
她摇了摇头，一脸茫然。,
我身负外交使命，前来寻求与国王结盟。,
小心有人把你错当成猎物，一箭射过来。,
你这码头，平常是怎么收费的？,
{出示证据。}事已办妥。,
他死了。里伯那场大火，就是他放的。,
我是诺托夫，这位是里克维。我们正往北去，心想在这里扎营总比露宿路边要安全些。,
{准备武器。},
这未免太浪费了。你确定不想拿它派个用场？,
殿下。,
[Toothache:Name]如释重负地点头同意，能免去更多疼痛，他求之不得。,
国王仰靠在椅背上，用审视的目光打量着你。他瞥了一眼身后的教士，却只见那人满脸疑云。,
万福玛利亚，充满恩宠，主与你同在！,
这主意听起来妙极了。你若想在海外立足，我们恐怕得先顾好自家领地的防御。,
{杀了他。}不行。,
难道没人看见她离开？,
利奥弗里克在赢得冠军头衔的那场比试中获得了这支矛。然而他更偏爱剑盾，这矛便从未在比武中用过。倒是狩猎时派上了用场，这些年来，死在这矛下的狼已不计其数。,
[i]就算[/i]那传说真有那么回事，那墓也早在多少代人之前就被盗空了。,
应该由谁来领导这次营救？,
这就是说，咱们要去寻宝了？,
我已同意加入你们的战争，与诺森布里亚作战。,
胆子不小。不过下次他逃不掉，总不能一路游回日德兰半岛去。,
看在奥丁的份上，你到底是怎么把他招来的？他可是这儿的传奇人物。,
我碰巧发现了一个，就把它拆了，可那农夫看见了我。他自然以为那东西本来就是我放的，那个混蛋。,
她重重叹了口气，目光低垂，双肩颓丧地垮塌下去。,
你惹错[Player:男人/女人]了，斯卡基。,
珀斯和艾奥弗维克已是我们的囊中之物。一个统一的不列颠，将由我来统治。,
尽管她眼下涂着灰暗的彩绘，你仍能看出她羞得满面通红。当她把瓶子递还给你时，指尖轻轻拂过你的掌心，但她只敢与你的目光相遇短短一瞬。,
宣布独立时，这个镇子是谁在控制？,
这主意太妙了。你能做到吗？,
你们在斯卡伯勒的事迹已经传到了奥斯雷德国王的宫廷。看来你们给那里的村民留下了好印象。,
你舅舅沉默了很久。就在你快要耗尽耐心的时候，他终于开口了。,
在采取任何激进手段之前，我们应该先审视所有可能的选择。,
我们将不参与此事。,
我只想让你平平安安地回到珀斯。,
当一切终于结束时，他特意花时间一一感谢了所有出手相助的追随者。然后，他转向了你。,
{放了那女孩。}今后我们必须更加警觉。,
我[i]说了[/i]，现在不行！,
有那么一瞬，你仿佛听见了奔跑的脚步声，心头一紧，担心谎言即将败露。但那不过是你的幻觉——奥斯雷德的斥候们早已无力干扰你的诡计。,
可如今他已是成年人，却心甘情愿背弃了我们。,
那是他的……你方才说，离此地有多远来着？,
啊，不错。又有几个新家族宣誓效忠，他们的人马刚好赶到。你不在的时候，咱们那位好国王埃塞尔雷德可没闲着。,
胜利归我们了！,
雅尔，你从不让我把自己的故事讲完。,
你该不会恰好知道，前面路上那辆马车上的死人是怎么回事吧？,
那时刚成婚。正准备西行，去接手他叔父的田产。他叔母死得早，没给叔父留下一儿半女。那块地不大，可我们拼命干活，一心想把它整治得更好。,
你的请愿完成后，我的门徒会把祭品安放在土冢之内。事情办妥，我会在墓外与你相见。,
嗯？哦，那家女修道院啊。那是……那是一处上帝的居所——对你来说毫无意思。不必为它费神了。,
那我来应付一边的祸患，你去扫清另一边。,
他们那些卑下的下水道，都比我们最宏伟的大教堂来得壮观，这难道还不足以印证罗慕路斯帝国的赫赫荣光吗？,
格雷提尔将信将疑地点点头，一脸空茫地目送你远去。,
我看地牢是找着了——可苦了我的鼻子！哈！那么——这里谁说了算？,
你手里那[Player:weapon]也不是拿来充样子的。握法老到，倒是会用。不错。,
我初来乍到时，也是这么想的。瞧瞧我现在这副光景。,
没过多久，埃奥福尔维克古旧的城墙隔着一道小河遥遥在望，你便碰见了一群人，浑身上下，一看就是做生意的人。,
一个饱经风霜的男人站起身来，拂去衣襟上的面包屑。一把浓黑胡须，间杂着丝丝灰白。,
瞧你把我弄成这副模样！,
一小群来自外围农场的年轻男女，正在阿尔瓦尔德那座旧训练场上操练。,
那艘船当年可也风光过——又快又结实——不——过呢，我看我还能[i]在那个底子上再做文章[/i]，超了我那位老主人。,
他目光往你身后的林子扫去，想要捕捉丝毫迹象，看看你在目力不及之处，是否还藏着更多人。,
{披上你的甲，拿起你的剑。},
不过，为他自己着想，我倒盼着他在流亡中求得个安稳。我怕他若是再动夺位的念头，只怕性命难保。,
我会唤赫尔姆弗里德和阿达尔布伦把他的尸身抬回这里。我们就将他好好安葬在他父亲的石碑近旁。,
大家一向待你如何？,
你说得是。你戳破了我的虚张声势。,
若你一寸心肠都认定，你的一应决断皆由自己担责，那赤裸裸的真相，又有什么分别？,
这可是你自找的！你给我躺下吧！,
你若肯接纳我的投诚，我便誓死效忠于你。,
略有耳闻。只要你们同为西古尔德·赫林格而战，你们就理应把彼此的分歧暂且搁下。,
好。我们这就把你弄出去。当心那些守卫便是。,
我们这才刚暖过身来。接下去还有什么？,
那些防御者齐齐举起兵刃，眼看就要一拥而上直扑你的亲兵。恰在此时，大路那头骤然炸起一声战嚎，生生撕破了空气。,
只要你高兴就好。,
国王依然不为所动。看你那一瞬，你以为他嘴角要泛起笑意了，他却只是颓然重重坐下。,
风在光秃如骨的枝条间尖啸而过，寒意直透骨髓。夜色里幢幢黑影阴森逼人，腐叶与死水搅在一起的刺鼻臭味，郁沉沉地压在半空。,
盖乌斯嗤笑一声。,
他朝一个倒地昏厥的追捕者，恶狠狠啐了一口。,
我难道没说过我不是来救唐科伊尔切的吗？我是说我从头到尾都盘算着要救唐科伊尔切。,
我没想到，在营地里面还能碰见个商人。,
{摇桨快些，借着雾甩开他们。},
这不光是关乎你我的事，比约格迪丝。这一趟远征，是为了救我们的村庄，救我们的部族。没有你女儿，我办不到。我需要你跟她道别，我们才能上路。,
在平台上凝起了一根粗壮的石笋。这地方正好系紧绳索。,
这才[i]叫[/i]我想看见的场面。敞开了吃，朋友们！,
那汉子接下来几句话，说得不急不缓，字字掂量。,
他略向莫尔坎特那边偏了偏头。,
今天可真是赶路的好日子。,
杀了这群人，也不能抹掉他们曾对我们部族犯下的过错。,
我听说过你。,
若是再不想法子对抗斯库勒，怕是很快[i]就连部族都剩不下[/i]了。,
我希望你明白，对这些村夫村妇而言，这是何等慷慨的厚礼！一出手便是这么多好端端的健马——这份厚礼，拿来献给国王都绰绰有余！,
如今，挡在你和诺森布里亚王座之间的，只剩下奥斯雷德一人。他是个贤明的国王，可既然我都没能拦住你，他又能有什么胜算呢？,
我们任由旧日的盟约凋零衰败。是时候修复那些陈年的交情了。,
我真不明白你费这劲干嘛。毫无疑问，他会把咱们在这儿干的好事到处宣扬。,
只要战利品不少我那份，你就能信得过我——但凡有人挡你的道，我就一斧子劈进他脑壳里。,
看来你麻烦缠身啊。最好在阿尔庭大会召开前把你的氏族整治妥帖，否则你的地位堪忧。,
基利安骤然间像是老了许多。,
你能尝试寻求和平的解决之道，实在令人钦佩。,
听着，今晚我们会再运些吃的过河。,
你这话什么意思？,
我相信，他们之所以没对奎恩那帮人施以援手，肯定是有原因的……也许你该琢磨琢磨，这群人[i]当真[/i]就只是土匪罢了！,
砍得好！该我了！,
商贩没好气地咕哝了一声。,
话音落下，考斯坦丁便转过身去，背对着你，叫你退下的意味再明白不过。,
他招手示意你凑近，大手一挥，请你赏览他那满目琳琅的货品。,
你弟弟冲你咧嘴一笑，一脸顽皮。,
那么我希望，你把差事看作是将来必有回报的情分，而非不容分说、必须照办的命令。,
想来也只能这样了。,
除了我发自肺腑的感激，我全部的家当都在这儿了！,
你是说，斯克恩遭到了洗劫？,
向来如此，成天琢磨我们“办不到”的事，从来不想想我们“能办成”的事。,
林木环抱间，你发现了一座小小园圃。乍一看不过是寻常草木，定睛细察，才见一畦畦精心栽植的药草与入药的灌木。,
我绝不质疑阁下的荣誉，但办你的事，还请往别处去。我们爱莫能助。,
他兄弟们了无生气的尸身，横陈在你厅堂前的院落中。幸而你劝得阿雷抽身而退，如今，他已是他父亲延续血脉的最后一线希望。,
什么？！我还以为来的是个蛮子，谁料想是个屠夫……这事最好别牵连到我头上。,
没错。就是这儿了。,
你那番话说得言之凿凿，连自己都险些信以为真。,
那应该管用。狼群平常什么时候来？,
这扇门从里面堵死了。你要靠蛮力强行撞开吗？,
别怕。阿斯莱夫[i]诚然[/i]是位悍勇的战士，但你可以做些准备——有些法子能让你占取上风。,
单凭这一点，你已赢得了我的信任。我自会进谏吾王，停止对奥斯雷德的援助，并考虑你的提议。,
他扬起双眉，堆出一脸同情之色。,
编得倒挺像。是你杀了原来的主人，把东西偷来的吧？,
你怎么看？,
真是绝妙的建议。我一定铭刻在心。,
不过我想，你此番驾临，不至于只为检视修复的进度吧，嗯？,
全都退后！休想拿我供你们取那变态的乐子！拉一个垫背算一个，我能拽上多少你们这些婊子养的，就拽多少！,
少跟我磨牙，有话快说。,
埃格里姆从我身边夺走了一位挚友，那么猝不及防，竟连一丝悲悯、半分内疚也无。,
那你骨子里就是个撒克逊人！,
你真信他远渡重洋上过那些岛屿？还有贡纳尔也是？,
康纳尔眼中怒火灼烧。,
我愿为您尽忠效力，[Player:Name]。若天命所需，便是追随您踏入瓦尔哈拉，在下也万死不辞。此誓为证。,
奥德凯尔全是他妈的鬼话。眼前这帮人，不过是困守于此的血肉之躯罢了。,
这镇子为什么如此要紧？,
多谢你陪我来这一趟。,
陛下，过去半年来，我一直在与皮克塔维亚的考斯坦丁·马克·弗格斯国王议结强盟。他已允诺遣出一部兵马，协力拱卫斯克恩。,
把你那信仰说给我听听。,
你往外走时扭头一瞥，正瞧见那老头几乎揪着女孩的耳朵把她提离了地面，拖着她哭天抹泪地钻进了其中一间小屋。,
谢谢你。,
你逼得我们别无选择。带路吧。,
这种事我也摊上过一回。就这么把我顶喜欢的一双靴子给弄丢了。,
哈夫丹。,
布鲁诺愈发地惶惶不安，以至于在慌忙屈服于你的要求时，险些连话都不让你说完。,
了结这桩世仇。,
[Player:Name]……,
咱们过不去了——追兵把桥给封死了。,
我父亲是凯特之王尼尔·麦克·布雷南，先祖凯特·麦克·克鲁伊特尼的后人。我是追随格蕾妮的一名女猎手。,
依我看，这像是野狗撕咬的——虽说是……一条恶毒得不像话的狗。,
很好。瓦达，去安排好，[Player:Name]为[Player:他的/她的]效力，该得的报酬一分也不能少。,
这地方简直是一团糟。我们只能指望奥斯雷德别那么快就发起进攻。,
我们不得不杀了他，真是件憾事。他不过是在为自己的国王尽忠职守罢了。,
她的笑容，让她看起来仿佛年轻了十岁。,
[Drinker:Name]和[Participator:Name]再次将蜂蜜酒灌下肚去。那晚余下的时间里，人人都是一副大失所望的样子，不过也没人反对。,
除了翻来覆去地抱怨[Player:Father]，你就不能提点[i]别的[/i]吗？,
但我转念一想，或许用得上你的帮助。你可以跟来。,
你好大的胆子？！,
我们会尽量不让自己成为累赘，但多数时候，我们会避开，不碍你的事。,
多谢了！,
别去管它。,
斯库勒领主。,
我猜，我们就是你们恭候多时的那群异教徒了。恕我等冒昧，到得稍早了些！,
我在奥丁面前立誓，无论你指引我前往何方，我都将追随左右，以我之性命效忠于你。,
好吧，那我们就等等。多谢了。,
格蕾妮粗鲁地打断了一个下属说到一半的话。,
愿你们平安，旅者们。此刻站在你们面前的，是诺森布里亚之王，奥斯雷德。,
雷斯克瓦说话的声音几不可闻，勉强盖过四周海浪的咆哮。,
你绝不会把这个村子的首领错认成哪个地位低下的平民。他是那种老而弥坚的长者，岁月无情，只让他更显饱经风霜，更令人望而生畏。,
一声深沉的叹息从修士口中逸出。,
你打得简直跟我外婆一个样！她老人家可都入土好多年了！,
你成功了！噢，[Player:Name]！你真的成功了。,
我不太确定这话是否属实——如今的斯克恩，其作为贸易枢纽的价值，似乎更胜于充当一次劫掠的受害者了。,
一片阴云似乎笼罩了他。,
你这儿有什么武器要出手吗？,
打头的那人，你心里已认定他就是使者了。他尽力模仿你的手势，同时还得紧握长矛，以防掉落。他又吐出了几个句子，可对你而言，那并不比最初的那些话语更容易理解。,
我听说了你身处困境。,
说得没错——两支军队都撤回各自的首都，去拱卫他们国王的宝座了。我们先拿哪一个开刀？,
你[i]根本不配[/i]当这个领主！,
还是那句话。你是来寻点什么买主的吗？,
他们荣誉上有了裂痕，正在化脓溃烂。那头猪，不过是个挑起事端的由头罢了。,
塔拉，你需要我们做什么？,
你正逐一确认你的侍卫们都还完好无损，这时，[Aggressive:Name]发出了一声气急败坏的呻吟。,
我们来谈谈易货这桩事吧。,
你正不遗余力地推销，而他们完全被你这番说辞吸引住了。,
艾芙拉的嗓音轻柔而优雅，全无她姐姐那股子不容置喙的强势。,
你怎敢如此！不管你们俩有多亲密，这都事关[i]家族[/i]！我[i]决不[/i]会让我的女儿，重蹈她父亲的覆辙，被同样愚蠢透顶的冒险给毁了！,
斯泰因点点头，向他手下示意，那些人便朝着海滩走去，去搬运补给品。,
去邓弗里斯城外的营地，谒见郡长伍尔夫西格。他必然早已听闻过你，但我们仍会派出信使先行一步，确保他知道你是代表埃塞尔雷德而来。,
你有何计划？,
够了，够了！这也太多了。真是个妙不可言的故事，等我再转述的时候，非得添油加醋，好好渲染一番不可。,
格里穆尔夫搔了搔他修剪得体的胡须。,
快！我们得去援助艾布琳！,
雅达尔如释重负地舒了口气，叹息在冰冷的空气中化作一团翻涌的蒸汽。,
我非杀你不可。我不能让这孩子送命。,
好主意——只消一滴毒药，也许就能了结此事。,
一切照旧。我依然是你的领主。,
当你在地里耕作时若遇强盗来袭，抄起你的锄头抵挡，总比赤手空拳强些——但也强不到哪儿去。,
那就依此照办吧。,
我们可以助你摆脱困境。,
圣罗穆卢斯将指引我们前行。,
我相信他们对外人心存疑虑，自有其充分的理由。保持警惕是明智之举。,
雨水无情地抽打着山腰，你和你的扈从们在险峻的峭壁间艰难跋涉。冰冷的寒风在岩缝中厉声呼啸，几乎要将那声惊叫彻底淹没。,
我已邀他们来斯克恩与我相聚，并把一处荒废农庄的管理权交给了他们。,
别害怕。告诉我你叫什么名字？,
我曾嘱咐凯蒂尔要关照你。如今，我倒要提醒你，多加提防着他。凯蒂尔于我，如同手足兄弟。,
剿灭鼠辈帮,
夜夜都来我的小屋，替我烧饭，帮我搬拖渔具。,
他随手丢给你一个钱袋。,
雅尔拉格希尔德脸上掠过一丝假笑。,
够了。真正的基督徒，怎会把主祷文的第一句就念错！,
你缘何希望与我们一同训练？,
北方的奥克尼群岛目前被来自挪威的维京掠袭者所盘踞。明智的第一步，或许是先航向奥克尼，在那里站稳脚跟——尤其是你还打算拉起一支军队，日后征服不列颠尼亚的疆土。,
恩巴尔德抬手，止住了你的吟诵。,
萝丝克娃翻了个白眼。,
埃尔吉尔那副模样，活像个在海上迷失了方向的人。,
不用管我。,
别哭，奈芙。只要母亲还有你，我便可安然赴死。,
吟游诗人会代代传唱这件壮举！等我们回去，要立起符文石，铭记此番征服。,
巨人叹了口气。,
他一笑，来了兴致。,
你和你的人，对我和我的人。咱们现在就去外面的悬崖上分个高下。你赢了，我向你效忠。我赢了，你他妈就滚蛋。,
[Player:Velkominn/Velkomin]，[Player:Velkominn/Velkomin]。我刚从里伯来的商船上买了一车刚宰的鲜牛肉。要瞧一眼不？,
一种用巨魔树霉菌制成的粉末，应当能治艾芙拉的病。,
用“榆树号”。{载货量大 / 威慑低 / 航速慢},
可随后又来了个铁匠，村里人便觉得他的手艺肯定更胜一筹，谁让他两腿间多了那根玩意儿。,
这恐怕是这座城有史以来最狂妄的举动了。看在基督的份上，你干出这种事到底是为什么？,
洞口飘出一股奇怪的麝香味，你隐约听见里面传来窸窸窣窣的动静。,
祝君安康。,
有伴儿来了！列阵！,
我的职责系于王国与此城。若奥斯雷德有令，我本会誓死护他周全——但他命我随他一同投降。,
介意我问你几件事吗？,
我们要把他们料理了，你就回卡特去吗？,
既是职责所在，又怎能推辞？,
埃迪丝在队伍前停步，抬手指向北面那座映在天际的山丘。,
一群面容粗野的家伙从林中现身，个个显然都带着家伙，只是还没亮出来。打头那人粗声喝令。,
一种近乎冷酷的满足感爬上了那人的脸。,
那想看看有什么可卖的吗？,
窄凿,
不介意的话，能告诉我你来这荒郊野地是想找什么吗？,
奥斯雷德到底怎么了？,
依我看，这就是奥斯雷德缄口不言的缘由吧？,
他语调依旧疏离而冷硬，可你瞥见他正忧心忡忡地打量着你的人马。,
早点回来。,
他们都还活着，两个都是。,
又见面了，真高兴。是要肉还是兽皮？,
正是，陛下。承蒙款待，不胜荣幸。,
这回梳洗，你花费的时间比平日要长得多。,
老人任凭目光向上游移，投向夜空。浓密的雪片正从大团乌云中打着旋飘落。,
我信此事能确保得到西古尔德·赫林格的支持吧？,
我能感到她不在了。若非自知不可能，我简直要说这是一种巫术。没有了她，整座家园都空了。,
你若在此已久，久到结识了格里穆尔夫，那想必也见识过斯库勒·碎颅者与和平者贡纳尔了吧？,
外人来此，称我们为妖邪。他们带来刀剑与烈火。,
那垂死之人虚弱地点了点头。,
这旅人圆润柔和的腔调，表明他来自北日德兰的某地。,
我真没想到自己会是这种了结。,
一丝哀伤掠过他的面庞。,
趁你还喊得出“我投降”就趁早放弃！,
那儿的人是皮克特人还是盎格鲁人？,
{仔细听着。},
在3回合内，每回合末恢复30-40生命值，但效果持续期间，行动速度减缓2点。,
填饱我们自己的肚子绰绰有余，还能有余粮供你军队所用。,
我还从未遇见过如此慷慨的义举。真心感谢你。,
[i]妈的[/i]，[Player:Name]！你为了一把碎银子就结果了一个人！,
绳索，有了。岩钉，有了。锋利的古怪玩意儿？大家当心，这看着像个陷阱！,
那是个意外！你什么也不明白！,
我想我吸取教训了。,
回村里去，看看基利安还有没有救。,
废弃营地留下的足迹通到这里。我心里有种很不祥的预感。,
贡纳尔怎么样？,
我再不惧怕那条毒蛇了。,
简直不费吹灰之力。下回给我们上点真章。,
你该找机会去一趟罗加兰。我教你滑雪。,
奈芙娅的笑意中夹着一缕哀伤。,
那些够你用上好一阵了。,
我还没见过他。怎么问起这个？,
我不听你使唤。要是找到什么值得销赃的玩意，我会给你带回来，仅此而已，这就是咱们合作的全部了。,
我想……我刚才在做梦吧。,
我们得做点什么！,
这儿没人？我还以为会有什么欢迎的排场呢。,
我们将远赴你们的奥克尼群岛，投身你们的事业。你们已赢得我们的忠诚与效力。,
（握着她的手，陪她走完最后一程。）,
这显然让三人都有些措手不及。,
我们需要教会的支持——倒不必大张旗鼓，但我们必须确保，在我夺回王位时，主教能坚定地站在我这边。,
尽管仍看不见他的眼睛，但不知怎的，你能觉出他正投来意味深长的一瞥。,
但若你回心转意，这提议仍然作数。助我拿下皮克塔维亚，我便应允遣十艘船的战勇，听你调遣。,
你的母亲转身要将手搭上他肩膀，但鲁里克早已退到了长屋的另一头。,
国王缺乏情报，是我们最大的优势。我们绝不能过早暴露底牌——而这，正是需要你出马的地方。,
三大口便喝了个底朝天。你大口喘着气，一阵舒爽的酥麻霎时传遍全身。空杯被收走，一只斟得满满的杯子又递入你等候的手中，你痛痛快快地打了个饱嗝。,
那两个可怜虫浑然不觉你在那里，直到你的撒克逊刀没入第一个哨兵铠甲的接缝，第二个哨兵紧跟着也倒在了[Sneaky:Name]手下。,
我没事，鲁里克。你怎么样？,
你赶紧给我走。我跟你没什么好说的了。,
[Random02:Name]指着地上一具身着诺森布里亚服色的尸体。,
真是背透了的一天。,
非常好。我去叫上几个弟兄，回来伐这棵树——你确定没问题？,
没几个人能有[Player:Name]这般眼力。,
我很乐意改日边喝一大杯麦酒，边听你细说那事。,
你三下五除二就料理了这些皮克特人！真是万幸——咱们的军队差点正中他们的埋伏。若是陷阱真给触发了，咱们可就全完了。,
[i]什么？！[/i],
别他妈跟我说话，赫罗德盖尔达。,
跟我说说，怎么你炖的菜，总比比约格迪丝做的好吃那么多？,
阁下，我恳请您与这些异教徒打交道时，怀有开放之心。他们远不如传说中让我们以为的那样邪恶。,
不过往后那种话，最好还是烂在肚子里。谨言慎行会让你走得更远，即便是在这儿。,
麦克泰格必须死,
将芬瓜拉安全带回珀斯。,
（自卫。）,
求求你！别杀我！,
凯蒂尔侧立一旁，手持满满一角蜜酒。这年轻的猎人似乎正带着一丝玩味的表情冷眼旁观着盛宴，待你走近时，他恭敬地点了点头。,
我们不过是在兜圈子罢了。,
主与你们同在。,
这伙人足有一打，但瞧着训练低劣，装备更是寒酸。你走近时，他们对你投来恶狠狠的目光。,
斯威辛，因谋杀未遂及杀害一名卫兵而被通缉。最后有人目睹其朝西南方逃往莱加塞斯特方向。赏金：活捉可得1960财物，击杀可得1320财物。,
威利布罗德挣扎着站起身，啐了口血沫。,
我喜欢女人，可不代表我喜欢[i]所有[/i]女人，凯蒂尔！我是说，难道你见着个漂亮姑娘就动心吗？,
智慧与仁慈。这不是战士该有的品质。所以你才是领主，而我不是。,
尘世圣礼从她身上流淌而出，为尔等蒙昧的蛮族开辟了道路，得以一窥罗慕路斯的荣光。,
奥斯雷德的最后一名手下倒地，瓦达几乎没顾上喘口气，便迅速翻查倒下的敌人，确保不留活口。,
领主和他的旗手在洞穴里多待了几天布置陷阱，我们其余人则在洞外休整。之后我们便返回了这里。,
这么着，我不记仇。你在道上伏击了我们，而你有胆子跟我们动手，也有本事要了我们的命。,
你反握短刀向上划向她的咽喉，但她踉跄后退，举起了盾牌——那是笨拙的一挡，却救了她一命。卫兵们愤怒的叫嚷声划破了夜空。,
你两大口灌下了蜜酒。当你把角杯重重砸在身旁桌上时，顿觉头晕目眩，一股灼热从喉咙直窜到手指和脚趾尖。,
难得见你卸了盔甲，这倒挺不赖的。,
发生什么事了？我完全摸不着头脑。,
要是在旅途中碰上他们，我一定把人带回来交给你。,
你对埃迪丝有什么看法？,
我听说你杀了阿斯莱夫。难道就真的没有别的路可走了吗？,
若你寻到了父亲的踪迹，只管循着线索追下去，但千万小心，莫让此事成了心魔。整个氏族的存亡可都悬于一线。,
你觉得内菲娅这人怎么样？,
但我不会那么做。因为你说得对，他曾是我的对手，那条老狗死了，我高兴还来不及。,
挑战西格蒙德。,
我跟一个老太婆住在泥塘里。{勒斯克瓦朝内菲娅那边扬了扬下巴。}我可没那福分，像那边那位战士公主似的，把自己拾掇得闪闪发光。,
哪怕是干点木工活呢！你就没个喜欢捣鼓的事儿？！,
奥塔尔，你这灌饱了黄汤的泼才！竟敢在[Player:他/她]自己的盛宴上，往你家首领脸上抹黑！你的家眷就等着为此偿债吧！,
那可不关我的事。,
你带着族人在石头周围刨了好一阵子，结果连个有意思的玩意儿都没翻着。,
{拿下他们。}你们几个，得随我走一趟。,
控制珀斯与约维克之间的高地将成为胜负手。为此，必须把盘踞在几处战略洞穴里的皮克特人清扫干净。,
那小偷抬起眼皮，像是想用目光护住自己那张脸。,
你又是哪路人物？,
嗯？怎么了？,
你道什么歉呢？哈！我逗你玩呢！,
来，这边走。,
一码归一码。塔洛尔克何在？,
“眼见酒杯在目力不及处被砸得粉碎，多少珍宝便从此与我无缘。”那老人接着絮叨了几句：“往后，我再也说不出：‘啤酒啊，眼下你可算酿成了！’这种自欺欺人的话了。”,
你们几个，在这儿抄着手干坐了好几个月。我等正是奉命来解决你们的麻烦的。,
这枚护符的边角已被漫长的岁月打磨得温润光滑，符面上则装点着凯尔特式的花纹。,
看这光景，除了我，怕是每个人都先知先觉，料到了这场突袭。,
我们非得让他们知道这地界谁说了算，不然他们偷起来更没个完了！,
听着，朋友，我身边这位凯蒂尔，能在对手眼皮眨动之前，一箭射穿他的招子。你想亲眼见识见识，还是乖乖把一半的钱交出来？,
你说得没错，换了我，我也不干。,
你成功甩脱了追兵。,
没一件看得上眼的？这可就奇了，往常来的主顾——真是对不住。,
有些事情，你可以着手去办，好让陛下重返王座之路，走得更……[i]顺当[/i]些。,
布鲁诺往后退了几步，脸上写满了惊惶与困惑，但他手下的战士护卫显然不打算干等命令。打头的两人飞快地交换了个眼色，随即亮出了兵刃。身后那四人也立刻跟着拔刀相向。,
悉听尊便。,
莫要辜负了我的指望。,
我这一天的活计算是了了，不过炉火正旺，我这膀子力气也还在。要我给你修补修补家伙，还是打件新的？,
今儿个可真是够瞧的，就没消停过，是吧？,
拿着——这是你凭本事挣来的。多谢了，朋友。,
{悄无声息地要她的命。},
行啦行啦，何必都这么没来由地急红眼。都回自己岗位上去，这几个生面孔，交给我来应付。,
搜寻那批宝藏。,
不。你在此地的所作所为，我绝难苟同，但我绝不会因此误了我的正事。,
我们信奉的神明，是阿萨神族和华纳神族——他们居于仙宫阿斯加德，由众神之父奥丁统御万方。,
若能寻到他，我自当尽力。,
这怕是迟早要成个祸根。我们与他们的神明之间，素来是毫无情分可言的。,
我无能为力。作为西古尔德·赫林格的使臣，我在阿尔庭上既无权柄，亦无多少回旋的余地，只能依我王之命行事。,
她已出落成一名刚强的盾女。我俩在许多事上还是话不投机，旧日的隔阂也未曾散尽，但毋庸置疑，她对你赤胆忠心，铁了心要为你尽忠职守。,
啊！那还用说！听起来你我都捡了个大便宜！,
那也是迫于无奈。,
话既说到这个份儿上，最好亮出点真章来，别只是磨嘴皮子！,
少说疯话了。你的萤火虫，拿回去。,
比这更凶险的阵仗她都熬过来了。,
家传宝剑,
扬帆直抵奥克尼群岛，前去觐见那地方眼下的首领。,
珀斯以南的隘口已是畅通无阻。是时候挥师挺进皮克塔维亚，直捣珀斯本城了。,
剪径强人,
我们来做个了断。,
他们将学会畏惧我们，运气要是好的话，这足以教他们就此歇了继续向北拓疆扩土的心思。,
老天爷！这地方可真是神了！在海潮吞没一切之前，这里定是一处聚居地的中心。光是想像当年在此举行的那些典仪，就够人心驰神往了！,
每一条进出的路都是险要的隘口——若只能两人一排往前拱，纵有千军万马也施展不开。,
这样就行了。好了兄弟们，咱们走。,
你和凯蒂尔待了很久，喝着酒，笑着，聊着往事。凯蒂尔的情绪渐渐高涨起来，可声音里还是透着股掩不住的惆怅。,
别往心里去——我手底下的人，任谁碰上喝酒这档子事，都不会推辞的。,
孩子们蜷缩在角落里，眼睁睁看着守护他们的人死去，吓得连哭都不敢出声。,
我本以为这绝无可能。我的孩子，吟游诗人会世世代代把你的功绩传唱下去。,
当然了。这能防着虫子钻进袋子里头。,
回埃奥福尔威克找凯尔，告诉她“仙环”已经没了。,
一个壮汉站在小农舍前，胳膊上沾满腐殖土，搓到肘部。他眉头紧锁，全副心思都放在怎么把那根格外难缠的树根给刨出来。,
国王至少断了一根肋骨，还断了四根手指——两只手各断了两根。他看起来好几天没吃没睡，瞧他胡子上结的盐霜，怕是连咸水都喝上了。,
路上多保重。,
他点了点头。,
他抬起眼望向你，眼下一圈重重的乌青。,
明白了。,
你他妈以为咱们这是要去哪儿？村子在另一头！不给基利安报仇，咱们绝不走！,
我的羊群……怕是会被你吓着。,
多谢您，伟大的雅尔。我这便效力。,
当然，要是漏了咱们这些异邦朋友，那可就是我的不是了。他们本没理由出手相助——既不是基督徒，对咱们这王国也没什么义务——可他们照样为我而战。,
比约格迪丝的脸唰地一下没了血色。她张了张嘴，却连一丝声音都没能发出来。,
谁会愿意住在这种鬼地方？,
她听了你的笑话，哼哼一声，脸上却是挂着笑的。,
多谢二位。愿这桩婚事，往后能叫咱们两家都兴旺发达。,
你伤了我的人。倘若你以为我还会留你性命，那你可是天真到家了。,
我们……确实见过他。这就把你弄出去，小心外头的守卫。,
我等为诛杀埃塞尔雷德、终结这场战事而来。此刻退出大厅，可保不死。,
有埋伏！一群卑鄙小人。,
啊，真是天赐的好日子！,
这事我得再琢磨琢磨。,
找到那个拦路打劫的家伙。,
北门那边，其他人还在顶着攻势。你们要是抓紧些，兴许能把那帮劫掠者给冲垮！,
这桩争端，你是站在我这边的吗？,
凯蒂尔利落地割断了雄鹿的喉咙，待那畜生咽了气，他颤颤地吐出一口气，转过身来，眼眶晶亮地望着你。,
你难道想客死在什么八竿子打不着的异乡，白白赔上性命吗？！你姐姐和我，可都离不了你！,
你搜肠刮肚，努力回想儿时母亲教你的那些为人之道，可尽管她曾谆谆教导，你的话听起来仍底气不足。,
我说了，我试过了！,
瞧你这副落魄样。,
那就这样，利索些。,
毛科林沉沉地点了下头。,
{交付三百贵重物。}解毒剂一瓶。,
我说不准。你呢？,
完全没提过什么宝藏或是藏身的地方……？,
怎么个打算？要是我没理解错这趟的活儿，咱们是去搅黄一场结盟？,
你向那老人娓娓道来凯蒂尔的来历，一点点说动了他，叫他相信凯蒂尔是皮克特失散在外的血脉，而助他与亲人团聚，才是眼下该做的事。,
多谢你了，[Player:Name]。你带回来的每一样东西，都让咱们更能撑下去，也更有底气扛住斯库勒的进犯。,
帝国的幽灵,
埃奥福尔威克有人专偷过往旅客的东西。这事里头，兴许有机可乘——当然，得你有这个意思才行。,
听上去可真不赖。,
{收起了那人的遗体。},
我心里难受……实在走不下去了。,
要钱还是要命！,
我从没想过，咱俩之间会闹到这步田地。,
你好。想看看坛坛罐罐吗？,
回回都让对手抢在前头，诺森布里亚的奥斯雷德二世国王终于受够了，拉起一支军队便离了埃奥福尔威克，去对付那个觊觎王位的埃塞尔雷德。,
[i]该诅咒的！[/i]这下咱们就得跟援军硬碰了！,
需要什么，你直说就好。,
那贵妇轻轻倒抽一口气，用手背掩住了笑意。,
唉，可我也知道，你们这些年轻人一旦拿定了主意，天王老子也拦不住。行吧，行吧，我来瞧瞧家底。,
俺们也卖周边农家送来的鲜肉，您要是头疼脑热、或是受了伤想寻个药方子，俺们这儿也备着些许药材补酒，不多，但都是挑了又挑的。,
[Player:Father]紧紧抱住你。记忆中那股气味扑面而来，让你感官沦陷，旧日的情感重新浮上心头。,
自从你离开后，他变得越来越……[i]疏远[/i]了。,
你吃完那份食物，不自觉地呻吟一声，向后靠去。每次呼吸都得顶开堵在食道里的那团东西，肚子胀得像是要炸开。一个嗝翻涌上来，差点把所有东西都重新吐出来。,
{杀死凯蒂尔。}你杀害了同族之人。这我绝不能饶恕。你[i]必须[/i]血债血偿。,
但愿我们在战斗中得蒙胜利。,
我在营地里见到四个，但那堆行李光靠四个人根本搬不动。我估摸他们得有六到七人。,
六小时后。,
不管那是什么，你最好赶紧克服。这种软弱的毛病，在战场上可是致命的。,
可惜，这最基本的消遣没能让你沉浸太久。墓冢前已经聚了一小群愤怒的暴民，手里操着草叉、斧头和简陋的长矛。,
那巨汉顿了片刻，调整了一下撑在木杆上的重心。,
牧师又开始用牙啃起另一片指甲的边缘。,
你确定？,
要我说，咱俩这次联手，大有可为。,
他打了个寒颤。,
眼下还行。我会回来的。,
愿上帝看顾你，[Player:Name]——愿祂指引你得胜。,
他厚着脸皮挤了挤眼。这要是换张不那么英俊的脸，这表情恐怕就透着猥琐了。,
{给她看威利布罗德的丝带。}奥斯瑞德派我来找你拿报告。,
那个传闻，没错。,
莫尔坎特站在不远处，大口大口地喘着粗气，想让自己站稳。,
或许我该告辞了。,
[Laugher:Name]看着[Stuck:Name]惹上这身麻烦，笑得直不起腰。[Stuck:Name]也跟着笑，那笑声里却透着一丝绝望。,
就是她。或许别告诉她你要杀康纳尔。看能不能从她嘴里套出凯尔特拉姆的下落。,
{选择一名挑战者。},
你准是把我当成个蠢货了！你这身穿戴，分明就和他们一个样！,
在[Repairer:Name]的帮助下，你竭尽全力修好了桅杆。尽管天气恶劣，你们还是把它弄得又稳又牢。,
你跟着罗斯克瓦钻入林中，来到一条小溪的湾流处，这里刚好处在营地听不见喊话的距离之外。,
你将绳索拴在其中一根粗壮结实的石笋上，把绳子朝下方的台地垂了下去。,
如果帮你能换来你的支持，我会继续助你一臂之力。但你可别把我的援手当成理所应当。,
啊，你这模样倒是对得上。不过我们本是往东，要去海边接应你的呀？,
打听下珀斯那死亡病的事儿。,
下回我们准能逮住她。,
祝你旅途顺遂，朋友。再会了！,
{甭理他，继续赶路。},
他一缩脖子，后退了一步。,
我改主意了。容你在我这岛上再待一周，之后你就给我走人。,
我叫马班。,
荣誉这东西力量非凡。它能驱策人成就大业，也能蛊惑人犯下恶行。,
没错，它确实时常摸进我们城里来。一条漆黑的大狗，眼里喷着火。,
好样的，[Player:男人/女人]。,
你纯粹是个无赖。,
好吧，你听着……我知道这看起来不像话。但你得明白，这事我没得选。我家老爷子曾经效忠过埃塞尔雷德的父亲。,
多谢出手相助。,
瓦达毅然拔剑出鞘。,
[Perceptive:Name]的话音里透着钦佩。,
北方人从北面和南面同时夹击我们！内菲亚正死守着桥，她派我来找你求援！,
若是想从死者身上捞点东西，你最好掂量掂量那些尸鬼。,
即便最穷困潦倒之人，也有一件身外之物——而恰恰是那件东西，才算得上最珍贵的献祭。,
参加芬古拉的婚礼。,
但你既然信守了承诺，我们自当奉陪到底。走，弟兄们。,
你抄起罐子，发现底部还晃荡着些许液体。凭感觉判断，应是某种发酵过的汁水。,
我应该能译出这些文字，不过得费些功夫。,
他们彼此对望，寻得对方首肯后，点了点头。,
若其他人瞧见，有别的战士甘愿为你出生入死，这份敬重，绝不亚于你亲手击败阿斯莱芙尔。,
明日，我将在决斗岛上与阿斯莱芙尔一决胜负。,
有劳你这么大老远专门跑一趟。这年头，感恩之心可是稀罕物了。,
战斗结束后，倒下的人从地上爬了起来。看得出这群孩子从这场败仗里学到了不少东西。,
年轻人望着[ScoutCapturer:Name]刀刃下的同伴，不情不愿地开了口。,
返程的船程和来时一样风平浪静。决斗岛从斯凯恩外的海岸望去，轮廓清晰可见。你们得胜归来。,
艾菲绽开一个少女味十足的笑容，让你更没法忽略她有多么年轻。她手里拿着一封封了口的信。,
凭你这副态度，倒很可能要成为我得料理的事了。,
她指尖转动着那枚徽章，翻来覆去地看。,
你们这番无私的壮举实在太了不得，好心的旅人。,
击败英吉马尔。,
你……是真的吗？,
我儿子还活着吗？戴尔活下来没有？！你们这些畜生！,
那场仗打光了我全家——我们不肯接受他们的神，他们就杀光了我们，像踩死一群虫子。只有我一个人活下来，逃到了北方。,
我解释过了，你该去找奥德凯尔谈。,
我东西搁哪儿？,
那条项链是戈姆莱斯的，她嫁给了拉克伦。那是我三十多年前为他们大婚做的。,
看来我们之间的盟约，从今往后算是板上钉钉了。,
红色婚礼,
她嗓音里悄然滑进一丝假惺惺的抱歉意味。,
哦，那些个蛮子。你们寻着瑞亚·西尔维亚没有？,
他堪堪瞥见你挥来一击，总算抬前臂堪堪架住。抓住那一刹那的反击之机，一记右钩拳还回来，把你打得脚下踉跄直退，他趁机拔出了兵刃。,
整块石板上铺满了老旧的青铜和银制玩意儿：手镯、戒指、酒杯、碗，甚至还有个看着像是给小刀配的刀鞘。,
奥德凯尔两颊泛着泪光，眼睛直直盯着脚前的地面。他内里的什么东西，像是已经彻底断了。,
冷静点，你这蠢货，我们是瓦达请来的。,
我不能让他伤着你。,
在目标格及其相邻三格引燃火焰。火焰会在接下来两个回合内，每回合向外蔓延两个相邻格。,
你动身前，有东西要给你。,
凯蒂尔抄起胳膊，冲着廖特尔咧嘴一乐。,
他重重叹了口气。,
可事情根本不会走到那一步。我绝不会让你把珀斯抢去……,
你松开握着撒克逊刀的手，指间满是滑腻黏稠的血。弗拉格尔空睁着一双眼睛瞪向天空，脸上死死凝固着惊恐和痛苦的怪相。,
多谢。,
这下可好了。大半个氏族都在跟我对着干，那女巫又彻底疯了。,
你这番争辩不仅没能让他相信自己是被冤枉流放的，等你说完，他反倒又退开好几步远，双臂紧抱，眉头拧得那么深，两条眉毛看上去都快要长到一起去了。,
那是一张血糊糊的面具，扭曲成痛苦和惊恐交加的怪相。就在那一闪念之间，你心里涌起一股细小的、挥之不去的熟悉感。随即你认出来了他。就是先前那个吓得瑟瑟发抖、向你们讨饶求救的男人。,
神气不起来了，是吧？,
你裹好尸体，免得血渗得到处都是、染红了雪地，然后拖着这捆东西上了路。,
那边的人看着倒真当回事。,
去吧，卢盖德，赶紧跑回你爹那去吧。,
那做丈夫的在你们前头走到了自家妻儿身边，手里提着一个用羊毛裹得紧紧的小银器包袱。,
腐墙,
哟，你们好啊，新来的几位。,
他的笑容里没有半分恶意，只有志得意满。,
埃吉尔乜了你一眼，眼神怪里怪气。,
她是个非常壮实的女人，要我说啊，活脱脱一个真正能干的农家婆娘。厨艺更是了不得！我不太赞成把她带上战场，可说真的，在你那队随从里，她绝对算得上最不招人烦的几个了。,
唔，他们是往南走了，不过从这儿出去也就只能往南。他们多半想悄没声躲上一阵……八成已经分散开了。换了我，就往北边的那些镇子去找。,
父亲想怎样根本不顶用！我们已经到了这——不带着荣誉，就莫想回去。,
接着，眼看神妇就要替奥斯雷德接下你们赔的不是，先前在悬崖上从你们手里脱逃的一个斥候，一溜烟冲进了议事的场子。,
这一夜，你可后悔了？,
走，找其他人去。,
库瑟拉德抬手托着下巴，思量了好一会儿。,
你打她身旁走过时，赫罗德盖尔达冲你敬重地点了点头。主教这时才发觉再没一个人能救他了，口中的祷告不由得急促了起来。,
我这辈子不干劫掠的勾当——我的船，必须给我做成买卖船。,
你都跟这些孩子胡说了些什么？,
撇开那些不提，我的船就是真有那么好，好到人家大老远上这儿来买。这么说吧，你到底买不买船？,
她笑了，这笑让你一下子想起斯库勒旗帜上那条蛇来。,
我同意。要是错过阿尔庭，我们在这儿所做的一切就都白费了。,
造船匠故作镇定地走进屋子，一进门便赶紧关门落闩。,
你觉得内菲娅怎么样？,
可你是来劝说我们加入你们的，还是我领会错了？我有个简单的提议：跟我们一起打我们的仗，我们便同你们并肩打你们的。,
阿斯特丽德双手捂住嘴，惊得说不出话来。,
连自家领主的葬礼都不来参加，这可不是什么好兆头。,
等等，前头那是个陷阱吗？,
罗马钥匙,
凯蒂尔猛地抬手，示意队伍停下。,
你真可悲。从来都可悲。你不配当这个领主。,
当然……我们没法派战士给你。,
你发现艾菲一息尚存，但急需救治。她痛苦地喘着气，在喘息的间隙恨恨地往外啐着狠话。,
{让大家看紧各自的东西。},
我们凭什么能打败这些国家？就算麾下有上千人，也攻不下、守不住两个王国。,
当然。,
你最好离我的船队远点儿，斯卡基。,
多谢！多谢！,
这下有好戏看了。,
那战士久久沉默地盯着你掌心的钱币。良久，他才缓缓伸出手，深深叹了口气，攥紧拳头收下这份“供奉”，而后悄无声息地往河边溜去。,
求主庇佑！,
嗯，听过你的名号。都说你这[Player:男人/女人]残忍又冷血。珀斯城心，你再休想踏进一步！,
好，咱们动手吧。,
撒手，我先瞧见的！,
两个摊位之间站着个四十来岁、衣着体面的妇人。两个年轻男人正把其中一个摊位上的麻袋和篮子往推车上装。,
{我另有要事。},
埃迪丝这人，你怎么看？,
希密尔觉着索尔怕是吃饱喝足了。“明儿晚，咱们得去猎点吃的，好歹喂饱三张嘴。”,
错不了！你准是[Player:父亲]家的[Player:儿子/女儿]——这鼻子一看便知。,
若这是上帝的旨意……我安息便是。,
他目光飞快地扫过你腰间的[Player:武器]。,
我是斯凯恩领主。我说你受欢迎，那你就是受欢迎的。那农场你若想要，拿去就是。,
不必，老人家，钱您自个儿留着，您比我更需要。,
摆出来待选的物件前，搁着一杆新时值两百的翼矛，矛身上盘着条约摸值一百五的普通亚麻投石索，最后还有顶值个一百财物上下的标准皮衬头盔，拢共就这么些。,
这话听着兴许凉薄，但……咱们何不就地取他们一具尸首来献祭。,
斯卡基？[i]那个[/i]斯卡基？！,
毛科林不情不愿地摸出钱币，递到你手上。,
绝不可任这黑暗孳生蔓延。必将他们驱逐出去！,
话说，这天儿可真够瞧的，哈？,
真叫我佩服，维京人。这王国内没人是我的对手，你却堪与我认识的那些最强勇士匹敌。,
艾菲死死攥着衣摆，像在悬崖边拼命拽着根救命的绳索。,
待那艘船追上来，便看清那也是一艘北欧长船——你认出那帆上的色彩，正是与耶灵结盟的一个氏族的标志。,
她朝罗斯克瓦郑重地点了下头。,
桌边许多人沉沉地点头。他们都有亲朋丧命于劫掠之中。,
莫坎特哪里还按捺得住，张口便道。,
成了！,
下回你再往林子里去，我们在那儿见。,
你对自己的过错，当真这般视而不见？,
猫儿吃食时，内菲娅拿指甲轻轻挠着它的背，猫儿快活得把尾巴高高翘了起来。,
都已走到这一步了！不找到宝物，我们绝不离开。,
你的所作所为，实实在在给我们都上了一课——评判一个[Player:男人/女人]，不能光看[Player:他/她]族人的名声。,
好了，尽力不去想它，我们得专注眼前的危局。,
你慢慢来。这栅栏就够我忙活的了。,
方才那一击，真该编段诗文好好颂一颂！,
这跟考庞有什么干系？,
不，没事了。,
又碰面了。方才还有别的事？,
入侵令已取消。我已决意维系与诺森布里亚的盟约。,
你要我们做什么？,
那神职人员复又侧身，在国王耳畔低声进献谗言。,
一把木头铲子，毫不起眼，怎么看都再寻常不过。,
与村中酋长一会。,
国王看来并未动怒。,
他上前一步，又退后一步，思量着。,
{拿出康纳尔的首级。}我给你带来了康纳尔·马克·泰格的人头。,
{等等。},
哈！无所谓，反正那个部位我也用不太上。,
毛科林脸上涌出真挚的感激，他握住你的双手，用力地摇了摇。,
就算没你们，我们照样能把他们揍趴下。,
放哨交给我。这可是[i]你的[/i]庆功宴——只管放松，好好享受。有动静我会叫你。,
埃塞尔雷德国王有旨，说你信得过。你虽非诺森布里亚人，但这里已经拿你当自己人看了。,
我们会给他个机会，可光他一个不够，我们还要更多人手。,
凭甚么？！你为什么要这样对我们？！,
真男人,
凯蒂尔的衣裳,
你若要用船运货，沿海岸南北穿梭，或是让哪个对头尝一尝[i]终身难忘[/i]的苦头，我的弟兄们可以受雇——但绝不卖命。,
好。这才对。那咱们准备回家了？,
敏锐的凯蒂尔。,
{收他做奴工。}你现在要么侍奉我，要么就死在这儿。选吧，容易得很。,
谁都知道，你更能打，性子也比我强硬。没人会要我这种人当首领的。,
临行前，我有件礼物相赠。多姆纳尔？,
朋友家的炉火旁盘桓太久，情分也是会凉的。,
宴席就摆在珀斯的大街上，你和你的族人，都请进我的大殿，与我家人同席共饮。,
没她的影子。让她跑了？,
我看，跟一个将死之人，没必要自报家门。,
停下，快停下！那边有动静！,
你叔叔沉默了片刻，似在思量什么。,
而你也的确够野。,
看来咱们利益一致——陛下命我确保，你一腾出身手，即刻去见他。,
你跟他磨了许久价钱，先抛出一个低得离谱的数，再一点一点往上加，直到亮出真正的底价。刚加到那儿，他便一口咬住，仿佛生怕你反悔。,
那雌狮般的骄傲让她霎时挺直了脊梁。,
若真要攻打那座大殿，但愿这海岸真如传言所说，无人驻防。能盖起这等殿堂的国王，自然也养得起守卫它的武士。,
布拉韦利尔一战后，我当过一阵子佣兵——可我一心只想摆脱打打杀杀的日子，这才过起了太平生意。,
{查看他的伤势。},
你拔刀向他逼近，他朝你啐了一口唾沫。一张脸气得发青。,
他小心翼翼地接过，翻来覆去检查有无损伤，这才妥帖地收进腰间一个皮袋里。,
嚯，你还挺享受的，是吧？那敢情好。,
[Hurt02:Name]轻松一跃，落地时却一个踉跄，扭了[Hurt02:他/她]的脚，闷哼一声，压下了痛呼。,
咱们要的东西已经到手了，不是吗？在不列颠人中有了个强援，靠他就能在阿尔庭施加压力。,
我确实觉得……可不管这些[i]畜生[/i]怎么胡说，我一家老小都是基督徒！我不过是……不过是想给自己留条后路。,
跟托尔芬谈谈，为新船挑选一棵合适的木材。,
你远远望去，这群人少说有十来个。走近才发现，其中四个戴着镣铐，有人押着。他们耷拉着肩膀，一副败犬模样，眼里满是惊惧。,
主教只是不露声色地抬了抬手，示意你接着往下讲。,
西古尔德王已立誓阻止基督徒扩张，并许诺援助、庇护所有萨克逊难民。,
带路吧。,
接过你的献礼时，他满脸讶异。那张饱经风霜的脸随之松弛下来，绽开一个诚挚、发自心底的笑容。,
旅行者，幸会。若需补给，你们可算来对地方了。,
入夏时节，阳光穿透那儿的薄雾，宛如垂落的金色缎带；融化的冰雪则沿着山峦，化作千百条涓涓细流，顺山而下。,
我们虽是有耐心的人，可也不该叫大地的生灵久候。,
内菲娅朝你走来，身后跟着一团沉沉的乌云。,
你那套疯话，我没兴趣听。,
众神当真在向我们微笑。,
[Player:Name]首领，久仰了。能在我这小摊前见到你，实在有幸。唔，或许不该说“见到”。,
这面盾牌坚固异常，用金属条加固，满布铆钉，其风格不同于你见过的任何一件北欧器物。正面刻有乌鸦徽记，边缘则铭刻着它的名字：“布洛姆·瓦尔德罗萨”。,
十枚厄尔图格银币，够撬开你的嘴了吗？,
多谢你。我正要去林子里准备一场仪式，随我来吧。,
我不清楚。,
这是实话。我们弄到手的，总共值一百银厄尔图格。,
三个人——估摸着是对夫妇和其中一人的老爹——见你闯进家门，都嫌恶地直往后缩。那年长的男子率先开了口。,
这破陷阱，连头牛都骗不过。,
你太鼠目寸光了，我的北方朋友。若我们此刻能挑动麦西亚反了奥斯雷德，他们自会拥戴埃塞尔雷德重登大位。,
行吧。要我们怎么帮？,
好耳力。我打西日德兰来。,
康纳尔·马克·泰格这种人，年岁最是难猜，说他三十到六十都有人信。你似乎不巧打断了他跟谋臣们的密谈。,
我很乐意帮你把那奸细揪出来。,
接下来是一阵沉默，母女间那没说出口的话，仿佛把空气都坠沉了。,
没错，我是基督徒。太平年月，上帝是我的牧者；可上了战场，我得有摩莉甘三女神傍在左右。,
你这儿收兽皮和回收物么？,
另一位领主，你北边的邻居……,
不呲牙咧嘴撕人喉咙的时候，倒还有几分可人。,
你非要问的话，是我兄弟。当然，他此刻还能不能活着都两说了。,
我们最好还是奉上祭品，向那位声若洪雷的骑者求得圣佑。,
他俩都没了。,
这可真是慷慨。多谢你。,
连你自己都把持不住要染指的货色，想必差不到哪里去。,
那德鲁伊会肝肠寸断。,
才六个！上啊，咱们轻易就能碾碎他们！,
我娘说那隐士是魔鬼的仆从，你们就是来寻那隐士说话的，对不对？嘿，你们是搭船来的吗？,
[Player:Name]，借一步说话。,
我是英吉马尔·盖里格松。我认得[Player:Father]，他曾是个烈性子的战士，是个挚友，酒量更是海量。如今我还赖活着，他却已跟英灵战士们一道，饮酒搏杀去了。,
这尸首像是颓然倒向树根，僵成了一个别扭的坐姿。,
[Perceptive:Name]抬眼望向地平线，举起了一只手。,
这话说得，既有探险家的本色，又有外交官的手腕。,
翌日清晨，你掀帐而出，瞧见内芙娅昏昏沉沉挨着营火的余烬，正拿把梳子死命对付头上那团活似金色鸟窝的乱发。,
回埃塞尔雷德营地去，给塔拉复命。,
有一阵子，哈夫丹和斯库勒真让我以为……我能寻个安身立命之所。可到头来，他们不过是在利用我——还很成功。,
他在那儿立了片刻，定定望着自己的杰作，随即转过身，迈着沉重的步子，撇下那狰狞的偶像径自去了。,
莫非你就这么干站着，假装你的领主不曾袭击我？,
回来……赶尽杀绝的么……？,
那探子估摸三十好几。红鬈发，配一部赤髯，衬得那张晒成古铜色的脸愈发扎眼，一双灰眼珠满是疑忌地瞪着你。他套着件质地结实的贵重皮甲，胸口处缝着一枚华美的银十字架。,
她微不可察地翻了个白眼，才翻下马鞍，悄没声儿地溜进别的营帐之间歇息去了。,
陛下谬赞，臣下不胜荣宠。,
这狗日的妖风，倒吹得我像回了家一般自在。,
内芙娅，倘或你是为我而战该多好。若你这回赢了，我只盼[Player:Name]能比他老子强，做个更像样的领主。,
不值一谢。,
喂！你是不是在拜魔鬼？！,
你的公道已讨到了。我跟这些丫头们，又该如何安顿？,
营地边上撂着只剥了皮的死鹿，锅里的鹿肉还在沸着。人群近旁暗藏了几样兵刃，斜靠树边的一面盾牌上，赫然露出耶灵的颜色与纹章。,
没脊梁的狗东西！,
可不是么，你这满脑子浆糊的蠢货——这猫儿可带着爪子呢！,
苏格蒙德愣了片刻，才把目光聚在你脸上。,
你最好撂开手别想了。前头还有大麻烦等着咱们呢。,
奥斯雷德最末一个手下倒地，瓦达气都没喘匀，便拔出匕首，挨个儿把剩下那些伤而未死的袭击者全给了结了。,
极好。等把这批货送到霍达兰的我的人手上，下批货便发往斯凯恩。,
等见了你，他自然就安静了。来吧。,
瞎说，那些东西定然存在。不然旁的一切，你作何解释？,
{叹了口。}罢了。,
我们这就走——本无意叨扰你们。,
我们得去寻鲁里克。,
你这腔调，似乎让他微微有些心惊。,
这到底是怎么—— {他眉头猛地一皱，突然灵光乍现} 老天！是那条河！,
你刚一踏进小屋，凯蒂尔便一把抓住你，猛地拉过去，印上一个湿漉漉的吻。,
她用自由和自主那一套说辞煽动起所有人的情绪，随即宣布邓弗里斯不再听命于皮克塔维亚，也不再臣服于诺森布里亚。,
祝你好运！,
听着。哈夫丹之子那帮人或许狂妄自大得没边，但玛朵尔那伙人是铁了心要找架打。,
不过我明天就要动身了……撑着我的小船，顺着河道一直划到外海去。我能感觉到，霉运正在消散！,
向您致敬，陛下。我叫[Player:Name]，是来自日德兰半岛的一名领主。,
皮克特人正在高地洞穴里集结一支军队，准备在埃塞尔雷德大军开往珀斯的途中打一场伏击。,
我想我该回去尽自己的本分了——已经耽搁得够久了。,
没错，我就知道你会这么说！能有你站在我这边，我当然求之不得。,
我们得谈谈。,
对！呃，那就长话短说。,
他只是点了一下头，什么也没说。那只独眼冷冷地扫视着你的家族卫队。,
{离开。},
抱歉，我的[Player:孩子]，你差一点就明白了，可你若真领悟了基督的教诲，就绝不会忘记他的复活！,
{喝下那液体。},
连出发的家什都没有，我们怎么走！,
对不起。,
要知道，斯库勒可是个好领主。你若肯归顺于他的统治，你和你的族人便能免去多少悲痛。,
我可不会把这叫做抵抗。至少，他们算是试过了。,
滚出这该死的国家，永远别再回来。,
我当时就在场。那群袭击者没那么厉害。,
我估摸着自己很快就会有麻烦。你能不能给我些疗伤的药剂？,
在这番复述中，斯瓦娜仿佛变了一个人。她的思绪重新凝聚于脑海，声音变得铿锵而生动，带着那种古老言辞特有的韵律。,
你若改变主意，我会一直留在这里，直到找到愿意帮我的人。,
你能来到此地，必定有着过人的胆识和一颗纯洁的心。,
给——这是给你的。,
我们是来找那个小偷的。把她交出来，就不会再有人受伤。,
我已决意宣誓向[Player:Name]效忠。在[Player:他/她]的领导下，我们以奥克尼群岛为跳板，对不列颠群岛发动全面入侵。,
我们应该先把那些财宝搜罗起来。,
有谁能把咱们眼下的处境给说清楚了吗？,
他重重地叹了口气。,
我看得出来，你是个诗人。,
你为什么又回来了？到底是决定要帮我们了吗？,
他跑到奥克尼群岛来入伙我们的劫掠，跟贡纳尔做了一笔交易。,
在她身后，她的丈夫轻轻地把一个小男孩朝你推了推。那孩子看起来十分羞涩。,
就在你步出奥斯雷德国王的厅堂时，一位衣着朴素而不失雅致的男子走上前几步。他伸出双手，示意自己并无武器。,
{继续赶路。},
对不住了，[Victim:Name]。我们没药了，实在是无能为力。,
我们须得马上去见多恩科切国王。等我们回来时，若他们还在此地，我会考虑。,
打麦西亚来的？,
没什么。不必在意。,
我们耗费了大把时间想拿下这座城，但真正把事办成的，是你，这一点毋庸置疑。,
一如往常，铁匠把徒弟撇在工坊里，亲自走到院子当中迎接你。,
那么……我能帮上什么忙呢，沉得住气的师傅？瞧您这气度，我猜您来这儿总不是为了换马掌，或是修铲子吧？,
就到这儿了。等我寻到剩下的，我自会回来。,
我很高兴你总算想通了。告诉你的姑娘，再发生这种事，我们就剁了她的手。,
是啊，谁说不是呢。,
外头关于你的传言是真的吗？蒙克切斯特那些人，真是你杀的？,
没错。你就是那个被异教团伙搞得焦头烂额的牧师？,
那牧师看起来一脸颓败。他灰心地举起双手，懊丧地转过身去，直到他看到了你，目光才定住。,
里面毫无回应。她又敲了敲门。,
他露出了微笑。,
他似乎根本没察觉到话语里暗藏的讥讽。,
{动手。} 我决定接受一个更划算的提议。,
{亮出剑。} 我实在不想报这个丧，但离这儿不远的地方，我在几具遗骸旁发现了这把刻着他名字的剑。,
格蕾妮还活着。她现在是阶下囚了。,
你高举空罐准备砸下，跪在铺满针叶的苔藓上，目光缓缓扫过。就在那只虫儿收拢翅膀、趴在两块平石之间的瞬间，你猛地扣下罐子，将它困在其中。你满意地扯过一块薄布，封住罐口。,
你想在这儿等着，等那制革匠一到就截住他？,
袭击之中，你已被可靠的目击者认出！,
离开丹麦？,
过了片刻，你的挑战者便来了，还带着他族中的两个年轻人——就是之前在盛宴上和他同坐的那两个伴当。,
你们的孩子袭击了我们。他们全死了。,
这么说，那些关于你的传闻都是假的？你在蒙克切斯特杀了人的事？,
沉重的脚步踏过霜冻的草地，嘎吱作响，预示格雷蒂尔到了。,
拿下这地方，这一步走得对。你的力量在膨胀，战士们纷纷来投。照此下去，不列颠很快就是你的了。,
那我们立刻动身回家。,
两人都停下脚步，凝神听了几秒。四下悄然，毫无异响。,
她嘴角微微上扬，绽出一抹冰冷的笑。,
你回来了。终究还是决定帮我了？,
我名格里姆尼尔，远道而来。大人，今晚可在你的篝火旁歇歇脚吗？,
你疯了不成？,
看看能不能找到别的路进去。,
那就这样定了吧。,
我视你们为盟友，自会乐于在政治上支持你们。,
[潜行者：他/她]见到你，神色明显一松。,
我无意冒犯，但外面的人把你传得非常不堪。我不会把上门的客人往外推，只是别指望有什么折扣。,
斯泰因的屋外，阿斯莱夫如石碑般巍然矗立，一身阴郁。他死死盯着你，目光里满是刺骨的愤怒。,
你真的活了快一千年？,
上帝已在我们面前显明了一个陷阱。,
我看得出旁人是怎么瞧我的。他们嘴上不说，心里却认定我软弱——[i]没有男子气概[/i]。他们没说错。一个连家人都护不住的男人，算不得男人。,
后排那个大块头颓然瘫倒。,
我会的。,
不幸的是，我们认识他。,
见到你总是很高兴，[Player:领主/女领主]。,
你抄起最要紧的装备，胡乱套上衣衫。屋外，烈焰猛然腾空，钢铁撞击的铿锵之声从海岸方向不绝传来。,
[Klutz:姓名]坠入峡谷，一路疯狂翻滚磕碰。,
你有船吗？,
那你究竟去不去接她？,
咱们得尽快修一堵像样的墙。,
两个富庶家族刚刚联姻，正要大摆盛宴。等客人们喝得烂醉，就把他们随身值钱的物件统统摸走。,
权势与繁盛，看来终究凌驾于真相之上。,
我们要[i]一起[/i]攻打那里，莫甘特。你现在是我们这边的人了。,
去找铁匠克维尔杜尔夫，为决斗置办更好的装备。,
清晨，你的扈从们正拆除营地，准备拔营出发，你发现一只麻袋底破了个洞。,
只一瞬间，人潮与巨人的洪流翻涌而起，化作一道参差嶙峋的巨浪，垂死残阳的余晖映照着千柄利刃。,
内芙娅和其他人在桥头需要支援！他们还在那儿抵挡劫掠者，但快撑不住了！,
到斯凯尔宁格小村以北一带，找到那名逃走的守卫。,
这座城镇怎么如此重要？,
该返回斯克恩参加阿尔庭大会了。我们准备好了。,
{放弃目标。} 算了，我没兴致了。,
莫甘特朝你逼近一步，绝望之下，他语无伦次。,
你步入决斗圈，在阿斯莱夫对面站定，西格丽德向你的对手打了个手势。,
也许你只是给我立了个好榜样。也许我已决心改变。,
狼凯蒂尔。,
够了。你根本不是基督徒，连《使徒信经》的第一句都还没学会！,
他实在是个太大的累赘。没了他，事情反倒简单。,
菲努拉很快就会嫁给多姆纳尔。婚礼就在这间大厅举行，你们将是座上贵宾。,
跟我说说这些高地洞穴。,
如今你可以安睡了。斯库勒再也无权支配我们。,
你若归还从我这里偷走的东西，我便接受。,
对不起，阿斯莱夫。我不接受这个结局。,
他举起双手，掌心朝你。,
你缓步靠近小船。正要登船时，你看见船底板上躺着一个老人和一个小男孩，尸体在水中泡得肿胀。,
我怎么能认出他？,
说到这个，我不会让你白白护卫我们的营地。瓦达？,
你对莫尔坎特这人怎么看？,
这活儿可不是战士该干的……,
它们巨大无比，足以容纳一支庞大的军队，但住着可不舒服。从那里，军队能迅速赶到这条路上的任何一个地方，伏击或骚扰入侵者。,
那藏匿点到底在哪儿？,
罗斯克瓦点点头，便又埋头去弄那些蜡烛了。,
正是！在分道扬镳之前，还有最后一件事要议一议。我们在此地的事马上就了结了，之后便要返回埃奥福尔维克。那里会举行一场盛宴，庆祝我们的征服之功。你立下了汗马功劳，将是我们的座上贵宾。,
求之不得。我会亲率主力——我们与皮克特人的兵力旗鼓相当，这十分危险，而且珀斯一带的地势于他们有利。,
呃，他呀……他这人有点古怪。我也不知该怎么说。你不妨亲自去看看他。,
鏖战持续了多个时辰。最终，维京人破阵而入，攻占了珀斯。,
像您二位这般锦衣华服的访客，在我们这街巷里可真是稀客。,
动身前往诺森布里亚西海岸外的苹果岛。,
{杀了她。}不能留下活口。,
嗯，据我所知，异教徒们还会固定聚集的，也就只剩海岸边那个海中石阵了。,
太精彩了！科尔曼，我真得为你儿子那场振奋人心的演说喝彩。我这辈子难得动情落泪，他却做到了！,
你愿意带我们去找那个女孩吗？,
我自当尽力。,
真是万幸，雅尔拉格希尔德命我们发动了这次突袭。不然，我们怕是永远也找不到这块石头了。,
我们曾试图阻挠那次会面，可还是失败了。,
可有何事我能效劳？,
你先走——我紧随其后。,
唯愿下回我们能商定出个结果。只要你愿意，随时都可回来。,
那我们就趁他移动时，出其不意地截住他。,
这点事还不值得我四处去打听。,
我兄弟在哪儿？！,
取得5份毒药，交予那农夫。,
你当我是傻子吗？！我熟识斯卡基，也见过他手下的那帮人。,
你走近时，乌阿拉赫正悠然地嚼着一片不知名的叶子。,
他耸了耸肩。,
难道就因为我背下了某个仪式的几句词，你就会真的信我？,
{转身离去。},
{查验尸体。},
索尔凯尔说过，他会去外面训练那帮小子。你若得闲，我敢说他们都能从你身上获益良多。,
怎么？这可是皮克特人营造技艺的巅峰之作！,
有何不可？,
你知道的，就是女巫的那套东西。,
她脸色一沉，声音也随之低了下去，变成了嗫嚅。她一边说，一边用穿着凉鞋的脏脚在沙地上划着圈。,
她在他的身后停下，小心翼翼地伸手搭在他肩上。他猛地一颤，但口中的吟诵并未停下。,
站住！,
莫尔坎特也一样？至少[i]他[/i]还构不成什么威胁。,
{默不作声。},
我会听听这位埃塞尔雷德有何话说，但我可不会做出任何承诺。,
那是诺托尔夫的尸身，他本是个年轻的商队护卫，与斯克宁厄当地的一个美人儿私奔了。,
那出言不逊的武士给巨人出了道难题：他心下盘算着，接下来要如何向诸神复仇；埃吉尔便让西芙的丈夫为他取来一口大锅，“我好为你们众人把麦酒酿造。”,
{攻击。},
战事已了，庆功宴就在眼前。我们就在宴酣之时动手，趁其军队混乱、全无防备。,
慢着，慢着。你犯不着伤我。,
那些旅人是在找那术士，果然不出我所料！而你们竟还觉得该帮他们？达布，你知道你那表弟身在何处吗？,
{杀了她。}与我何干。,
了结奥斯加之妻与邻人奥尔德温之间的争端。,
我可怜的妹妹又烧起来了。她[i]天生体质就弱[/i]——这般湿冷的天气，她实在是吃不消。母亲留在家中照料她。,
他回头瞥了一眼身后那帮船员。他们头盔遮面，神情难辨，但他必定对他们了如指掌。,
{别去管它。},
我曾以为再也见不着它物归原主了。,
里伯的那位女祭司知道如何医治此病。我们曾试过她调制的一种汤药，似乎颇有些效用。,
我已与利奥法埃格对质过数次，他每次都信誓旦旦地向我保证，定会约束他那几个孩子，可是……我只是想平心静气地把这事了结了。,
你穿好衣服，走出营帐，仍因夜里那些光怪陆离的梦境而有些昏沉。一个莫名的念头油然而生，驱使你沿着营地边界走上一圈，去查探一番岗哨。,
噢。嚯。那都是几周前的事了。我真没想到他们居然还活着。你找到那宝藏了吗？,
行啊，那就瞧瞧去。,
我已经好几个星期没捕到鱼了……附近的人都觉得是诸神诅咒了我。,
嗯，我是说，我们至少没试过要对方的命，这在北地已经算是最友善的交情了。,
是啊，等最终在战场上相遇时，既然彼此都见识过对方的身手，那一架打起来就更带劲了。,
我不是来征服国家的。我们在阿尔庭上确保考斯坦丁的支持，然后就回家。,
（坚毅地点头。）,
是，老奶奶。,
你们俩都安然无恙吧？,
等他尸体凉透了，咱们再来争他的那点家当吧。,
两个男人无精打采地斜靠在古老的城门边，身上脏得再落半层灰就跟奴隶没两样了，但望着你的亲卫队逼近要塞时，他们却高高扬起下巴，一脸自信。,
塞法的项链,
法比安·昆图斯浮夸地举起双手。,
太好了。造你的新船是个大工程，用对木料至关重要。,
赫罗德盖尔达轻蔑地哼了一声。,
只要几张兽皮就好。呃，30厄尔图格银币？,
这帮不信神的蛮子想引恶灵来害我们！弄死他们，弟兄们！,
你有空帮忙筹备婚礼吗？,
你们要是受了伤，只要愿意，我们可以帮你们医治。,
一个穿着旅人旧衣的年长妇人，站在堆满食物、药草和小玩意儿的帐篷前。你走近时，她警惕地打量着你。,
女巫的学徒正在一棵老树旁照看蜡烛。见你来了，她站起身，透过湿漉漉垂在脸前的乌黑发丝，眯着眼望向你。,
阿斯莱夫正和奥尔比约恩、格里姆凯尔说着话。你刚走进能听见的范围，交谈声立刻停了。,
君子报仇十年不晚,
Heill ok sæl（愿你安康）。我们，呃，没想到会在这儿碰见人，还以为在这儿扎营不打紧。,
贡纳尔点了一下头，又把目光转向海面。,
风暴过去后，[Holder:他/她]看着气色不怎么好。[Holder:他/她]似乎是染上了什么病。,
你匆匆把珠宝塞进她手里，然后飞快地离开了，任由埃西尔特去对付那些珠宝和它们附带的诅咒。你终究不想招来愤怒的尸鬼。,
他朝你逼近一步。,
你没跟他一起出海？,
恩巴尔德画了个十字，用拉丁文咕哝了几个词。,
还有件事——芬瓜拉告诉了我你是怎么赶跑那些趁火打劫的家伙的，所以我从自己赚的钱里拿出这点额外的小东西，想送给你，聊表谢意。,
我心意已决。,
等等，听我把话说完。我没有……我走投无路，行了吧？我是个孤儿。我和我那帮伙计，以前就流落在埃奥福维克街头。也就是打打零工，从来没伤过谁。,
先报上你的身份，再让我们回答你的问题。,
我喝。,
真不巧啊，[Player:小伙子/姑娘]，她把那个号角给了我，当作永恒之爱的信物。我没记错的话，“永远”可还没结束呢！,
可这里离海岸有两英里呢。,
[Lover:名字]整晚都陪在你身旁，同样一滴蜜酒也没碰。,
介意我凑个座吗？,
莫坎特紧紧咬住下唇，但再没出声。,
我们昔日与未来的国王马上就到。需要我给您拿杯酒吗？,
{用撒克逊刀抵住他的喉咙。} 你给我听清楚了。让我们靠岸，不然我就像宰猪一样放干你的血。,
{喝掉它。},
第一匹马踩上绳索时，绳子松脱，大网兜头罩下，把那骑手缠了个结实，害得他从马上栽了下来。,
{试图回想这股味道是在哪里闻过。},
你觉得怎么样？这结果挺不赖的，对吧？,
然后他似乎又记起自己不喜欢你，便向后一靠，抱起双臂，皱起了眉头。,
我一点都不意外。没有我，这里至今还是奥尔斯雷德的大厅！,
索尔说，他想出海划船，只要这英勇的巨人给他鱼饵。“到牛群里去碰碰运气吧，你这屠巨人者，只要你胆子够大，就去那儿找些饵来。”,
你们这伙人在这一带名声可不怎么样。,
今年的霜冻可真够久的。,
随你要什么都可以。,
接着是长久的沉默。,
感激不尽！,
既然你来意和平，欢迎在这里歇歇脚再上路。,
遵命，雅尔。,
你的王座看起来真是舒服极了，埃塞尔雷德。我都等不及想试试我坐上去有多合身了！,
你要能帮我找到剩下的木杆、全拆了，我手头最好的几副药就归你，往后给你的价也便宜些。,
一小时后，北边那座瞭望塔见我。我会把信物给你。,
{保持沉默。},
老头子，多亏你老婆也是个厉害猎手，不然我没接济，你早饿死了。,
这把斧头原是耶灵那个臭名昭著的狂战士斯卡基的。兵器本身品质极佳，可细看之下，却又透着一股说不出的粗野，仿佛打造它的人压根不觉得它的用途有什么美可言。,
遵命，西古尔德王。,
我们在那儿差点把命丢了，不过还是把他们全收拾了。现在安全了。,
什么？！你发过誓会还我自由的！,
你压根不知道自己在跟谁作对。我的钱要是拿不回来，就把你们一个个全杀光。,
男人眼中只剩下麻木的恐惧。他直愣愣盯着前方，一遍又一遍地重复着某种咒语。,
对，就是那样。这是我们信仰的一部分。,
瞧你这副打扮，在大路中间抢一个穷樵夫，活脱脱就是个匪徒。,
他们来了！敌人杀到门口了！,
奥克尼群岛是什么地方？,
见到你真高兴，婚礼的大救星。,
你试图说服他们，可说出口的话透着虚假，反倒让他们更认定自己横竖都是一死。,
我们可不会拿自己的口粮去喂野猫。,
我知道你说的是谁。你要愿意，我带你去找他。我想他会很乐意见到你。,
那个路匪再也构不成威胁了。,
看得出来，她正在心里盘算着。,
弗利里给我看了那些标记……,
你跪下来检查尸体。上面伤口极多，而且野蛮得令人心惊。,
{亲自挑战他。} 可你压根不是我的对手！,
此事之后，我再也无法容忍你待在这里。现在就将你逐出氏族。明日破晓之前离开，否则就地处决。,
就当我没说。,
你不会想要我的。,
西格丽德和廖特尔提前出来立好了划定竞技场的界标，正在那里迎你。,
你想干什么？直说。,
他们的日子已经好过多了。从不列颠尼亚带回来的财富，改善了你整个领地的境况，连那些最偏远的农庄也不例外。,
看来是真的！如今有强大的王国给我们撑腰，斯库勒再想在阿尔庭大会上诋毁我们，门儿都没有。,
就因为质疑雅尔的任命，他们就设计害死了我同父同母的亲兄弟。,
你的战士们以兵器互击，脚掌猛跺船板。聚在海岸上的人群中，爆发出一阵阵战吼。,
听说你回来了，我没好贸然过来打扰。这趟收获如何？,
一阵剧烈的寒颤攫住了老人。,
{说实话。} 我们找到了。拿了价值两百银奥图格的东西。,
我们当然在乎。罗穆卢斯留下的功业全毁在了你这样的蛮子手里，眼下要继承他的道统，这是我们唯一的指望了。,
他这人挺有意思。不过，我是不是把他吓着了？说不好，没准他以为我会咬人。,
嘿，你就是斯凯恩领主！真是百闻不如一见！,
嗯，德鲁伊，是吧？你说的那人我们倒都知道，不过从没人给他安过这么花哨的名头。,
我要你从这儿清出去。,
你要能给我们剩点，那自然没问题。,
在山脚下一座小村子里过了一夜。就是在那里听说了宝藏的事，还有守护它的怪物。,
你说得对。我自然是信你的。,
{醉醺醺地一拳揍在他脸上。},
{离开。},
慢着！你要杀我，是你的权利，可我是真心想活。你若饶我一命，我发誓效忠于你。,
奥塔尔的视线落在你身上——他举起剑，直直地指向你，满是责难。,
她是个让人不安的女人。正因如此，更不能让她落单。就由你来盯住她，别让她生出事端。,
我想，打这儿起，我们会遭遇激烈的抵抗。,
你要是当真的，就去村子周围帮我采些花来。我拿来给你特制点东西，绝不让你白费力气。,
她神情空洞，眼底却闪着一点狡黠的光。,
维贡德的铠甲,
我在这中间扮演什么角色？,
请见谅。派出我们自家的战士去援助异邦盟友，这绝非小事。,
那里有个洞穴。不大，涨潮时有一半都淹在水里。他要是还活着困在下面，状况必定很糟。,
她又像石头一样静静杵了好一会儿，脸涨得通红，眼看就要烧起来似的。,
我们不过是在拼命活下去罢了！村里那些[i]该死的蠢货[/i]，摆明了宁可看我们咽气，也不肯动一根手指帮我们一把。,
在一次去考庞的贸易途中，你父亲听到了风声，说大海那头有群岛。,
年轻人惊恐地瞪大了眼睛，却仍咬紧牙关，一声不吭。,
听着怪带劲的。我不怨他。,
我就问了一句他们在干什么——{他摊开双手，挤出个虚弱的笑} 真的一点不是要挑事。奥塔尔和托斯特二话不说就联手把我撂倒了。,
哈夫丹之子与马多尔之子,
看来[Player:Name]往[Player:his/her]的侍卫队里塞了个女巫。,
艾菲，别闹了……,
我想你们定是走岔了路，诸位旅人。这一带早已杳无人烟，自打……等等，你就是那个乡绅！,
{动手。} 我倒有个反提议。,
我不得不表示强烈异议。看不出来，帮这些屁大地方的小王，于我们有何裨益。,
为一块好羊肉，我能豁出命去。,
你什么时候想走，都随你，莫尔坎特。,
你们的人从营地带来三个奴仆。他们被领向祭坛，眼皮都不敢抬，早就习惯了被拖去不明不白的地方，为些不明不白的理由，干些稀奇古怪的差事。,
我们会火速把这物件送回斯克恩。,
格蕾妮临死前可真是恶战了一场。我们大伙儿都该盼着自己能死得那般壮烈。,
凭何？,
我倒挺乐在这些小小的权谋戏里。我觉着，一场精雕细琢的谋划，抵得上任何刀剑，能把你送得更远。,
再度欢迎！听闻二位路上遇到了些耽搁——眼下见你们克难关而过，真是教我大松了一口气。,
啊，没错，艾菲跟我说了，她主动要加入你，叫你给拒了。没看出她能当个战士来，对吧？那可是你的损失。,
这是我们在滩上捡的货，摸不准究竟是什么，他就拿来买卖了。那家伙嗜酒如命，所以我想他错当成了某种麦酒，倒也不奇怪。,
哦？是喽……,
那你打算卖点什么？,
你们若要逞英雄，愿上帝与你们同在，维京人。可依我看，祂似乎更偏心艾布琳。,
若是想找上等货色的补给，那你可找对地方了，保管没有比我们这儿更好的。,
有雇来的杀手在铁匠铺旁伏击我，身上还揣着你那对头赫罗德盖尔达给的珠宝当酬劳。这事儿，你不知情？,
我想这也避不了。咱把人清点齐了，撤吧。,
盖斯特，他们该不会就是斯库利提过的那伙人吧？,
分明是[i]你[/i]先背弃了[i]我！[/i]背弃了[i]我的族人！[/i],
诸位好呀？看模样，你们是行路之人。可是来这儿为旅途采买些吃食的？,
你身上揣着什么值钱货吗？,
跟你交个实底吧，我们就是想瞧瞧你们怎么干仗。,
艾菲紧贴着墙壁，探出半边身子扫了眼情势，随即皱着眉头缩回墙角后头。,
更别提，那些个修士鲜少会对往日欺辱过他们家人的人，寻什么血亲复仇了。这睚眦必报的做派，可跟基督的教诲水火不容。,
那就夹着尾巴跑呀，阿雷！像个孬种一样滚回你的农庄去，我们自个儿来对付[Player:Name]！,
那是他们自个儿的血亲。一个清白无辜的男孩。,
终于，他和瓦达似乎都对你不耐烦了。国王抽出佩剑，身旁侍卫们见了，即刻也纷纷效仿，拔剑出鞘。,
那小子可逗了！可有趣，是桩要命的事。,
马格努斯状态绝佳——连气都几乎不带喘的。,
你觉得萝丝克娃如何？,
要能追上它们，扒下那些皮子，定能卖个好价钱。,
我就知道你准能行。,
你救了我两条命了，这回又救了我女儿一命！我欠你和你手下勇士们的恩情，这辈子算还不清了。,
给我讲讲这周近一带。,
我就知道！我[i]就[/i]晓得那都是真的！那财宝呢，你们发现了什么？,
他们老子在索尔瓦尔德这个岁数上，早自个儿横穿了半个国家。那两个小子，他们老娘也该断奶放手了。,
这话听着可不太妙。掺和这档子事，绝非明智之举。,
是关于我……关于我妻子的事。,
你还能想出旁的人选吗？,
那位隐修士受我等庇护。若你敢动他一根汗毛，定叫你粉身碎骨。,
{把康纳尔押上来。} 我给你们带来了康纳尔·马克·泰格，被我所俘之人。,
并非人人都像国王那般对你们这类人抱有成见。我向你担保——你花这功夫，绝对物超所值。,
我们不想见血——尤其这仍是先祖们留下的圣所。但你们若动手，我们必会奋起自保。,
现在就开始么？,
等等。,
你倒真是胆气过人！好，那就看看我们谁更强——不过别在这沙滩上动手。来，跟我走。,
[愚者：名字]那重重一跤，把[愚者：他/她]的腿摔得不轻。裤管已被浸透，黏糊糊地结着一片血痂，底下那团深色污迹还在不停地往外渗。,
你们打得很好。这是场苦战。我们折了……太多人。都是好人。但你们依然打得很好。,
那个奴隶仍在你扔下他的地方。若非你清楚底细，真会以为这好几天他就始终待在这儿劈柴。再见到你时，他脸上全是意外。,
阿尔瓦尔德的头盔,
那人接过钱币，脸上几乎现出几分感激。,
三个佝偻的身形挤在噼啪作响的火坑边，蜷作一团。它们大得反常，五官更是丑怪得走了形。,
你兄弟朝你丢来一个厚脸皮的嬉笑。,
哦，他可不是在斯凯恩长大的。他的亲族遍布全国，甚至连法兰克人里头都有几门亲戚。,
维贡德的投石索,
三杯落肚，[酒客：名字]身子一晃，[酒客：他/她]喘不上气来。[酒客：他/她]拿一双迷糊的眼睛，直愣愣盯着那只现了底的酒杯。,
那就动手吧！,
你全部家当就这些？,
你替这王国做的每一件事，都已传进我耳里。我会给你我出得起的最公道价钱。,
我坚持。至少这是我该做的。,
眼下先放他走。改日再跟他把账算清。,
邻近各部族的塞恩齐聚你的宴席，为他举杯。你的父亲也许算不上最风光的塞恩，但论起打仗，他却教无数人打心底里敬重。,
你的族人需要指引。他们需要一个值得追随的人，既能引领他们，又能在基督教的步步紧逼下护住他们。,
我们得尽快赶到对岸，[水手：他/她]或许正等着我们搭手。,
那倒[i]确实[/i]能给这堆烂事收个好场，可惜他一定会来。那人跟骡子一样倔——连脑子那股犟劲儿都一模一样。,
单凭我一人当然不行，他们要么一哄而散，要么反而将我宰了。可有你相助，事情便大不一样。,
她的目光被拉向了远方天际。,
就连精魂好像也抛下了这地方。我看咱们很快就会撞上麻烦——话又说回来，这馊主意到底归谁管？,
你想就此折返？抛下这趟使命，丢下你的族人？你很清楚空着两手回去会是什么下场。,
最末一名卫兵才刚倒下，约斯泰因同丹尔便拔腿沿大路赶了下去。,
两个时辰过去了……,
我们正好能借他们闹出些动静来。,
我的许多臣民，实在很难将你与你的族人，同你那帮同胞的所作所为掰开来看，不过如此。改日我定会补偿于你，我向你保证。,
也罢！我可不惧怕死亡。我会像个战士那般战死，再去瓦尔哈拉与父亲团聚！,
竟然是我[i]来[/i]号令[i]你[/i]？,
能为您效力，是我的荣耀，雅尔[玩家：名字]。,
我们须得赶去见主教，免得那帮混账再给我们冷不防来一下。,
他们竟让个女人管斥候？,
何必来这么一出欺骗？,
多谢。,
不取胜利，便赴死亡！拿起兵器！,
多谢。我这会儿舒坦多了。让我告诉你我一路在寻的那笔宝藏。,
哈，这儿有个陷阱！光凭这点小把戏，可糊弄不了我！,
那牧师的目光死死锁在你的剑刃上。,
她优雅地欠身一躬，戒备却一刻也未曾松开。,
他们绝不会料到后头会再挨第二刀——这一仗赢定了，轻轻松松。,
嗯。看这痕迹，是往南去的——但很难说他们是打那方来，还是往那方走。,
一个粗壮的战士拄着杆长矛，嘴里嚼着根草秸。他眯起眼审视着你，可等你走到近前，仍旧一声不吭。,
几个时辰后，你返回凯尔的住处，[爱人：名字]候在门外迎你，满身都是云雨过后的饱足，整个人亮得发光。,
你迫他们以荣誉起誓，回去向斯库勒谎报你的防务虚实，以此换他们活着离开。,
早料到我会是这么个收场。,
约莫一小时后,
大伙儿好像是这么叫它们的，不错。,
塔洛克瞧着并不十分甘愿，可到底还是抬起脚，朝村子后头走去，基利安就给捆在那里。,
抱歉，我的好[Player:孩子]，我不会卖刀给你，让你拿去对准自家族人。阿斯莱夫小时候还老在铁匠铺里帮忙呢。,
所以我们这是要给一帮异邦人当雇佣兵？跟[Player:父亲]当年一个样。,
不不不，我可是有些家底的人。这一顿我说什么也得请！,
{喝酒} 敬这位慷慨好客的主人！,
{将绳索抛过去。},
这地方可真够湿的，是吧？,
那牧师吐掉嘴里的一颗钉子，一见你的扈从，便就着袍子擦了擦手指。他刻意保持着距离，试探着对你开了口。,
你确定吗？我对这手艺可不陌生，这东西看起来就是这样。,
到处都是火……,
一丝疯狂的闪光从他眼底掠过，但他随即把它压了下去。,
我做了必须做的事，就为了把你弄到手。,
审讯那群劫掠者的头儿，贡纳尔。,
这远不止是一场突袭——我们得夺取并守住一大片地盘。凭咱们手上这点船，这种事想都别想。,
在最后一次绝望的扑腾中，你猛地冲破了水面。[潜者:他/她]也一样吃不消。,
有谁能站出来支持你的宣称吗？,
我想我懂了。,
{尝试解读这些符文。},
[受害者:他/她]在那条被水草壅塞的溪流里挣扎着，发出一声恼怒的低吼。用手挡开那又长又宽、叶子跟矛尖似的水草茎，[受害者:原型]嘴里不住地低声咒骂着，笨拙地爬回了岸上。,
红枪,
多谢了，我的朋友。听着，我说过不会让你白忙一场。给，这是从货车那边拿来的一叠子兽皮，你挣来的！,
这与其说是爱侣的交融，不如说是一场单挑。那种暴烈、那种让人精疲力竭的劲儿，跟咱们在好多里格外打过的那第一场决斗没什么两样。,
篝火还快活地噼啪作响，可困在火里的那些人……,
埃迪斯对我以示尊重，我也在尽力回报这份尊重。她那一手厨艺是没得说的，而且总的来讲，我觉得她是营地里一笔不小的财富。,
你这计划有两个大漏洞。头一个，康纳尔的人已经把我所有的桶全搬进了他们营地，还派了两个蠢货在那儿盯着。,
你，连同你的家小，全都是氏族的叛徒。我到此，是为了取你和你的儿子们的性命。至于女人，一律流放。,
我明白。我就在这儿等着。,
那盾女露出了微笑。,
你家主子可真犟得像头山羊。,
守墓的女人中有个把两根手指塞进嘴里，吹出了一声响亮的口哨。接着，她猛地转身，一根手指直直地戳向你，满脸都是控诉。,
别搞得这么要死要活的。我[i]肯定[/i]会回来的。,
你若愿意前往西北边的英吉尔森林，到他的营地去会他，你们之间可有不少事要聊。,
胡尔达知道这消息后，是什么反应？,
我盼着你能把这份家传的手艺接下去——而且我知道，阿斯莱夫肯定也是这么盼着的。,
诸神在眷顾我——眼前这个结果，就是最好的证明。,
不！你[i]非得[/i]让所有人都看清楚，你比阿斯莱夫更强。,
行。那你想不想瞧瞧我这儿有什么要卖的？,
凯尔说话时，嗓音微微拔高，带上了一种奇特的、缥缈的味道。这让你想起小时候，埃迪斯在灶火旁讲起故事来的那些夜晚。,
我们领受圣餐，是为接纳基督的身体；同样，我们饮用狼乳，是为接引圣罗穆卢斯的教谕。,
你杀了我的姐妹们，就冲[i]这点[/i]，我本该活活剖了你，可背后有那蔫儿坏的康纳尔·马克·泰格在死死追咬着咱们……我还有更大的仇怨要清算。,
我以前老觉得那故事肯定是吹出来的。不过，我明白你的意思了。,
整个氏族都内斗成了一锅粥。难道父亲那个领主当得，真有那么差劲吗？,
我们知道是你干的！是你跑去情人树下，留下了那些恶心的玩意儿！,
去市场转一转，跟人打听打听，有没有谁愿意买下那些掠夺者的船。,
我唯一的遗憾，就是没能再多宰他们几个。,
我在这儿买了一栋房子，可它让鼠辈帮那伙人给霸占了。那女雅尔跟她手下，一点用场都派不上！我正寻一个能解决这麻烦的人。,
维斯大尔，[Player:Name]。我们方才正谈到你呢。,
跟她起过几次冲突？,
这块地盘对我们来说，从来就太小了。这趟远行，我们早该动身了。,
我信不过你，牧师。但是，瞧在恩巴尔德的面子上，我们会去查一查这个邪教。,
这热闹才刚开场呢。给他们些工夫，让他们再多灌几口黄汤，咱们再闯进去。,
商贩们不再需要额外人手了，战士们便蜂拥到码头找活儿干。你要还想雇人，绝对不成问题。,
欢迎光临埃奥弗维克，异乡人。我是利奥弗里克，国王的冠军。你们人未到，消息先至。,
一旦结束战役，不列颠境内所有未完成的可选内容都将无法访问。你确定现在就要这么做？,
女猎手指向地上一小簇树枝。,
再会了，母亲。几个月后见。,
是啊，他也是这么跟我说的。就在镇子这头的一个外围农场，没错吧？,
眼下无事。,
凯特派我来的。你离开好一阵子了，他很担心你。,
继续保持，干得漂亮。,
凯特强忍悲痛，勉力恢复了镇定。他红着眼，怒容满面地死死盯住侦察队长。,
大多是些良善之辈。可玛多尔的儿子却结交了一群恶徒，开始惹是生非，还杀了雅尔麾下一个士兵。,
你的话似乎让内芙娅一怔。她下意识地挪开了几寸，稍稍离你远了点。,
你怎么下得了手？,
太精彩了。能再讲一个吗？,
如今，救出他剩下的船员是我的责任——带他们离开这鬼地方，回去与家人团聚。,
{把你的角杯和英吉玛尔的调换。},
习惯你的新名字了吗？,
众人注视之下，艾菲愈发显得不自在。,
要是我们走漏了知道间谍的风声，结果却发现揪错了人，那可就铁定抓不到真正的间谍了。,
啊，北欧人。再次欢迎光临我这简陋小摊。你们在这儿仍带着几分神秘，可不是吗？大家似乎总拿不定主意。想买点什么？,
风暴的中心，站着格里姆尼尔，依旧穿着那件不起眼的旅者长袍，竟丝毫不受这疯狂景象所扰。他的声音不知怎地，穿透战场的喧嚣，清晰传来。,
一柄饰有红色花纹的良矛，据说能破除所触之处的任何魔法。相传，它曾属于凯尔特英雄迪尔姆德·奥·杜伊布内。,
斯坦恩的话语间流露出一丝伤感，许是思乡之情所致。,
贡纳尔似乎也全无动容，其间好几回都轻蔑地嗤之以鼻。末了，你不禁有些泄气，而你的俘虏只是面无表情地盯着你。,
他满不在乎地耸了耸肩。,
来者何人，竟敢不请自入这营地？我们可没什么施舍给你的好意。,
人们都说是瑞达干的。说那是给异教神的祭品。,
不给我个交代，你就别想走。,
{放弃目标。} 算了，我没兴趣了。,
{临阵退缩。} 这已经过火了。我不想再掺和下去。,
凯蒂尔……不……不，不，不……,
他摔倒在地，凄惨地哀嚎着，鼠辈帮的其余人则惊恐尖叫，四散奔逃。,
第一个选择：你雇佣我们。说实在的，你看起来目标明确，而且意志坚定。我和手下人漂洋过海可不是来享福的，我们来，是为了黄金与荣耀。,
去和利奥弗里克谈谈。,
多亏了你，诺森布里亚如今没了冠军——这让他们变得脆弱。我建议趁他们遭此打击、虚弱不堪之际，先拿下埃奥弗维克。,
第三日，他自死者中复活；升天，坐于圣父之右；他必将来临，审判生者与死者。,
然而，当他与众英雄在英灵殿欢宴之时，你却留在这儿收拾残局。这担子可够你受的。,
一句饱含惊惧的低语，不自觉地从凯蒂尔唇间逸出。,
我看地上淌的血，比你身上流的还多。,
你最好一直这么乖乖的，小兔子。否则，我可是会[i]非常[/i]生气的。,
老妇人描述了一条穿越高地、通往一处峡谷口的路径，据说，最后一位德鲁伊便住在那里。,
恐怕我们没空做那个。我们还有正事要办，还有地方要去。,
当然。瓦达？,
这准是什么病态的玩笑。,
不，抱歉。我想我无能为力。,
这儿每场布洛特祭典她从前都来，但那是在她得到你之前的事儿了。,
{用小刀尖剔着指甲。} 批准[船名]号入港停靠，我就让你保住所有手指头。,
若想他们站在我们这边，我们最好当心，别伤了他们任何人。战场上，多或少一个身经百战的好手，都可能天差地别。,
有人给了我一柄钥匙——样式古旧。据说，它能打开那边那座沉陷塔楼中的一间密室。,
万一我们弄错了呢？万一他根本就不打算去夺取斯克恩呢？,
{回去吧。},
早。,
失物招领。,
眼见女巨人那悲痛的哀悼者踏过厅堂，他的心直往下沉。随即便有三头公牛被拖了上来，巨人命人将它们快火烹煮。,
你知道，我们本可以往南航行。温暖的洋流，阳光亲吻的屋顶，异域风情的女人……可看看我们如今在哪儿：泥泞已没过双膝。,
我信你的话。你还愿意与我做生意吗？,
她的声音听不出分毫兴致。,
我们彼此抛弃了对方。在当时，那似乎是唯一的生路。,
你或许能将我们杀个干净，可你们当中，也会有太多人没法活着离开。,
救个国王就这点赏赐，不过我看也只能这么办了。,
我很乐意对付其中一个，你来料理另一个。,
啊，也罢，你若不肯多言，随你。我不过是出于好奇。,
等、等等！行，我们这就走，可我们那位朋友……他不见了，没他我们实在没法离开。,
那就改日再说。,
当你将那柄撒克逊刀捅过米尔丁的心脏时，他唯一的反应不过是倒抽了一口气。无数情绪从他面上一闪而过，起先是惊骇，继而是暴怒，最终归于一片听天由命的平静。,
内菲娅放肆地咧嘴一笑。,
你的身手都快赶上[Player:Father]了。若你此番当真赢了，我倒希望你能做个更好的领主。,
你竟逼我对手足同胞刀剑相向！,
据格里穆尔夫讲，你父亲当年一心想以奇袭冲散那些骑手，便有了个主意：在路面上方高悬一张结实的网，然后将那缆绳拉到地面，覆在树枝之下。,
铁匠那张惯常的脸上，竟现出一抹罕见的忧色。,
简直一派胡言。诸神还在阿斯加德等着我们呢！,
你难道不记得自己说过的话了？“与其随人俯仰，不如昂然引领。”这话可是你自己说出口的。好了，如今我终于拿定主意，要听听你这番劝告。,
介意我凑近了仔细瞧瞧你么？,
承蒙你们主动联络。待我们抽得出身来，即刻便去觐见你们的王。,
前提是到头来这别是个陷阱——不过就我眼下的处境来看，这倒像是最有可能的结局。,
是啊，问问他平日里都吃什么！活到一千岁我倒是不嫌弃——只要他不是，唔，跟一棵树长成一体或是诸如此类的就好。,
寻机将他们赶走便是！但务要确保他们永不再摸回此处。,
回见。,
谁？,
这就对了，你们最好别再回来。,
这位“牧师”快活地轻笑出声。,
眼下我得去安顿家小了。愿上帝与你们同在！,
哼。,
不必了，多谢，我需要的装备已尽数齐备。,
两个时辰过去了。,
自然。眼下还请恕我少陪，尚有诸多事宜待我去筹划。,
老人以愈发浓厚的兴味审视着你。,
她耸了耸肩——这姿态甚是随意，可那双眼睛却在你与你扈从之间来回游移。,
我怕是总有个习惯，会惊走她的猎物。,
你看上去与这里余下的人都格格不入。,
罗斯克娃的衣裳,
花了几息的功夫，你便辨出了那显眼的标识：穗状的叶与瓮状的明黄花托，正是你要寻的那种矮茎花朵。,
你母亲满是骄傲地将双手搭上你的肩头，饱含慈爱地用力捏了一把。,
船上见。,
拿着，你会安然无恙。,
我不过是出于本族利益的考量行事罢了。,
怎能这样说一位如此可亲的年轻女士！,
也罢。纵使如此，我仍愿给你们一处栖身之所——若你们情愿，今晚可宿在我们的神殿外屋里。,
留下。,
待我们击败你，你便率众归入我的旗下？,
呵，那便得看你心里打的是怎样一副算盘了。,
我们就当这件事从未发生过。,
你击垮了他们！,
那你便该明白，我们是绝不会退让的。你尽可以回去，把这话原样带给遣你来的人。,
斯泰因眼神空洞地盯着你。随即他猛然扬起双臂，大步流星地朝房舍那边走去，身后拖着一众疲惫不堪的侍卫。,
火坑近旁的空气里，弥满了刺鼻的烟熏焦臭。,
那两人中较为年长的一位，从怀里摸索出一只皮囊，小心翼翼从里面拣出一枚印章。,
没看上我的货品么？若是改了心意，务必再来啊。,
想寻个陪你练练手的？,
区区六人！上吧，我们一举碾碎他们便是！,
在她身侧，内菲娅的父亲霍尔蒙双臂交叠。,
绝无可能。若你真想赢得我的信赖，袭击格蕾妮可不是什么明智之举！我本该当即下令，把你们就地正法！,
卡隆格还守着他的摊位。你突然意识到，自己竟从未见过这摊位空着。和往常一样，你一走近，他便站起身，双手撑在桌面上。,
威利布罗德战死了。搜搜他的尸身，看有什么线索。,
得了吧，过去的就让它过去。我可是受奥丁眷顾的人！你会想要我这样的战士陪在身边的。,
给不信者准备的住处。,
喂，那边。什么风把你们这些小崽子吹来了？可别告诉我，拉格恩维格那头母猪偏赶在[i]这个[/i]节骨眼儿上下崽。,
你杵在这儿，简直是对公序良俗的侮辱。,
我可不[i]光是[/i]把它给你。这还带着义务。,
他们快到了。准备！,
尽量留彼此一条命。,
艾弗威克码头入口,
哈，就那玩意儿，你也好意思叫陷阱？不入流。,
她举杯致意，接着也不等你发话，身子一滑便钻进了人群里。,
{提供240财物。} 你俩一人6便士。,
可我们现在好端端站在这儿——刚从[i]她[/i]雇的杀手刀下捡回条命！,
我自会亲自告诉她，别担心——我不过是要你陪着壮壮胆。,
我可不掺和什么流言蜚语——忙得很！这种事，还是留给那些除了磨嘴皮子就无事可做的老太婆吧。,
你挣脱手臂，攥住了珠宝。它们在光下闪着诱人的光。,
高地人已退至村子的边缘，按一户户人家似的小群紧紧挤在一起。你注意到男人们手里都备好了家伙，但并未亮出来挥舞。,
罗斯科娃，教你本事的那个，当真是只瓦尔拉文吗？,
任你找遍天涯海角，也找不到比这更有经验的船员了。,
他当真是个艺术家。,
留下你们的马车和全部货物，便可以牵着牛，带着条命离开。,
把信任付与一个陌生人，又向你这种人开口求助，这实在叫我痛苦，可我别无他路了。,
那个渔妇警惕地打量着你，给你的全部招呼，不过是一个细微的点头。,
恰在此时，路的那头炸开一声大喝。一群新的战士朝你猛冲过来，女人们失声尖叫。,
你可知道，市场边上那片破败房子里，蹲着一群孤儿？,
那得看是什么事。,
那你别想活着离开。{攻击他们。},
我想起她来，心里总是温温柔柔的。起初我是为她的美貌所迷，但真正让我爱上的，是她的奇思妙想。我多希望……唉，算了，沉湎往事，终无善果。,
她合上眼，用一根手指揉着鼻梁。,
你真就什么也不要？我很乐意帮你做点什么。,
此番告别并非永诀。我们很快就回来。,
他交叉起双臂。,
[Player:Name]，我是名基督徒。皮克塔维亚的氏族大半也奉基督，可终归有些不是。这道裂痕若不弥合，便会一直搅扰我们、削弱我们。,
你是何人，在此作甚？！,
如此说来……我们要寻的，是西海上一座小岛，听那意思，约莫在莱加塞斯特稍稍偏北的地方？,
费了好一番手脚，你和扈从们才靠绳索和探出的手臂，把[Klutz:Name]弄回到小路上。,
那帮家伙最好给我剩几个活口，好让我有人可治！,
格里蒂尔脑袋耷拉得下巴都快磕到胸口，灰溜溜地朝庄子踱了回去。,
他又绽开笑容，眼里的光芒告诉你，这一次他出自真心。,
[Leader:Name]转过街角，抬手一摆，身后整队人便齐齐顿住了脚步。,
一帮耶灵来的人在林子里扎了营。我们跟他们交了手，却吃了败仗。他们准是怀恨在心，才害了格里穆尔夫的性命。,
若旁人亲眼见到，有另一个武士甘愿为你豁出性命，这份敬重，绝不亚于你亲手击败阿斯莱夫尔。[i]这[/i]才是作为领主的意义所在。,
他们有多少人？,
这个冬天怕是难熬了……,
可你须知：那东西渡不得活水。不错，它终会寻到你的，但好歹能为你争来些时间。,
一个盖尔联盟,
成！成！且慢着些，咱们犯不上毛躁。哈哈哈！看来，我倒是错估了自己这场胜利的分量。,
他的眼里闪着难以掩饰的恐惧，躲躲闪闪。,
给我亮亮你的货色。,
罗斯科娃把身子贴过来，在你唇上烙下一个吻。,
他上下打量着你，眼睛微微瞪大，牙关紧了又松，松了又紧。,
唔？是啊。好极啦，亲爱的。,
哈夫丹挺起胸膛，满心骄傲，脸上泛起一丝掩不住的得色。,
{俯身吻他。},
好。还有旁的事吗？,
哦，是吗？看来这儿马上就要热闹起来了。,
你必须组建一支远征队前往不列颠，去寻求财富或盟友，好在阿尔庭上证明你的实力。首先，你需要的是一艘新战船。,
两人以完全一致的躬身礼向你致意，那名男子开口了。,
怎么样？,
我不能让你留在这。拔剑自卫吧。,
年轻的女巫叹了口气。,
当然。既兴奋，又……有点害怕。,
看——这帮人跟赫丁维描述的一模一样。看来我们找到了她手底下几个逃跑的奴隶。,
这么说，今晚轮到你收祭品了？比古尔平时可都把她抓的猎物丢在我帐篷那边的。,
谢谢你们——谢谢大家。我知道，这是最好的结局了。愿埃尔照看你那位朋友。,
我发誓，只要你肯帮我，这事一定能成。,
然后……便是[i]一片混沌[/i]。,
{临阵退缩。}这已经闹得太过火了，我不想再趟这浑水。,
莱加塞斯特的法比安·昆图斯想请你营救一个叫瑞亚·西尔维亚的女子，她被人从旧要塞掳走了。,
德鲁伊基利安将为我们祈求旧神的赐福，而艾奥纳的主教也正在赶来主持仪式的路上。,
我没时间在这耗。内夫娅跟我走。你要么好好跟她道个别，要么就站在这儿怨天尤人，直到我们消失在海平线上。你选哪个？,
[i]受死吧！[/i],
我请求准许我的船停靠在你的码头。,
一个不到三十岁的女人，却同时怀揣着少女的天真理想和老妪的顽固脾性。,
他焦躁地瞧着你上下打量他，局促地挠了挠耳朵，又连着清了好几次嗓子。,
伊卡瓦尔,
决定如何解决莱加塞斯特城外的难民危机。,
这话太对了！你他娘的到底是怎么想的？！,
就凭你们五个，要对付这么一大群[i]恶狼[/i]？！,
那身材浑圆的族长咧嘴一笑，重重拍了拍你的肩膀。,
不过，要是我们转头去打诺森布里亚，我敢打包票，他绝对不会再忍下去了。我们已经把他逼到极限了。,
冬天的时候，你们在峡湾上滑冰吗？,
此事非同小可，岂容儿戏！,
行。既然你活腻了，那我就送你上路。,
[Player:Name]演[Player:Thorr/Freyja]，我演巴德尔，而内夫娅则是——,
埃迪丝发出了一声赞许的咕哝。,
掌声从你四周雷鸣般响起。斯库勒·碎颅者向“西古尔德·赫林格”谄媚地鞠了一躬，可就在他直起身的当口，那目光却死死钉在你眼里，充满了彻骨的鄙夷。,
要是真有那么简单就好了。关于昨晚的事，你就没有过一丁点儿动摇吗？,
在战场上……我得承认，她令我刮目相看。但我不觉得那里是她的归宿。她的儿子们给了她战斗的理由，可责任感这东西，终究替代不了骨子里的嗜血欲。,
那样一来，我们就得用自己的军队同时拿下艾弗里克和珀斯，这可不是随便就能做到的。但话说回来，这倒也省得我们为别人的战争卖命了。,
日德兰半岛所有的塞恩都聚集在里伯城外的议事平原上，参加阿尔庭大会。他们成双结对地带着争端，前来觐见国王。他会听完双方的说辞，征询最信赖之人的谏言，然后做出不容更改的最终裁决。,
趁我还没[i]动手把你扔出去[/i]，你自己滚出去。,
我会把那些皮克特人从洞穴里撵出来，你负责在墙上开出一条路。,
那听着也太离谱了。,
我必报仇雪恨！,
我手头没有那么多银币，也拿不出什么等值的东西，但我愿意把奥克尼群岛交到你手里作抵押，直到我能付清雇佣你的酬劳。,
一切尽在掌握。我已经劝服那个教派离开了。,
它蛰了我的背！妈的，真疼啊！,
瓦达嘴角向下撇着，对你的窘境流露出同情的神色。,
内夫娅久久地凝视着阿斯莱芙。,
别担心，有我呢。,
固执的老东西。,
你走近时，那年轻女子又抬起头来，可一对上你的目光，便立刻慌张地移开了视线。,
若你所言非虚，真的成了统一阿尔比恩的君王，你就有资格取走王者之剑。只要你配得上它，这剑便会认可你。,
一枚做工粗糙的十字架，拴在一条粗麻绳上，用来祈求那位基督教之神的庇佑。,
这把曾属于著名维京勇士英吉马尔·宽脚的剑，虽然古旧，却锻造精良，保养得宜。据说，这利刃切开盔甲，如刀切新鲜黄油般顺滑无阻。,
内夫娅！母亲！有人在吗？！求求了……我好害怕！这一切结束得太快了……求你们了……求你们救救我……,
格里姆尼尔的长须微微抖动，藏起了一抹笑意。,
他倒下的那一刻，你才看清他手里攥着的不是匕首，而是一枚银光闪闪的护身符——他所信之神的十字架。,
廖特尔和我会盯着他们，直到你来接手。,
你可以转去斯凯恩效力。好好干。,
何必如此大费周章、穷追不舍？又为何在这片土地上四处散落那些神神秘秘的线索？,
他的脸一下子涨得通红，目光又垂了下去。,
够了。求你了……别再折磨我了。,
把这罐子拿回去给那些拆船贼。,
考斯坦丁的两名武士小心翼翼地摸出大厅，想看看战况如何。见了这情形，便也加入了你。,
喏，我去把父亲攒下的最后那点积蓄全取来了。现在都是你的了。,
他伸手相迎，笑容宽厚。,
那现在就亮出来看看。,
凯蒂尔沉入水中，不见了踪影。,
那么，像你这样的人，怎么会落到这步田地？,
我要回帐篷了……你想来，我欢迎。,
跟他们说清楚，我们只要几匹马，骑上就走。,
我试过接受现实——接受我们或许永远无从知晓他的下落。,
别小瞧了阿斯莱夫！他力气或许不如你，可他是个不折不扣的战士。,
罗斯克瓦点点头，便又转身去摆弄那些蜡烛。,
是布拉娜派我来的。,
多谢。愿你早日康复。,
这……这好歹算个开头。多谢你的善心。,
那个叫“跳跳”的孤儿把他母亲留下的这枚护身符给了你，以报答你的慷慨。,
欢迎归来，尊贵的[Player:Hlaford/Hlafdia]、雅尔[Player:Name]。今日有何事需我等效力？,
有个坏消息要告诉你。格里穆尔夫叔叔死了。,
你竟然把她赐给你的礼物给[i]卖[/i]了？！我真该立时就地宰了你！,
是啊，哼，大个子没开口，我们就得接着找。,
一株又高又多刺的花，从靠近你家的那片咸涩沙地里冒出来。,
那头[i]畜生[/i]。人高马大，光着脑袋，浑身锁子甲。,
你难道没读过经上记着，那蒙福的罗慕路斯和他兄弟雷穆斯，可是吮着母狼的奶头长大的？,
我需要装备。这不是[i]请求[/i]。,
每个故事里都藏着一粒真相的种子——你曾经也信过这些。我看所有人都听过这个故事，绝非偶然。你动动脑子。,
把他俘虏了。他不过是为自己的王尽忠罢了。,
克韦尔杜尔夫抱起双臂，眯缝着眼端详了你半天。末了，吐出一口长气。,
你正领着你的亲兵队沿大路行进，冷不防悬崖上炸开一声战吼。,
你为什么老是改口？,
她揣摩地瞧着你，大概是想弄明白你是赞成还是不赞成。,
敌阵中嘁嘁喳喳，议论四起。这私语转瞬便化作一场面红耳赤的争吵，兵刃被舞得杀气腾腾。到头来，贪生怕死之辈似乎占了上风。,
你说这话的口吻，倒像那是什么光彩事似的。,
那片叶子，是为了让你更好藏在林子里么？,
愿你好运。,
我……我还没告诉我妈我要走。你能陪我一道去说吗？,
他们那副窘样，简直无地自容。,
{支付240财宝、30口粮。} 这价钱听着公道。,
你们这群人，统统归奥丁所有！,
她的脸色愈发阴沉了。,
我的船在风暴里遭了损。你能修好它吗？,
滚开,
看样子，你本就装备充足，对付这家伙绰绰有余。,
我绝不会让你女儿伤着一根寒毛。我向你保证。,
那家伙，一肚子阴暗心思。总像个外人，总是独来独往。不过，她把胡尔达照料得倒挺好。只可惜，她得眼睁睁瞅着老太太的神志就那么一点点垮掉。真是天大的憾事。,
前路畅通！不见敌踪。这儿屁事没有。哦，等等——不，有陷阱。,
她把整条胳膊深深探进背包里，摸出一个小罐子来。,
抓住那个一直偷你东西的小兔崽子。,
得了空，就到叔叔家旁边的林子里找我。咱们挑几根好木头，立马就开工！,
利奥弗里克笑了，笑容里带着几分迟疑。,
一群混账东西，你们全都是。,
我以为咱们结盟是为了对付跟耶灵的世仇。你当初在斯凯恩，就是这么说的。,
他彬彬有礼地颔首致意。,
凯蒂尔又擎起酒瓶猛灌了一大口，整张脸都皱缩成一团。,
[Archer:Name]搭箭扣弦，将[Archer:his/her]弓拉满，稳稳瞄准目标。,
三大份饭菜下肚，[Eater:Name]已是眼神迷离，神游天外。[Eater:His/Her]下巴却还在机械地动着，嘴里分明早已没了食物，却仍嚼个不停。,
三人围拢上来，亲自验明米尔丁确实已死。塔洛尔克一脸志得意满。达布格拉斯和艾丹则交换了一个羞愧交加的眼神。,
这也给了我们从周围部族召集援军的时间。我们远征带回的财富让他们获利甚丰，要是留里克篡了你的位，他们可要损失惨重了。,
这么说，如今执掌奥克尼群岛的就是你这个[Player:男人/女人]了？我估摸着，对我这种人来说，也不会有什么两样。,
什么？难道还有别人配得上这个称号？,
他扭头瞥了一眼那畜生。它正忙着满院子拱来拱去，找能吃的东西，嘴里不住哼哼唧唧。,
千真万确。若能把你永远留在此处，我没准真会动心——可人不该囚禁一头野兽。,
有些旅人在他屋子附近的林子里扎了营。我们跟他们打了一仗，却败下阵来。他们必定是怀恨在心，杀了格里穆尔夫。,
希望你对这交易还算满意。还有别的事吗？,
那你要去对付他们的话，可得小心着点。,
我们是斯卡基的人。他派我们来传个口信。,
莫尔坎特回到原位，再次跪下。你转身离开时，隐约听见了他祈祷开篇那几句神秘的咒语。,
把所有人都召集起来。务必确认人人安然无恙，一个都不能少。,
老妇人用审视的目光打量着你。你在诺森布里亚的名声，或许能让你在讨价还价中占上几分优势。,
我来自阿格德尔，是离你家乡最近的那个北方王国——至少我听到的说法是这样。,
奥丁之门,
凯蒂尔假装全神贯注于早晨的杂务，可你却瞥见他脸上掠过一丝笑意。,
没人质疑你的战斗身手，[Player:领主/领主夫人]，我们不过是在履行跟戈德威夫那边定下的约定！,
我们只是冲你的财宝来的。老实躲着，兴许还能活命。,
那个路匪——跟我聊聊他吧。,
内菲娅站起身来，在短袍上蹭了蹭双手，一脸忧心忡忡。,
那[i]你[/i]呢，约斯泰因，你是打哪儿来的？,
去和哈夫丹谈谈。,
屋子里一片狼藉，所有家具不是被掀翻，便是东倒西歪地散落一地。,
你正打算神不知鬼不觉地把东西揣进怀里，摊子上的小孩却当场将你抓了个正着。,
这下可有好戏看了。,
陛下真是宽厚仁慈。我定当竭力为您效劳。,
对，他提了。我们约在附近的一处林间空地碰头。,
他颓然坐下，垂下了目光。,
多谢陛下。我能来到这里，全仗[Player:名字]。,
这就妥了——不但避开了那些窥探的眼睛，这旧堡垒的围墙，也为我们这次会面平添了几分厚重，你说呢？,
怎么？我说话结巴了不成？,
哦，你回来了。有什么消息吗？,
谢谢你……他不会走太远的。只要他没伤着就行……,
在这么逼仄的地方动武，可是场硬仗。想不想趁他们还没察觉，先偷偷摸掉几个？,
打一架，谁赢归谁！,
确实——斯克耶恩的义务，不过是向莱当征募军贡献一艘满员战船，这分明不成问题。拜托了——别再企图干扰议事进程了！,
待你走得够远，再也听不见那对如胶似漆的鸳鸯细语时，艾菲悄悄摸了上来。,
你？当我们的[Player:国王/女王]？皮克特人是骄傲而强悍的民族！在康斯坦丁的王座上，你恐怕连[i]一星期[/i]都撑不过去。,
他们已经够大了，我不在也能照看农场——就算真出了乱子，还有他们的姑姑和叔祖父能搭把手。,
我们击溃了主力，可他们的头领绕了一圈，从东边偷偷摸了进来。我们在长屋外头抓住了他，赃物还攥在他手里。,
随即，她把注意力转回到你身上。,
这……这故事说来太私密了。或许改天我会讲给你听。,
唉，我们这回可真是自投罗网了。,
康斯坦丁还在竭力统一各部族，并与达尔里阿达结盟，但皮克特兰已然构成了迫在眉睫的威胁。,
他给当了。,
我想在出发之前，或许该先拿她找找乐子。,
免谈。没你的帮忙，我们也能凑合过去。,
真是一艘漂亮的大船。托尔芬的手艺，为我们所有人带来了荣耀。,
铲子,
无法无天的女巫,
一套用鞣制皮革制成的护甲，出奇地坚固。其设计专为抵御刀剑和长矛，但挡起箭头来却起不了多大作用。,
是啊，我领教了。我有的是证据，证明你们这帮人贪婪成性，[i]残忍[/i]无情，毫不顾及他人。我只盼着，在我死后多年，我的同胞们能继续跟你们死战到底。,
他们为哪座山丘更合适而争执不休。争执中，凶手罗穆卢斯杀了自己的兄弟。随后他建立了罗马城，正是这座城市，孕育了那个建造脚下这些城墙的帝国。,
英灵冲锋,
你从未解释过我父亲到底是怎么死的。,
{杀了他。} 行。,
不过话说回来，这地方过去作为碰头地点倒也有点用处。或许能把它改造成咱们自己的土地集会——这么一来，准能给那些偏远家族递个好信号。,
我们得快离开这儿！再这么吵下去，连自己都搭进去！,
巨魔树药剂,
战士仔细地把装备搁到旁边的木头上，抽出斧子，便开始了活计。下手很快，但看着实在令人不适。等他忙完，格雷蒂尔的尸身上再没留下任何可辨认的印记。,
两个商贩领着几名雇来的护卫，在村子外头一片刚砍倒的树木间搭了座小营地。,
我肯定很快就会再来叨扰。,
哈尔夫丹家那些偷鸡摸狗的东西，又想把我们仅剩的这点家当夺走。又来了！,
他窘迫地想了一会儿，试图寻个说法来解释。,
我琢磨着，很久以前我倒可能跟着父亲来过此地。,
唯一活着闯出来的那个兄弟正慢慢站起身。他望着死去的弟兄们，眼中满是茫然的震骇。,
你就是马格努斯·麦克·瑟腾？,
回毛科林屋里去，领你的赏钱。,
我向你起誓，定会将你女儿完好无损地带回家中。,
眼下，恕我不得不告退了。职责缠身。,
说老实话，要我看，族里的人们见我接过担子，几乎跟我一样松了口气。,
守卫一手按住兵刃的柄。那商人绷紧了身子。,
我便从扩建防御工事着手。,
够了！放了他。,
前往决斗岛，去和阿斯莱夫了结你们的决斗。,
你这会儿可别也跟着我念叨这套迷信的昏话。,
踏入埃弗维奇，一阵强烈的既视感袭来。你面前赫然站着一伙全副武装的人，浑身上下披着奥斯雷德二世国王的服色。,
啊，这个……叫你这么想，可真对不住。那你是不打算瞧瞧我卖的东西了？,
但愿这是我这辈子最后一回撞见你家里的人。,
妈妈的农场确实得好好拾掇一番了。栅栏有两处都破了！那些原牛居然还没跑出去，简直是奇迹。,
盟友？咱们不是要在这片地界上给自己打出一块地盘吗？如今这又算什么名堂？,
唉，我亲爱的[Player：小伙子/姑娘]。你竟还需开口来问，这真叫我心里难受。当年，德鲁伊们可是这整片大地的统治者，若我没弄错的话，你们那片土地也不例外！当然了，这层干系可也不能说准没有，你且记着……,
如今你又寻到了更多这样的石碑，倒不妨在翻译上头再做一番尝试。,
{离开。},
欢迎！欢迎！真高兴你们赶来了，毕竟诸位可是在贵客之列！,
她张开双臂，打出个将房间两侧两座神龛都囊括在内的大手势。,
{同意交易。} 这看起来很公道。,
又多了一条你不配做我们郡长的理由。,
木雕像,
你爹可晓得你跑到这里来，把他的名声都败坏干净了？,
我来告诉你我到底需要什么。,
[Eater：名字]猛抽了几声逆嗝，身子晃了晃，随即发了疯似地拼命把自个儿从桌边撕扯开。[Eater：他/她]勉力撑出几步，便猛地弯下腰大呕起来，呕出一摊混着胆汁的恶臭浆水，酸秽逼人。,
听好了，神父。可是[i]你[/i]央我们到这儿来的。我们来，是为护你周全，免受那帮异教徒的侵害，旁的我们一概不关心。,
德鲁伊沉沉叹了口气。,
虽说恶浪重重考验着你的长船，可因它载量远超寻常同等船只，船上一切皆稳稳固着。待到暴风雨平息，竟似没让大海卷走任何物件。,
这会儿又闹的是哪一出？,
哦，她呀……她今儿个心神不在这儿。我要走这事，我多少是没跟她提过。,
我们当年在英吉尔森林那一仗里，的确替埃塞尔雷德卖过命。他给我们的酬劳相当丰厚。,
你把诺森布里亚国王撇在地上，径自离去，身后传来他含混喷溅的咒骂与恶言。待战事收尾，总得由旁人来定夺如何发落他。,
城墙那桩麻烦，可不就是么。,
你说得对，可我不愿冒半点风险。,
这地方到底哪儿惹你不痛快了？,
立在后面那个身形高大、体格壮实的男人，将一只手搭上了矮个男子的肩头。,
我们是赶路挨饿的旅人。你们这儿可有鱼卖？,
我明白——横竖是个荒唐念头。我祝你们明儿个在那里交好运。,
你的侍卫们阴恻恻地低笑起来。,
我发誓——以奥丁之名起誓！,
不等眼泪彻底夺眶而出，他抄起一把铲子，便动手去掘那孩子的墓穴。,
艾布琳放声大笑。,
还不够好，对不住。,
要是还缺什么物件，我自会回来。,
能揍扁那群细皮嫩肉的小白脸，真叫我快活。他们若是敢再回来，我乐得再揍一回。,
就在那一刻的觉悟中，你或许已经握住了通往知足的密钥。,
网陷阱,
被你洗劫一空后，药草园破败得不成样子。残株稀稀落落，一片狼藉。若不加照料，怕是都要枯死。,
你在这儿安顿下来了吗？,
{护住那些奴仆。} 我们不能让那些囚犯有闪失。,
他那股不容置喙的威严，在脸上微微动摇了。,
我会想法弄些毒药到手，之后便回。,
[贪婪：姓名]伸长[贪婪：他/她]的脖颈，将那悬崖上方的石砌建筑尽收眼底。,
北上旅人带来了这般消息。北方人趁夜突袭，可他们竟说烽火未曾点燃！,
我们已经把营地端掉了。快走吧，你们自由了。,
光靠老婆子的汤汤水水，可打不倒阿斯莱弗。,
前往奥克尼群岛，去同斯卡拉格里姆面谈。,
皮克特人打得倒是不错，但与我等相比，还差得远！,
格里穆尔夫还在那儿对着栅栏敲打个没完。,
你这点防御，想截住长船，简直是笑话。,
他看这世界的眼光怯懦又可怜。我敢打包票，只要你决意与诺森布里亚兵戎相见，他眨眼间就能叛了你。,
你得到的唯一回应，不过是一抹彬彬有礼的微笑。,
统统拿走。我们自有法子，把这些神不知鬼不觉地悄悄弄出去。,
你的母亲露出了哀戚的笑容。,
{刺死她。} 我可没跟你闹着玩。,
{抛绳。},
什么？！你发的什么疯？！,
我会返回同伴那里，告知他们此间的事。我们定会把你救出来，我向你起誓。,
集结于此的这支大军，在北海之上无人能出其右。,
主与你们同在，异乡人。我是莫尔康特修士。我穷尽此生，只为参研上帝造物那妙不可言的大美。,
说给你听，这可不是我心甘情愿。打他们一到这儿，就把我盘剥了个精光——噢，那自然不叫抢，毕竟科纳尔是“王”嘛，可到头来我所有麦酒都光了，如今连我自家人都在忍饥挨饿。,
奥德凯尔……,
我甚至跟后面泥塘里那个可亲的老女巫商量过，兴许能替她卖点儿草药汤剂。,
乐意之至！今儿个就这些了吗？,
看来咱们是心意相通了。,
拿着。,
随身带着它，用它向你所遇之人传布上帝的福音。噢，还有，你可以转告埃塞尔雷德，我对他夺取王位的声索予以支持——只要他真能赢下来。,
她与那些孩子没半分相似。莫非是那位武技教头的女儿？,
费了好些时候才逐一清点明白，但似乎并无短缺。,
一丝游移不定的笑意，掠过了她的嘴角。,
多谢陛下。能身在此处，实乃莫大的殊荣。,
好好想想，布鲁诺。动动你那个脑子……,
{择一人，把它剜下来。},
我总以为……我这条命……会是为了件要紧事而去……,
这事我得去请教胡尔达。或许她对如何诊治有些法子。,
啊，都有些年头了。但愿我这把老骨头还能记得。你想知道点什么？,
你要让那个下毒的家伙入伙？,
他眨了眨眼。,
他傲岸地一扬下巴。,
那年轻人似乎给打了个措手不及，一抹慌张掠过他的脸庞。,
[玩家：姓名]，你是个年轻[玩家：男人/女人]——又毛躁又没耐性。等上了些春秋你便会明白，这世上有的事，是急不得的。,
这玩意儿我这不正往下拆呢，你这蠢货。,
埃迪丝重重地点了下头。,
有点耐心，约维塔。,
这就让你好好开开眼，在我的地界上，我们是如何收拾劫掠者的。,
雅尔传你返回奥克尼群岛，去面见他的旗手斯卡拉格里姆。你的进展并未被忽视，斯卡拉格里姆此番前来，正是要向你抛出橄榄枝。,
一群没用的蠢驴！你们号称是本王最为精悍的兵士，却叫几个异教劫匪悄没声地摸进了我的厅堂？！,
你也该一同参战。你我联手，胜算要大得多。,
回到珀斯，把米尔丁引见给考斯坦丁。,
这些年来，我一直心心念念想来这低地瞧瞧。如今总算来了，而这……嘿，当真是不虚此行！,
远征：维京,
主菜单,
暂停菜单,
新游戏,
继续,
保存游戏,
加载游戏,
典籍,
制作人员,
退出游戏,
真要退出游戏吗？,
选项,
载入中,
返回,
更新日志,
加载,
保存,
新建,
覆盖,
确认覆盖,
"确认覆盖存档 [color=""orange""][name][/color] 吗？",
确认加载,
确定要加载游戏吗？所有未保存的进度都将丢失。,
确认删除,
确定要删除此存档吗？,
自动保存 [x]：,
快速保存：,
[prefix][questname] ([firstname]),
没有活跃的任务,
保存游戏中...,
"[color=""green""]游戏保存成功。[/color]",
"[color=""red""]游戏加载失败：[/color] [error]",
创建一个新存档，或从下方选择一个,
控制,
杂项,
难度,
视频,
音频,
CRPG 风格,
RTS 风格,
选择与\n互动,
选择\n与平移,
互动,
旋转,
平移,
动作,
输入 1,
输入 2,
键位绑定,
英语,
英语（北欧名字）,
西班牙语,
意大利语,
德语,
法语,
俄语,
波兰语,
捷克语,
丹麦语,
隐藏标记,
始终显示标记,
仅区域转换,
全部清除,
显示教程,
关闭教程。除非你已经玩过本游戏，否则建议保持开启。,
显示目标标记,
目标标记会指引你前往当前激活的任务目标。如果想获得更无拘束的探索体验，可以尝试将其关闭。折中方案是选择“仅区域转换”，这样只会显示指向门或战役地图转换点的标记。,
显示六边形网格,
切换辅助六边形的开启或关闭。移动范围不会受到影响。,
语言,
边缘滚动,
决定是否可以通过将鼠标移动到屏幕边缘来平移镜头。,
战斗速度,
改变战斗中的动画播放速度。,
全部,
仅敌方回合,
最少,
战斗镜头自主性,
决定战斗过程中镜头自动移动的程度。如果设为“最少”，镜头将极少自行移动。,
自由倾斜镜头,
启用后，可以用鼠标控制镜头倾斜。如果禁用，可以在下方指定倾斜角度。,
固定倾斜角度,
如果“自由倾斜镜头”被禁用，这个滑块可以定义一个固定的倾斜角度。,
文字大小,
改变对话中的文字大小。,
血腥与断肢,
切换角色被击中时的血液飞溅效果，以及角色死亡时的断肢效果。,
显示头盔,
切换装备头盔时是否可见。即使被隐藏，头盔的效果依然保留。,
预设,
更改,
莱夫·埃里克松（简单）,
伊瓦尔·无骨者（中等）,
拉格纳·洛德布罗克（困难）,
埃里克·血斧（疯狂）,
“幸运者”莱夫是发现了北美大陆的冰岛探险家。尽管后人的定居尝试并不顺利，但莱夫本人的远航却极为成功且和平。选择这个设定，好运也将眷顾你的远征。,
“无骨者”伊瓦尔是9世纪末入侵不列颠的异教徒大军领袖之一。选择这个设定，你将面临严峻的挑战，但最终很可能赢得胜利。,
“毛皮裤子”拉格纳是一位传奇维京人，曾劫掠并勒索法兰西和英格兰。他攫取了权力和财富，却最终死于敌手，血溅沙场。你将遭遇顽强的抵抗，但胜利也将因此更加甘甜。,
“血斧”埃里克是挪威的掠夺者，曾于10世纪短暂统治诺森布里亚，后遭背叛而丧命。你得不到丝毫怜悯。敌人将冷酷无情，试炼多如牛毛。惨败是最可能的结果。,
自定义难度设置,
业力阈值,
业力影响随机事件的触发。设置较低，可以防止你在运气不佳时再遇坏事。设置较高时，一切就都说不准了。,
世界资源,
完全控制你在箱子、桶、袋等地方找到的资源数量。不会改变装备等级或物品掉落。,
受伤概率,
控制角色在失去行动能力时受伤的可能性。,
友方伤害,
调整你的角色造成的伤害量。,
敌方伤害,
调整敌人造成的伤害量。,
物品损耗几率,
控制敌人造成暴击时，你的物品损失回收物的几率。,
敌方智能,
控制敌人犯错的概率，以及他们采用最优策略的倾向。,
敌方装备,
决定敌人的装备会有多好。设置较高时，会将某几类装备提升1个等级。,
更多敌人,
在游戏全程中增加更多敌人。增加的数量取决于具体情况，并非所有遭遇战都会发生变化。这将显著提高难度。,
战斗中阵亡,
控制角色在战斗中失去行动能力太多回合后，是否会直接死亡。,
铁人模式,
只允许保留一个存档。启用此模式，风险自负！,
预设,
非常低,
低,
中,
高,
非常高,
分辨率,
全屏,
垂直同步,
UI缩放,
如果你在小显示器上使用高分辨率，可以增大UI尺寸。更改后，部分图标可能会略显像素化。,
自定义视频设置,
帧率限制,
如果显卡温度变得异常高，可以降低这个限制。仅在垂直同步关闭时生效。,
纹理质量,
降低纹理分辨率。,
角色细节,
在低面数和高面数角色模型之间切换。将在下次跨关卡转换时生效。,
阴影质量,
决定阴影的分辨率和显示距离。,
抗锯齿,
决定游戏平滑边缘所用的方法。SMAA 对多数玩家来说效果应该不错。SSAA 画质更好，但对性能要求很高。,
植被,
设置场景中草和植物的数量。不影响树木。,
环境光遮蔽,
开启屏幕空间环境光遮蔽，让物体交界的角落更暗沉。能增强视觉对比度，但对性能开销较大。,
地形质量,
高：地形会呈现视差效果。低：地形看上去更为平坦。,
像素光源数量,
决定影响粒子效果与水体的光照质量。,
各向异性纹理,
控制各向异性过滤，露营时感受尤为明显。,
动画质量,
影响角色动画之间混合的顺滑程度。,
世界细节,
调整部分物件的细节程度。在较低设置下，某些物体会完全消失。,
位移,
为水面、旗帜装饰和特定布料表面启用着色器动画。此功能仅兼容 DirectX 11 的显卡。若你看到表面缺失或出现粉色物体，请尝试禁用此选项。,
反射探头,
"[color=""red""]将在切换关卡时生效。[/color]\n在材质中启用场景反射。部分显卡（尤其是集成显卡或老旧显卡）不支持该功能。若在游戏内时间变化时（例如露营期间的时间流逝）或载入过程中发生崩溃，请尝试禁用此选项。",
泛光,
切换明亮区域周围的泛光效果。,
HDR,
切换整体画面的高动态范围。在低配置机器上影响会很明显，并使某些区域更亮或更暗。,
景深,
切换露营时及某些高低落差较大场景中的模糊效果。,
主音量,
特效音量,
音乐音量,
[x] x [y] @ [r]Hz,
不适用,
[x]x,
[x]%,
因果报应偏袒玩家,
正面/负面事件同等受限,
负面事件限制更少,
负面事件无限制,
+[x]% 几率,
默认,
[x]% 几率,
错误频发,
错误偶有发生,
错误稀少,
基础装备,
更好的护甲和盾牌,
更好的护甲、盾牌和武器,
设定游戏运行的分辨率。,
普通 (SMAA),
非常高 (SSAA),
强制应用于所有纹理,
全分辨率,
半分辨率,
无,
一,
二,
四,
自定义,
无限制,
[x]x,
启用,
禁用,
禁用,
高,
极低,
低,
中,
快速,
极速,
简易,
良好,
精美,
极佳,
返回,
下一步,
继续,
关闭,
完成,
游戏结束,
你已山穷水尽,
[x] 小时后,
[x] 小时后,
你想去哪里？,
你想回到上一个营地，还是前往战役地图？,
前往营地,
前往战役地图,
物品,
物品,
技能,
装备,
目标,
物品栏,
角色,
任务,
萨加,
典籍,
家园,
状态效果,
派系,
时间线,
"{[color=""orange""][x][/color]：[y]}",
{[skill] [value]},
"[color=""#00CC33""]{[x]：成功}[/color]",
"[color=""red""]{[x]：失败}[/color]",
简单,
普通,
困难,
丹人,
挪威人,
麦西亚人,
斯科特人,
皮克特人,
蓝色,
灰色,
绿色,
棕色,
黑色,
金色,
棕色,
姜黄色,
灰色,
红色,
白色,
斗士,
狂战士,
防御者,
吟游诗人,
领袖,
游荡者,
猎人/女猎人,
治疗师,
战士,
侦察兵,
弓箭手,
平民,
战斗员,
自定义,
民兵,
散兵,
牧师,
潜行者,
冠军,
捕兽者,
狼皮战士,
女巫,
修士,
刺客,
挥舞双斧双剑，鲁莽而暴烈的近战角色。,
擅长剑盾的防御型近战角色。,
专注治疗与团队增益的远程支援角色。,
强壮的近战角色，具备一些实用的支援与对话技能。,
诡计多端的无赖，一肚子坏水。,
专为纯粹伤害打造的远程角色，弓箭致命。,
专精恢复与强力减益的远程支援角色。,
全面发展的近战角色，用起斧与盾来破坏力惊人。,
近战足以自保的防御型远程角色。,
未经训练 (0),
受过训练 (1),
经验丰富 (2),
身经百战 (3),
技艺娴熟 (4),
沙场老兵 (5),
精湛掌握 (6),
精英翘楚 (7),
传奇人物 (8),
基于力量的能力检定（显示难度）；你的力量越高，成功几率越大。,
基于耐力的能力检定（显示难度）；你的耐力越高，成功几率越大。,
基于灵巧的能力检定（显示难度）；你的灵巧越高，成功几率越大。,
基于感知的能力检定（显示难度）；你的感知越高，成功几率越大。,
基于感应的能力检定（显示难度）；你的感应越高，成功几率越大。,
通用选项会推进对话。,
询问选项并不与其他选项冲突，对话随后会回到此处。,
选择资源选项将消耗资源。,
商店选项会打开交易窗口。,
锻造选项会打开锻造窗口或修理窗口。,
战斗选项将触发战斗。留意，其他选项同样可能导向战斗。,
结束选项将结束对话。,
进入区域选项将切换场景。,
追随者选择选项会要求你为某事指定一名角色。,
浪漫选项可能导致长期承诺。,
击倒选项将发动一次非致命制伏。,
杀死选项将发动一次致命制伏。,
交易,
商人资源,
你的资源,
交易,
此商人标价 [x],
"[color=""red""]离谱的[/color]",
"[color=""orange""]不厚道的[/color]",
"[color=""yellow""]公道的[/color]",
"[color=""green""]慷慨的[/color]",
"[color=""lime""]极为慷慨的[/color]",
"[color=""red""]极低[/color] 供应",
"[color=""orange""]低[/color] 供应",
"[color=""yellow""]正常[/color] 供应",
"[color=""green""]高[/color] 供应",
"[color=""lime""]极高[/color] 供应",
"[color=""red""]极低[/color] 需求",
"[color=""orange""]低[/color] 需求",
"[color=""yellow""]正常[/color] 需求",
"[color=""green""]高[/color] 需求",
"[color=""lime""]极高[/color] 需求",
资源,
无,
下方为你队伍拥有的资源。点击要用于交换的资源。,
下方为商人的资源。点击要购买的资源。,
拖动滑块决定购买所选商人资源的数量。,
将欲购买资源减少1点。,
将欲购买资源增加1点。,
"[color=""red""]商人对这种资源不感兴趣[/color]",
"[color=""red""]你不能交易同一种资源[/color]",
"[color=""red""]资源不足，无法交易[/color]",
结束回合,
你的回合,
敌人的回合,
突袭轮,
"[color=""red""]拥有借机攻击[/color]\n",
"\n\n[size=""20""]被夹击[/size]",
"\n\n[size=""20""]掩体[/size]",
"[size=""18""][color=""lime""][x]%[/color][/size] 命中率\n",
"[size=""18""][color=""red""]0%[/color][/size] 命中率\n",
格挡：吸收,
格挡：偏转,
暴击！,
未命中,
恐慌！,
借机攻击！,
被夹击！,
掩体,
已治愈,
已抵抗,
已激励,
失去借机攻击,
已处决！,
机会主义者,
纠缠,
解除纠缠,
打断！,
发现陷阱！,
陷阱已拆卸！,
受保护地块！,
士气丧失！,
"[size=""16""][name][/size][requirement]\n[difficulty] [archetype]\n[aoo]\n生命值：[color=""orange""][hp1] / [hp2][/color]\n伤害：[color=""orange""][dmg1] - [dmg2][/color]\n\n近战伤害减免：[color=""orange""][drmelee]%[/color]\n远程伤害减免：[color=""orange""][drranged]%[/color]\n格挡几率：[color=""orange""][block]%[/color]\n\n物理抗性：[color=""orange""][physresist]%[/color]\n精神抗性：[color=""orange""][mentresist]%[/color][color=""lime""][flanked][/color][color=""red""][cover][/color]\n\n[tohitchance][size=""18""][color=""lime""][dmgtodeal1] - [dmgtodeal2][/color][/size] 预计伤害\n[size=""18""][color=""lime""][crit]%[/color][/size] 暴击率",
陷阱烧毁了！,
路障着火了！,
路障,
路障倒塌了,
绊索,
"[y] 被绊索绊倒，陷入[color=""yellow""][StatusEffectName][/color]状态",
网陷阱,
"[y] 触发了网陷阱，陷入[color=""yellow""][StatusEffectName][/color]状态",
坑陷阱,
[y] 掉入了一个坑陷阱，承受了 [z] 点伤害,
毒坑陷阱,
"[y] 掉入了一个毒坑陷阱，承受了 [z] 点伤害，并陷入[color=""yellow""][StatusEffectName][/color]状态",
油脂区,
[y] 在一滩油脂上滑倒了,
[y] 走到了一滩滑溜的油脂上，但设法站稳了脚跟,
焦油罐,
焦油泄漏,
"[y] 被焦油溅到，陷入[color=""yellow""][StatusEffectName][/color]状态",
一柄仪式长矛将在下一回合击中这个格子,
[y] 被仪式长矛击中并失去行动能力,
篝火,
"[y] 踏入了一处篝火，现在处于[color=""yellow""][StatusEffectName][/color]状态",
蜂巢,
"[y] 被愤怒的蜜蜂攻击，承受了 [z] 点伤害，并陷入[color=""yellow""][StatusEffectName][/color]状态",
蚁丘,
"[y] 惊扰了一个蚁丘，遭到[color=""yellow""][StatusEffectName][/color]攻击",
"[y] 在蚁丘被惊扰时正处于旁边，因此陷入[color=""yellow""][StatusEffectName][/color]状态",
干草堆,
荆棘丛,
[y] 进入了一片茂密的荆棘丛；逃离荆棘丛将消耗一整次移动。,
[y] 仍然被纠缠在荆棘丛中，必须消耗一整次移动来逃脱。,
脚手架,
[y] 被倒塌的脚手架砸中，承受了 [z] 点伤害。,
沼泽泥,
[y] 踏入了一片沼泽泥，额外损失了1点移动力。,
冰面,
[y] 在冰面上滑倒了。,
[y] 走到了一片滑溜的冰面上，但设法站稳了脚跟。,
光照,
篝火,
[x] 在油脂区滑倒了,
[x]踩到了一滩油渍，但勉强稳住了脚步。,
胜利条件,
消灭所有敌人：剩余 [enemies] 名敌人。,
消灭 [name]。,
在 [turns] 个回合内存活。,
让全员抵达逃脱区域。,
消灭 [name]，并阻止任何敌人抵达逃脱区域。,
阻止任何敌人抵达高亮区域。,
防止 [name] 失去行动能力。,
当前波次：[currentwave] / [totalwaves]。,
必须在 [turns] 个回合内取胜！,
窃取奥斯雷德写给唐德温的信件。,
为盟友打开大门。,
为敌人设下伏击。,
敌军将在 [turns] 个回合后抵达。,
敌方援军将在 [turns] 个回合后抵达！,
敌军将在 [turns] 个回合后开始撤退。,
基利安将在 [turns] 个回合后死亡！,
战斗结果,
胜利,
战败,
追随者生命值,
通用道具,
已装备物品,
"[olddurability] → [color=""red""][newdurability][/color]",
"[color=""orange""]获得改良！[/color]",
"[color=""red""]物品遗失！[/color]",
无新增伤势,
现有伤势,
"[color=""gray""]无现有伤势[/color]",
"[color=""red""]-[itemshift][/color]",
发动攻击前，可随时在两套武器之间自由切换。,
激活此按钮后，点击战斗中的任意角色即可查看其详细信息。若目标是盟友，还可重新调整技能配置。,
切换非致命攻击模式。角色将不再造成暴击。,
主武器组,
副武器组,
"[color=""white""]，[/color]",
"[color=""white""]无状态效果[/color]",
"[size=""16""][name][/size][requirement]\n[difficulty] [archetype]\n[aoo]\n生命值：[color=""orange""][hp1] / [hp2][/color]\n[shield]\n伤害：[color=""orange""][dmg1] - [dmg2][/color]（[color=""orange""][ap][/color] 护甲穿透）\n暴击：[color=""orange""][targetcrit]%[/color]\n\n近战伤害减免：[color=""orange""][drmelee]%[/color]\n远程伤害减免：[color=""orange""][drranged]%[/color]\n\n物理抗性：[color=""orange""][physresist]%[/color]\n精神抗性：[color=""orange""][mentresist]%[/color]\n移动：[color=""orange""][moves][/color][color=""lime""][flanked][/color][color=""red""][cover][/color]\n\n[tohitchance][size=""18""][color=""lime""][dmgtodeal1] - [dmgtodeal2][/color][/size] 预期伤害\n[size=""18""][color=""lime""][targetap][/color][/size] 护甲穿透伤害\n[size=""18""][color=""lime""][crit]%[/color][/size] 暴击几率",
"[size=""16""][name][/size][requirement]\n[difficulty] [archetype]\n[aoo]\n生命值：[color=""orange""][hp1] / [hp2][/color]\n[shield]\n伤害：[color=""orange""][dmg1] - [dmg2][/color]（[color=""orange""][targetap][/color] 护甲穿透）\n暴击：[color=""orange""][targetcrit]%[/color]\n\n近战伤害减免：[color=""orange""][drmelee]%[/color]\n远程伤害减免：[color=""orange""][drranged]%[/color]\n\n物理抗性：[color=""orange""][physresist]%[/color]\n精神抗性：[color=""orange""][mentresist]%[/color]\n移动：[color=""orange""][moves] / [movement][/color][color=""red""][flanked][/color][color=""lime""][cover][/color]",
"吸收量：[color=""orange""][ab1] / [ab2][/color]\n格挡几率：[color=""orange""][block]%[/color]\n",
获得 1 个技能点,
获得技能点,
按下 [[hotkey]] 进行分配,
[charactername] 正在跟随你,
[charactername] 不再跟随你,
[charactername] 已加入你的家臣团！,
[charactername] 已离开你的家臣团,
按下 [[hotkey]] 查看追随者,
氏族力量提升,
氏族力量下降,
氏族繁荣度提升,
氏族繁荣度下降,
家园升级 [upgradename] 已完成！,
按下 [[hotkey]] 查看家园,
[faction] 视你为 [reputation],
按下 [[hotkey]] 查看声望,
你发现了一个新势力：[faction],
新任务：[questname],
任务 [questname] 已更新,
按下 [[hotkey]] 追踪此任务,
任务 [questname] 已完成,
按下 [[hotkey]] 查看目标,
[areaname] 已在地图上揭示,
抵达路径点以打开战役地图,
玩家消息日志,
[y] 诱发了 [x] 的借机攻击。,
[y] 格挡了 [x] 的攻击，其盾牌承受了 [z] 点伤害。,
[y] 格挡了 [x] 的攻击，将所有伤害尽数偏转。,
[x] 对 [y] 造成了一次暴击，造成 [z] 点伤害。,
[x] 攻击了 [y]，造成 [z] 点伤害。,
[y] 闪过了 [x] 的攻击。,
[y] 丧失了行动能力。,
[y] 被杀死了！,
"[y] 因 [color=""yellow""][StatusEffectName][/color] 状态效果，受到了 [z] 点伤害。",
[x] 的 [location] 遭受了 [injury]。,
[x] 为敌人准备了一个陷阱。,
[x] 已分崩离析，[y] 丢失了该物品！,
[x] 已分崩离析，你的队伍丢失了该物品！,
你拆解了 [x]，获得了 [y] [z]。,
你获得了一个 [x]。,
你失去了一个 [x]。,
你收到了 [item]。,
你失去了 [item]。,
你获得了 [x] [y]。,
你失去了 [x] [y]。,
你获得了 [x] [y]。,
你失去了 [x] [y]。,
[name] 的升级已经完成！,
你村庄的 [x] 提升至 [y]。,
"你所有的追随者都 [color=""lime""]获得[/color] 了士气！",
"你的 [color=""yellow""][x][/color] 追随者们 [color=""lime""]获得[/color] 了士气！",
"[x] [color=""lime""]获得[/color] 了士气！",
"你所有的追随者都 [color=""red""]失去[/color] 了士气！",
"你的 [color=""yellow""][x][/color] 追随者们 [color=""red""]失去[/color] 了士气！",
"[x] [color=""red""]失去[/color] 了士气！",
[x] 变得 [y]。,
[x] 不再是 [y]。,
战斗中无法保存。,
此时无法保存。,
"[caster] 使用了 [color=""orange""][ability][/color]。",
"[caster] 对 [target] 使用了 [color=""orange""][ability][/color]。",
"[caster] 对 [target] 使用了 [color=""orange""][ability][/color]，并造成 [dmg] 点伤害。",
[name] 重新站了起来。,
[name] 触发了一个陷阱，遭受了 [injury] 伤害。,
叛变,
惊骇,
惊骇,
不满,
不满,
不满,
犹豫,
犹豫,
犹豫,
冷漠,
冷漠,
冷漠,
满意,
满意,
满意,
忠诚,
忠诚,
忠诚,
忠诚,
忠诚,
不屈,
英勇,
游戏结束,
你的萨加传奇过早落幕。往后你应更加警觉才是。,
新目标,
目标已更新,
目标已完成,
目标失败,
新任务,
任务完成,
任务失败,
你发现了一座石冢。,
你在 [x] 中的声望提升了 [y] 点。,
你在 [x] 中的声望降低了 [y] 点。,
[x] 获得了 [y] 点技能点。,
每名侍卫都获得了 [y] 点技能点。,
"[x]， [y]。 [z] - [color=""orange""][u][/color]",
[x] [y],
已关闭,
进行中,
追踪中,
"[color=""orange""] ([x]/[y])[/color]",
"[color=""lightblue""](可选)[/color] [x]",
按“[keybinding]”即可追踪此任务,
追踪此任务。探索时及区域地图上均会显示其目标。,
通用,
族人,
耶灵,
里伯,
北方人,
诺森布里亚,
麦西亚,
皮克特人,
盖尔人,
亡命徒,
辱骂,
憎恨,
厌恶,
怀疑,
中立,
容忍,
尊敬,
爱戴,
崇拜,
丹麦,
不列颠,
北海,
斯凯恩,
你的家园，一个坐落在海湾岸边的小村落。,
斯凯恩森林,
环绕你家园的森林。,
埃林的农场,
厄林格·索尔吉斯尔松及其家人的家园。,
斯凯恩,
你的家园，一个坐落在海湾岸边的小村落。,
里伯,
雅尔拉格希尔德之座，丹麦人的都城。,
沼泽,
里伯附近的沼泽地，往来萨克森的旅人多经此地。,
斯克宁厄,
菲英岛乡野，藏有一座古老的甬道墓穴。,
阿尔庭,
耶灵,
森林营地,
密林空地营地,
沼泽营地,
泽中丘地营地,
平原营地,
原上丘地营地,
蜿蜒之路,
海滩村庄（斯卡伯勒）,
临近修道院的田园海滩村落。,
埃奥福维克（约克）,
诺森布里亚首府。,
埃奥福维克（约克）地牢,
约克城下的地牢。,
英吉尔森林,
哈德良长城正南方的一片密林。,
莱加塞斯特（切斯特）,
罗马人定居点的废墟。,
哈德良长城,
古老罗马长城上的一座里堡。,
林迪斯法恩,
孤悬海外的宏伟富庶大修道院。,
平原,
诺森布里亚北部绵延起伏的青翠原野。,
沼泽,
诺森布里亚与麦西亚边界附近的蛮荒湿地。,
珀斯,
皮克塔维亚首府，于泰河之巅居高临下。,
邓弗里斯,
哈德良长城以北的一座小村。,
海祭坛,
皮克塔维亚海岸边一处古老的凯尔特祭祀遗址。,
麦克唐纳农场,
洛蒙德湖畔的一座小农场。,
峡谷,
皮克塔维亚低地中草木葱茏的峡谷。,
唐科斯家园,
盖尔国王的富庶庄园。,
掠夺者营地,
维京掠夺者在达尔里阿达海岸扎下了营盘。,
路边营地,
一群盎格鲁-撒克逊战士在乡间道路旁扎营。,
山中洞穴,
皮克特高地中的一处大洞穴。,
阿瓦隆,
传说中一位伟大英雄长眠的传奇岛屿。,
芬尼安礼拜堂,
为朝圣者修建的一处避风港小礼拜堂。,
圣威尔弗里德教堂,
一座地处要冲、财力雄厚的教堂。,
阿伯莱姆诺教堂,
一座宏大而富有的石砌教堂。,
林中空地,
针叶林深处的小片空地。,
渔村,
一座小渔村。开放贸易。易受攻击。,
水淹洞穴,
海边悬崖底下极为隐蔽的洞穴。,
乡间道路,
高地道路,
森林伏击,
泽地伏击,
山地伏击,
乡间伏击,
道路伏击,
森林营地,
平原树下营地,
平原山丘营地,
沼泽营地,
废弃农舍营地,
山地高原营地,
路边营地,
森林营地,
奥克尼群岛,
\n位于不列颠与挪威之间那些荒芜岛屿上的北欧定居点。,
赫尔海姆,
利兹斯基亚尔夫,
诸神黄昏,
丹麦地图,
不列颠地图,
北海地图,
"[color=""silver""][x][/color]",
"[size=""16""]日出[/size]",
"[size=""16""]日落[/size]",
"[size=""16""]疲惫角色[/size]\n\n[fatiguedcharacters]",
"\n\n[size=""12""][color=""silver""]急需：[/color] [color=""red""][x][/color]\n[color=""silver""]充裕：[/color] [color=""orange""][y][/color][/size]",
"\n\n[size=""12""][i][color=""silver""]旅途时间：[/color] [x][/i][/size]",
"[size=""16""][name][/size]\n[description][time]",
"[size=""16""][name][occupied][/size][stats][time]",
\n[x] 食物，[y] 庇护所，[z] 安保,
"[size=""16""][name][/size][time]",
你发现了一处新地点！,
"\n[color=""red""]已占用[/color]",
+ [nr] [item],
任务标记,
贸易,
你的角色,
追随者,
石堆标,
营地,
已侦察区域,
修道院,
未知,
平原,
进入区域,
正在进入新区域,
你确定要离开战役地图并进入[x]吗？,
营地已被占用,
此营地已被他人占用。你想要发动攻击并尝试将其夺下吗？,
图例,
本地区域,
活跃任务,
石堆标,
营地,
敌人,
修道院,
玩家,
任务,
图例,
城镇,
贸易站,
未发现,
村庄,
兴趣点,
移动点,
罗盘为你指示地图上的基本方向。,
水域,
森林,
平原,
沼泽,
桥,
道路,
山地,
越野,
"[x] [color=""silver""]侍卫[/color]",
"[x] [color=""silver""]疲惫[/color]",
"[x] [color=""silver""]受伤[/color]",
"[i][x][/i] [color=""silver""]([y])[/color]",
"[x] [color=""silver""]饥饿[/color]",
"[x] [color=""silver""]极度饥饿[/color]",
你的侍卫队,
战役地图,
北,
N,
西,
W,
东,
E,
南,
S,
确认,
好的,
取消,
是,
否,
关闭,
解散,
继续,
你,
接受,
等级,
班次,
班次,
购买,
版本,
继续。,
结束对话。,
打开贸易。,
选择侍卫,
已选[x]。最多允许[y]。,
谁该跟随你？,
"[color=""grey""]缺席[/color]",
队伍选择,
新建,
点击添加一名侍卫,
解散这名侍卫，空出栏位给他人。,
选择现有成员,
选择现有侍卫,
谁该加入你的远征？,
已锁定,
退出队伍选择？,
你对队伍所做的任何更改都将被撤销，但你创建的所有雇佣兵将被保存。,
你对队伍所做的任何更改都将被撤销。,
接受当前队伍？,
你可以稍后返回这里招募更多的人，如果需要的话。,
此后你将无法管理你的队伍，请务必在继续之前对选择满意。,
"[color=""brown""][name]已阵亡[/color]",
"[name]因\n[color=""brown""][severity] [injury type][/color]而倒下",
[x][y][z],
[x][z],
[x],
[x][y],
[x][y],
[y] [x],
之子,
之女,
之子,
之女,
之子,
之女,
好斗,
平和,
狡猾,
荣耀,
自负,
豁达,
迷信,
多疑,
贪婪,
利他,
独立,
合作,
悲观,
乐观,
药草,
药草,
兽皮,
兽皮,
肉,
肉,
药品,
药品,
口粮,
口粮,
回收物,
回收物,
贵重品,
贵重品,
木材,
木材,
奴仆,
奴仆,
在探索中发现。可以使用巫术技能转化为药品。,
一种有价值的贸易资源。可用于锻造。,
扎营时通过狩猎获得。易腐资源，可用来喂食你的部众，或是腌制成口粮长久保存。,
扎营时，可用以施展治疗技能来料理伤势。,
可用来喂饱你的部众。跟鲜肉不同，口粮不会腐坏。,
用于锻造武器与护甲。可通过拆解物品栏里用不上的装备来回收获得。,
你手头主要的贸易资源。能通过探索、完成任务或是跑商获得。,
用来打造设施，升级你的村落。,
一种贵重的硬通货，砸下去能让你家宅里的升级活儿瞬间完成。,
小时,
小时,
膀胱,
布料,
软木塞,
提取物,
油脂,
蜂蜜,
铁,
毒药,
木杆,
陶罐,
粉末,
绳索,
细绳,
焦油,
小瓶,
动物的膀胱，天生就是存水的皮袋子。,
碎布头用途五花八门，既能拼成花哨的装饰，也能沾上油脂当引火棒。,
从橡树上剥下来的软木塞，专门用来堵住容器口，免得里头液体漏光。,
稀罕的提取物，专门用来捣鼓那些既古怪又危险的玩意儿。,
要是啥东西卡住不动弹，别废话，厚厚抹上一把油脂准没错。,
蜜蜂把花蜜酿成蜂蜜，人类把蜂蜜酿成蜜酒。瞧见没？这就是咱们能称霸地面的原因。,
铁的用途多得是，但对你这种人嘛，最讨喜的当然是它那锋利、能扎穿皮肉的狠劲儿。,
采自地上最招人嫌的毒花毒草，这玩意儿唯一的用处，就是让旁人的肠子悔青、日子难过。,
木杆看着不起眼，但用起来真叫一个顺手，尤其是拿来做陷阱的骨架。,
陶罐用来存汤水还凑合，但脆得很，往地上一摔，立马碎成一地渣。,
粉末是调配那些战斗前磕的猛药的基本底料，磕完上了场能让你多几分活头。,
绳索能干的事儿海了去了。头一桩，就是给你的仇家布下天罗地网的绊脚索。,
细绳大多拿来缝衣裳，但在摆弄那些嘎嘣作响的精细机关时，也是缺它不可。,
饱浸松脂的焦油，既是防腐护木的绝好涂料，也是海上行船堵缝的封胶。当然，拿来烧也是旺得不行。,
小瓶可比陶罐结实得多，拿来装那一点点金贵的液体，再放心不过。,
"[size=""16""][ResourceName][/size]\n[ResourceDescription]",
"[size=""16""][ResourceName][/size]\n[ResourceDescription]",
"[size=""16""][ResourceName][/size]\n[ResourceDescription]",
"[size=""16""][ResourceName][/size]\n[ResourceDescription]",
"[size=""16""][ResourceName][/size]\n[ResourceDescription]",
"[size=""16""][ResourceName][/size]\n[ResourceDescription]",
"[size=""16""][ResourceName][/size]\n[ResourceDescription]",
"[size=""16""][ResourceName][/size]\n[ResourceDescription]",
"[size=""16""][ResourceName][/size]\n[ResourceDescription]",
"[size=""16""][ResourceName][/size]\n[ResourceDescription]",
"[size=""16""][ResourceName][/size]\n[ResourceDescription]",
"[size=""16""][ResourceName][/size]\n[ResourceDescription]",
"[size=""16""][ResourceName][/size]\n[ResourceDescription]",
"[size=""16""][ResourceName][/size]\n[ResourceDescription]",
"[size=""16""][ResourceName][/size]\n[ResourceDescription]",
"[size=""16""][ResourceName][/size]\n[ResourceDescription]",
"[size=""16""][ResourceName][/size]\n[ResourceDescription]",
"[size=""16""][ResourceName][/size]\n[ResourceDescription]",
"[size=""16""][ResourceName][/size]\n[ResourceDescription]",
"[size=""16""][ResourceName][/size]\n[ResourceDescription]",
"[size=""16""][ResourceName][/size]\n[ResourceDescription]",
"[size=""16""][ResourceName][/size]\n[ResourceDescription]",
"[size=""16""][ResourceName][/size]\n[ResourceDescription]",
你收割了[y]，拢共到手[x]份药草。,
你扒下了一张[y]，赚到手[x]张兽皮。,
你摸到了[y]，这玩意儿能顶[x]份贵重品。,
芬努尔,
毛地黄,
罂粟,
洋甘菊,
熊皮,
狼皮,
一枚不起眼的小饰品,
零碎几件小饰品,
几颗散碎小饰品，外带叮当几枚钱币,
实打实一小把钱币，再饶上几件小饰品,
钱币哗啦啦淌了一地，小饰品数都数不过来,
家宅,
武力,
繁荣度,
"[size=""16""]武力[/size]\n衡量你手头兵将踏出自家地盘后，究竟有几斤几两的本事。",
"[size=""16""]繁荣度[/size]\n衡量你在自家坑头有多受拥戴，在外头那群酋长跟前腰杆有多硬。",
天,
天,
周,
周,
小时,
小时,
[x] [y],
"[x] [y], [x1] [y1]",
"[x] [y], [x1] [y1], [x2] [y2]",
玛尼日,
提尔日,
奥丁日,
索尔日,
弗蕾雅日,
沐浴日,
太阳日,
一月,
二月,
三月,
四月,
五月,
六月,
七月,
八月,
九月,
十月,
十一月,
十二月,
日,
日,
日,
日,
[year]年，[month]月[daynumber]日，[day],
类型,
全部清除,
自动分配,
手动食物分配,
自动分配新肉,
谁先吃？,
守卫,
狩猎,
侦察,
腌制,
巫术,
清洁,
扎营,
离开营地,
分配给所有人,
[X]选单,
身子骨最硬朗的,
最虚弱不堪的,
最能打的尖刀,
战五渣的累赘,
忠心耿耿的,
脑后长反骨的,
"[color=""grey""]等级 [x][/color]",
"[color=""#555555""]没有等级[/color]",
"[color=""#553333""]需要达到等级 1[/color]",
露营成果,
在此营地狩猎时，食物储备预计减少的概率范围。,
你下次在此扎营前，该营地食物随时间自然增长的量。,
[c] 失去了 [x] 状态效果。,
[name] ([injury])\n[oldseverity] → [newseverity],
[x] [resource],
"你的扈从队消耗了 [color=""red""][x] [resource][/color]。",
"在 [color=""yellow""][shift] 班次[/color] 中，[name] 利用剩肉烹饪，产出了 [color=""lime""][x] [resource][/color]。",
"在 [color=""yellow""][shift] 班次[/color] 中，[name] 外出打猎，带回了 [color=""lime""][x] 块肉[/color]。",
"在 [color=""yellow""][shift] 班次[/color] 中，[name] 将你的肉类腌制保存，制成了 [color=""lime""][x] [resource][/color]。",
"在 [color=""yellow""][shift] 班次[/color] 中，[name] 用药草调配了 [color=""lime""][x] 份药物[/color]。",
"在 [color=""yellow""][shift] 班次[/color] 中，[name] 使用了 [color=""red""][x] 份药物[/color] 治疗一处伤口。",
"在 [color=""yellow""][shift] 班次[/color] 中，营地疏于戒备，[color=""red""][x] [resource][/color] 不翼而飞。",
"在 [color=""yellow""][shift] 班次[/color] 中，[name] 消耗了 [color=""red""][x] [resource][/color] 修理装备。",
"在 [color=""yellow""][shift] 班次[/color] 中，[name] 消耗了 [color=""red""][x] [resource][/color] 打造装备。",
"在 [color=""yellow""][shift] 班次[/color] 中，[name] 消耗了 [color=""red""][x] [resource][/color] 制作战斗物品。",
"你的扈从队没能及时吃掉或把 [color=""red""][x] 块肉[/color] 腌成口粮，它们腐坏了。",
[hungry] [statuseffects] [scouting],
你的侍卫中有 [notfed] 人尚未进食。,
你所有的侍卫都已用过餐。,
你的侍卫中有 [affected] 人陷入了 [statuseffect] 状态。,
你的斥候在附近发现了有趣的东西。,
[x] 饿了。,
[x] 已经饿得发慌。,
[x] 吃了东西，不再饥饿。,
[x] 填饱了肚子，总算不再挨饿。,
"[size=""24""][color=""yellow""]第 [x] 班次[/color][/size]",
[X] 打猎归来，带回了 [Z] 块 [A]！,
[X] 打猎归来，带回了 [Z] 块 [A]！,
[X] 打猎空手而归，没带回一块 [A]。,
[X] 结束守卫，营地安然无恙。,
[X] 结束守卫，营地安然无恙。,
[X] 没能守住营地，你发现 [Z] [Y] 被盗。,
[X] 没能守住营地，你发现 [Z] [Y] 被盗。,
营地无人看守，[Z] [Y] 被盗走。,
营地防守失利，好在入侵者没捞着任何油水。,
[X] 有所发现，带回了好东西。,
[X] 有所发现，带回了好东西。,
[X] 一无所获。,
[X] 一无所获。,
[X] 将 [Z] [A] 碾碎，加工成了 [Y] [B]。,
[X] 将 [Z] [A] 碾碎，加工成了 [Y] [B]。,
[X] 打造了一件崭新的 [Y]。,
[X] 修复了 [Y] [item]。,
[X] 鼓捣出一件新的 [Y]。,
[X] 花费 [Z] 份药物，改善了 [Y] 的伤势。,
[X] 把所有人的食物凑在一起，做了一锅大锅饭。,
[X] 烹饪了一顿美味大餐，填饱了所有人的肚子。众人受到感召：[W]。,
[X] 做了顿扎实的饱饭，剩下的刚好做成口粮。你获得了 [Y] [Z]。,
[X] 烹饪了完美的一餐。所有人都感到 [W]，剩下的食物还做成了 [Y] [Z]。,
[X] 做的饭难以下咽，所有人都 [W]。,
你的远征队消耗了 [Y] [Z]。,
整个班次，[X] 都在给大伙收拾残局、打扫卫生。,
花了三小时给所有人收拾烂摊子，[X] 心情糟透了，士气 -1。,
[X] 用盐腌好并包裹住 [Z] 块 [A]，将它们制成了 [Y] [B]。,
[X] 用盐腌好并包裹住 [Z] 块 [A]，将它制成了 [Y] [B]。,
[X] 酣睡了整整 8 个小时，起身时精力充沛。,
[X] 只睡了 4 个钟头就被打断，醒来时一脸倦容。,
[X] 一夜没睡踏实，陷入了疲乏。,
1st,
2nd,
3rd,
4th,
姓名,
士气,
生命,
守卫,
分配食物,
（升序）,
（降序）,
"安全  
衡量营地的安全程度，让营地更难遭到攻击与偷窃。在最后一个班次安排人手进行清扫，可以防止安全度恶化。",
非常低,
低,
中,
高,
非常高,
"庇护所  
衡量营地受自然元素侵袭的程度，以及获取扎营必需资源的难易度。数值越高，越容易获得“精力充沛”状态。",
非常差,
差,
普通,
良好,
非常好,
"食物  
衡量区域内猎物的多寡。猎物越多，你的猎人能带回营地的肉就越多。",
非常多,
多,
中,
少,
非常少,
营地,
"地形类型  
决定守卫和狩猎的难度以及庇护所的质量，同时也会影响猎人能带回的肉量。",
休息,
守卫,
狩猎,
侦察,
烹饪,
腌制,
制造,
修理,
修补,
治疗,
巫术,
打扫,
守卫 %,
当前选定的营地任务尚未实装。,
剩余的班次不足。,
该任务不允许在本班次执行。,
该任务已被指派。,
受伤的角色无法执行此任务。,
该角色在本班次正接受治疗，需要休息。,
你没有足够的药草来制成药品。,
该角色不具备所需技能。,
这项任务要求本营地至少有一人在此班次进食。,
你队伍中没有损坏的物品。,
你没有足够的肉来加工成口粮。,
这项任务需要一名受伤的扈从。,
领主不应该去打扫营地。,
[taskID],
"[color=""#[c]""][taskID][/color]",
[shift] [taskID] ([amount] [shift]),
"\n\n[color=""#[c]""][error][/color]",
[x],
[x],
[x],
[x] [y],
提醒,
"[color=""orange""][name][/color] 没有分配食物",
"[color=""yellow""][x] 名扈从[/color] 没有分配食物",
"本次扎营将有 [color=""orange""][x][/color] 份肉腐坏",
"[color=""orange""][name][/color] 仍有可用班次",
"[color=""yellow""][x] 名扈从[/color] 仍有可用班次",
"[color=""orange""][name][/color] 被分配的任务毫无成效",
"[color=""yellow""][x] 名扈从[/color] 被分配的任务毫无成效",
无人被分配打扫营地,
"[color=""orange""][name][/color] 有伤势未处理",
"[color=""orange""][name][/color] 无法获得充分休息",
"[color=""yellow""][x] 名扈从[/color] 无法获得充分休息",
"[color=""grey""]没有需要留意的状况[/color]",
[x]/[y],
"[color=""red""][x]/[y][/color]",
你父亲最后一次远征，航向不列颠群岛。归来的船员不足半数。,
战斗中要留心借机攻击。离开敌人相邻的格子，会让他对你发动一次免费攻击。,
战斗中，你可以按键盘上的数字键来启用或关闭技能。,
对话时务必谨慎选择，许多选项都会影响你的声望。,
扈从的士气会影响他们的物理和精神抗性，所以尽量让每个人都心情愉快。,
扈从在战斗中失去行动能力后，倒地越久，越容易落下伤势。,
伤势虽不会让扈从无法行动，却会让他们在战斗内外都遭受惩罚。,
游戏时若找不到你的角色，按下 F 键即可将镜头居中到他身上。,
扈从是一路跟随你、并肩作战的所有人。侍卫则是那些与你尤为亲近、值得信赖的精锐战士。,
装备在战斗中有可能损坏，扎营时需要修理。,
侧翼伤害加成完全无视目标的伤害减免，因此侧翼攻击对装甲敌人特别有效。,
每个角色能携带两套物品，并在攻击前自由切换。这对弓箭手来说尤为重要。,
旅行耗费时间，而时间是一种终究会耗尽的资源。请仔细规划你的行程。,
营地会在两次到访间保留下来。好好维护你的营地——日后或许还要仰仗它。,
商人的库存每周会随新货抵达而刷新。,
留心寻找石冢。每发现一处，你都会获得 1 点技能点。,
基督教扩张的威胁，正从南方的法兰克王国一步步逼近丹麦。,
无论想少点挑战还是多点磨难，你随时都可以更改难度。,
斯堪的纳维亚的异教部落与不列颠群岛的基督教王国之间，此前少有往来……直到如今。,
“莱当征募制”（征召）军队每 4 年可动员一次。每个“船区”（征兵分区）都必须为征召提供一艘船及相应船员。,
摸清你扈从的长处和短板。一个感知能力很差的角色注定是个蹩脚的弓箭手。治疗师如果感知低下，便形同虚设。,
北欧日耳曼异教信仰中的男性宗教领袖称为“祭司”。对应的女性头衔是“女祭司”。,
左手物品栏位留空时，你将获得 3% 的暴击率加成。,
维京长船以吃水浅著称，这让它们速度极快，既能沿河航行，也能直接冲上海滩登陆。,
基督教由罗马人带入不列颠，却毁于撒克逊人的入侵。直到公元600年左右，格里高利传教团才让基督教重归此地。,
敌人会阻挡远程攻击的视线，而你的队员之间则不会互相遮挡。,
100份珍贵物品，相当于10厄尔图格银币或5枚盎格鲁-撒克逊便士。,
双手武器拥有攻击距离优势，能让你在接敌时不被对方的借机攻击缠住。,
在古诺斯语中，“viking”一词既指远征本身，也指参与远征的人。所以某种意义上，这个游戏可以叫《远征：远征》。,
雅尔的权势仅次于国王，可代行王权。塞恩则是地方酋长，通常还掌管着一艘战船。,
盾女是那些选择像战士一样去战斗的女性。尽管有此名号，她们未必真的手持盾牌。,
普通远程攻击会施加“被骚扰”效果，令目标的伤害减免降低一个回合。技能则不会对敌人造成骚扰。,
当回合结束时，仍留有攻击行动（红环）的角色将进入“稳固”状态，能保护他们免于被弓箭手骚扰。,
战斗中，你可以按F1至F12键来选择你的追随者。,
日德兰的塞恩们将在秋分——9月19日——于阿尔庭与西古尔德·赫林王会面。你务必在此前达成目标。,
区域地图,
物品栏,
选项菜单,
家园,
任务日志,
典籍,
角色与技能菜单,
休息能驱散疲劳。,
守卫有助于保护营地免遭袭击或偷窃。,
狩猎能为你的远征增添鲜肉。,
侦察有机率在营地附近的战役地图上发现资源。,
烹饪有几率为你战士们施加增益。,
腌制决定了将多少鲜肉制成口粮的比例。,
锻造能让追随者打造战斗用的武器和护甲。,
修理损坏的物品。,
治疗用来照料受伤的追随者。,
巫术决定了将多少药草制成药品的比例。,
修补能让追随者制作战斗用的小物件。,
清洁能维持营地的隐秘安全，防止其安全度在使用中降低。,
营地免遭攻击或偷窃的概率。,
猎人带回来的肉量，大致相当于狩猎技能等级的2倍。,
在营地附近战役地图上发现资源的几率。,
从可用的肉类总量中，设定要制成口粮的数量。,
从可用的药草总量中，设定要制成药品的数量。,
选择下一个筛选器来显示追随者。,
选择上一个筛选器来显示追随者。,
清除所有追随者的当前任务，全部重置为休息。,
根据你的需求和他们的技能，自动为所有追随者分配任务。但不会自动分配锻造、修补、修理或治疗任务。,
不为任何追随者分配食物。,
将所有鲜肉分配给追随者，之后改用口粮。,
为所有追随者分配一份口粮，直至耗尽。,
自动将上次扎营时获得的鲜肉分配给追随者，以减少口粮消耗。,
决定进食的优先顺序。新的鲜肉会优先分给排在前面的人，然后是口粮，依次分配，直至供应耗尽。,
将选定的食物分配给所有追随者。,
最健康的追随者先吃，确保精兵强将们能获得饱食状态。,
最虚弱的追随者先吃，向亟需之人施以仁慈。,
最强的战士先吃，依据是他们在战斗技能上投入的技能点多寡。,
最弱的战士先吃，依据是他们在战斗技能上投入的技能点多寡。,
最忠诚的人先吃，你能将后背托付给他们，他们也就能把性命托付给你。,
最不忠诚的人先吃，因为你要拉拢那些可能背叛你的人。,
要离开营地吗？,
离开营地,
显示该角色被分配的食物。,
伤害,
护甲穿透伤害,
暴击伤害倍率,
武器攻击范围,
伤害减免,
近战伤害减免,
远程伤害减免,
吸收量,
格挡几率,
纪律,
物理抗性,
精神抗性,
精准度,
移动力,
火焰抗性,
毒素抗性,
天气抗性,
物品,
头部,
颈部,
躯干,
右手主武器,
右手副武器,
左手主武器,
左手副武器,
物品1,
物品2,
物品3,
头盔能提升你的伤害减免与物理抗性，但根据其品级，也会对最大精准度造成相应惩罚。,
护身符及其他迷信饰品，提供的加成千奇百怪。,
护甲是决定角色伤害减免高低的主要因素。,
左右手武器栏位可以组合搭配：单手武器加盾牌，单手武器配斧头或小刀，或只装备一把双手武器。如果你左手为空，角色的暴击率将获得小幅提升。,
发起攻击前，你可以在战斗中随意切换主、副武器组。一旦攻击，本回合剩余时间内将无法再切换武器。,
所有可制造的战斗物品，例如陷阱、消耗品或投掷物。,
按类型筛选。,
显示所有物品。,
仅显示武器。,
仅显示护甲。,
仅显示任务物品。,
仅显示护符。,
仅显示可制造的战斗物品。,
使用次级筛选条件为所选标签排序。,
排序方式,
下一个角色,
上一个角色,
在两组武器之间切换。物品对比将只跟当前活跃的武器组（顶部）进行。,
拆解,
拆解会永久摧毁该物品，以换取资源。确定要拆解这件物品吗？,
拆解此物品，返还的资源数量取决于制造它时消耗的资源，以及你的修理技能。,
\n[x],
[x],
[x],
"\n伤害：[color=""orange""][x][/color][compfx] - [color=""orange""][y][/color][compfy]",
"\n护甲穿透：[color=""orange""][x][/color][compf]",
"\n暴击：[color=""orange""][x]x[/color][compx]",
"\n射程：[color=""orange""][x][/color][compf]",
"\n近战伤害减免：[color=""orange""][x]%[/color][compp]",
"\n远程伤害减免：[color=""orange""][x]%[/color][compp]",
"\n移动调整：[color=""orange""][x][/color][compf]",
"\n物理抗性：[color=""orange""][x]%[/color][compp]",
"\n精神抗性：[color=""orange""][x]%[/color][compp]",
"\n精准惩罚：[color=""orange""][x]%[/color][compp]",
"\n格挡几率：[color=""orange""][x]%[/color][compp]",
"\n吸收量：[color=""orange""][x][/color][compf]",
"\n火焰抗性：[color=""orange""][x]%[/color][compp]",
"\n毒素抗性：[color=""orange""][x]%[/color][compp]",
"\n天气抗性：[color=""orange""][x]%[/color][compp]",
"\n[color=""grey""][x]/[y] 耐久度[/color]",
"\n[color=""red""][x]/[y] 耐久度[/color]",
\n\n[x],
\n\n[x],
"[color=""grey""]([z]x)[/color]",
"[color=""grey""]([z])[/color]",
"[color=""grey""]([z]%)[/color]",
"[color=""lime""]+[x][/color]",
"[color=""red""][x][/color]",
"[color=""grey""]0[/color]",
"[size=""16""][name][/size]\n[color=""grey""][class][/color]\n[durability][description][specialpropdesc][schematicdesc]\n[damage][ap][crit][drmelee][drranged][absorption][block][physicalresistance][mentalresistance][movement][accuracypenalty][fireres][poisonres][weatherres][specialpropeffect][schematiceffect]",
耐久度,
总回收物,
名称,
最新,
最旧,
按剩余耐久度排序，低耐久度优先,
按总回收物价值排序,
按名称排序，A-Z,
按物品获得时间排序，最新优先,
按物品获得时间排序，最旧优先,
[v],
"[color=""orange""][v1] - [v2][/color]",
"[color=""orange""][v]%[/color]",
"[color=""orange""][v]%[/color]",
"[color=""orange""][v]%[/color]",
"[color=""orange""][v]%[/color]",
"[color=""orange""][v]%[/color]",
"[color=""orange""][v1]/[v2][/color]",
[v],
"[color=""white""][v1] ([v2])[/color]",
"[color=""orange""][v][/color]",
"[color=""orange""][v][/color]",
"[color=""yellow""][v][/color]",
"[color=""orange""][v][/color]",
"[color=""red""][v][/color]",
"[color=""lime""]+[v][/color]",
"[color=""orange""][v]%[/color]",
"[color=""orange""][v]%[/color]",
[v],
"[color=""yellow""][v][/color]",
"[color=""orange""][v][/color]",
"[color=""red""][v][/color]",
"[color=""lime""][v][/color]",
[v1] - [v2],
[v]x,
1,
2,
远程,
"[color=""lime""][v][/color]",
"[color=""red""][v][/color]",
[v],
[v]%,
[v]%,
[v],
消耗品,
投掷物,
陷阱,
不允许,
若追随者不属于你的侍卫队，你无权更改其物品栏。,
[x],
[x1]\n[x2],
"全部拾取 [color=""silver""]<[x]>[/color]",
空,
尝试偷窃,
"此物属于附近某人。\n行窃被抓会败坏你的名声。\n[size=""18""][color=""orange""]灵巧：[difficulty][/color][/size]",
偷窃,
偷窃被抓！,
护甲架,
武器架,
大箱子,
小箱子,
板条箱,
尸体,
小型储物点,
大型储物点,
垃圾堆,
桶,
篮子,
袋子,
护甲架,
武器架,
书架,
大箱子,
小箱子,
板条箱,
小型储物点,
大型储物点,
垃圾堆,
桶,
篮子,
松动的石块,
袋子,
空的通用道具栏位,
"[size=""16""][ItemName][/size][action]\n[size=""12""][color=""grey""][ItemType][/color][/size][requirement]\n[ItemDescription]",
"\n[color=""red""][size=""12""][i][x][/i][/size][/color].",
着陆点被阻挡,
你与目标之间没有清晰的视线,
目标超出了通用道具的射程,
被其他物体占据,
无法放置在已占据的格子上,
无法放置于自身,
目标不在战斗区域内,
该角色未疲劳,
无法放置在不可行走的格子上,
伤势,
伤员,
治疗加成,
展示该技能的等级，以及治疗伤势时费用的折扣。,
-[x]%,
费用,
恶化风险,
自动分配伤员,
+[x] 伤势,
[amount],
[amount] [resource],
"[color=""grey""]伤势已分配给[/color] [color=""orange""][doctorname][/color]",
无人可治,
所有伤势均已分配。,
耐力,
感知,
灵巧,
力量,
移动,
士气,
察觉,
医术,
费用,
[c] 的伤势恶化为 [x],
[c] 的伤势恶化，致其死亡,
健康,
轻度,
中度,
重度,
严重,
致命,
致残,
"[color=""brown""]死亡[/color]",
烧伤,
撕裂伤,
感染,
穿刺伤,
骨折,
创伤,
头部,
眼部,
胸部,
手臂,
腹部,
腹股沟,
腿部,
表面,
内部,
[injuryseverity] [injurytype],
轻度伤势相对无害，惩罚更轻，治疗费用也大幅降低。,
"中度伤势无惩罚修正，治疗费用稍低，但恶化风险增加 [color=""#ff0000""]+5%[/color]。",
"重度伤势惩罚稍高，费用无减免，恶化风险增加 [color=""#ff0000""]+15%[/color]。",
"严重伤势惩罚显著提高，治疗费用及恶化风险均增加 [color=""#ff0000""]+30%[/color]。",
"致命/致残伤势距永久性后果仅一步之遥，惩罚与治疗费用陡增，恶化风险更是高达惊人的 [color=""#ff0000""]+50%[/color]。",
若伤情至此仍未治疗，你就必须承担后果——多数情况下是死亡，或永久致残。,
此伤势在本班次中已分配给 [X]。,
此伤势在其他班次中已分配给 [X]。,
"[color=""red""][i]此伤势在本班次中已分配给 [X]。[/i][/color]",
"[color=""red""][i]药物不足，无法治疗此伤势。[/i][/color]",
"[color=""red""][i]此伤势已在本营地内安排完全治愈。[/i][/color]",
技能,
武器,
战斗,
被动,
非战斗,
技能点,
不适用,
属性点,
下一步,
升级,
不在队伍中,
"[color=""orange""][x] 技能点[/color] 升级",
"[color=""grey""][x] 技能点[/color]",
"[color=""grey""]已达上限[/color]",
降级,
"[size=""12""][i][color=""red""]此技能需要 [x] 等级 [y]。[/color][/i][/size]\n",
"[size=""12""][i][color=""red""]此技能需要 [x] [y]。[/color][/i][/size]\n",
"[size=""12""][i][color=""red""]此技能需要其他民族。[/color][/i][/size]\n",
"升级花费：[color=""orange""][x][/color]",
"([color=""silver""]攻击行动[/color])",
"([color=""silver""]自由行动[/color])",
"([color=""silver""]全回合行动[/color])",
"([color=""silver""]半移动行动[/color])",
"([color=""silver""]全移动行动[/color])",
无冷却时间,
[x] 回合冷却,
"[size=""16""]武器技能[/size]\n武器技能决定了你使用特定武器的熟练程度，随着精进，将解锁数项能力。",
"[size=""16""]进攻技能[/size]\n进攻技能提供在战斗中使用的额外能力，不绑定任何特定武器。",
"[size=""16""]辅助技能[/size]\n辅助技能可帮助盟友、阻碍敌人，或在不造成直接伤害的情况下提供战术优势。",
"[size=""16""]通用技能[/size]\n通用技能有助于维持队伍的装备、心情与饱食状态，并使全队整体受益。",
"[size=""16""]被动技能[/size]\n被动技能提供微小但永久的属性加成，或在特定条件下赋予额外优势。",
按指定价格购入此技能的下一个等级。,
将此技能降级至上一等级，并取回你的技能点。,
角色创建,
主要属性,
次要属性,
描述,
技能,
角色创建,
属性与技能,
导入,
导入角色,
导出,
导出角色,
重置,
完成,
下一步,
头部,
面部,
头发,
胡须,
躯干,
手臂,
腿部,
颜色 #1,
颜色 #2,
颜色 #3,
眼睛颜色,
肤色,
头发颜色,
头像,
性别,
男性,
sonr,
男,
女性,
dottir,
女,
名字,
父亲的名字,
随机,
无法导入角色：文件版本已过期,
无法导入角色：文件或路径不存在。,
无法导出角色：无法写入所选路径。,
选择要导入的文件,
输入文件名,
返回主菜单,
你确定要返回主菜单吗？,
角色创建完成,
你对你的角色满意吗？,
主属性变更,
主属性变更导致技能失效，要继续吗？,
技能等级变更,
技能等级变更导致其他技能失效，要继续吗？,
你将覆盖现有的角色文件，要继续吗？,
没有可导入的文件！,
缩放,
你尚未用尽所有技能点。确定要继续吗？\n注意：剩余的技能点可稍后再做分配。,
你必须先分配完所有属性点，才能继续。,
[x] 技能点 ([totalspent] 已花费),
选择预设,
重置,
本地化用例,
在此，你将为你的自定义名字提供额外的语法变体，使其在游戏中正确呈现。,
生于公元769年（儒略历），父亲是[Player:Father:Genitive]，母亲是阿斯特丽德，生就[eyes]和一头[hair]的头发。[primaryfocus][archetype],
明亮的蓝眼睛,
钢灰色的双眸,
神秘的棕色眼睛,
迷人的绿眼睛,
如夜色般漆黑,
如盛夏般繁茂,
如白雪般白皙,
血色,
火焰的颜色,
棕如大地,
灰如余烬,
你已成长为一个全面发展却平庸无奇的[男人/女人]。,
你已出落成一个[primary1]的[男人/女人]。,
你已出落成一个[primary1]且[primary2]的[男人/女人]。,
你已出落成一个[primary1]、[primary2]且[primary3]的[男人/女人]。,
你已出落成一个[primary1]的[男人/女人]，但[negprimary1]。,
你已出落成一个[primary1]且[primary2]的[男人/女人]，但[negprimary1]。,
你已出落成一个[primary1]、[primary2]且[primary3]的[男人/女人]，但[negprimary1]。,
你已出落成一个[primary1]的[男人/女人]，但[negprimary1]且[negprimary2]。,
你已出落成一个[primary1]且[primary2]的[男人/女人]，但[negprimary1]且[negprimary2]。,
你已出落成一个[primary1]、[primary2]且[primary3]的[男人/女人]，但[negprimary1]且[negprimary2]。,
你已出落成一个极为[primary1]且[primary2]的[男人/女人]，但[negprimary1]、[negprimary2]且[negprimary3]。,
强壮,
坚韧,
敏锐,
优雅,
睿智,
手臂无力,
体弱多病,
目盲如蝙蝠,
缺乏优雅,
头脑迟钝,
族人之中，你以[archetype1]而闻名。,
族人眼中，你既以[archetype1]著称，也以[archetype2]闻名。,
"一位令人敬畏的[color=""orange""]斗士[/color]，仅凭赤手空拳便能击败任何敌手。",
"一头凶悍的[color=""orange""]狂战士[/color]，总是率先冲入厮杀。",
"一位训练有素的[color=""orange""]防御者[/color]，战斗中人人都渴望与之并肩的可靠战士。",
"一位巧舌如簧的[color=""orange""]吟游诗人[/color]，既能激励战阵中人，又能以无人能及的口才免动干戈。",
"一位高瞻远瞩的[color=""orange""]领袖[/color]，对战局掌控自如。",
"一位神出鬼没的[color=""orange""]游荡者[/color]，深谙何时何地出击，且从不排斥施以妙计。",
"一位箭无虚发的[color=""orange""][猎人/女猎人][/color]和自食其力的[户外男/女]，百步之外便能取人性命。",
"一位慷慨灵巧的[color=""orange""]治疗师[/color]，能从女武神的怀抱中将任何人抢夺回来。",
"一位坚如磐石的[color=""orange""]战士[/color]，纵使面对无法克服的绝境，亦岿然不动。",
"一位迅捷机敏的[color=""orange""]斥候[/color]，潜行于敌后如入无人之境，专击其防御最薄弱之处。",
"一位沉稳的[color=""orange""]弓箭手[/color]，可令任何敌人无法近身。",
"[i][color=""red""]你必须用完所有属性点后才能查看描述。[/color][/i]",
在北方群山的深处，盘踞着一个自诩“狼战士”的武者教派。据传，他们是奥丁的特殊战士，上阵时除了一张狼皮几乎一丝不挂，却能刀枪不入、水火不侵。那个绰号十足讽刺、人称“和平者”的巨人贡纳尔，便自称是这些狂战士中的一员。\n\n贡纳尔曾率一队掠袭者从北方贸易重镇考庞一路向西，直抵奥克尼群岛，倒霉的是，他在那儿撞上了斯库勒·碎颅者。斯库勒巧舌如簧，说动贡纳尔对你的村庄发起突袭。也许他在你的侍卫中算不上最安分守己的那一个，但有一件事毋庸置疑：让贡纳尔做你的朋友，远比让他做你的敌人要强得多。,
你从孩提时代就认识奈芙娅和她妹妹艾芙拉。她们已故的父亲霍尔蒙曾是你父亲最亲信的家臣之一，每当他随领主远行，姐妹俩便常常全由母亲一人照料。\n\n这对孪生姐妹自幼便分道扬镳——艾芙拉永远是母亲膝下那个美丽娇弱的可人儿，而奈芙娅却更像父亲，成日里不是在林中探秘，在泽地嬉闹，就是跟男孩们厮打。从她勉强能握住木棍的那一刻起，便开始为成为一名战士而磨砺自己。\n\n年深日久，那股在奈芙娅胸腔中灼灼燃烧的烈焰，已将她淬炼成一名自律而沉稳的盾女。她或许欠缺蛮力，但那份灵巧与决绝，足以十倍弥补。,
艾菲虽顶着凯特王国公主的头衔，行事作风却没半点公主的规矩，更无丝毫惯常的骄矜。凯特是个贫瘠而苦寒的国度，艾菲从小便被磨砺得比她父亲的任何一个子民都更坚韧，更果决。刚一到年纪，她就被送去拜在著名战士格蕾妮门下，正是这位严师将她调教成了一名手法老练的捕兽人。\n\n自幼便兼具过人的好奇与胆魄，艾菲几乎是凭一时兴起便投身了你的亲卫队。看得出来，她对你和你的文化怀有一种难掩的痴迷。万幸的是，到了战场上，她更是一笔不可多得的财富。,
艾蒂丝和她丈夫阿尔瓦尔德在年轻新婚时来到你的村庄，接管了他叔叔在家园边沿的农庄，从此安家落户。在你儿时的记忆中，她是个热情洋溢的女人，总爱用上古宝藏的传说，或吟唱诸神的诗篇，来款待氏族里的孩子们。\n\n差不多十年前，一场恶疾夺走了阿尔瓦尔德，撇下她独自拉扯他留给她的两个儿子。如今，她心头唯一的牵挂便是孩子们平平安安，前程似锦。眼下两个儿子都已长大到能打理农庄了，她便恳请你准许她加入前往海外群岛的远征，好为家里挣一份丰厚的家业，给儿子们换来更好的将来。,
阿斯莱弗是你的远房表亲，族中另一房视若珍宝的儿子。氏族的首领之位在你家族与他家族之间世代轮替，然而，尽管你父亲是从阿斯莱弗的父亲手中夺得领主之位的，此后经年，格里姆瓦尔德依然忠心不贰地侍奉你的父亲。\n\n从格里姆瓦尔德身上，阿斯莱弗被灌输了近乎执拗的荣誉感与责任感。他自小被当作一名强悍而精悍的战士来培养，此生别无他求，唯愿守护并效力于自己的家族与氏族。正因如此，他几乎是出于不得已，才向你继承父亲王位的资格发起挑战，认定你羸弱无能，不堪大任。然而，在那场决斗中，他被彻底折服，如今已宣誓效忠，随你一道踏上远征海外群岛的征途。,
莫尔坎特是蒙克威尔茅斯修道院的修士，将青年时代尽付于勤勉的研习与冥思。他对饱学之士怀有极大的敬意，并在前辈比德的感召下，矢志寻求真知，将其编纂成册，以此为上帝之造化献上信仰与惊叹的证言。\n\n他曾耗费数年光阴，漫游在诺森布里亚的乡野间，济助万民，施以教化。正是在这些游历中，他对异教信仰日渐沉迷，并试图将其一一记录、保存。在他眼中，这些古老的仪式与传说，犹如未蒙恩典之人在黑暗中盲目地摸索，渴求上帝真理之光的照耀——而透过理解这一切，他希望能引领他们更平顺地迈入那真正的信仰。,
罗斯克瓦尚在襁褓时，就被遗弃在你家宅地外泥塘中的一个篮子里——至今也无人知晓她的父母是谁，又为何决意将她丢给食腐的鸟雀。罗斯克瓦天大的幸运是，无儿无女的老女巫胡尔达发现了这个新生女婴，决定收养她，将她当作自己的学徒来抚养。\n\n罗斯克瓦仍旧年轻，却早已深谙草木的用途和精魂的喜怒无常。这位年轻的女巫是灵巧而心软的治疗者，但对致命的毒药与狠辣的诅咒也毫无恻隐。头二十年，她先是受一位老妪照料，后来则轮到老妪反过来仰仗她。如今，罗斯克瓦渴望离开村庄，前往远方求索新的知识。,
你父亲从某次北上旅途中把小凯蒂尔带回了家。那时，这个黑发男孩看上去不过八个冬天大，浑身是羞怯而沉郁的劲儿。你父亲从未好好解释过自己是怎样摊上这个孩子的，但在酋长的请求下，氏族收留了凯蒂尔，把他当作孤儿抚养。\n\n凯蒂尔渐渐褪去自闭的外壳，因为年纪相仿，你们很快成了要好的朋友。长大后的凯蒂尔是个瘦削的年轻人，轻柔的脚步和敏锐的双眼使他成了一名娴熟的猎手。与你父亲带回家的那个沉默男孩截然不同，如今的凯蒂尔练就了迷人的微笑和令人卸下防备的机智。他是个好朋友，也是忠诚的侍卫——无论你要他去哪里，他都会跟随。,
力量,
STR,
耐力,
END,
灵巧,
FIN,
感知,
PER,
感应,
SEN,
基础伤害,
伤害,
Dmg,
远程伤害,
生命值,
HP,
格挡几率,
暴击,
体力,
纪律,
物理抗性,
物理,
精神抗性,
精神,
精准,
伤害减免,
DR,
近战伤害减免,
远程伤害减免,
移动,
MOV,
士气,
抵抗昏迷,
近战伤害减免,
远程伤害减免,
"[color=""silver""]N/A[/color]",
几率,
"[size=""16""]格挡几率[/size]\n决定了你用盾牌格挡攻击的可能性，让盾牌替你承受伤害。",
"[size=""16""]精准[/size]\n决定了远程攻击的最大精准度。此数值每离目标远一个六角格便降低6点，而最终的命中率永远不会超过95%。",
"[size=""16""]暴击率[/size]\n决定了打出暴击的可能性，暴击会让伤害乘上你所装备武器的暴击修正值。",
"[size=""16""]伤害[/size]\n你的伤害由[color=""lightblue""]基础伤害[/color]加上当前所装备武器的伤害构成。",
"[size=""16""]移动[/size]\n你在战斗中仍能做出一次攻击的情况下所能移动的六角格数量。护甲会对此值增加惩罚，使单位能移动的格子变少。",
"[size=""16""]伤害减免(DR)[/size]\n伤害减免决定了从所受攻击中减去的伤害量。根据所装备的装备，此数值在近战和远程攻击之间可能有所不同。",
"[size=""16""]体力[/size]\n决定了角色在变得疲劳之前能撑多少个小时。在营地睡足两个班次，便会重置此计时。",
"[size=""16""]生命值(HP)[/size]\n决定了角色在陷入[color=""yellow""]失去行动能力[/color]之前所能承受的伤害量。每场战斗后生命值都会恢复，可一旦角色失去行动能力的时间过长，就会落下一身伤势。",
"[size=""16""]纪律[/size]\n决定了抵抗负面精神效果和物理效果的几率。",
"[size=""16""]物理抗性[/size]\n决定了抵抗负面物理效果的几率。由力量和士气衍生而来。盾牌可以增强此数值。",
"[size=""16""]精神抗性[/size]\n决定了抵抗负面精神效果的几率。由感应和士气衍生而来。头盔可以增强此数值。",
"[size=""16""]士气[/size]\n以-10到10的标度体现角色的信心。影响物理抗性和精神抗性。",
伤势可以在露营时将其作为任务指派给精通医术的人来治疗。,
"[size=""16""]力量[/size]\n决定了使用斧和剑时的[color=""lightblue""]基础伤害[/color]，并影响[color=""lightblue""]物理抗性[/color]。力量对战士至关重要，偶尔也能在对话中帮你打出击倒之类的体能壮举。",
"[size=""16""]耐力[/size]\n决定[color=""lightblue""]生命值[/color]、[color=""lightblue""]基础伤害减免[/color]、持盾[color=""lightblue""]格挡率[/color]，并影响[color=""lightblue""]体力[/color]。耐力是前线战士的立身之本。",
"[size=""16""]灵巧[/size]\n决定小刀与矛的[color=""lightblue""]基础伤害[/color]，以及所有武器的[color=""lightblue""]暴击率[/color]。灵巧对远程角色和快手游荡者至关重要，在对话中偶尔也能用于发动突袭。",
"[size=""16""]感知[/size]\n决定远程武器的[color=""lightblue""]精准度[/color]。感知是弓箭手的命脉，且常在对话中揭示额外信息。",
"[size=""16""]感官[/size]\n影响[color=""lightblue""]精神抗性[/color]与[color=""lightblue""]体力[/color]。感官是女巫、吟游诗人等辅助角色的根基，在对话中常能用于说服他人。",
"[size=""16""]士气[/size]\n影响[color=""lightblue""]物理抗性[/color]与[color=""lightblue""]精神抗性[/color]。士气代表角色的信心，数值范围从-10到10。",
"[color=""red""][修正值][/color] [原因]",
"[color=""lime""]+[修正值][/color] [原因]",
伤害,
伤害,
伤害,
伤害,
伤害,
范围效果,
格挡,
暴击率,
毒药抗性,
击倒几率,
生命值,
双持伤害惩罚,
部分掩体惩罚,
侧翼伤害加成,
距离惩罚,
敌人移动几率减半,
护甲穿透,
修补速度,
队伍士气上限,
等阶,
战争迷雾,
锻造,
图纸,
[y]/[x],
"[color=""red""][y]/[x][/color]",
剩余[resource1][resource2],
"[size=""24""][数量][/size] [资源]",
打造物品,
特殊属性几率,
[x]%,
最高武器等阶,
[skillrank]/5,
最高护甲等阶,
[skillrankplus1]/5,
资源上限,
最高等阶,
"[size=""18""]锻造[/size]\n显示你可打造的最高武器等阶，以及所选物品类型的资源上限。",
"[size=""18""]护甲锻造[/size]\n显示你可打造的最高护甲等阶，以及所选物品类型的资源上限。",
"[size=""18""]工匠[/size]\n显示打造物品获得特殊属性的几率。",
选择待造物品,
物品类型,
护甲,
斧头,
弓,
丹麦战斧,
头盔,
小刀,
盾牌,
投石索,
矛,
剑,
"[color=""lime""]有[x]%几率打造出特殊属性！[/color]",
打造此物超出了工匠的技能水准！,
打造此物超出了工匠的技能水准！,
你没有足够的资源来打造此物！,
此数值已被选定用于打造。,
点击打造此数值。,
"\n[color=""red""]需要[技能]等阶[x][/color]。",
选择以打造盾牌。[需求],
选择以打造护甲。[需求],
选择以打造头盔。[需求],
选择以打造斧头。[需求],
选择以打造弓。[需求],
选择以打造丹麦战斧。[需求],
选择以打造小刀。[需求],
选择以打造矛。[需求],
选择以打造剑。[需求],
选择以打造投石索。[需求],
-,
修理,
修理等阶,
[repairskillrank]/5,
费用减免,
"[color=""lime""][x]%[/color]",
-,
"[color=""orange""][x][/color] [资源]",
"[color=""orange""][x][/color] [资源]",
[resourceamount1][resource1][resourceamount2][resource2],
已选物品：,
"装备者：[color=""orange""][名字][/color]",
修理已选,
全选,
全部不选,
修补,
修补物品,
[resource],
"[size=""16""][名字][/size]\n[size=""12""][color=""grey""][类型][/color][/size]\n[描述]",
[current] / [needed],
"[color=""red""][当前][/color] / [需要]",
"[color=""lightblue""]精神抗性[/color]",
"[color=""lightblue""]物理抗性[/color]",
预判,
下次攻击拥有100%暴击率,
蚁群之扰！,
基础伤害减免减半,
狂战士之怒,
基础近战伤害翻倍，基础伤害减免降至0%,
流血,
每回合损失8-16点生命值,
目盲,
感知-5,
嗜血,
伤害+10%,
燃烧,
每回合损失20-30点生命值,
镇定,
物理抗性变为100%,
寒冷,
灵巧-4,
脑震荡,
耐力-3,
定罪,
若遭处决者击中，即刻毙命,
防御,
盾牌坚不可摧,
士气低落,
最大精准度-50,
缴械,
无法使用或切换武器,
疾病,
力量-3，灵巧-2,
麻醉,
灵巧-2，感知-2,
麻醉,
灵巧-2，感知-2,
鼓舞,
感官+2,
处决,
击中时即刻斩杀被定罪目标,
暴露,
无法格挡,
疲惫,
力量、灵巧、感知全部减半,
无畏,
精神抗性变为100%,
易燃,
燃烧持续时间翻倍,
专注,
暴击率+10,
食物中毒,
耐力-1，感知-1,
狂暴,
每回合攻击两次,
惊恐,
感知-1，感知-1,
擒抱,
下回合前无法移动,
被骚扰,
基础伤害减免为0%,
加速,
移动力+1,
宿醉,
感知-3,
饥饿,
耐力-3，感知-3,
催眠,
切换阵营1回合,
照明,
夜间更容易被命中,
失去行动能力,
被救起前无法行动,
打断,
对6格内首个移动的敌人，或对其命中率不低于75%的敌人发动攻击,
醉酒,
感知-2,
醉酒,
感知-2,
振奋,
力量+1,
击倒,
无法行动，无法格挡，基础伤害减免为0%；恢复需消耗2移动力,
滑倒,
无法行动，无法格挡，基础伤害减免为0%；恢复需消耗2移动力,
绊倒,
无法行动，无法格挡，基础伤害减免为0%；恢复需消耗2移动力,
机动,
移动力+1,
忧郁,
感知-3,
耐火,
免疫火焰,
麻木,
每回合恢复30-40生命值，移动力-2,
恐慌,
角色将行为失常,
招架,
基础伤害减免翻倍；角色获得一次免费反击,
中毒,
每回合损失16-24生命值,
受保护,
若保护者的伤害减免更高，则沿用其数值,
保护,
回合结束后，所有相邻盟友获得“受保护”状态,
狂犬病,
攻击命中时施加“感染”,
备战,
自动攻击首个进入相邻格的敌人,
罗斯克瓦之毒,
力量-3，耐力-3,
圣礼,
基础物理抗性和精神抗性翻倍,
盾牌大师,
盾牌不受任何伤害,
束缚,
无法行动，无法格挡,
束缚中,
首个进入近战范围的敌人将被束缚,
被侦测,
无法利用低掩体；对该角色的远程攻击命中率+25%,
陷阱侦测,
角色将揭示路径上的陷阱,
饥饿,
耐力-6，感知-6,
稳固,
免疫“被骚扰”,
眩晕,
无法行动，无法格挡，基础伤害减免为0%,
战术,
不会触发陷阱，也不会引起借机攻击,
恐惧,
感知-3，感知-2,
受索尔眷顾,
基础近战伤害+20%,
受提尔眷顾,
总伤害减免+25,
失衡,
下回合开始时失去所有移动力,
昏迷,
无法行动；每回合有一定概率苏醒,
动摇,
所有属性-1,
不屈,
每回合恢复全部生命值,
淬毒,
攻击命中时施加“中毒”,
毒蛇,
攻击命中时施加“中毒”,
虚弱,
耐力-3,
饱食,
感知+1，耐力+1,
精力充沛,
感知+1，耐力+1,
白内障,
感知-1,
笨拙,
灵巧-1,
强健,
力量+1,
跛足,
移动力-1,
畸形,
力量-1,
自律,
感知+1,
磨炼,
灵巧+1,
疼痛,
耐力-1,
疤痕,
不影响游戏,
创伤,
感知-1,
警觉,
感知+1,
饱经风霜,
耐力+1,
稀疏,
中等,
浓密,
臂环,
分层,
袖套,
裸露,
长发,
辫子,
短发,
头巾（下）,
单辫,
后梳,
头巾（上）,
覆盖,
双马尾,
肩辫,
短头巾,
粗辫,
侧辫,
袜子,
松裹,
紧裹,
靴子,
华丽连衣裙,
华丽束腰外衣,
简朴连衣裙,
简朴束腰外衣,
皮制束腰外衣,
雀斑,
光滑,
阴狠,
疤痕,
好斗,
英勇,
机智,
无,
厚袖,
护腕,
薄袖,
裸露,
编辫,
山羊胡,
全络腮,
浓密大胡子,
长山羊胡,
粗辫,
全编辫,
双辫,
底层刻发,
后梳,
剃光底层刻发,
松散,
短发,
马尾,
头巾,
右侧辫,
左侧辫,
波浪,
布鞋,
靴子,
凉鞋,
裹布,
华丽,
毛皮镶边,
束腰外衣,
简朴,
皮革,
剃光,
胡茬,
阴狠,
疤痕,
好斗,
英勇,
机智,
疯狂,
"\n\n[color=""red""]耗尽时间目前已禁用。[/color]",
"[size=""18""][t][/size][inactive]\n\n当前日期和时间。只有在你旅行或扎营时，时间才会流逝。如果你虚度光阴，[color=""orange""]游戏将提前结束[/color]。",
"[size=""18""][t][/size]\n\n你父亲的葬礼在这一天。",
"[size=""18""][t][/size][inactive]\n\n你必须在此日期前完成准备工作。如果耗尽时间，你的家族将任凭敌人摆布，[color=""orange""]游戏将提前结束[/color]。",
"[size=""18""][t][/size]\n\n你在这一天从斯凯恩起航。",
"[size=""18""][t][/size][inactive]\n\n你必须在此日期前返回斯凯恩收获。否则你将无法参加阿尔庭，[color=""orange""]你的家族将任凭斯库勒·碎颅者摆布[/color]。",
"[size=""18""][t][/size]\n\n你在这一天从斯基恩扬帆起航。",
"[size=""18""][t][/size][inactive]\n\n你必须在此日期前返回斯基恩收割庄稼。否则，你将无缘阿尔庭大会，而[color=""orange""]你的氏族将完全落入斯库勒·碎颅者的股掌[/color]。",
检测到 Intel 显卡,
出于兼容性考虑，您的设备已禁用反射探针，因为该选项会导致许多 Intel 显卡崩溃。反射探针可提升游戏光照的保真度。若您愿意承担风险，可在视频设置菜单中重新启用反射探针。,
"[color=""lime""]+[x][/color]",
[y],
"[size=""10""][color=""red""][i]需要 [w][/i][/color][/size]\n",
[z] 等级 [y],
[x] [y],
购买升级,
"[name]\n此项升级需耗时[color=""orange""][time][/color]才能完成。\n指派奴隶参与升级，可缩短完工时间。",
"[color=""orange""]已完全升级[/color]",
"\n[color=""grey""]树枝不可用。[/color]",
"[color=""silver""][x][/color] 等级 [y] [color=""grey""]进行中[/color]\n[i][color=""silver""][size=""14""]剩余 [time]。[/size][/color][/i]",
剩余 [x],
[x],
每周 [x] [y],
[x] [y],
"[color=""silver""]等级 [x]：[/color] [i][bonus][/i]",
"[color=""silver""]消耗：[/color] [i][cost] [color=""red""][requirement][/color][/i]",
"[color=""silver""]时间：[/color] [i][time][/i]。",
代表你氏族征召军队、向海外投射意志的能力。,
代表你氏族的财富与幸福，这折射出你身为首领的才干。,
建筑正在施工，[time] 内无法升级。,
你缺少建造此项升级所需的资源。,
此项升级需要 [w],
长屋,
你的家园，你权力的根基所在。,
要塞,
议事与御敌之所。,
蜜酒厅,
盛宴与庆典。,
"[size=""16""][name][/size]\n[name]是你父亲亲手建起的宅邸。它曾坚固无比，挺过无数风雨，如今却亟需修缮。这里是氏族欢聚、宴饮以及向领主请议的场所。",
"[size=""16""][name] 等级 1[/size]\n[requirement][i][x] [y][/i]\n领主的厅堂，主要用于承办盛宴与庆典。\n[color=""silver""]消耗：[/color] [cost]",
"[size=""16""][name] 等级 2[/size]\n[requirement][i][x] [y][/i]\n领主的厅堂，主要用于承办盛宴与庆典。\n[color=""silver""]消耗：[/color] [cost]",
"[size=""16""][name] 等级 3[/size]\n[requirement][i][x] [y][/i]\n领主的厅堂，主要用于承办盛宴与庆典。\n[color=""silver""]消耗：[/color] [cost]",
"[size=""16""][name] 等级 1[/size]\n[requirement][i][x] [y][/i]\n领主的堡垒，主要用于议事与抵御外敌。\n[color=""silver""]消耗：[/color] [cost]",
"[size=""16""][name] 等级 2[/size]\n[requirement][i][x] [y][/i]\n领主的堡垒，主要用于议事与抵御外敌。\n[color=""silver""]消耗：[/color] [cost]",
"[size=""16""][name] 等级 3[/size]\n[requirement][i][x] [y][/i]\n领主的堡垒，主要用于议事与抵御外敌。\n[color=""silver""]消耗：[/color] [cost]",
庭格,
你家宅的炉火核心。,
民众集会,
靠税收保障稳定收入。,
市场,
将商人引至你的家宅。,
"[size=""16""][name][/size]\n[name]是你家宅跳动的心脏，却在你父亲治下从未被真正派上用场。如今，是时候将它塑造成属民们体面的聚会之所了。",
"[size=""16""][name] 等级 1[/size]\n[requirement][i]每周 [x] [y] 和 [x1] [y1][/i]\n一处供你的人民以荷尔姆冈格或荣誉决斗公开化解争端的地方。凭税收确保稳定收入。\n[color=""silver""]消耗：[/color] [cost]",
"[size=""16""][name] 2级[/size]\n[requirement][i]每周[x] [y]与[x1] [y1][/i]\n供你的人民通过决斗或荣誉决斗公开解决争端之地。确保通过税收获得稳定收入。\n[color=""silver""]消耗：[/color] [cost]",
"[size=""16""][name] 3级[/size]\n[requirement][i]每周[x] [y]与[x1] [y1][/i]\n供你的人民通过决斗或荣誉决斗公开解决争端之地。确保通过税收获得稳定收入。\n[color=""silver""]消耗：[/color] [cost]",
"[size=""16""][name] 1级[/size]\n[requirement][i][x] [y]与一位新商人[/i]\n商人们可以支起摊位兜售货物之地。\n[color=""silver""]消耗：[/color] [cost]",
"[size=""16""][name] 2级[/size]\n[requirement][i][x] [y]与一位新商人[/i]\n商人们可以支起摊位兜售货物之地。\n[color=""silver""]消耗：[/color] [cost]",
"[size=""16""][name] 3级[/size]\n[requirement][i][x] [y]与新商人们[/i]\n商人们可以支起摊位兜售货物之地。\n[color=""silver""]消耗：[/color] [cost]",
泽地,
村庄宗教活动的中心。,
草药林,
产出药草。,
献祭沼泽,
安抚鬼魂与众神。,
"[size=""16""][name][/size]\n氏族女巫的家，也是村庄宗教活动的中心。在老女巫的手里，这里已日渐破败失修。",
"[size=""16""][name] 1级[/size]\n[requirement][i]每周[x] [y]与[x1] [y1][/i]\n专为安抚神灵、祭拜众神而设。\n[color=""silver""]消耗：[/color] [cost]",
"[size=""16""][name] 2级[/size]\n[requirement][i]每周[x] [y]与[x1] [y1][/i]\n专为安抚神灵、祭拜众神而设。\n[color=""silver""]消耗：[/color] [cost]",
"[size=""16""][name] 3级[/size]\n[requirement][i]每周[x] [y]与[x1] [y1][/i]\n专为安抚神灵、祭拜众神而设。\n[color=""silver""]消耗：[/color] [cost]",
"[size=""16""][name] 1级[/size]\n[requirement][i]每周[x] [y]与[x1] [y1][/i]\n为女巫疗伤的种种药剂提供滋养。\n[color=""silver""]消耗：[/color] [cost]",
"[size=""16""][name] 2级[/size]\n[requirement][i]每周[x] [y]与[x1] [y1][/i]\n为女巫疗伤的种种药剂提供滋养。\n[color=""silver""]消耗：[/color] [cost]",
"[size=""16""][name] 3级[/size]\n[requirement][i]每周[x] [y]与[x1] [y1][/i]\n为女巫疗伤的种种药剂提供滋养。\n[color=""silver""]消耗：[/color] [cost]",
铁匠铺,
打造武器与盔甲。,
制甲铺,
打造武器与盔甲，专精于盔甲。,
工匠铺,
打造武器与盔甲，专精于武器。,
"[size=""16""][name][/size]\n[name]打造武器与盔甲。这间工坊在你的村里延续了数代，如今亟需扩建。",
"[size=""16""][name] 1级[/size]\n[requirement][i]每三周[x] [y]与[x1] [y1][/i]\n打造更高质量的盔甲。\n[color=""silver""]消耗：[/color] [cost]",
"[size=""16""][name] 2级[/size]\n[requirement][i]每两周[x] [y]与[x1] [y1][/i]\n打造更高质量的盔甲。\n[color=""silver""]消耗：[/color] [cost]",
"[size=""16""][name] 等级 3[/size]\n[requirement][i]每周 [x] [y] 和 [x1] [y1][/i]\n能打造最精良的护甲。\n[color=""silver""]花费:[/color] [cost]",
"[size=""16""][name] 等级 1[/size]\n[requirement][i]每三周 [x] [y] 和 [x1] [y1][/i]\n能打造品质更优良的武器。\n[color=""silver""]花费:[/color] [cost]",
"[size=""16""][name] 等级 2[/size]\n[requirement][i]每两周 [x] [y] 和 [x1] [y1][/i]\n能打造品质更优良的武器。\n[color=""silver""]花费:[/color] [cost]",
"[size=""16""][name] 等级 3[/size]\n[requirement][i]每周 [x] [y] 和 [x1] [y1][/i]\n能打造最精良的武器。\n[color=""silver""]花费:[/color] [cost]",
农场,
更宽敞的圈栏让你能饲养更多牲口。,
农场,
"[size=""16""][name][/size]\n环绕着村庄的圈栏与菜园。",
"[size=""16""][name] 等级 1[/size]\n[requirement][i][x] [y][/i]\n为艾迪丝新添了一道栅栏，引进了几头原牛，牲口圈栏也一并拾掇干净了。\n[color=""silver""]花费:[/color] [cost]",
"[size=""16""][name] 等级 2[/size]\n[requirement][i][x] [y][/i]\n建起了新谷仓，猪圈也换了新栅栏，能养更多猪了。\n[color=""silver""]花费:[/color] [cost]",
"[size=""16""][name] 等级 3[/size]\n[requirement][i][x] [y][/i]\n牛圈全面升级，买下两匹马，安顿在了艾迪丝的马厩里。\n[color=""silver""]花费:[/color] [cost]",
防御栅墙,
更坚固的防御工事能为你氏族的军事力量添砖加瓦。,
防御栅墙,
"[size=""16""][name][/size]\n你父亲留下的那圈破旧的小栅栏。",
"[size=""16""][name] 等级 1[/size]\n[requirement][i][x] [y][/i]\n旧有的周边围栏被一道更坚固的屏障取而代之。\n[color=""silver""]花费:[/color] [cost]",
"[size=""16""][name] 等级 2[/size]\n[requirement][i][x] [y][/i]\n城墙得到加固，墙上的平台也扩建了。\n[color=""silver""]花费:[/color] [cost]",
"[size=""16""][name] 等级 3[/size]\n[requirement][i][x] [y][/i]\n削尖的木桩深深钉入地面，城门旁也立起了瞭望塔。\n[color=""silver""]花费:[/color] [cost]",
旗帜装饰,
装点你的家园，提升氏族声望，招来更多生意。,
"[size=""16""][name][/size]\n[requirement][i][x] [y][/i]\n装点你的家园，提升氏族声望，招来更多生意。\n[color=""silver""]花费:[/color] [cost]",
道路,
别再让一双脚在泥巴里走得湿漉漉的。,
"[size=""16""][name][/size]\n[requirement][i][x] [y][/i]\n别再让一双脚在泥巴里走得湿漉漉的。\n[color=""silver""]花费:[/color] [cost]",
训练场,
让那座老旧的训练场重现昔日的辉煌。,
"[size=""16""][name][/size]\n[requirement][i][x] [y][/i]\n让那座老旧的训练场重现昔日的辉煌。\n[color=""silver""]花费:[/color] [cost]",
码头,
扩建码头，好容下更庞大的战船。,
"[size=""16""][name][/size]\n[requirement][i][x] [y][/i]\n扩建码头，好容下更庞大的战船。\n[color=""silver""]花费:[/color] [cost]",
探索控制,
露营控制,
战斗控制,
对话控制,
杂项控制,
拾取控制,
...,
激活,
区域地图,
物品栏,
队伍状态,
家园,
目标,
典籍,
镜头跟随,
上,
下,
左,
右,
向左旋转,
向右旋转,
高亮显示全部,
快速保存,
快速加载,
追踪任务,
调试控制台,
截图,
选项 1,
选项 2,
选项 3,
选项 4,
选项 5,
选项 6,
选项 7,
选项 8,
选项 9,
选项 0,
丢弃,
拖拽,
开始拖拽,
结束拖拽,
切换非致命模式,
切换武器,
蹲伏,
信息面板,
切换角色,
布甲,
隐藏护甲,
札甲,
锁子甲,
这种由层层布料叠成的简陋护甲，能挡开些擦伤而不碍手脚，却实在不比寻常衣物强到哪里去。,
鞣制过的皮革层叠覆盖胸背，内衬毛皮，能很好地抵御轻度的割伤和冲击，但确实会稍微限制穿戴者的行动。,
用绳索串接的煮沸硬化皮片，比起布料和简单皮革提供了更好的防护，且丝毫不比皮甲更限制行动。,
一件由互锁铁环制成的锁子甲衬衫，能出色地抵御所有武器的攻击，但这件甲衣相当沉重，并会显著限制行动。,
毛皮头盔,
皮革头盔,
钢盔,
带护颈头盔,
覆面盔,
这些原始的毛皮头盔制作简单，但不如更先进的设计来得坚固。,
鞣制皮革头盔能提供不错的防护，足以抵御擦过的打击。,
钢盔需要高超的技艺才能制作，但却能承受大量的攻击。,
一些制甲师傅发现，在钢盔上附加一圈锁子甲护颈，是提供额外防护的简易方法。,
为带护颈头盔加装护目镜和护鼻，不仅提供了一点更多的防护，而且看起来非常威风凛凛。,
工具斧,
胡须斧,
宽刃斧,
战斧,
坩埚钢斧,
用于家务的简单实用斧头。,
比工具斧高一级，胡须型的设计使其在战斗中更得心应手。,
更宽的斧刃使其更容易对盾牌和肉体造成伤害。,
这种设计是战斧的顶峰，能施展各种招式与狠辣手段。,
很少有铁匠知晓如何在坩埚中锻造钢材。这种技法在此造就了一柄耐久度无出其右的斧子。,
柳木弓,
桦木弓,
松木弓,
榆木弓,
紫杉弓,
一把用柳树木材制成的简易弓。适合猎杀动物，但对人的效果欠佳。,
桦木强韧而富有弹性，能制成一把出色的猎弓，在战斗中亦相当好用。,
一把制作精良的松木弓，配以同等品质的马鬃弓弦，其舒适的握把确保了满弓时的稳定。,
这把精致的弓由榆木制成。它柔韧而强劲——在训练有素的弓箭手手中，是一件致命的武器。,
紫杉木的材质极其适合制作战弓。这是一件强大而坚固的武器，饰有精美的握把和最高品质的弓弦。,
木柄丹麦斧,
胡须丹麦斧,
宽刃丹麦斧,
战用丹麦斧,
坩埚钢丹麦斧,
装在长杆末端的简单实用斧头，用以在战斗中延伸其触及范围。,
比实用斧高一级，胡须型的设计使其在战斗中更得心应手。,
更宽的斧刃使其更容易对盾牌和血肉之躯造成伤害。,
这种设计是战斧的顶峰，能施展各种招式与狠辣手段。,
很少有铁匠知晓如何在坩埚中锻造钢材。这种技法在此造就了一柄耐久度无出其右的斧子。,
小刀,
窄刃撒克逊刀,
轻宽刃撒克逊刀,
重宽刃撒克逊刀,
长撒克逊刀,
一把锋刃各异的短刀，单面开刃，装接在木柄上。出门在外，绝不可不带。,
长刃单刃刀，刚好短到可算作刀，但又长得足以造成重创。,
这把刀较宽的刀刃使其在劈砍时更具分量，而且它的刀尖同样不容小觑。,
是本就非常沉重、修长且厚实的撒克逊刀的一版，更沉、更长、更厚。,
这把刀近乎于一把剑。它微弯的刀刃坚固得足以像撬开蛤壳一样，撬开盔甲。,
简易长矛,
翼矛,
花纹焊接矛,
花纹焊接翼型矛,
坩埚钢矛,
只不过是一头削尖的棍子，这种普通的矛廉价且易于使用。,
这把矛的矛尖被巧妙地塑形，用以撬开盔甲，并能为灵巧的持用者提供有限的劈砍能力。,
尽管对矛尖进行花纹焊接看似牛刀杀鸡，但额外增加的弹性使得刺击更为有力而精准。,
融合巧妙的设计与精湛的铁匠工艺，这把矛在合适的人手中将无比致命。,
此矛品质卓越，已从一件普通武器升华为近乎宗教圣物般的存在。,
单刃剑,
宽刃剑,
花纹焊接单刃剑,
花纹焊接宽刃剑,
坩埚钢剑,
除了夺人性命，剑别无他用，但它在此道上却极其擅长。,
通过加宽剑身并开双刃，一件强大而多功能的武器就此诞生。,
花纹焊接一把剑需要对锻造拥有极高的掌控力，但最终成果无可辩驳。,
尽管剑身尺寸不小，但这把剑却轻盈且完美平衡。其华丽的剑柄可舒适地握于任何手中。,
欧洲锻造技艺的尖端水准，造就了这柄美丽的剑，其手感仿佛能削铁如泥，斩雪般轻松。,
麻制投石索,
亚麻投石索,
羊毛投石索,
带握把亚麻投石索,
带握把羊毛投石索,
这算不上什么优雅的武器，但一块石头高速砸在脸上，往往都能把事办成。,
更坚韧的弓弦和改良的释放机关，让这把投石索的每一次抛掷都迸发出更强的力道。,
羊毛被紧纺成更长的绳索，配上设计更精良的弹丸兜囊，使这把投石索的威力出人意料地凶猛。,
打造这把投石索时倾注了不寻常的巧思。它舒适的手柄和精心校准的弹丸兜囊，用起来是一种享受。,
这把投石索做工如此精良，设计如此考究，拿它与同类武器相提并论简直是一种侮辱。,
松木盾,
冷杉木盾,
镶衬松木盾,
镶衬冷杉木盾,
镶衬紫杉木盾,
松木算不上制盾的上好木材，但它遍地都是，而且绝对比用手臂去挡刀来得强。,
由正值壮年时砍伐的冷杉木制成，这面盾比松木同类更坚韧，却未增加多少重量。,
用熟皮镶衬松木盾，能显著提升盾牌的结构完整性，还能防裂。,
这面耐用的镶衬皮冷杉木盾，在握柄与木板的连接处做了加固，品质更上一层。,
这样的盾悬挂在国王的王座之后。凭借其坚固的构造和涂绘精美的熟皮，它甚至能拦住一头冲锋的公牛。,
投掷物,
陷阱,
通用道具,
消耗品,
剑,
斧头,
小刀,
投石索,
矛,
丹麦长斧,
弓,
盾,
护符,
护甲,
头盔,
"[color=""white""][x][/color]",
"[color=""lime""][x][/color]",
"[color=""orange""][x][/color]",
[sb][sp][itemname],
"[color=""grey""][x][/color]",
"[color=""lime""][x][/color]",
"[color=""red""][x][/color]",
[condition] [effect].,
([name])\n,
（未知人物）\n,
敏捷,
移动力 [x],
阿斯加德人,
[x]% 自动复活几率,
别扭,
[x] 最大精准度,
狂战士,
[x]% 对未受伤目标伤害,
穿刺,
[x]% 暴击伤害倍率,
支撑,
[x] 格挡率,
诅咒,
士气 [x],
防御者,
与盟友相邻时 [x] 格挡率,
专注,
[x] 精神抗性,
猎人,
[x]% 对野兽伤害,
锐利,
[x] 暴击率,
幸运,
[x] 士气,
神射手,
[x] 最大精准度,
否定,
取消所有正面效果,
精准,
[x] 护甲穿透,
劫掠者,
[x]% 对无护甲人类伤害,
强健,
[x] 近战伤害减免,
残忍,
[x]% 对定身目标伤害,
索敌,
夜间精准惩罚减半,
锋利,
[x]% 伤害,
主宰,
攻击不可被格挡,
钢化,
[x] 物理抗性,
强化,
[x] 生命值,
破盾,
[x]% 对盾牌伤害,
苏尔特,
[x]% 对燃烧敌人伤害,
迅捷,
[x]% 额外攻击几率,
战术家,
[x]% 对被夹击目标伤害,
厚实,
[x] 远程伤害减免,
不破,
在战斗中不会受到伤害,
势不可挡,
攻击路径上所有角色受到伤害,
警觉,
[x] 避免暴击,
"[size=""16""][SchematicName][/size]\n[SchematicDescription]",
"[size=""16""][SchematicName][/size]\n[SchematicDescription]",
"[size=""16""][SchematicName][/size]\n[SchematicDescription]",
"[size=""16""][SchematicName][/size]\n[SchematicDescription]",
"[size=""16""][SchematicName][/size]\n[SchematicDescription]",
"[size=""16""][SchematicName][/size]\n[SchematicDescription]",
"[size=""16""][name][/size]\n[description]",
无,
无,
护甲油,
上油,
护甲锻造图纸。给护甲的关节上油能使其松动，让行动更为自由。,
制造护甲时所用的油，能让穿戴者在战斗中获得更大的行动自由。,
"[color=""lime""]+1 移动力[/color]",
护甲织带,
装带,
护甲锻造图纸。在护甲上附加织带能增加一个携带物品上阵的栏位。,
这件护甲上附着的织带，能让穿戴者多携带一件物品上阵。,
"[color=""lime""]+1 通用道具栏位[/color]",
硬化皮革,
硬化,
护甲锻造图纸。使用硬化皮革制作护甲，可使其获得防火性能。,
制作这件护甲所用的硬化皮革，能保护穿戴者抵御火焰。,
"[color=""lime""]火焰抗性[/color]",
护甲填充,
镶衬,
护甲锻造图纸。在护甲的接缝和关节处进行填充，可以保护穿戴者免受毒药侵害。,
这件护甲在制作时添加的内部填充物，能保护穿戴者免受毒药侵害。,
"[color=""lime""]毒药抗性[/color]",
护甲膏,
涂膏,
护甲锻造图纸。将麻痹膏擦在护甲上，能让穿戴者每回合恢复少量生命值。,
制作时涂抹于护甲内侧的药膏，能让穿戴者每回合恢复少量生命值。,
"[color=""lime""]每回合+5 生命恢复[/color]",
艾菲,
阿斯特丽德,
艾娃,
比约格迪丝,
达格海德,
埃迪丝,
艾芙拉,
芬格瓦拉,
盖尔比约格,
格蕾妮,
赫约迪丝,
赫莉芙伊,
赫罗德盖尔达,
胡尔达,
伊达,
约维塔,
凯尔,
奈芙娅,
奥斯克,
拉根希尔德,
罗斯克娃,
西格丽德,
苏森,
维弗里德,
奥雷利亚,
卡西娅,
凯西莉亚,
富尔维娅,
霍拉提娅,
霍滕西娅,
尤尼亚,
莱莉亚,
劳伦蒂娜,
玛切莉娜,
玛丽安娜,
内尔瓦,
佩特罗尼娅,
普莉西拉,
昆蒂娜,
塞普蒂玛,
塞维莉娜,
阿达尔布伦,
阿尔瓦尔德,
阿尔瓦尔达尔,
阿玛尔,
阿雷,
阿斯凯蒂尔,
阿斯凯蒂尔斯,
阿斯莱夫,
阿斯莱夫斯,
阿苏尔夫,
阿苏尔夫斯,
贝洛格,
比尔德,
贝格,
考斯坦丁,
考斯坦丁,
唐科尔斯,
杜伊里,
恩巴尔德,
艾金斯基亚尔迪,
艾金斯基亚尔达,
埃里克,
埃林格,
埃林格斯,
弗利里,
弗罗斯蒂,
弗罗斯塔,
盖乌斯,
高图尔夫,
高图尔夫斯,
格里格,
格里格斯,
格布兰德,
盖斯特,
格尼普利,
格雷提尔,
格里姆凯尔,
格里穆尔夫,
格里穆尔夫斯,
格里姆瓦尔德,
格里姆瓦尔达尔,
冈纳,
冈纳尔斯,
哈夫丹,
哈夫丹纳尔,
汉纳尔,
赫丁,
赫丁斯,
赫尔姆弗里德,
霍尔蒙,
霍尔蒙纳尔,
赫罗德蒙德,
赫罗德蒙达尔,
赫罗斯比约恩,
洪盖尔,
洪盖尔斯,
伊尔胡吉,
英格瓦尔,
英格瓦尔斯,
贾达尔,
亚恩斯凯吉,
亚恩斯凯加,
约斯泰因,
卡隆格,
凯蒂尔,
凯蒂尔斯,
科尔比约恩,
科尔比亚纳尔,
克拉克尔,
克拉克斯,
克维尔杜尔夫,
克维尔杜尔夫斯,
利奥弗里克,
利克恩比约恩,
利克恩比亚纳尔,
廖特尔,
玛尔多尔,
玛尔多尔斯,
毛科林,
莫尔坎特,
穆努尔夫,
穆努尔夫斯,
米尔丁,
诺托尔夫,
努基,
奥德凯尔,
奥德凯尔斯,
奥尔比约恩,
奥莱夫,
奥莱夫斯,
奥斯雷德,
奥塔尔,
拉格恩瓦尔德,
帕尔尼,
帕尔纳,
里库尔夫,
留里克,
留里克斯,
萨尔蒙德,
萨尔蒙达尔,
萨姆尔,
桑达尔,
西格蒙德,
斯卡基,
斯卡拉格里姆,
斯卡拉格里姆斯,
斯卡维德,
斯卡维达尔,
斯库勒,
斯塔卡德,
斯特芬,
斯特芬斯,
斯蒂尔劳格,
斯蒂尔劳格斯,
塔德克,
泰德格,
索吉尔斯,
索吉尔斯,
托瓦尔德,
托尔芬,
托尔芬斯,
托斯特,
乌斯维夫,
瓦莱里乌斯,
弗朗格,
瓦达,
埃塞尔雷德,
阿尔比努斯,
巴尔比努斯,
克奈乌斯,
多米提乌斯,
法比安,
法比亚努斯,
福斯图斯,
弗洛鲁斯,
格拉提安努斯,
伊格纳提乌斯,
雅努阿里乌斯,
李维乌斯,
马塞卢斯,
马库斯,
马里乌斯,
屋大维,
庞提乌斯,
昆提卢斯,
鲁弗斯,
萨比努斯,
塞克斯图斯,
塔提安努斯,
提图斯,
维比乌斯,
阿迪丝,
阿迪斯拉,
阿尔芙迪丝,
阿尔夫海德,
阿尔维格,
阿恩比约格,
阿恩卡特兰,
阿尔娜,
阿恩维,
阿斯迪丝,
阿斯盖尔德,
奥达,
贝克希尔德,
贝拉,
贝斯特拉,
贝拉,
比尔萨,
比约格,
布拉娜,
达格妮,
达娜,
迪萨,
多姆希尔德,
埃尔,
艾尔妮,
埃莉,
恩布拉,
艾雅,
福尔克维,
弗雷迪丝,
弗里达,
弗里德盖尔德,
盖拉,
盖尔迪丝,
盖尔妮,
格德,
格洛亚,
格里德,
格罗亚,
古德伦,
冈希尔德,
贡劳格,
哈尔贝拉,
哈尔迪丝,
哈莉,
哈尔卡特兰,
哈尔维格,
赫丁维,
海尔加,
希尔迪里德,
赫利夫,
赫林,
霍尔姆迪丝,
赫雷夫娜,
赫罗德维,
赫维特,
伊达,
伊顿,
伊玛,
英吉伯格,
英吉比约格,
英吉弗里德,
英吉伦,
约里德,
约伦,
约迪丝,
约拉,
约德,
约伦,
卡拉,
卡塔,
卡特兰,
凯蒂尔维,
科尔加,
科尔德纳,
莱克妮,
利法,
林希尔德,
廖塔,
柳夫维娜,
林格海德,
玛格娜,
米斯特,
米约尔,
纳尔,
尼德比约格,
奥德弗里德,
奥德卡特兰,
奥德妮,
拉德格里达,
拉德妮,
拉文希尔德,
拉格娜,
拉格恩堡,
兰德维,
兰薇格,
里克维,
留帕,
罗塔,
鲁娜,
萨加,
萨尔比约格,
萨尔迪丝,
塞法,
西芙,
西格比约格,
西格劳格,
西格妮,
西格鲁德,
斯卡加,
斯卡蒂,
斯卡尔迪丝,
斯诺特拉,
索尔维格,
索玛,
斯坦比约格,
斯坦弗里德,
斯坦盖尔德,
斯坦希尔德,
斯坦娜,
斯瓦拉,
斯瓦娜,
斯万堡,
斯万赫维特,
斯维娜,
希恩,
塞温,
托拉,
提尔维,
托法,
托卡,
托伦,
特拉娜,
乌尔法娜,
乌尔夫海德,
乌尔弗伦,
乌拉,
乌娜,
瓦尔堡,
瓦尔迪丝,
瓦娜迪丝,
维迪丝,
维弗雷雅,
维弗里德,
维劳格,
维妮,
维夫,
维格迪丝,
维伦,
维斯娜,
沃尔,
英格维尔德,
伊尔,
伊尔萨,
埃利夫,
阿法斯特,
阿法斯特斯,
阿格蒙德,
阿格蒙达尔,
阿格纳尔,
阿格纳尔斯,
阿格瓦尔德,
阿格瓦尔德斯,
阿尔夫比约恩,
阿尔夫比亚纳尔,
阿尔夫里克,
阿尔夫里克斯,
阿尔马尔,
阿尔马尔斯,
阿尔姆斯坦,
阿尔姆斯坦斯,
安甘提尔,
安甘提尔斯,
阿林比约恩,
阿林比亚纳尔,
阿恩凯尔,
阿恩凯尔斯,
阿恩斯坦,
阿恩斯坦斯,
阿恩托尔,
阿恩托尔斯,
阿努尔夫,
阿努尔夫斯,
阿斯比约恩,
阿斯比亚纳尔,
阿斯格里姆,
阿斯格里姆斯,
阿斯克尔,
阿斯克斯,
阿达尔赫尔,
阿达尔赫尔斯,
奥德里克,
奥德里克斯,
巴尔基,
巴尔卡,
巴利,
巴拉,
巴罗德,
巴罗达尔,
鲍格,
鲍格斯,
贝尼尔,
贝尼斯,
贝克尔,
贝卡斯,
贝格芬,
贝格芬斯,
比弗尔,
比弗斯,
比亚尔菲,
比亚尔法,
比亚尔特,
比亚尔茨,
比约尔夫,
比约尔夫斯,
比约恩,
比亚纳尔,
比约努尔夫,
比约努尔夫斯,
布莱恩,
布莱恩斯,
布拉卡里,
布拉卡拉,
博克尔,
博克斯,
布伦,
布鲁纳尔,
布林约尔夫,
布林约尔夫斯,
比格维尔,
比格维斯,
达格芬,
达格芬斯,
达尔克,
达尔克斯,
丹尔,
达娜,
杜林,
杜林斯,
迪尔比约恩,
迪尔比亚纳尔,
埃贝,
埃贝斯,
埃吉尔,
埃吉尔斯,
埃纳尔,
埃纳尔斯,
埃里克,
埃里克斯,
埃尔迪,
埃尔达,
埃尔德雅恩,
埃尔德雅恩斯,
埃尔伦德,
埃尔伦达尔,
阿斯凯蒂尔,
阿斯凯蒂尔斯,
埃温德,
埃温达尔,
法尔盖尔,
法尔盖尔斯,
法尔基,
法尔卡,
法鲁尔夫,
法鲁尔夫斯,
法斯蒂,
法斯塔,
芬盖尔,
芬盖尔斯,
菲约尼尔,
菲约尼尔斯,
弗洛基,
弗洛卡,
弗里迪克,
弗里迪克斯,
弗里乔夫,
弗里乔夫斯,
富尔达尔,
富尔达尔斯,
加尔米,
加尔马,
甘达尔夫,
甘达尔夫斯,
冈拉德尔,
冈拉达,
高特尔,
高塔尔,
盖尔比约恩,
盖尔比亚纳尔,
盖尔斯坦,
盖尔斯坦斯,
戈尔姆,
戈尔姆斯,
格兰凯尔,
格兰凯尔斯,
格里马尔,
格里马尔斯,
格里姆,
格里姆斯,
冈雷克,
冈雷克斯,
冈马尔,
冈马尔斯,
哈夫格里姆,
哈夫格里姆斯,
哈夫斯坦,
哈夫斯坦斯,
哈康,
哈康斯,
哈尔比约恩,
哈尔比亚纳尔,
哈尔瓦德,
哈尔瓦达尔,
哈拉尔德,
哈拉尔茨,
哈雷克尔,
哈雷克斯,
赫尔吉,
海尔加,
赫亚利,
赫亚拉,
赫约雷夫,
赫约雷夫斯,
霍尔姆比约恩,
霍尔姆比亚纳尔,
赫拉芬凯尔,
赫拉芬凯尔斯,
赫罗尔德,
赫罗尔茨,
赫罗尔夫,
赫罗尔夫斯,
伊亚尔尼,
伊亚尔纳,
伊尔福斯,
伊尔福斯,
英吉马尔,
英吉马尔斯,
英吉蒙德,
英吉蒙达尔,
英古尔夫,
英古尔夫斯,
伊瓦尔,
伊瓦尔斯,
雅芬哈尔,
雅芬哈尔斯,
约阿尔,
约阿尔斯,
约弗尔,
约弗尔斯,
约克尔,
约克尔斯,
约雷克,
约雷克斯,
约伦德,
约伦达尔,
约德盖尔,
约德盖尔斯,
卡贝恩,
卡贝恩斯,
卡尔夫,
卡尔夫斯,
卡尔,
卡尔斯,
凯蒂尔比约恩,
凯蒂尔比亚纳尔,
克拉克尔,
克拉克尔斯,
克林特,
克林茨,
科尔贝恩,
科尔贝恩斯,
克努特,
克努茨,
莱夫,
莱夫斯,
莱杜尔夫,
莱杜尔夫斯,
利兹瓦尔德,
利兹瓦尔兹,
林格维,
林格瓦,
马尼,
马纳,
米约德维特尼尔,
米约德维特尼斯,
莫吉尔斯,
莫吉尔斯,
莫多尔夫,
莫多尔夫斯,
梅金比约恩,
梅金比亚纳尔,
纳多德尔,
纳多德斯,
内夫斯坦,
内夫斯坦斯,
内雷德,
内雷德斯,
尼亚尔,
尼亚尔斯,
诺尔,
诺尔斯,
奈斯比约恩,
奈斯比亚纳尔,
奥拉夫,
奥拉夫斯,
奥弗里德,
奥弗里德斯,
奥姆凯尔,
奥姆凯尔斯,
帕尔纳托基,
帕尔纳,
拉格纳,
拉格纳尔斯,
拉格维德,
拉格维达尔,
兰德,
兰德斯,
雷弗,
雷夫斯,
鲁努尔夫,
鲁努尔夫斯,
西格丹,
西格丹纳尔,
西格马尔,
西格马尔斯,
西格特里格,
西格特里格斯,
西格托恩,
西格托恩,
西格德,
西格达尔,
斯卡夫赫丁,
斯卡夫赫丁斯,
斯卡尔德比约恩,
斯卡尔德比亚纳尔,
斯坦,
斯坦斯,
斯韦恩,
斯韦恩斯,
托尔盖尔,
托尔盖尔斯,
索尔凯尔,
托尔凯尔斯,
托尔斯坦,
托尔斯坦斯,
托鲁尔夫,
托鲁尔夫斯,
特罗斯坦,
特罗斯坦斯,
特里格,
特里格斯,
乌贝恩,
乌贝恩斯,
乌尔夫盖尔,
乌尔夫盖尔斯,
乌尔夫,
乌尔夫斯,
乌尔夫里克,
乌尔夫里克斯,
瓦尔达尔,
瓦尔达尔斯,
维特,
维茨,
维卡,
维卡尔斯,
维蒙德,
维蒙达尔,
阿卡,
阿法,
阿德莉达,
阿多拉,
阿加莎,
阿尔贝雷达,
阿尔德吉斯,
爱丽丝,
阿洛堡,
阿尔塔,
阿尔维娜,
安柏,
安西丝,
巴尔希尔德,
巴维,
贝吉,
碧翠丝,
贝比,
贝奥妮,
贝奥赫特吉芙,
贝奥赫特薇恩,
贝奥恩吉斯,
伯塔娜,
伯莎,
伯丝吉斯,
博特,
布雷戈史密斯,
布里赫特吉芙,
布克加,
伯格,
伯格希尔德,
伯金达,
贝吉亚,
贝格斯薇,
塞娜,
森斯薇,
肯薇恩,
凯奥尔弗莱德,
凯奥尔丝丽斯,
克里斯蒂娜,
克劳,
卡尔弗雷,
库尼堡,
奎恩堡,
奎恩丝丽斯,
基内吉斯,
基内希尔德,
基内利奥芙,
基内斯薇,
基内薇丝,
迪奥尔斯薇,
杜赫蔡,
邓妮,
埃德堡,
埃德吉芙,
埃德希尔德,
埃德乌尔芙,
埃菲,
埃尔德吉斯,
埃尔赫弗莱德,
埃尔赫斯瓦鲁,
埃恩弗莱德,
埃温,
埃克弗里莎,
埃希特雷德,
埃达,
埃德鲁,
埃玛,
艾露内德,
伊莱恩,
埃奥弗希尔德,
埃奥莱奥巴,
埃奥尔森戈塔,
埃奥尔门胡尔德,
埃雷斯,
埃西尔特,
埃坦,
尤拉莉亚,
埃维丽达,
福尔克堡,
芙丽吉斯,
芙里杜斯薇,
格堡,
戈德吉芙,
戈德薇芙,
贡塔鲁,
格温希法,
格温弗瑞薇,
格拉迪丝,
吉莎,
海乌,
赫雷鲁芙,
赫雷斯薇,
希尔德,
希尔德莉丝,
亨德鲁达,
洪吉芙,
希格堡,
伊尔米吉,
贾斯汀娜,
莱奥巴,
莱奥弗昆,
莱奥弗莱德,
莱奥弗伦,
莱乌布斯薇,
卢克诺,
露芙,
卢哈,
玛娃,
米尔德堡,
米尔德丽丝,
梅尔薇恩,
娜娜,
内里恩达,
诺丝丽,
奥萨娜,
奥斯吉芙,
奥斯拉菲,
奥斯薇恩,
佩加,
奎恩,
塞瓦拉,
塞文娜,
西格堡,
西根,
苏伊莎,
桑吉芙,
斯薇特,
塔拉,
塔瑟尔,
特克拉,
泰特,
塞克拉,
提芭,
托拉,
薇尔卡,
维尔,
瓦伦堡,
韦尔薇恩,
维娅拉,
薇格斯薇,
薇莉斯温德,
薇尔诺丝,
薇丝薇,
乌尔芙希尔德,
乌尔芙伦,
乌尔芙丝丽斯,
薇恩弗莱德,
薇恩吉芙,
伊梅,
埃尔德,
埃比,
埃瑟琳德,
埃尔弗莱德,
埃尔夫吉芙,
埃尔夫吉斯,
埃尔夫希尔德,
埃尔夫利奥芙,
埃尔夫伦,
埃尔夫斯薇,
埃尔夫丝丽斯,
埃尔夫薇娜,
埃尔夫薇恩,
埃瑟尔堡,
埃瑟尔吉芙,
埃瑟尔西达,
埃瑟尔薇恩,
埃特,
阿卡,
阿卡,
阿尔克蒙德,
阿尔克蒙德,
奥尔德温,
奥尔德温,
阿尔加,
阿尔加,
安拉夫,
安拉夫,
巴尔德赫姆,
巴尔德赫姆,
巴尔德雷德,
巴尔德雷德,
贝昂纳,
贝昂纳,
贝奥赫特弗里斯,
贝奥赫特弗里斯,
贝奥赫特瓦尔德,
贝奥赫特瓦尔德,
博瑟姆,
博瑟姆,
比尔弗里斯,
比尔弗里斯,
凯德蒙,
凯德蒙,
卡特,
卡特,
肯雷德,
肯雷德,
凯奥尔贝尔德,
凯奥尔贝尔德,
凯奥尔弗里斯,
凯奥尔弗里斯,
科尔曼,
科尔曼,
卡斯伯特,
卡斯伯特,
库斯拉德,
库斯拉德,
基内伯茨,
基内伯茨,
辛弗德,
辛弗德,
基内蒙德,
基内蒙德,
迪伦,
迪伦斯,
戴格贝奥赫茨,
戴格贝奥赫茨,
埃德加,
埃德加斯,
埃德华,
埃德华,
埃德温,
埃德温斯,
埃德乌尔夫,
埃德乌尔夫,
埃尔赫蒙德,
埃尔赫蒙德,
埃恩雷德,
埃恩雷德,
伊塔,
伊塔,
埃克伯特,
埃克伯特,
埃德加,
埃德加斯,
埃奥弗乌尔夫,
埃奥弗乌尔夫斯,
埃奥尔肯瓦尔德,
埃奥尔肯瓦尔德斯,
费尔吉尔德,
费尔吉尔德,
芬安,
芬安斯,
福斯雷德,
福斯雷德,
加杜特尔斯,
加杜特尔斯,
古斯弗里斯,
古斯弗里斯,
格温海尔,
格温海尔,
赫德雷德,
赫德雷德,
赫雷博尔德,
赫雷博尔德,
赫克翰,
赫克翰斯,
希尔德默,
希尔德默,
洪拉夫,
洪拉夫斯,
瓦特诺丝,
瓦特诺丝,
希格博尔德,
希格博尔德,
伊德里斯,
伊德里塞斯,
利奥费格,
利奥费格斯,
马班,
马班,
蒙,
蒙斯,
默温,
默温斯,
奥斯博德,
奥斯博德斯,
奥斯伯特,
奥斯伯特,
奥斯吉斯,
奥斯吉斯斯,
奥斯加,
奥斯加斯,
彭达,
彭达斯,
里达,
里达斯,
西克加,
西克加斯,
西奥多,
西奥多,
蒂德弗里斯,
蒂德弗里斯,
蒂尔雷德,
蒂尔雷德斯,
通德温,
通德温,
特朗伯茨,
特朗伯茨,
泰迪,
泰迪,
乌巴,
乌巴,
乌赫特雷德,
乌赫特雷德斯,
瓦尔特奥夫,
瓦尔特奥夫,
维尔斯托德,
维尔斯托德斯,
温德尔伯茨,
温德尔伯茨,
威格伯茨,
威格伯茨,
威格蒙德,
威格蒙德斯,
维特雷德,
维特雷德斯,
威尔弗里德,
威尔弗里兹,
威利布罗德,
威利布罗德兹,
乌尔夫赫尔,
乌尔夫赫尔斯,
乌尔菲德,
乌尔菲德斯,
伍尔夫西格,
伍尔夫西格,
埃尔弗雷德,
埃尔弗雷德斯,
埃尔夫瓦尔德,
埃尔夫瓦尔德,
埃塞尔伯特,
埃塞尔伯特,
埃塞尔弗莱德,
埃塞尔弗莱德,
埃塞尔斯坦,
埃塞尔斯坦,
埃塞尔沃德,
埃塞尔沃德,
艾达梅尔,
艾布琳,
艾斯琳,
阿尔凯尔达,
阿尔梅达,
安莱丝,
奥达梅尔,
奥德奈特,
贝加,
贝奥洛克,
贝索克,
布里吉德,
凯恩蒂根,
凯特琳,
卡坦,
基尔,
康亨,
德巴尔,
迪亚奈姆,
多娜达,
杜布·莱姆娜,
邓莱丝,
艾琳,
艾丝妮,
伊妮德,
埃尔布里格,
尤吉妮亚,
费德尔姆,
芬比尔,
芬妮,
弗兰,
杰诺维法,
戈布奈特,
戈姆莱斯,
格鲁奥克,
艾拉,
兰恩,
拉希尔,
勒本,
利加赫,
玛莎,
梅尔·库凯格,
梅尔·埃蒂赫,
梅尔·法巴尔,
梅尔·穆雷,
梅布,
莫尔,
穆阿德奈特,
穆伦,
穆尔格尔,
穆尔妮,
尼雅姆,
奥莱丝,
奥弗莱丝,
拉费塔赫,
塞尔莱丝,
塞布丹,
塞尔布莱丝,
塞塔赫,
西丝迈丝,
泰尔弗莱丝,
图阿弗莱丝,
瓦拉赫,
乌娜,
艾丹,
艾丹,
艾杜坎,
艾杜坎,
艾伦,
阿兰,
阿特,
阿特,
阿姆达赫,
阿姆代,
艾,
艾,
奥丹,
奥丹,
阿特,
阿特,
贝尔,
贝尔,
巴菲昂,
巴菲昂,
贝拉赫,
贝雷,
贝坎,
贝凯恩,
贝奥兰,
贝奥兰,
布雷南,
布雷南,
布兰,
布兰,
布雷萨尔,
布雷塞尔,
凯兰,
凯兰,
凯姆根,
凯姆根,
凯尔特雷姆,
凯尔特雷姆,
凯内赫,
凯尼赫,
凯尔亨,
凯尔辛,
奎明,
奎明,
奎拉,
奎拉,
卡哈尔,
卡海尔,
凯拉赫,
凯莱,
克巴尔,
克贝尔,
克尔坦,
克尔坦,
基安,
基安,
基利安,
基利安,
基纳德,
基纳达,
康纳尔,
康奈尔,
克里南,
克里南,
库雷,
库雷,
库兰,
库林,
戴明,
戴明,
戴尔,
达拉,
达加特,
达盖特,
德温,
德温,
多曼加特,
多曼盖特,
多姆纳尔,
多姆奈尔,
德劳苏斯,
德劳苏萨,
德雷斯特,
德鲁斯特,
德鲁安,
德鲁安,
德瑞斯坦,
德里斯泰恩,
杜布-安奈,
杜乌-安奈,
杜布加斯,
杜布加萨,
杜布加尔,
杜布盖尔,
达布格拉斯,
杜布格莱斯,
杜布塔赫,
杜布泰格,
杜布根,
杜乌金,
邓肯,
邓凯恩,
安纳,
安纳,
埃奥库,
埃哈赫,
欧甘,
欧根,
弗格斯,
弗格萨,
菲亚克,
菲亚伊克,
菲亚克拉,
菲亚克拉赫,
芬加尔,
芬盖尔,
芬南,
芬尼安,
芬恩,
芬恩,
弗兰,
弗兰,
加布兰,
加布兰,
加兰,
加兰,
加特奈特,
加特奈特,
吉里克,
吉里克,
戈丹,
戈丹,
拉克兰,
拉克兰,
莱格尔,
莱格尔,
莱南,
莱南,
卢盖德,
卢格达,
卢特林,
卢特林,
梅尔-科卢姆,
梅尔-科卢姆,
梅尔-帕特里克,
梅尔-帕特里克,
梅尔-洛姆洪,
梅尔-洛姆洪,
马格努斯,
马格努萨,
穆尔赫塔赫,
穆尔赫泰格,
穆尔霍拉赫,
穆尔霍莱格,
内赫坦,
内赫坦,
尼尔,
尼尔,
奥辛,
奥西尼,
雷赫塔布拉,
雷赫塔布拉,
里安,
里安,
罗南,
罗南,
鲁艾德里,
鲁艾德里格,
鲁雷,
鲁雷,
塔洛克,
塔洛克,
塔兰,
塔兰,
乌德罗斯特,
乌德罗斯特,
乌尔吉斯特,
乌尔吉斯特,
这根木杆象征着尼福尔海姆，那冰雪与酷寒的永恒国度。,
这根木杆象征着尼福尔海姆，那冰雪与酷寒的永恒国度。,
这根木杆象征着尼福尔海姆，那冰雪与酷寒的永恒国度。,
哈夫丹的氏族素来与你们交好。他们的大部分贸易，都沿着那条流经你家园的河流展开。,
你还不能走，有要事缠身。,
滚！你们这些浑身烂疮的杂种！逼急了，老子一人一桥，挡下你们全部！,
你还不能走，有要事缠身。,
墓地,
斯库勒·碎颅者那面略显阴森的旗帜，昭告了耶灵在此次葬礼上的莅临。,
内菲娅的家,
女巫小屋,
一块尚未完工的符文石，仅凿出了几道用以镌刻符文的凹槽。,
你仍记得父亲带回霍尔蒙尸体的那天。那之后将近一整年，内菲娅都被禁止与你一同训练（可她仍会在暗地里偷偷前来）。,
你的祖父竖起了这块石碑。符文镌刻着：“艾金斯基亚尔迪立碑以念斯万赫维特，斯克恩的荣光。”,
长屋,
里伯的旗帜高高飘扬，昭示着雅尔拉格希尔德的驾临。,
艾迪丝的农场,
铁匠铺,
你现在无法进入这栋建筑。,
训练场,
病魔夺走阿尔瓦尔德已逾十年，而艾迪丝仍在他安息之处燃着不灭的烛火。,
你还不能走，有要事缠身。,
凯蒂尔的家,
布拉娜的摊位,
你氏族的旗帜在凛冽刺骨的寒风中轻轻翻卷飘扬。,
弗朗格的摊位,
猎人廖特尔与西格丽德便住在此处，如此方能邻近森林。屋子后头是凯蒂尔的床铺。,
这座小小的农场属于阿尔瓦尔德的遗孀艾迪丝，她与两个儿子共同生活在这里。,
内菲娅与母亲比约格迪丝，还有她的孪生妹妹艾芙拉同住在此。这个时辰前去叨扰，未免有些失礼。,
盛宴剩余的炖菜仍在壁炉上咕噜咕噜欢快地冒着泡。只要照料得当，这一大锅够你们吃上好几个月。,
你父亲亲手锻造的第一把剑。算不上神兵利器，但作为初试锋芒的作品，倒也拿得出手。,
三天后……,
一锅兔肉炖菜在篝火上咕嘟冒泡，诱人的肉香弥漫了整座长屋。,
奥丁，助我一臂之力\n平息那流逝岁月的纷争\n如琉璃上浮动的微光,
武器架,
去外面，会会厄林格·索尔吉斯尔松的那几个儿子。,
你父亲亲手锻造的第一把剑。算不上神兵利器，但作为初试锋芒的作品，倒也拿得出手。,
你还不能就这么走了。,
比约格迪丝是镇上公认最好的织工——这台织布机上出产的布料，穿戴了族里半数之人。,
奈芙娅和艾芙拉挤在一张床上。奈芙娅的那套家伙事儿，就像什么见不得人的秘密一样，灰溜溜地塞在床架底下。,
作为猎户人家的吃食，这锅炖菜从卖相到气味都出人意料地倒人胃口。好肉显然全都卖给了外人。,
碰上西格丽德和廖特尔需要些私密时光时，凯蒂尔就会跑到你的长屋里借宿一宿。,
桶壁上还挂着一层从屋外窑里沾来的松焦油。廖特尔熬了这些焦油，好卖到邻村去。,
厄林格家这座破旧的老农舍，自打他们搬进新居后，就被丢在一旁，任其在风雨中彻底破败。,
这看起来是座小坟，约莫有成年犬大小。,
农舍,
那个旅人将他兄弟埃吉尔葬在了此处。,
格里穆尔夫近来一直忙着为过冬囤柴。眼下还剩着不少存货。,
格里穆尔夫叔叔的屋子,
遗骸,
旅行者营地,
一具遗骸半掩在雪地里，左手已然溃散，却仍死死攥着一柄从冻土中戳出的锈剑，瘦骨嶙峋的指节散落在剑柄四周。,
一眼荒废已久的旧火塘，看上去许久不曾有人用过了。,
我们绝不回去！你们休想再让我们回去！,
树枝,
你记忆中的阿尔芙迪丝阿姨，风姿绰约，优雅动人。而格里穆尔夫叔叔似乎至今未能从丧妻之痛中真正走出来。,
一头鹿，僵死在凌空一跃的瞬间，经年累月，腐烂得支离破碎。,
次日，正午时分,
巨魔树,
小屋,
空地,
渔夫小屋,
将那巨魔树的树皮带回里伯，交给女祭司。,
回去找比约格迪丝，把噩耗告诉她。,
回去向雅尔·拉格恩希尔复命，禀告沼泽已重归安宁。,
一具年轻女人的尸体，身着奴仆的衣衫。看来是顺着溪流一路漂到这儿才搁浅的。,
那边那位！你瞧着面善。借一步说两句话。,
就现在！,
门锁得严严实实。一股刺鼻的硫磺味从门缝后渗了出来。,
雅尔·拉格恩希尔的长屋,
破败的家园,
药摊,
英吉马尔的家,
食物桌,
铁匠铺,
神殿,
几件小木玩具散在干草堆里。一个孩童藏匿的小窝。,
马尔多尔松之家,
回去找雅达尔。,
哈夫丹松之家,
里伯卫队长屋,
市场,
标记里的树枝直指着市场。,
标记里的树枝直指着港口。,
标记里的树枝直指着港口。,
标记里的树枝直指着市场。,
标记里的树枝直指着市场。,
标记里的树枝直指着酋长长屋。,
标记里的树枝直指着港口。,
标记里的树枝直指着港口。,
标记里的树枝直指着市场。,
标记里的树枝直指着酋长长屋。,
标记里的树枝直指着市场。,
标记里的树枝直指着港口。,
标记里的树枝直指着市场。,
标记里的树枝直指着港口。,
标记里的树枝直指着酋长长屋。,
标记里的树枝直指着港口。,
标记里的树枝直指着市场。,
标记里的树枝直指着港口。,
标记里的树枝直指着港口。,
标记里的树枝直指着市场。,
标记里的树枝直指着港口。,
标记里的树枝直指着市场。,
标记里的树枝直指着酋长长屋。,
标记里的树枝直指着港口。,
标记里的树枝直指着酋长长屋。,
标记里的树枝直指着酋长长屋。,
标记里的树枝直指着市场。,
标记里的树枝直指着市场。,
标记里的树枝直指着酋长长屋。,
标记里的树枝直指着市场。,
标记里的树枝直指着酋长长屋。,
愿我家的田地这个季节能五谷丰登。家里再经不起一个荒年了。,
请赐我勇气，向他表明心迹……,
索尔神龛上那精雕细琢的锤子，历经多年来人们向这位力量、风暴与收获之神的虔诚祷告，几乎被磨平了。,
在那堆献给爱情、生育与战争女神芙蕾雅的珍贵珠宝祭品旁，放着一只盛着甜香粉末的盘子。,
有人将一把精良的古剑小心翼翼地靠在奥丁的神龛旁，无疑是盼着能讨得这位智慧、巫术与死亡之神的欢心。,
表面布满烧灼的焦痕与诡异的刻纹。你毛骨悚然地认出了火巨人苏尔特的名字，被疯魔般一遍又一遍刻满了。,
烧焦的碎肉仍粘在神像上，根本看不出是从什么东西身上剜下来的。,
散落一屋的每根蜡烛上，都歪歪扭扭地刻满了锯齿纹路和令人不安的怪诞符号。,
炉膛冷得像冰窖，厚厚一层霉菌盖在那令人反胃的炖菜渣滓上。,
人的粪便早已干结在便盆四周，可那股浓烈的尿骚味却死守着不散，恶狠狠地刺着你的鼻孔。,
有块石头挡道。,
献祭地,
小营地,
农舍,
祭坛上覆满干涸的血迹，一股腐肉的甜腥味弥漫四周。,
隐士小屋,
一处毫不起眼的简陋民会会场。,
瞭望塔,
回去找那农夫。,
把木雕像带回给斯凯宁格小村西边的那个农夫。,
集会地,
回去找那商人，把他的家伙什还给他（或者昧下来）。,
墓冢,
商人营地,
回去找那商人，把他的家伙什还给他（或者昧下来）。,
凶手连刀都懒得拔走。也找不到拖车牲口的半点痕迹。,
斯凯宁格小村,
形形色色的骨头被随手丢在几个袋子之间。,
从那恶棍的尸首上取回被劫走的物品。,
向墓冢入口的守卫出示奥德凯尔的图腾。,
过了一阵子,
你现在还不能走，有要紧事等着你。,
你现在还不能走，有要紧事等着你。,
你现在还不能走，有要紧事等着你。,
古老仪式地,
回去找埃塞尔雷德的武器教官领你的赏。,
盘问埃塞尔雷德营地周围的三名斥候。,
商人,
大枯橡树,
埃塞尔雷德的帐篷,
那制革匠没能挺过来，这下你只能靠猜，决定该给谁看那间谍的信物了。,
巨石,
公元789年10月10日,
这根木杆代表尼福尔海姆，冰与霜的故乡。,
这根木杆代表尼福尔海姆，冰与霜的故乡。,
这根木杆代表尼福尔海姆，冰与霜的故乡。,
要是你当时宰了耶灵来的那些该死的斥候，格里穆尔夫此刻就不会躺在这里了。,
冬末时分，死亡病终于带走了艾芙拉。奈芙娅天天都来，就那么静静地坐在姐姐的墓边。,
骨灰瓮,
打探那德鲁伊的下落。,
有一根木杆似乎刻意背向了其余的方向。,
你还没把这儿彻底搜刮干净呢。,
在女修道院外头再找奎恩谈谈。,
矛,
盾牌,
盾牌,
斧头,
斧头,
剑,
陷阱,
空心树干,
矛,
一个看起来能出去的洞口。,
门是铁打的，从另一头闩死了。根本无计可施。,
一具年月久远的尸骸，下颌骨连着好几块骨头都从骨槽里脱出来了。,
巨石,
双耳瓶,
去领西卡为那失手的杀手悬的赏金。,
你不能带着这些追随者离开这里。,
你不能带着这些追随者离开这里。,
你不能带着这些追随者离开这里。,
你不能带着这些追随者离开这里。,
你不能带着这些追随者离开这里。,
抓住瑞亚·西尔维亚。,
把这头死狼交给法比安·昆图斯。,
把这头昏迷的狼交给法比安·昆图斯。,
血沿着断裂的柱子淌下来，在柱脚积成了一小洼。,
护送难民过桥，带到安全的地方去。,
隧道入口,
农舍,
难民营,
下水道,
一具旧铁火坑周围绕着一股甜腻腻的气味。这儿烧过某种香，闻起来就知道价值不菲。,
古老神龛,
地牢入口,
倾颓废弃的柱子环着神龛，柱脚染着干涸的血污，但除此之外，倒像是荒了几百年没人动过一般。,
苍蝇围着一只装满内脏的桶懒懒地打转。有人试图掩人耳目，干得却十分敷衍。,
砖墙上被人用斗大的字刻着什么。“ROMANES EUNT DOMUS”。,
回去禀报牧师，邪教已被铲除干净。,
商人,
去告诉那些基督徒，难民全死光了。,
原来待在这儿的人望见你的船，便仓皇逃走了。,
去领西卡为那死在外头的税吏悬的赏金。,
树桩,
回去向毛科林复命，就说那帮劫掠者已经料理干净了。,
村口,
告诉奥斯加，事已经办妥了。,
修道院,
营地,
告诉奥尔德温，事已经办妥了。,
酋长屋,
立石,
在你向内陆深入之前，得先为你的侍卫队弄到马匹。,
在你向内陆深入之前，得先为你的侍卫队弄到马匹。,
铁匠铺,
找到赫丁维的第二批奴隶。,
告诉乌拉赫，你已经把四根诅咒柱全毁了。,
带着沃登之角回去找凯尔。,
德鲁伊小屋,
女巫小屋,
国王小屋,
摆渡人,
商人,
桥,
摆渡人,
旅行者,
萤火虫空地,
回去找考斯坦丁，告诉他米尔丁死了。,
洞穴,
村庄,
石圈,
一圈精心安置的骨灰瓮环绕着石圈。最新的也有至少五十年，最古老的怕是已有半个千年。,
回去找考斯坦丁，告诉他米尔丁死了。,
告诉米尔丁发生了什么。,
离开前，你该把基利安带回米尔丁身边。,
蘑菇周围撒了些不知是什么的粪肥。这德鲁伊定是在培植它们。,
铁匠铺,
小动物的焦骨被围着篝火摆成了个半圆。,
你以前见过这样刻着符文的蜡烛。那拙劣的刻痕召唤的是火巨人苏尔特。,
这些蜡烛上拙劣地刻着些符号，从勉强能辨认的部分来看——似乎是要召唤火巨人苏尔特。,
市场,
石塔,
奴隶贩子,
罗穆卢斯军团,
斯卡拉格里姆的营地,
工匠,
斯泰因的家,
没有科纳尔的死讯为证，你不能离开。,
一头猪的残骸在石板上腐烂。,
农舍,
回去找考斯坦丁，将科纳尔的死讯告诉他。,
回去找考斯坦丁，将科纳尔的死讯告诉他。,
烧毁的房屋,
国王大厅,
贫民区,
圆塔,
集市街,
外围农场,
大教堂,
各式工具散落在桌上，全都糊着一层干涸的血污。,
一具年代久远的尸体，下颚和好几块骨头都已脱了臼。,
把他们的工钱带回去给工匠们。,
清除残存的邪教徒。,
回去找牧师，告诉他邪教已被剿灭。,
把鹰带给约维塔。,
一道临时的堤坝拦住了迪河的水。坝体老旧，在重压之下摇摇欲溃。,
前往诺森布里亚东北部的沼泽。,
别丢下其余的侍卫队独自离开。,
别丢下其余的侍卫队独自离开。,
写字台,
巨石,
烧毁的家园,
幸存者营地,
烧毁的家具,
这人似乎是在家园被点燃前就丧了命。他的皮肤只有朝向火焰的那一侧被烧焦。,
让布雷萨尔知道，那些掠夺者已被赶走。,
古塔,
巨石,
烧毁的房屋,
收取西加悬赏那个异教徒的赏金。,
这块石头上的凹陷像是个钥匙孔。你手头没有能匹配的钥匙。,
返回埃塞尔雷德的营地，向他禀报你的失败。,
返回埃塞尔雷德的营地，向他复命你的成功。,
腐烂的尸体手中仍紧攥着一把简陋的厨刀。,
曾在此逗留的人看来是遭到了袭击。,
一个母亲试图救下她的孩子，却失败了。,
巨石,
坟墓,
坟墓,
坟墓,
坟墓,
坟墓,
坟墓,
坟墓,
坟墓,
坟墓,
赫罗德盖尔达正在洗劫这座建筑。你该把注意力集中在教堂本身。,
一辆板车上载着几块凿成方形的石料。,
教堂,
生活区,
一把木剑落在两个死去的孩子中间。身上不见外伤，他们看起来是被浓烟活活呛死的。,
夺走这女人性命的并非浓烟，她腹部那两道极深的刺伤才是死因。,
藏物处,
箱子上了锁，强行砸开怕是会损毁里面的东西。,
找到赫丁维的第二批奴隶。,
营地,
村庄,
河流,
巨石,
瞭望塔,
诺森布里亚营地,
皮克特营地,
收取西加悬赏那个路匪的赏金。,
在凯蒂尔得到他想要的答案之前，你休想离开。,
钱堆,
钱堆,
跟玛班谈谈你在那商人家的遭遇。,
把金十字架带回去给玛班。,
把郡长印章带回去给玛班。,
看来是推车失了控，一头撞在了城墙的缺口上。,
这个口子通向一道狭长的岩脊，上面备好了一排巨石，只待推下，便会滚落进底下的隘口。,
坟墓,
房屋,
亚瑟王遗骸,
迎战斯库勒·碎颅者。,
公元790年1月15日,
迎战斯库勒·碎颅者。,
标记中的树枝指向酋长长屋。,
标记中的树枝指向酋长长屋。,
标记中的树枝指向酋长长屋。,
标记中的树枝指向酋长长屋。,
标记中的树枝指向酋长长屋。,
标记中的树枝指向市场。,
符标里的树枝指向酋长的长屋。,
符标里的树枝指向酋长的长屋。,
符标里的树枝指向酋长的长屋。,
符标里的树枝指向市场。,
符标里的树枝指向市场。,
符标里的树枝指向市场。,
符标里的树枝指向酋长的长屋。,
公元789年9月19日——秋分,
一面罗马军团的鹰旗，如今高高悬在你的长屋里，叫每个访客都过目难忘。,
别丢下其他侍卫，独自离开。,
别丢下其他侍卫，独自离开。,
别丢下其他侍卫，独自离开。,
坟墓,
坟墓,
斯卡基的帐篷,
奴工营地,
主营地,
洞穴,
到外面去，跟你的侍卫们会合。,
这扇舱门锁得死死的。,
到外面去，跟你的侍卫们会合。,
"+[color=""orange""][NameAbility][/color]",
"[size=""12""][color=""red""][i]你必须花费 [amount] 点技能点，才能进一步升级此技能[/i][/color][/size]",
已激活,
"\n[color=""red""][i]此陷阱无法被解除。[/i][/color]",
"\n[color=""red""][i]你必须位于目标的侧翼。[/i][/color]",
"\n[color=""red""][i]你与目标必须处于同一直线上。[/i][/color]",
"\n[color=""red""][i]被缴械后，无法使用武器技能。[/i][/color]",
"\n[color=""red""][i]目标太近了。[/i][/color]",
"\n[color=""red""][i]目标不在射程之内。[/i][/color]",
"\n[color=""red""][i]你手里没有近战武器。[/i][/color]",
"\n[color=""red""][i]你手里没有远程武器。[/i][/color]",
"\n[color=""red""][i]你的盾牌完好无损。[/i][/color]",
"\n[color=""red""][i]你的盾牌已不堪重负，无法再吸收更多伤害。[/i][/color]",
"\n[color=""red""][i]你手里没有正确的装备。[/i][/color]",
"\n[color=""red""][i]目标手里没有正确的装备。[/i][/color]",
"\n[color=""red""][i]目标正戴着头盔。[/i][/color]",
"\n[color=""red""][i]空间不足。[/i][/color]",
"\n[color=""red""][i]技能的使用次数已耗尽。[/i][/color]",
"\n[color=""red""][i]你的角色无法受益于 [x]。[/i][/color]",
"\n[color=""red""][i]目标无法受益于 [x]。[/i][/color]",
"\n[color=""red""][i]无法对被击倒的敌人使用 [x]。[/i][/color]",
"\n[color=""red""][i]无法对野兽使用 [x]。[/i][/color]",
"\n[color=""red""][i]无法对友方单位使用 [x]。[/i][/color]",
"\n[color=""red""][i]无法对敌方单位使用 [x]。[/i][/color]",
"\n[color=""red""][i]无法对自己使用 [x]。[/i][/color]",
"\n[color=""red""][i]本回合行动力已耗尽。[/i][/color]",
"\n[color=""red""][i]该技能已经激活。[/i][/color]",
"\n[color=""red""][i]无法看到目标。[/i][/color]",
"\n[color=""red""][i]角色没有中毒。[/i][/color]",
"\n[color=""red""][i]角色没有被定身。[/i][/color]",
"\n[color=""red""][i]角色已处于定身状态。[/i][/color]",
"\n[color=""red""][i]角色已使用过这件物品。[/i][/color]",
"\n[size=""12""]剩余 [x] 次使用机会。[/size]",
"\n[size=""12""]剩余 [x] 次使用机会。[/size]",
[NameAbility][action][charges][requirement]\n\n[DescriptionAbility],
"[size=""16""][NameSkill][/size]\n[requirement][DescriptionSkill]",
钩盾,
猛力拉走对手的盾牌，使其陷入[StatusEffect]。,
劈斩,
挥出一记重斩，此攻击必被格挡，但任何穿透盾牌的伤害都会直接扣除目标的生命值。,
钩武器,
用斧头绞住对手的兵器并缴走，施加[StatusEffect]效果。,
[NameAbility][action]\n[DescriptionAbility],
[NameAbility][action]\n[DescriptionAbility],
[NameAbility][action]\n[DescriptionAbility],
斧头,
"由[color=""lightblue""]力量[/color]决定威力。单手近战兵器。中等伤害，中等暴击。",
"[color=""orange""]+[x][/color] 伤害",
"[color=""orange""]+[x][/color] 伤害",
"[color=""orange""]+[x][/color] 伤害",
"[color=""orange""]+[x][/color] 伤害",
"[color=""orange""]+[x][/color] 伤害",
"[size=""16""][NameSkill] 第1级[/size]\n[requirement][NameSkill] [color=""lightblue""]基础伤害[/color]提升[color=""lime""][x][/color]。\n\n[color=""orange""][NameAbility][/color][action]\n[DescriptionAbility]",
"[size=""16""][NameSkill] 第2级[/size]\n[requirement][NameSkill] [color=""lightblue""]基础伤害[/color]提升[color=""lime""][x][/color]。",
"[size=""16""][NameSkill] 第3级[/size]\n[requirement][NameSkill] [color=""lightblue""]基础伤害[/color]提升[color=""lime""][x][/color]。\n\n[color=""orange""][NameAbility][/color][action]\n[DescriptionAbility]",
"[size=""16""][NameSkill] 第4级[/size]\n[requirement][NameSkill] [color=""lightblue""]基础伤害[/color]提升[color=""lime""][x][/color]。",
"[size=""16""][NameSkill] 第5级[/size]\n[requirement][NameSkill] [color=""lightblue""]基础伤害[/color]提升[color=""lime""][x][/color]。\n\n[color=""orange""][NameAbility][/color][action]\n[DescriptionAbility]",
速射,
快速射出两箭，每箭命中率降低30%。,
测距射击,
目标格相邻的所有敌人陷入[StatusEffect]状态。,
瞄准射击,
消除距离造成的命中率惩罚，但伤害降低40%。,
火箭,
造成常规远程伤害，并点燃目标格，令格内所有角色陷入[StatusEffect]状态。还可瞄准干草堆等易燃物。,
箭雨,
对目标格及其周围3个随机格子发动范围攻击，每处造成75%伤害。,
[NameAbility][action]\n[DescriptionAbility],
[NameAbility][action]\n[DescriptionAbility],
[NameAbility][action]\n[DescriptionAbility],
[NameAbility][action]\n[DescriptionAbility],
[NameAbility][action]\n[DescriptionAbility],
弓,
"主属性[color=""lightblue""]感知[/color]。双手远程武器。高伤害，中等暴击率。",
"[color=""orange""]+[x][/color] 命中率和伤害",
"[color=""orange""]+[x][/color] 命中率和伤害",
"[color=""orange""]+[x][/color] 命中率和伤害",
"[color=""orange""]+[x][/color] 命中率和伤害",
"[color=""orange""]+[x][/color] 命中率和伤害",
"[size=""16""][NameSkill] 第1级[/size]\n[requirement][NameSkill] [color=""lightblue""]命中率[/color]和[color=""lightblue""]基础伤害[/color]各提升[color=""lime""][x][/color]。\n\n[color=""orange""][NameAbility][/color][action]\n[DescriptionAbility]",
"[size=""16""][NameSkill] 第2级[/size]\n[requirement][NameSkill] [color=""lightblue""]命中率[/color]和[color=""lightblue""]基础伤害[/color]各提升[color=""lime""][x][/color]。\n\n[color=""orange""][NameAbility][/color][action]\n[DescriptionAbility]",
"[size=""16""][NameSkill] 第3级[/size]\n[requirement][NameSkill] [color=""lightblue""]命中率[/color]和[color=""lightblue""]基础伤害[/color]各提升[color=""lime""][x][/color]。\n\n[color=""orange""][NameAbility][/color][action]\n[DescriptionAbility]",
"[size=""16""][NameSkill] 第4级[/size]\n[requirement][NameSkill] [color=""lightblue""]命中率[/color]和[color=""lightblue""]基础伤害[/color]各提升[color=""lime""][x][/color]。\n\n[color=""orange""][NameAbility][/color][action]\n[DescriptionAbility]",
"[size=""16""][NameSkill] 第5级[/size]\n[requirement][NameSkill] [color=""lightblue""]命中率[/color]和[color=""lightblue""]基础伤害[/color]各提升[color=""lime""][x][/color]。\n\n[color=""orange""][NameAbility][/color][action]\n[DescriptionAbility]",
莽撞攻击,
额外造成25%伤害，但你会陷入[StatusEffect]状态。,
拖拽,
用斧头勾住目标的脖颈，猛力将其拖入近战范围。,
横扫,
挥出一道宽阔的弧形斩击，不造成护甲穿透伤害，同时击中目标及其两侧所有角色，但无法伤害盾牌。,
[NameAbility][action]\n[DescriptionAbility],
[NameAbility][action]\n[DescriptionAbility],
[NameAbility][action]\n[DescriptionAbility],
丹麦斧,
"主属性[color=""lightblue""]力量[/color]。双手近战武器。攻击距离两格，高伤害，中等暴击率。",
"[color=""orange""]+[x][/color] 伤害",
"[color=""orange""]+[x][/color] 伤害",
"[color=""orange""]+[x][/color] 伤害",
"[color=""orange""]+[x][/color] 伤害",
"[color=""orange""]+[x][/color] 伤害",
"[size=""16""][NameSkill] 等级 1[/size]\n[requirement][NameSkill] [color=""lightblue""]基础伤害[/color] 提升 [color=""lime""][x][/color]。\n\n[color=""orange""][NameAbility][/color][action]\n[DescriptionAbility]",
"[size=""16""][NameSkill] 等级 2[/size]\n[requirement][NameSkill] [color=""lightblue""]基础伤害[/color] 提升 [color=""lime""][x][/color]。",
"[size=""16""][NameSkill] 等级 3[/size]\n[requirement][NameSkill] [color=""lightblue""]基础伤害[/color] 提升 [color=""lime""][x][/color]。\n\n[color=""orange""][NameAbility][/color][action]\n[DescriptionAbility]",
"[size=""16""][NameSkill] 等级 4[/size]\n[requirement][NameSkill] [color=""lightblue""]基础伤害[/color] 提升 [color=""lime""][x][/color]。",
"[size=""16""][NameSkill] 等级 5[/size]\n[requirement][NameSkill] [color=""lightblue""]基础伤害[/color] 提升 [color=""lime""][x][/color]。\n\n[color=""orange""][NameAbility][/color][action]\n[DescriptionAbility]",
致命一击,
造成双倍伤害，但目标必须处于定身状态。,
连刺,
造成一半伤害，发动2次攻击。可攻击同一个目标或2个不同目标，每次攻击都会尝试施加 [StatusEffect]。,
切割,
造成一半伤害，发动一次自由攻击。,
[NameAbility][action]\n[DescriptionAbility],
[NameAbility][action]\n[DescriptionAbility],
[NameAbility][action]\n[DescriptionAbility],
小刀,
"由 [color=""lightblue""]灵巧[/color] 决定。单手近战武器。低伤害，极高暴击率。",
"[color=""orange""]+[x][/color] 伤害",
"[color=""orange""]+[x][/color] 伤害",
"[color=""orange""]+[x][/color] 伤害",
"[color=""orange""]+[x][/color] 伤害",
"[color=""orange""]+[x][/color] 伤害",
"[size=""16""][NameSkill] 等级 1[/size]\n[requirement][NameSkill] [color=""lightblue""]基础伤害[/color] 提升 [color=""lime""][x][/color]。\n\n[color=""orange""][NameAbility][/color][action]\n[DescriptionAbility]",
"[size=""16""][NameSkill] 等级 2[/size]\n[requirement][NameSkill] [color=""lightblue""]基础伤害[/color] 提升 [color=""lime""][x][/color]。",
"[size=""16""][NameSkill] 等级 3[/size]\n[requirement][NameSkill] [color=""lightblue""]基础伤害[/color] 提升 [color=""lime""][x][/color]。\n\n[color=""orange""][NameAbility][/color][action]\n[DescriptionAbility]",
"[size=""16""][NameSkill] 等级 4[/size]\n[requirement][NameSkill] [color=""lightblue""]基础伤害[/color] 提升 [color=""lime""][x][/color]。",
"[size=""16""][NameSkill] 等级 5[/size]\n[requirement][NameSkill] [color=""lightblue""]基础伤害[/color] 提升 [color=""lime""][x][/color]。\n\n[color=""orange""][NameAbility][/color][action]\n[DescriptionAbility]",
修复,
将你的盾牌修复至完好如初。,
防御,
你获得状态效果 [StatusEffect]。,
盾击,
将目标击退1格距离，并施加状态效果 [StatusEffect]。,
[NameAbility][action]\n[DescriptionAbility],
[NameAbility][action]\n[DescriptionAbility],
[NameAbility][action]\n[DescriptionAbility],
盾牌,
"由 [color=""lightblue""]耐力[/color] 决定。仅限副手装备。可格挡近战与远程攻击，降低所受伤害。",
"[color=""orange""]+[x][/color] 格挡几率",
"[color=""orange""]+[x][/color] 格挡几率",
"[color=""orange""]+[x][/color] 格挡几率",
"[color=""orange""]+[x][/color] 格挡几率",
"[color=""orange""]+[x][/color] 格挡几率",
"[size=""16""][NameSkill] 等级 1[/size]\n[requirement][NameSkill] [color=""lightblue""]格挡几率[/color] 提升 [color=""lime""][x][/color]。\n\n[color=""orange""][NameAbility][/color][action]\n[DescriptionAbility]",
"[size=""16""][NameSkill] 等级 2[/size]\n[requirement][NameSkill] [color=""lightblue""]格挡几率[/color] 提升 [color=""lime""][x][/color]。",
"[size=""16""][NameSkill] 等级 3[/size]\n[requirement][NameSkill] [color=""lightblue""]格挡几率[/color] 提升 [color=""lime""][x][/color]。\n\n[color=""orange""][NameAbility][/color][action]\n[DescriptionAbility]",
"[size=""16""][NameSkill] 等级 4[/size]\n[requirement][NameSkill] [color=""lightblue""]格挡几率[/color] 提升 [color=""lime""][x][/color]。",
"[size=""16""][NameSkill] 等级 5[/size]\n[requirement][NameSkill] [color=""lightblue""]格挡几率[/color] 提升 [color=""lime""][x][/color]。\n\n[color=""orange""][NameAbility][/color][action]\n[DescriptionAbility]",
烟喷菇,
射出一只蘑菇，菌伞炸裂后喷出滚滚扬尘孢子，覆盖目标格及所有相邻格子，持续 1 回合。任何针对该区域的远程攻击，都会将目标视为处于完全掩体中。,
散射,
对前方 6 格内、2 格扇形范围中的所有角色，75% 几率施加 [StatusEffect]，50% 几率施加 [StatusEffect1]，25% 几率施加 [StatusEffect2]。该攻击本身不造成伤害。,
掷油弹,
甩出一个膀胱，在目标格及所有相邻格子泼洒一地油脂。任何站在油污上的角色都将获得 [StatusEffect] 效果。,
[NameAbility][action]\n[DescriptionAbility],
[NameAbility][action]\n[DescriptionAbility],
[NameAbility][action]\n[DescriptionAbility],
投石索,
"主属性为[color=""lightblue""]感知[/color]。双手远程武器，伤害中等，但暴击率极高。",
"[color=""orange""]+[x][/color] 精准与伤害",
"[color=""orange""]+[x][/color] 精准与伤害",
"[color=""orange""]+[x][/color] 精准与伤害",
"[color=""orange""]+[x][/color] 精准与伤害",
"[color=""orange""]+[x][/color] 精准与伤害",
"[size=""16""][NameSkill] 等级 1[/size]\n[requirement][NameSkill] [color=""lightblue""]精准[/color] 提升 [color=""lime""][x][/color]。\n\n[color=""orange""][NameAbility][/color][action]\n[DescriptionAbility]",
"[size=""16""][NameSkill] 等级 2[/size]\n[requirement][NameSkill] [color=""lightblue""]精准[/color] 提升 [color=""lime""][x][/color]。",
"[size=""16""][NameSkill] 等级 3[/size]\n[requirement][NameSkill] [color=""lightblue""]精准[/color] 提升 [color=""lime""][x][/color]。\n\n[color=""orange""][NameAbility][/color][action]\n[DescriptionAbility]",
"[size=""16""][NameSkill] 等级 4[/size]\n[requirement][NameSkill] [color=""lightblue""]精准[/color] 提升 [color=""lime""][x][/color]。",
"[size=""16""][NameSkill] 等级 5[/size]\n[requirement][NameSkill] [color=""lightblue""]精准[/color] 提升 [color=""lime""][x][/color]。\n\n[color=""orange""][NameAbility][/color][action]\n[DescriptionAbility]",
长刺,
攻击距离最远可达 3 格的目标，但仅造成 75% 的伤害。,
拍击,
狠狠拍击相邻目标，造成 50% 伤害并使其 [StatusEffect]，随后顺势后撤 1 步，不触发借机攻击。,
扰乱,
废掉 2 格外一名敌人的借机攻击能力。,
[NameAbility][action]\n[DescriptionAbility],
[NameAbility][action]\n[DescriptionAbility],
[NameAbility][action]\n[DescriptionAbility],
矛,
"主属性为[color=""lightblue""]灵巧[/color]。双手近战武器，攻击范围达两格之远，伤害中等，暴击高。",
"[color=""orange""]+[x][/color] 伤害",
"[color=""orange""]+[x][/color] 伤害",
"[color=""orange""]+[x][/color] 伤害",
"[color=""orange""]+[x][/color] 伤害",
"[color=""orange""]+[x][/color] 伤害",
"[size=""16""][NameSkill] 等级 1[/size]\n[requirement][NameSkill] [color=""lightblue""]基础伤害[/color] 提升 [color=""lime""][x][/color]。\n\n[color=""orange""][NameAbility][/color][action]\n[DescriptionAbility]",
"[size=""16""][NameSkill] 等级 2[/size]\n[requirement][NameSkill] [color=""lightblue""]基础伤害[/color] 提升 [color=""lime""][x][/color]。",
"[size=""16""][NameSkill] 等级 3[/size]\n[requirement][NameSkill] [color=""lightblue""]基础伤害[/color] 提升 [color=""lime""][x][/color]。\n\n[color=""orange""][NameAbility][/color][action]\n[DescriptionAbility]",
"[size=""16""][NameSkill] 等级 4[/size]\n[requirement][NameSkill] [color=""lightblue""]基础伤害[/color] 提升 [color=""lime""][x][/color]。",
"[size=""16""][NameSkill] 等级 5[/size]\n[requirement][NameSkill] [color=""lightblue""]基础伤害[/color] 提升 [color=""lime""][x][/color]。\n\n[color=""orange""][NameAbility][/color][action]\n[DescriptionAbility]",
预备,
自动攻击第一个踏入近战范围的敌人。,
重击,
"完全无视目标的[color=""lightblue""]伤害减免[/color]。",
处决,
为目标刻下标记，令其在下一回合承受致命一击。若此击造成伤害，无论轻重，都会当即将其肢解。,
[NameAbility][action]\n[DescriptionAbility],
[NameAbility][action]\n[DescriptionAbility],
[NameAbility][action]\n[DescriptionAbility],
剑,
"受[color=""lightblue""]力量[/color]影响。单手近战武器。中等伤害，低暴击率。",
"[color=""orange""]+[x][/color] 伤害",
"[color=""orange""]+[x][/color] 伤害",
"[color=""orange""]+[x][/color] 伤害",
"[color=""orange""]+[x][/color] 伤害",
"[color=""orange""]+[x][/color] 伤害",
"[size=""16""][NameSkill] 等级 1[/size]\n[requirement][NameSkill] [color=""lightblue""]基础伤害[/color] 提高 [color=""lime""][x][/color]。\n\n[color=""orange""][NameAbility][/color][action]\n[DescriptionAbility]",
"[size=""16""][NameSkill] 等级 2[/size]\n[requirement][NameSkill] [color=""lightblue""]基础伤害[/color] 提高 [color=""lime""][x][/color]。",
"[size=""16""][NameSkill] 等级 3[/size]\n[requirement][NameSkill] [color=""lightblue""]基础伤害[/color] 提高 [color=""lime""][x][/color]。\n\n[color=""orange""][NameAbility][/color][action]\n[DescriptionAbility]",
"[size=""16""][NameSkill] 等级 4[/size]\n[requirement][NameSkill] [color=""lightblue""]基础伤害[/color] 提高 [color=""lime""][x][/color]。",
"[size=""16""][NameSkill] 等级 5[/size]\n[requirement][NameSkill] [color=""lightblue""]基础伤害[/color] 提高 [color=""lime""][x][/color]。\n\n[color=""orange""][NameAbility][/color][action]\n[DescriptionAbility]",
预判破绽,
下一次攻击必为暴击。,
[NameAbility][action]\n[DescriptionAbility],
预判破绽,
[DescriptionAbility],
[DescriptionAbility],
"[size=""16""][NameSkill][/size]\n[requirement]\n\n[color=""orange""][NameAbility][/color][action]\n[DescriptionAbility]",
冲锋,
发动一次近战攻击，攻击前每移动一格，此击伤害便 +5。,
[NameAbility][action]\n[DescriptionAbility],
冲锋,
[DescriptionAbility],
[DescriptionAbility],
"[size=""16""][NameSkill][/size]\n[requirement]\n\n[color=""orange""][NameAbility][/color][action]\n[DescriptionAbility]",
致残,
发动一次远程攻击，仅造成 25% 的伤害，但若命中，目标将在下一回合丧失所有移动力。,
[NameAbility][action]\n[DescriptionAbility],
致残,
[DescriptionAbility],
[DescriptionAbility],
"[size=""16""][NameSkill][/size]\n[requirement]\n\n[color=""orange""][NameAbility][/color][action]\n[DescriptionAbility]",
钩爪挥砍,
以副手武器发动一记自上而下的斩击，此击必定被格挡，随即以主手武器发动一次无法被格挡的追击。,
招架,
激活[StatusEffect]，效果持续至下一回合。,
一二连击,
每把武器发动一次全额伤害的攻击，可攻击同一目标或两个不同目标。若你选择的第一个目标正在对你构成侧袭，则会改为发动一次无法被格挡的特殊攻击，同时打击这两个对你构成侧袭的敌人。,
[NameAbility][action]\n[DescriptionAbility],
[NameAbility][action]\n[DescriptionAbility],
[NameAbility][action]\n[DescriptionAbility],
双持,
"以更高比例计入副手武器的[color=""lightblue""]伤害[/color]，并获得能同时运用两把武器的能力。唯有匕首和斧头可作为副手武器。",
"[color=""orange""]60%[/color] 副手武器伤害",
"[color=""orange""]70%[/color] 副手武器伤害",
"[color=""orange""]80%[/color] 副手武器伤害",
"[color=""orange""]90%[/color] 副手武器伤害",
"[color=""orange""]100%[/color] 副手武器伤害",
"[size=""16""][NameSkill] 等级 1[/size]\n[requirement]副手[color=""lightblue""]武器伤害[/color] 提高至 [color=""lime""]60%[/color]\n\n[color=""orange""][NameAbility][/color][action]\n[DescriptionAbility]",
"[size=""16""][NameSkill] 等级 2[/size]\n[requirement]副手[color=""lightblue""]武器伤害[/color] 提高至 [color=""lime""]70%[/color]",
"[size=""16""][NameSkill] 等级 3[/size]\n[requirement]副手[color=""lightblue""]武器伤害[/color] 提高至 [color=""lime""]80%[/color]\n\n[color=""orange""][NameAbility][/color][action]\n[DescriptionAbility]",
"[size=""16""][NameSkill] 等级 4[/size]\n[requirement]副手[color=""lightblue""]武器伤害[/color] 提高至 [color=""lime""]90%[/color]",
"[size=""16""][NameSkill] 等级 5[/size]\n[requirement]副手[color=""lightblue""]武器伤害[/color] 提高至 [color=""lime""]100%[/color]\n\n[color=""orange""][NameAbility][/color][action]\n[DescriptionAbility]",
佯攻,
绕到目标另一侧，迫使它消耗一次借机攻击。,
[NameAbility][action]\n[DescriptionAbility],
佯攻,
[DescriptionAbility],
[DescriptionAbility],
"[size=""16""][NameSkill][/size]\n[requirement]\n\n[color=""orange""][NameAbility][/color][action]\n[DescriptionAbility]",
中断,
"[color=""lime""]所有角色免费可用。[/color]\n延迟一次远程攻击，直到敌方回合内对敌人的命中率至少达到75%，或有敌人逼近到6格之内。",
[NameAbility][action]\n[DescriptionAbility],
中断,
[DescriptionAbility],
[DescriptionAbility],
"[size=""16""][NameSkill][/size]\n[requirement]\n\n[color=""orange""][NameAbility][/color][action]\n[DescriptionAbility]",
蹬开,
一记猛踹，将目标踢开1格。,
[NameAbility][action]\n[DescriptionAbility],
蹬开,
[DescriptionAbility],
[DescriptionAbility],
"[size=""16""][NameSkill][/size]\n[requirement]\n\n[color=""orange""][NameAbility][/color][action]\n[DescriptionAbility]",
击晕,
一次近战攻击，附加[StatusEffect]状态效果（即使攻击被格挡也会生效）。,
[NameAbility][action]\n[DescriptionAbility],
击晕,
[DescriptionAbility],
[DescriptionAbility],
"[size=""16""][NameSkill][/size]\n[requirement]\n\n[color=""orange""][NameAbility][/color][action]\n[DescriptionAbility]",
投石,
"投掷石块作为远程武器，命中时造成伤害，但没有[color=""lightblue""]暴击率[/color]。和其他远程攻击一样，未命中依然会施加[StatusEffect]状态效果。",
投掷,
选择一个友方或敌方角色，再选择与你相邻的一格，将其狠狠掷入其中。,
掷斧,
凭感知瞄准、以膂力投出，向一名敌人掷出一把手斧。基础掷程5格，每有1级投掷技能便增加1格。和其他远程攻击一样，未命中依然会施加[StatusEffect]状态效果。,
[NameAbility][action]\n[DescriptionAbility],
[NameAbility][action]\n[DescriptionAbility],
[NameAbility][action]\n[DescriptionAbility],
投掷,
"受[color=""lightblue""]感知[/color]支配。解锁一系列与投掷物品和活人相关的能力。",
"[color=""orange""]+1[/color] 投掷物射程",
"[color=""orange""]+2[/color] 投掷物射程",
"[color=""orange""]+3[/color] 投掷物射程",
"[color=""orange""]+4[/color] 投掷物射程",
"[color=""orange""]+5[/color] 投掷物射程",
"[size=""16""][NameSkill] 等级 1[/size]\n[requirement][NameSkill] [color=""lightblue""]射程[/color]增加[color=""lime""]1[/color]。\n\n[color=""orange""][NameAbility][/color][action]\n[DescriptionAbility]",
"[size=""16""][NameSkill] 等级 2[/size]\n[requirement][NameSkill] [color=""lightblue""]射程[/color]增加[color=""lime""]2[/color]。",
"[size=""16""][NameSkill] 等级 3[/size]\n[requirement][NameSkill] [color=""lightblue""]射程[/color]增加[color=""lime""]3[/color]。\n\n[color=""orange""][NameAbility][/color][action]\n[DescriptionAbility]",
"[size=""16""][NameSkill] 等级 4[/size]\n[requirement][NameSkill] [color=""lightblue""]射程[/color]增加[color=""lime""]4[/color]。",
"[size=""16""][NameSkill] 等级 5[/size]\n[requirement][NameSkill] [color=""lightblue""]射程[/color]增加[color=""lime""]5[/color]。\n\n[color=""orange""][NameAbility][/color][action]\n[DescriptionAbility]",
擒拿,
夹击一名敌人时，死死抓住它，将其定身直至你的下一回合。,
重拳,
一记沉重的猛拳，造成的伤害提升+50%。,
头槌,
造成全额伤害，若未被格挡，则附加[StatusEffect]状态效果。会招致借机攻击，且无法对戴头盔的角色使用。,
[NameAbility][action]\n[DescriptionAbility],
[NameAbility][action]\n[DescriptionAbility],
[NameAbility][action]\n[DescriptionAbility],
徒手,
"受[color=""lightblue""]力量[/color]支配。伤害低下且不致命，只能让目标失去行动能力。",
"[color=""orange""]+[x][/color] 伤害",
"[color=""orange""]+[x][/color] 伤害",
"[color=""orange""]+[x][/color] 伤害",
"[color=""orange""]+[x][/color] 伤害",
"[color=""orange""]+[x][/color] 伤害",
"[size=""16""][NameSkill] 等级 1[/size]\n[requirement][NameSkill] [color=""lightblue""]基础伤害[/color]提升[color=""lime""][x][/color]。\n\n[color=""orange""][NameAbility][/color][action]\n[DescriptionAbility]",
"[size=""16""][NameSkill] 等级 2[/size]\n[requirement][NameSkill] [color=""lightblue""]基础伤害[/color]提升[color=""lime""][x][/color]。",
"[size=""16""][NameSkill] 等级 3[/size]\n[requirement][NameSkill] [color=""lightblue""]基础伤害[/color] 提高 [color=""lime""][x][/color]。\n\n[color=""orange""][NameAbility][/color][action]\n[DescriptionAbility]",
"[size=""16""][NameSkill] 等级 4[/size]\n[requirement][NameSkill] [color=""lightblue""]基础伤害[/color] 提高 [color=""lime""][x][/color]。",
"[size=""16""][NameSkill] 等级 5[/size]\n[requirement][NameSkill] [color=""lightblue""]基础伤害[/color] 提高 [color=""lime""][x][/color]。\n\n[color=""orange""][NameAbility][/color][action]\n[DescriptionAbility]",
圣礼,
除使用者外，所有盟友均获得状态效果 [StatusEffect]。,
诅咒,
对目标施加状态效果 [StatusEffect]。,
祈求,
为一名盟友施加状态效果 [StatusEffect]。,
谴罚,
对所有敌人施加状态效果 [StatusEffect]。,
连祷,
"除使用者外，所有盟友恢复25% [color=""lightblue""]生命值[/color]。",
[NameAbility][action]\n[DescriptionAbility],
[NameAbility][action]\n[DescriptionAbility],
[NameAbility][action]\n[DescriptionAbility],
[NameAbility][action]\n[DescriptionAbility],
[NameAbility][action]\n[DescriptionAbility],
祝福,
"受 [color=""lightblue""]感知[/color] 支配。祝福让你能够通过祈祷为全队施加增益，并为特定目标施加减益。",
"[size=""16""][NameSkill] 等级 1[/size]\n[requirement]\n[color=""orange""][NameAbility][/color][action]\n[DescriptionAbility]",
"[size=""16""][NameSkill] 等级 2[/size]\n[requirement]\n[color=""orange""][NameAbility][/color][action]\n[DescriptionAbility]",
"[size=""16""][NameSkill] 等级 3[/size]\n[requirement]\n[color=""orange""][NameAbility][/color][action]\n[DescriptionAbility]",
"[size=""16""][NameSkill] 等级 4[/size]\n[requirement]\n[color=""orange""][NameAbility][/color][action]\n[DescriptionAbility]",
"[size=""16""][NameSkill] 等级 5[/size]\n[requirement]\n[color=""orange""][NameAbility][/color][action]\n[DescriptionAbility]",
提尔的恩惠,
所有北欧盟友获得状态效果 [StatusEffect]。,
巴德尔的恩惠,
所有北欧盟友获得状态效果 [StatusEffect]。,
索尔的恩惠,
所有北欧盟友获得状态效果 [StatusEffect]。,
奥丁的恩惠,
所有北欧盟友获得状态效果 [StatusEffect]。,
洛基的恩惠,
所有北欧盟友获得状态效果 [StatusEffect]。,
[NameAbility][action]\n[DescriptionAbility],
[NameAbility][action]\n[DescriptionAbility],
[NameAbility][action]\n[DescriptionAbility],
[NameAbility][action]\n[DescriptionAbility],
[NameAbility][action]\n[DescriptionAbility],
加尔德,
"受 [color=""lightblue""]感知[/color] 支配。加尔德让你能够使用战吼为全队施加增益。",
"[size=""16""][NameSkill] 等级 1[/size]\n[requirement]\n[color=""orange""][NameAbility][/color][action]\n[DescriptionAbility]",
"[size=""16""][NameSkill] 等级 2[/size]\n[requirement]\n[color=""orange""][NameAbility][/color][action]\n[DescriptionAbility]",
"[size=""16""][NameSkill] 等级 3[/size]\n[requirement]\n[color=""orange""][NameAbility][/color][action]\n[DescriptionAbility]",
"[size=""16""][NameSkill] 等级 4[/size]\n[requirement]\n[color=""orange""][NameAbility][/color][action]\n[DescriptionAbility]",
"[size=""16""][NameSkill] 等级 5[/size]\n[requirement]\n[color=""orange""][NameAbility][/color][action]\n[DescriptionAbility]",
保护,
"使任意相邻友方目标的[color=""lightblue""]伤害减免[/color]提升至与使用者相同的[color=""lightblue""]伤害减免[/color]。",
[NameAbility][action]\n[DescriptionAbility],
保护,
[DescriptionAbility],
"[size=""16""][NameSkill][/size]\n[requirement]\n\n[color=""orange""][NameAbility][/color][action]\n[DescriptionAbility]",
恢复,
"根据技能等级，为目标恢复一部分[color=""lightblue""]生命值[/color]。会触发借机攻击。",
治愈,
移除目标身上大部分负面战斗状态效果。会触发借机攻击。,
复活,
"令一名[color=""yellow""]失去行动能力[/color]的盟友重返战场，并为其恢复部分最大[color=""lightblue""]生命值[/color]，恢复量等于使用者治疗技能被动加成的一半。会触发借机攻击。",
"[NameAbility][action]\n为目标恢复[x]% [color=""lightblue""]生命值[/color]。",
"[NameAbility][action]\n令一名失去行动能力的目标重返战场，并恢复[y]% [color=""lightblue""]生命值[/color]。",
治疗,
"受[color=""lightblue""]感知[/color]支配。可在露营与战斗中治疗追随者，恢复的生命值取决于感知和技能等级。",
"恢复 [x] 点[color=""lightblue""]生命值[/color]",
"恢复 [x] 点[color=""lightblue""]生命值[/color]",
"恢复 [x] 点[color=""lightblue""]生命值[/color]",
"恢复 [x] 点[color=""lightblue""]生命值[/color]",
"恢复 [x] 点[color=""lightblue""]生命值[/color]",
"[size=""16""][NameSkill] 等级 1[/size]\n恢复 [color=""lime""][x][/color] 点[color=""lightblue""]生命值[/color]。\n\n[color=""orange""][NameAbility][/color][action]\n[DescriptionAbility]",
"[size=""16""][NameSkill] 等级 2[/size]\n恢复 [color=""lime""][x][/color] 点[color=""lightblue""]生命值[/color]。",
"[size=""16""][NameSkill] 等级 3[/size]\n恢复 [color=""lime""][x][/color] 点[color=""lightblue""]生命值[/color]。\n\n[color=""orange""][NameAbility][/color][action]\n[DescriptionAbility]",
"[size=""16""][NameSkill] 等级 4[/size]\n恢复 [color=""lime""][x][/color] 点[color=""lightblue""]生命值[/color]。",
"[size=""16""][NameSkill] 等级 5[/size]\n恢复 [color=""lime""][x][/color] 点[color=""lightblue""]生命值[/color]。\n\n[color=""orange""][NameAbility][/color][action]\n[DescriptionAbility]",
机动,
所有盟友在本回合内额外获得 1 点移动力（即使行动力已耗尽）。,
激励,
若目标本回合的攻击行动已消耗，则为其恢复之。,
诡计,
以目标格为中心、半径 2 格内的所有敌人会尝试离开该区域，除非他们已处于近战状态。,
[NameAbility][action]\n[DescriptionAbility],
[NameAbility][action]\n[DescriptionAbility],
[NameAbility][action]\n[DescriptionAbility],
领导力,
"受[color=""lightblue""]感知[/color]属性支配。提升所有抗性，并解锁特殊对话选项。",
"[color=""orange""]+[x][/color] 抗性",
"[color=""orange""]+[x][/color] 抗性",
"[color=""orange""]+[x][/color] 抗性",
"[color=""orange""]+[x][/color] 抗性",
"[color=""orange""]+[x][/color] 抗性",
"[size=""16""][NameSkill] 等级 1[/size]\n[requirement][color=""lightblue""]抗性[/color] 提升 [color=""lime""][x][/color]。\n\n[color=""orange""][NameAbility][/color][action]\n[DescriptionAbility]",
"[size=""16""][NameSkill] 等级 2[/size]\n[requirement][color=""lightblue""]抗性[/color] 提升 [color=""lime""][x][/color]。",
"[size=""16""][NameSkill] 等级 3[/size]\n[requirement][color=""lightblue""]抗性[/color] 提升 [color=""lime""][x][/color]。\n\n[color=""orange""][NameAbility][/color][action]\n[DescriptionAbility]",
"[size=""16""][NameSkill] 等级 4[/size]\n[requirement][color=""lightblue""]抗性[/color] 提升 [color=""lime""][x][/color]。",
"[size=""16""][NameSkill] 等级 5[/size]\n[requirement][color=""lightblue""]抗性[/color] 提升 [color=""lime""][x][/color]。\n\n[color=""orange""][NameAbility][/color][action]\n[DescriptionAbility]",
侦测陷阱,
施加状态效果 [StatusEffect]。揭示陷阱时，角色会自动停下。,
解除装置,
在战斗中解除一个已被揭示的陷阱。,
[NameAbility][action]\n[DescriptionAbility],
[NameAbility][action]\n[DescriptionAbility],
侦测陷阱,
"受[color=""lightblue""]感知[/color]支配。在战斗中侦测地面上的陷阱。",
"[color=""orange""]+1[/color] 侦测半径",
"[size=""16""][NameSkill] 等级 1[/size]\n[requirement]\n获得探测非战斗陷阱的概率。\n\n[color=""orange""][NameAbility][/color][action]\n[DescriptionAbility]",
"[size=""16""][NameSkill] 等级 2[/size]\n[requirement]\n探测非战斗陷阱的概率提高。\n\n侦测陷阱现在会揭示角色周围 1 格半径内的所有陷阱。",
"[size=""16""][NameSkill] 等级 3[/size]\n[requirement]\n探测非战斗陷阱的概率提高。\n\n[color=""orange""][NameAbility][/color][action]\n[DescriptionAbility]",
战术移动,
"[color=""lime""]所有角色均可免费使用。[/color]\n移动力减半，但移动时不会触发陷阱和借机攻击。",
[NameAbility][action]\n[DescriptionAbility],
战术移动,
[DescriptionAbility],
"[size=""16""][NameSkill] 等级 1[/size]\n[requirement]\n\n[color=""orange""][NameAbility][/color][action]\n[DescriptionAbility]",
嘲讽,
"强迫目标全速冲向使用者（[color=""lightblue""]精神抗性[/color]）。",
[NameAbility][action]\n[DescriptionAbility],
嘲讽,
[DescriptionAbility],
"[size=""16""][NameSkill][/size]\n[requirement]\n\n[color=""orange""][NameAbility][/color][action]\n[DescriptionAbility]",
挫志,
令所有敌人陷入[StatusEffect]状态。,
毒药,
使目标获得[StatusEffect]状态。,
扬尘,
向前方三格内所有角色脸上扬尘，造成[StatusEffect]效果。,
利爪,
有50%几率造成[StatusEffect]，25%几率造成[StatusEffect1]，25%几率造成[StatusEffect2]。,
暗示,
使目标获得[StatusEffect]状态。,
[NameAbility][action]\n[DescriptionAbility],
[NameAbility][action]\n[DescriptionAbility],
[NameAbility][action]\n[DescriptionAbility],
[NameAbility][action]\n[DescriptionAbility],
[NameAbility][action]\n[DescriptionAbility],
巫术,
"受[color=""lightblue""]感知[/color]支配。将药草转化为药品，并提供战斗减益技能。",
"将[color=""orange""][x][/color]份药草转化为药品",
"将[color=""orange""][x][/color]份药草转化为药品",
"将[color=""orange""][x][/color]份药草转化为药品",
"将[color=""orange""][x][/color]份药草转化为药品",
"将[color=""orange""][x][/color]份药草转化为药品",
"[size=""16""][NameSkill] 等级 1[/size]\n将[color=""lime""][x][/color]份药草转化为药品。\n\n[color=""orange""][NameAbility][/color][action]\n[DescriptionAbility]",
"[size=""16""][NameSkill] 等级 2[/size]\n将[color=""lime""][x][/color]份药草转化为药品。\n\n[color=""orange""][NameAbility][/color][action]\n[DescriptionAbility]",
"[size=""16""][NameSkill] 等级 3[/size]\n将[color=""lime""][x][/color]份药草转化为药品。\n\n[color=""orange""][NameAbility][/color][action]\n[DescriptionAbility]",
"[size=""16""][NameSkill] 等级 4[/size]\n将[color=""lime""][x][/color]份药草转化为药品。\n\n[color=""orange""][NameAbility][/color][action]\n[DescriptionAbility]",
"[size=""16""][NameSkill] 等级 5[/size]\n将[color=""lime""][x][/color]份药草转化为药品。\n\n[color=""orange""][NameAbility][/color][action]\n[DescriptionAbility]",
护甲锻造,
赋予制作头盔与护甲的能力。,
"制作[color=""orange""]第二级[/color]护甲和头盔",
"制作[color=""orange""]第三级[/color]护甲和头盔",
"制作[color=""orange""]第四级[/color]护甲和头盔",
"制作[color=""orange""]第五级[/color]护甲和头盔",
"[size=""16""][NameSkill] 等级 1[/size]\n[requirement]获得制作第二级护甲以及第一级和第二级头盔的能力。",
"[size=""16""][NameSkill] 等级 2[/size]\n[requirement]获得制作第三级护甲和头盔的能力。",
"[size=""16""][NameSkill] 等级 3[/size]\n[requirement]获得制作第四级护甲和头盔的能力。",
"[size=""16""][NameSkill] 等级 4[/size]\n[requirement]获得制作第五级护甲和头盔的能力。",
工匠,
该角色打造的物品有一定几率具备一项特殊属性。,
"[color=""orange""][x]%[/color] 几率",
"[color=""orange""][x]%[/color] 几率",
"[color=""orange""][x]%[/color] 几率",
"[size=""16""][NameSkill] 等级 1[/size]\n[requirement][color=""lime""][x]%[/color] 几率赋予特殊属性。",
"[size=""16""][NameSkill] 等级 2[/size]\n[requirement][color=""lime""][x]%[/color] 几率赋予特殊属性。",
"[size=""16""][NameSkill] 等级 3[/size]\n[requirement][color=""lime""][x]%[/color] 几率赋予特殊属性。",
体质,
感染带来的恶化风险减半。,
"[size=""16""][NameSkill][/size]\n[requirement][DescriptionSkill]",
烹饪,
露营时，有一定几率为队伍提供增益。,
"[color=""orange""]+10%[/color] 几率获得[color=""yellow""]饱食[/color]效果，[color=""orange""]+[x]%[/color] 几率获得[color=""orange""][x1][/color]份口粮",
"[color=""orange""]+20%[/color] 几率获得[color=""yellow""]饱食[/color]效果，[color=""orange""]+[x]%[/color] 几率获得[color=""orange""][x1][/color]份口粮",
"[color=""orange""]+30%[/color] 几率触发 [color=""yellow""]饱食[/color] 效果，[color=""orange""]+[x]%[/color] 几率获得 [color=""orange""][x1][/color] 份口粮",
"[color=""orange""]+40%[/color] 几率触发 [color=""yellow""]饱食[/color] 效果，[color=""orange""]+[x]%[/color] 几率获得 [color=""orange""][x1][/color] 份口粮",
"[color=""orange""]+50%[/color] 几率触发 [color=""yellow""]饱食[/color] 效果，[color=""orange""]+[x]%[/color] 几率获得 [color=""orange""][x1][/color] 份口粮",
"[size=""16""][NameSkill] 等级 1[/size]\n[requirement][color=""lime""]+10%[/color] 几率触发 [color=""yellow""]饱食[/color] 效果，[color=""lime""]+[x]%[/color] 几率获得 [x1] 份口粮。",
"[size=""16""][NameSkill] 等级 2[/size]\n[requirement][color=""lime""]+20%[/color] 几率触发 [color=""yellow""]饱食[/color] 效果，[color=""lime""]+[x]%[/color] 几率获得 [x1] 份口粮。",
"[size=""16""][NameSkill] 等级 3[/size]\n[requirement][color=""lime""]+30%[/color] 几率触发 [color=""yellow""]饱食[/color] 效果，[color=""lime""]+[x]%[/color] 几率获得 [x1] 份口粮。",
"[size=""16""][NameSkill] 等级 4[/size]\n[requirement][color=""lime""]+40%[/color] 几率触发 [color=""yellow""]饱食[/color] 效果，[color=""lime""]+[x]%[/color] 几率获得 [x1] 份口粮。",
"[size=""16""][NameSkill] 等级 5[/size]\n[requirement][color=""lime""]+50%[/color] 几率触发 [color=""yellow""]饱食[/color] 效果，[color=""lime""]+[x]%[/color] 几率获得 [x1] 份口粮。",
锻造,
习得锻造武器的能力。,
"可锻造 [color=""orange""]第一级[/color] 武器",
"可锻造 [color=""orange""]第二级[/color] 武器",
"可锻造 [color=""orange""]第三级[/color] 武器",
"可锻造 [color=""orange""]第四级[/color] 武器",
"可锻造 [color=""orange""]第五级[/color] 武器",
"[size=""16""][NameSkill] 等级 1[/size]\n[requirement]习得锻造第一级武器的能力。",
"[size=""16""][NameSkill] 等级 2[/size]\n[requirement]习得锻造第二级武器的能力。",
"[size=""16""][NameSkill] 等级 3[/size]\n[requirement]习得锻造第三级武器的能力。",
"[size=""16""][NameSkill] 等级 4[/size]\n[requirement]习得锻造第四级武器的能力。",
"[size=""16""][NameSkill] 等级 5[/size]\n[requirement]习得锻造第五级武器的能力。",
外交,
解锁特殊对话选项。,
"解锁 [color=""orange""]外交 1[/color] 选项",
"解锁 [color=""orange""]外交 2[/color] 选项",
"解锁 [color=""orange""]外交 3[/color] 选项",
"解锁 [color=""orange""]外交 4[/color] 选项",
"解锁 [color=""orange""]外交 5[/color] 选项",
"[size=""16""][NameSkill] 等级 1[/size]\n[requirement]解锁特殊对话选项。",
"[size=""16""][NameSkill] 等级 2[/size]\n[requirement]解锁特殊对话选项。",
"[size=""16""][NameSkill] 等级 3[/size]\n[requirement]解锁特殊对话选项。",
"[size=""16""][NameSkill] 等级 4[/size]\n[requirement]解锁特殊对话选项。",
"[size=""16""][NameSkill] 等级 5[/size]\n[requirement]解锁特殊对话选项。",
守卫,
露营时，单次班次内提升营地安全度。,
"[color=""orange""]+[x]%[/color] 营地安全",
"[color=""orange""]+[x]%[/color] 营地安全",
"[color=""orange""]+[x]%[/color] 营地安全",
"[color=""orange""]+[x]%[/color] 营地安全",
"[color=""orange""]+[x]%[/color] 营地安全",
"[size=""16""][NameSkill] 等级 1[/size]\n[requirement][color=""lime""]+[x]%[/color] 露营期间安全度。",
"[size=""16""][NameSkill] 等级 2[/size]\n[requirement][color=""lime""]+[x]%[/color] 露营期间安全度。",
"[size=""16""][NameSkill] Rank 3[/size]\n[requirement]露营时安全度[color=""lime""]+[x]%[/color]。",
"[size=""16""][NameSkill] Rank 4[/size]\n[requirement]露营时安全度[color=""lime""]+[x]%[/color]。",
"[size=""16""][NameSkill] Rank 5[/size]\n[requirement]露营时安全度[color=""lime""]+[x]%[/color]。",
沉睡者,
露营时，你只需休息1个班次即可完全恢复精力。,
"[size=""16""][NameSkill][/size]\n[requirement][DescriptionSkill]",
狩猎,
提高狩猎成功率与带回的肉量。,
"带回[color=""orange""][x] - [x1][/color] [y]",
"带回[color=""orange""][x] - [x1][/color] [y]",
"带回[color=""orange""][x] - [x1][/color] [y]",
"带回[color=""orange""][x] - [x1][/color] [y]",
"带回[color=""orange""][x] - [x1][/color] [y]",
"[size=""16""][NameSkill] Rank 1[/size]\n露营时，带回[color=""lime""][x] - [x1][/color] [y]。",
"[size=""16""][NameSkill] Rank 2[/size]\n露营时，带回[color=""lime""][x] - [x1][/color] [y]。",
"[size=""16""][NameSkill] Rank 3[/size]\n露营时，带回[color=""lime""][x] - [x1][/color] [y]。",
"[size=""16""][NameSkill] Rank 4[/size]\n露营时，带回[color=""lime""][x] - [x1][/color] [y]。",
"[size=""16""][NameSkill] Rank 5[/size]\n露营时，带回[color=""lime""][x] - [x1][/color] [y]。",
腌制,
将肉转化为口粮。,
"将[color=""orange""][x][/color]份肉转化为口粮",
"将[color=""orange""][x][/color]份肉转化为口粮",
"将[color=""orange""][x][/color]份肉转化为口粮",
"将[color=""orange""][x][/color]份肉转化为口粮",
"将[color=""orange""][x][/color]份肉转化为口粮",
"[size=""16""][NameSkill] Rank 1[/size]\n[requirement]将[color=""lime""][x][/color]份肉转化为口粮。",
"[size=""16""][NameSkill] Rank 2[/size]\n[requirement]将[color=""lime""][x][/color]份肉转化为口粮。",
"[size=""16""][NameSkill] Rank 3[/size]\n[requirement]将[color=""lime""][x][/color]份肉转化为口粮。",
"[size=""16""][NameSkill] Rank 4[/size]\n[requirement]将[color=""lime""][x][/color]份肉转化为口粮。",
"[size=""16""][NameSkill] Rank 5[/size]\n[requirement]将[color=""lime""][x][/color]份肉转化为口粮。",
修理,
修理损坏物品时消耗更少资源，拆解时回收更多资源。,
"能够修理损坏的物品，拆解时获得[color=""orange""]+[y]%[/color]资源",
"资源消耗[color=""orange""]-[x]%[/color]，拆解时获得[color=""orange""]+[y]%[/color]资源",
"资源消耗[color=""orange""]-[x]%[/color]，拆解时获得[color=""orange""]+[y]%[/color]资源",
"资源消耗[color=""orange""]-[x]%[/color]，拆解时获得[color=""orange""]+[y]%[/color]资源",
"资源消耗[color=""orange""]-[x]%[/color]，拆解时获得[color=""orange""]+[y]%[/color]资源",
"[size=""16""][NameSkill] Rank 1[/size]\n[requirement]解锁修理损坏物品的能力。拆解物品时，多回收[y]%资源。",
"[size=""16""][NameSkill] Rank 2[/size]\n[requirement]修理时资源消耗减少[color=""lime""][x]%[/color]。拆解时，多回收[color=""lime""][y]%[/color]资源。",
"[size=""16""][NameSkill] Rank 3[/size]\n[requirement]修理时资源消耗减少[color=""lime""][x]%[/color]。拆解时，多回收[color=""lime""][y]%[/color]资源。",
"[size=""16""][NameSkill] 等级 4[/size]\n[requirement]修理物品时，资源消耗降低[color=""lime""][x]%[/color]。拆解物品时，回收资源量提升[color=""lime""][y]%[/color]。",
"[size=""16""][NameSkill] 等级 5[/size]\n[requirement]修理物品时，资源消耗降低[color=""lime""][x]%[/color]。拆解物品时，回收资源量提升[color=""lime""][y]%[/color]。",
侦察,
在战役地图扎营时，有几率发现资源。,
"[color=""orange""][x]%[/color]几率发现资源",
"[color=""orange""][x]%[/color]几率发现资源",
"[color=""orange""][x]%[/color]几率发现资源",
"[color=""orange""][x]%[/color]几率发现资源",
"[color=""orange""][x]%[/color]几率发现资源",
"[size=""16""][NameSkill] 等级 1[/size]\n[requirement][color=""lime""]+[x]%[/color]几率发现资源",
"[size=""16""][NameSkill] 等级 2[/size]\n[requirement][color=""lime""]+[x]%[/color]几率发现资源",
"[size=""16""][NameSkill] 等级 3[/size]\n[requirement][color=""lime""]+[x]%[/color]几率发现资源",
"[size=""16""][NameSkill] 等级 4[/size]\n[requirement][color=""lime""]+[x]%[/color]几率发现资源",
"[size=""16""][NameSkill] 等级 5[/size]\n[requirement][color=""lime""]+[x]%[/color]几率发现资源",
修补匠,
解锁制造新陷阱、投掷物与消耗品的能力。,
"制造[color=""orange""]第一级[/color]物品",
"制造[color=""orange""]第二级[/color]物品",
"制造[color=""orange""]第三级[/color]物品",
"制造[color=""orange""]第四级[/color]物品",
"制造[color=""orange""]第五级[/color]物品",
"[size=""16""][NameSkill] 等级 1[/size]\n[requirement]解锁可制造的第一级物品。",
"[size=""16""][NameSkill] 等级 2[/size]\n[requirement]解锁可制造的第二级物品。",
"[size=""16""][NameSkill] 等级 3[/size]\n[requirement]解锁可制造的第三级物品。",
"[size=""16""][NameSkill] 等级 4[/size]\n[requirement]解锁可制造的第四级物品。",
"[size=""16""][NameSkill] 等级 5[/size]\n[requirement]解锁可制造的第五级物品。",
肾上腺素瘾者,
"[color=""lightblue""]生命值[/color]低于20%时，获得[color=""lime""]+30%[/color] [color=""lightblue""]近战伤害[/color]。",
"生命值低于20%时，[color=""orange""]+30%[/color]近战伤害",
"[size=""16""][NameSkill][/size]\n[requirement][DescriptionSkill]",
复仇者,
"对曾使任意队友倒地的敌人，获得[color=""lime""]+10%[/color] [color=""lightblue""]伤害[/color]。",
"对使队友倒地的敌人，[color=""orange""]+10%[/color]伤害",
"[size=""16""][NameSkill][/size]\n[requirement][DescriptionSkill]",
背刺者,
"对[color=""yellow""]被骚扰[/color]的敌人，[color=""lime""]+20%[/color] [color=""lightblue""]伤害[/color]。",
"对被骚扰的敌人[color=""lime""]+20%[/color]伤害",
"[size=""16""][NameSkill][/size]\n[requirement][DescriptionSkill]",
嗜血,
"每次击杀后，获得[color=""lime""]+10%[/color]伤害，持续1回合。",
"击杀后，[color=""orange""]+10%[/color]伤害",
"[size=""16""][NameSkill][/size]\n[requirement][DescriptionSkill]",
闪避,
"敌人[color=""lightblue""]暴击率[/color]减半。",
"[color=""orange""]-50%[/color]敌人暴击率",
"[size=""16""][NameSkill][/size]\n[requirement][DescriptionSkill]",
规避,
"获得[color=""lime""]+5[/color]个百分点[color=""lightblue""]远程伤害减免[/color]。",
"[color=""orange""]+5[/color]远程伤害减免",
"[size=""16""][NameSkill][/size]\n[requirement][DescriptionSkill]",
击剑手,
"角色受到的[color=""lightblue""]侧翼伤害倍率[/color]降低[color=""lime""]15[/color]个百分点。",
"敌人[color=""lightblue""]侧翼伤害倍率[/color][color=""orange""]-15[/color]",
"[size=""16""][NameSkill][/size]\n[requirement][DescriptionSkill]",
幸运眷顾,
"为所有攻击赋予 [color=""lime""]+3[/color] 个百分点的 [color=""lightblue""]暴击率[/color]。",
"[color=""orange""]+3[/color] 暴击率",
"[size=""16""][NameSkill] 等级 1[/size]\n[requirement][DescriptionSkill]",
好患者,
"受到治疗和复活时，额外恢复 [color=""lime""]+20%[/color] 的 [color=""lightblue""]生命值[/color]。",
"治疗和复活效果 [color=""orange""]+20%[/color]",
"[size=""16""][NameSkill][/size]\n[requirement][DescriptionSkill]",
钢筋铁骨,
"获得 [color=""lime""]+10[/color] 点 [color=""lightblue""]生命值[/color] 上限。",
"[color=""orange""]+10[/color] 生命值",
"[size=""16""][NameSkill][/size]\n[requirement][DescriptionSkill]",
锐眼,
"所有攻击获得 [color=""lime""]+50%[/color] 的 [color=""lightblue""]护甲穿透[/color]。",
"[color=""orange""]+50%[/color] 护甲穿透",
"[size=""16""][NameSkill][/size]\n[requirement][DescriptionSkill]",
独狼,
"与最近的友军相距至少8格时，造成的 [color=""lightblue""]伤害[/color] 提高 [color=""lime""]10%[/color]。",
"距盟友8格以上时，[color=""orange""]+10%[/color] 伤害",
"[size=""16""][NameSkill][/size]\n[requirement][DescriptionSkill]",
低调,
将敌人以其为攻击目标的几率减半。,
"被选为目标的几率 [color=""orange""]-50%[/color]",
"[size=""16""][NameSkill][/size]\n[requirement][DescriptionSkill]",
夜猫子,
"夜间获得 [color=""lime""]+25[/color] 个百分点的 [color=""lightblue""]精神抗性[/color]。",
"夜间 [color=""orange""]+25[/color] 精神抗性",
"[size=""16""][NameSkill][/size]\n[requirement][DescriptionSkill]",
夜视,
消除夜间作战的精准度惩罚。,
不受黑暗带来的远程命中惩罚,
"[size=""16""][NameSkill][/size]\n[requirement][DescriptionSkill]",
敏捷,
"将护甲造成的 [color=""lightblue""]移动惩罚[/color] 降低 [color=""lime""]1[/color] 点，最低可降至0。",
"护甲移动惩罚 [color=""orange""]-1[/color]",
"[size=""16""][NameSkill][/size]\n[requirement][DescriptionSkill]",
机会主义者,
"发动 [color=""lightblue""]借机攻击[/color] 时，会一并给目标施加 [color=""yellow""]眩晕[/color] 效果。",
借机攻击可致目标眩晕,
"[size=""16""][NameSkill][/size]\n[requirement][DescriptionSkill]",
零距离射击,
"目标处于近战范围内时，对其发动的远程攻击 [color=""lightblue""]暴击率[/color] 为 [color=""lime""]100%[/color]。",
"近身射击时 [color=""orange""]100%[/color] 暴击",
"[size=""16""][NameSkill][/size]\n[requirement][DescriptionSkill]",
强力踢击,
"使用蹬开时，会一并给目标施加 [color=""yellow""]击倒[/color] 效果。",
蹬开可击倒目标,
"[size=""16""][NameSkill][/size]\n[requirement][DescriptionSkill]",
快步,
"不脱离战斗围绕敌人移动时，不会触发 [color=""lightblue""]借机攻击[/color]。",
绕敌移动不触发借机攻击,
"[size=""16""][NameSkill][/size]\n[requirement][DescriptionSkill]",
无情,
"普通攻击有 [color=""lime""]5%[/color] 的几率触发一次额外行动。",
"[color=""orange""]5%[/color] 几率获得额外攻击",
"[size=""16""][NameSkill][/size]\n[requirement][DescriptionSkill]",
性别歧视,
"对异性目标造成的 [color=""lightblue""]伤害[/color] 提高 [color=""lime""]10%[/color]。",
"对异性伤害 [color=""orange""]+10%[/color]",
"[size=""16""][NameSkill][/size]\n[requirement][DescriptionSkill]",
神射手,
"将瞄准射击所承受的 [color=""lightblue""]伤害[/color] 惩罚减半。",
瞄准射击的伤害惩罚减半,
"[size=""16""][NameSkill][/size]\n[requirement][DescriptionSkill]",
偷袭,
"将 [color=""lightblue""]夹击伤害倍率[/color] 提升 [color=""lime""]10[/color] 个百分点。",
"[color=""orange""]+10[/color] 夹击伤害倍率",
"[size=""16""][NameSkill][/size]\n[requirement][DescriptionSkill]",
稳定之手,
"打断攻击的 [color=""lightblue""]命中率[/color] 固定为 [color=""lime""]100%[/color]。",
"打断攻击时，[color=""orange""]100%[/color]命中率",
"[size=""16""][NameSkill][/size]\n[requirement][DescriptionSkill]",
石拳,
"徒手攻击获得[color=""lime""]+10[/color]点[color=""lightblue""]护甲穿透[/color]，并可杀死目标。",
"徒手攻击 [color=""orange""]+10[/color] 护甲穿透",
"[size=""16""][NameSkill][/size]\n[requirement][DescriptionSkill]",
大步,
"在战斗中，[color=""lime""]+1[/color] [color=""lightblue""]移动力[/color]。",
"[color=""orange""]+1[/color]移动力",
"[size=""16""][NameSkill][/size]\n[requirement][DescriptionSkill]",
厚皮,
"[color=""lightblue""]物理抗性[/color]提高 [color=""lime""]+10[/color] 个百分点。",
"[color=""orange""]+10[/color]物理抗性",
"[size=""16""][NameSkill][/size]\n[requirement][DescriptionSkill]",
稳步射击,
"远程攻击的[color=""lightblue""]命中率[/color]距离惩罚从每格6个百分点降至每格5个百分点。",
"每格距离命中率惩罚 [color=""orange""]-1[/color]",
"[size=""16""][NameSkill][/size]\n[requirement][DescriptionSkill]",
忠诚,
"角色位于塞恩的3格范围内时，其精神抗性为[color=""lime""]100%[/color]。",
"[size=""16""][NameSkill][/size]\n[requirement][DescriptionSkill]",
狼,
猛扑,
施加状态效果[StatusEffect]。,
狼潜行者,
嚎叫,
"除使用者以外，所有盟友恢复最多50点[color=""lightblue""]生命值[/color]。",
依偎,
"令一名[color=""yellow""]失去行动能力[/color]的盟友以满生命值重返战斗，但会触发借机攻击。",
狼母,
狼群首领,
猎犬,
战犬,
犬妖,
传奇坚韧,
"[color=""lightblue""]伤害减免[/color]提高 [color=""lime""]+20[/color] 个百分点。",
"[color=""orange""]+20[/color]伤害减免",
"[size=""16""][NameSkill][/size]\n[requirement][DescriptionSkill]",
陷阱,
激活[StatusEffect]，持续1回合。若角色移动，该效果便会消失。,
[NameAbility][action]\n[DescriptionAbility],
束缚中,
[DescriptionAbility],
[DescriptionAbility],
"[size=""16""][NameSkill] 等级 1[/size]\n[requirement]\n\n[color=""orange""][NameAbility][/color][action]\n[DescriptionAbility]",
[x]回合,
[x]回合,
直到战斗结束,
直到下次露营,
直到接受治疗,
[x]小时,
[x]小时,
[x]天,
[x]天,
永久,
"[color=""lightblue""][Resistance][/color];",
"[color=""yellow""][NameStatusEffect][/color] ([Resistance][color=""silver""][DescriptionStatusEffect][/color])",
"[size=""16""][NameStatusEffect][/size]\n[size=""12""]([color=""olive""][duration][/color])[/size]\n[color=""silver""][DescriptionStatusEffect][/color].",
"[color=""grey""][x] / [y][/color]",
"[size=""24""]探索[/size]",
"[size=""24""]露营[/size]",
"[size=""24""]修理[/size]",
"[size=""24""]修补[/size]",
"[size=""24""]家园[/size]",
"[size=""24""]装备[/size]",
"[size=""24""]技能[/size]",
"带有[color=""yellow""]金色铭牌[/color]的角色有话要对你说，点击他们即可交谈。",
留里克,
"你椅子上方的图标就是[color=""yellow""]任务标记[/color]。你可以在游戏设置中将其关闭，以获得更独立的游玩体验。金色任务标记表示强制性目标。",
与其他塞恩交谈并非强制，银色任务标记标示的是可选目标。当你想继续前进时，只需点击自己的椅子坐下即可。,
"既然你已经取回武器，就该装备起来了。点击[color=""yellow""]物品栏[/color]图标，打开物品栏并装备你的物品。",
你身上所有未装备的物品都会显示在这里。使用滚动窗口上方的按钮，即可筛选想查看的物品类型。,
把物品拖入这些栏位即可装备，特定物品对应特定栏位。你也可以双击物品，将它自动装备到正确栏位。,
每位角色可以携带两组武器，并能在战斗中随时切换。点击此按钮即可选择哪套武器为主武器组。,
物品栏还会显示角色的其他实用信息。在这里，你可以看到角色的主要属性、当前士气，以及是否有任何伤势。,
此界面显示角色的主要属性、衍生属性与技能。当你获得技能点时，便是在此处消耗点数购买技能。,
所有这些属性都由你的主要属性衍生而来，并受你的技能、装备以及任何持续状态效果修正。将鼠标悬停在各项属性上，即可了解其来源与作用。,
使用这些按钮来切换五个不同的技能类别。点击某个技能，即可查看其效果以及是否会解锁能力。若未满足技能要求，图标会呈灰色显示。,
要升级技能，点击其图标，如果你有足够的技能点，再按下此按钮。按钮左侧除了你的总技能点外，还会显示你有多少未使用的点数。,
要将技能升到第3级及以上，你必须总共花费至少100点技能点。升至第4级需要消耗175点，第5级需要250点。部分技能还会根据主要属性或角色国籍，提出进一步要求。,
记得偶尔查看此界面，确认是否已攒够点数，来解锁你想要的新技能。技能点只能通过完成任务和找到石冢获得。,
在此界面，你可以为家园安排升级。向下滚动列表，将鼠标悬停在各个图标上，即可查看该升级项目的作用。,
有些升级存在多条互斥的发展路线。例如，首次升级长屋时，你必须在蜜酒厅与要塞之间做出抉择。一旦决定，便无法更改。,
这些图标分别显示你的繁荣度与实力。大部分家园升级都会提升其中一项。你在故事中做出的一些抉择，也会改变这些数值。,
你的繁荣度与实力终将影响游戏结局，请明智抉择！,
建造升级耗时。指派奴仆参与升级，可以加快建造速度。你将永远无法收回这些奴仆，但若没有他们的帮助，你恐怕无法在游戏结束前完成所有升级。,
点击罗盘玫瑰打开区域地图。地图会展示该区域的布局，标出兴趣点以及你当前的位置。,
"在探索世界时，你会遭遇可搜刮或互动的物件。其中一些有时会刻意隐藏。要查看可互动的物件，请按住[color=""yellow""]高亮显示全部[/color]按钮。",
当你准备离开当前区域时，点击区域地图按钮，找到最近的战役地图过渡点。,
此图标代表一个战役地图过渡点。前往那里即可离开当前区域，进入战役地图。,
贸易,
此处就是你交易资源的地方。首先，选择你要卖出的资源与要买入的资源，然后拖动滑块设定数量即可。,
资源的需求取决于商人的供应量。出售需求旺盛的资源，你能获得更优价格。,
价格也取决于商人本身，有些商人的售价更贵，有些则更划算。这还会进一步受到你与该商人所属阵营声望的影响。,
战役地图,
这便是战役地图，你将在已知地点间旅行。新地点在其图标的左下角标有记号，如上图所示。,
地点提示信息会显示名称，以及前往那里所需的时间。长途旅行可能需要你在途中扎营，以免疲劳和饥饿。,
悬停在营地上会显示该营地的安全性、庇护程度和食物丰裕度，各有不同的好处。最便利的营地往往已被占据，你需要攻占它们才能扎营。请谨慎选择。,
要开始旅程，可以点击一个地点规划路径，并按空格键开始或暂停移动；也可以直接双击地点开始移动。,
旅行,
你的队伍会自动规划出前往目标地点的最快路径。系统会优先选择道路，因为沿路而行比在其他地形上快50%。旅行途中随时可能触发随机事件，沿路行进时触发概率略高。,
这些图标会沿路径显示，指示某些事件的发生时机：日落、日出，或某位队员何时会疲劳。将鼠标悬停其上即可查看其含义，每个疲劳图标的提示信息都会说明涉及的角色。,
一旦有人疲劳或开始挨饿，便会显示在这里。此窗口还会显示队伍的平均士气。务必留意，以判断何时需要扎营。,
时间线,
"规划行程时，请留意这条时间线。它显示你当前的[color=""red""]最终期限[/color]，并直观地展示已经流逝了多少时间。",
你大约有一个月的时间筹备远征，逾期将功亏一篑——一旦时间耗尽，游戏便会提前落幕。通常，光阴只在旅途或扎营时悄然流逝。每次扎营，便是半日时光逝去（12小时）。仅在极个别情境下，重大剧情抉择或突发事件，才会推动时间之轮。,
"当你扬帆驶向不列颠，光阴将瞬间流转至春天，届时你会得到一个更为宽裕的新时限。在触发这次时间飞跃之前,不妨斟酌在家园中启动一项旷日持久的建设工程。",
欢迎来到你的营地。此地是疗愈伤势、打造器物与装备之所。当角色有心事欲与你倾诉时，他们便会趁着夜色幽静时前来搭话。,
这便是你的待办列表。每逢扎营，你必得确保诸事周全：人人得以安歇，人人餐食无忧，破损的器物悉数修复，负伤的侍卫皆受诊治。与此同时，还得确保营地固若金汤，守卫森严。,
先从为大家分配口粮开始。你的侍卫们无论是吃耐存的口粮还是新鲜的肉食，都同样满心欢喜，但切记：肉类若不及时食用或腌制处理，便会迅速腐坏。倘若角色无食果腹，士气便会陡降。,
每个长夜划分为四个班次，你可在每个班次为麾下每位侍卫指派一项差事。现在，尝试分派不同的任务吧，新的教学窗口会逐一详解各项任务的门道。注意：某些特定任务仅于特定班次中方可执行。,
当你对排兵布阵已了然于胸，便点击“扎营”，让众人各司其职，奔赴各自的活计。若你中途变卦，“离开营地”的按钮随时能让你抽身退回战役地图。,
休憩是预设的默认任务。若想驱散疲乏，你应确保每位侍卫获得两个班次的充足休息，不过，这两个班次不必非得连轴紧挨着。,
若有侍卫疲惫力竭，其头像上便会有此显示。在诸多能侵蚀角色的负面状态中，疲劳堪称最毒辣的一种。它会巨幅削弱每一项属性，进而在战斗中引发一连串灾难性的连锁反应。,
营地的安全等级于此处显示。该数字愈高，你受突袭或痛失物资的可能性便愈渺茫。,
整体的“守卫”分值，昭示着你在不安全的险境扎营时，能否成功御敌于外、防贼于内的机会所在。你的目标是，在每个班次中都凑足合计5级的守卫技能。\n\n[i]譬如：在一个班次中，指派出1名守卫技能5级的侍卫，或是安排1名守卫2级与另一名守卫3级的侍卫搭档。[/i],
为方便你运筹帷幄，每个班次的独立评分也悉数陈列于此。凭借这些数字，你便可准确判断，究竟是哪个班次拖累了你的整体安全大局。,
"[size=""24""]狩猎[/size]",
狩猎分数，代表你指派的猎手在下次扎营前，有望带回足量肉食以满足所有人饱腹之需的概率。,
若要达到最高的成功几率，狩猎一事，只需在全部四个班次中，达到合计5级的狩猎技能即可。,
狩猎是让众人都能填饱肚子，而无须挪用储备口粮的上佳之策，只是此法会消耗所在地的野生食物存量。,
侦察分值，昭示着在营地周边周遭有何玄机与秘闻被发掘的几率。这些蛛丝马迹，事后皆可在战役地图上探寻。,
烹饪能为你麾下的每位侍卫博得一个进入“饱食”状态的契机，在随后的十二时辰里，为之带来耐力与感知的双重增益。,
烹饪这一差事，仅限于头一个班次中进行，且每日仅可委派一名侍卫掌勺。掌勺者的烹饪技能越是精湛，博得额外增益的契机便越大。,
腌制，乃是将未曾分配给侍卫的生鲜肉食统统转化为耐存口粮的手段。此法益处颇多，因为与鲜肉殊异的是，口粮可长存永固，万世不腐。,
这个分值所显示的，是最终可获得的耐存口粮总数。每个班次，一名侍卫皆可凭借其每1级“腌制”技能，将1个单位的鲜肉点化为口粮。,
离开营地前悉心“清洁”，可保该营地安全评级不因你此番叨扰而有所衰减。若你走后徒留一片狼藉，那每次重返故地，营地的守卫难度便会如雪球般愈滚愈大。,
原因不言自明，“清洁”这项差事你只可安排在一天中的最末一个班次。而且，只需派出一名侍卫站好这一班清洁岗，便足以规避安全评级的折损。,
所谓巫术，乃化腐朽为神奇之法，能将普普通通的药草炼制成治病救人的药品，用以诊疗受伤的侍卫。药草本身别无大用，派不上旁的用场（当然，若要沏上一壶香茗热茶，那便另当别论了）。,
这个分值所显示的，是最终可炼得的药品总数。每个班次，一名侍卫皆可凭借其每1级“巫术”技能，将1个单位的药草升华为药品。,
倘若你一时间无所适从，大可随时点击“自动分配”按钮，让一切尽在掌控。自动分配会优先倾力拉升你的守卫与狩猎分值，而后依次是腌制、清洁、烹饪，最终才轮到侦察。,
自动分配是一个很好的起点，但如果你想锻造、修理、治疗或捣鼓些小玩意儿，就得亲自安排这些任务了。,
任务现已指派给一名角色，将在你“扎营”时执行。若想修改，随时可以点击省略号（...）按钮，重新打开设置界面。,
"[size=""24""]锻造[/size]",
这是锻造菜单。锻造能将回收物化为武器，或将兽皮制成护甲。,
这些是负责锻造的侍卫的技能。技能等级决定了你可制造物品的最高层级，而层级又决定了每种武器的总资源上限。,
首先，选择你想锻造的物品类型。只有掌握了护甲锻造技能，你才能制造护甲和头盔。,
每类物品都有一套属性，可通过投入回收物或兽皮来提升。金色圆环代表基于你技能所能达到的最大值。若资源不足以提升某项属性，圆环将变为红色。,
要在一项属性上投入资源，可使用上下箭头，或直接点击金色圆环。提升一项属性时，其他属性的最大值将相应降低，以确保总消耗不超出你技能等级所限定的总资源上限。,
在这里，你可以预览即将打造的物品——确认后，这件物品便会加入你的物品栏。,
物品的耐久度是其整体品质的直观体现。每消耗一单位回收物或兽皮，成品便拥有一点耐久度。,
对物品满意后，点击此处确认。若改变主意，只需关闭窗口即可取消。,
这是修理菜单。这大概是整个游戏里唯一一个简洁明了的菜单了——好好珍惜吧。在这里，你可以选择本班次内想要修理的武器。可修理的物品数量，只取决于你手头有多少可用资源。,
这是工匠菜单，你的侍卫可以在这里使用制作资源，打造投掷物、消耗品或战斗中使用的陷阱。,
工匠技能每提升一级，便会解锁新的物品。想了解某个物品的用途，只需将鼠标悬停在其图标上，阅读提示信息即可。,
只要你技能足够，且资源充足，只需点击该物品，然后按下“制造物品”按钮即可。,
"[size=""24""]治疗[/size]",
这是伤检分类菜单，你可以在此治疗你的侍卫们所受的伤。任何掌握治疗技能之人都可进行治疗，但治疗等级越高，所需药物越少。一位治疗者每个班次只能治疗一处伤势。,
这里显示了伤员及其伤势的恶化风险，以及该伤势对伤员造成的惩罚。利用这些信息，决定伤员的治疗优先级。,
一名伤员可能同时身负数处伤势。此时，请点击你想治疗的那一处伤势。放任伤势不管，它便会恶化。到最后，哪怕是最轻微的伤，也可能严重到足以致命。,
每处伤势都清晰列出了所需的治疗药品费用及其造成的惩罚。综合所有这些信息，来决定优先治疗哪些伤势。,
这是执行你今天安排的所有治疗后所需的总费用。括号中的数字，前者是未经调整的基础费用，后者则是执行治疗的侍卫所具备的治疗技能带来的百分比加成。,
"[size=""24""]战斗[/size]",
战斗是游戏的核心环节。战败未必意味着游戏结束，你通常可以继续，而且剧情在某些情况下还会因此发生变化。,
战斗中，盟友脚下会浮现蓝色格子，敌人脚下则是红色格子。你可以直接点击角色本身或其头像，来选中自己及被称为侍卫的战士们。,
当光标移至敌人身上变为剑或弓的图标时，点击即可发动默认攻击。,
除了普通攻击，也别忘了动用角色的技能。当技能的使用条件不满足时，它会显示为灰色。将鼠标悬停在技能图标上，就能看到其用法和效果的详细说明。,
"[size=""24""]突袭轮[/size]",
在这场遭遇中，敌人抢先一步。但在天下大乱之前，你仍有机会重新部署你的侍卫。利用这个回合寻找掩体以躲避弓箭手，并让你脆弱的角色躲到防御者身后。,
"[size=""24""]行动与移动[/size]",
每个角色脚下的圆环便是他们的行动环，其状态与头像底部的光点相对应。内环表示角色是否仍可进行攻击行动，外环则显示了角色当前可用的移动类型。,
"当行动环的外圈是[color=""green""]绿色[/color]、内圈是[color=""red""]红色[/color]时，意味着你可以在[color=""green""]绿色[/color]区域内移动后，仍有能力发动攻击；或者，你也可以选择消耗本次攻击行动，转而全力移动，直达[color=""yellow""]黄色[/color]区域的边界。",
"当行动环的外圈是[color=""yellow""]黄色[/color]、内圈是[color=""red""]红色[/color]时，意味着你既可选择从原地直接攻击，也可将攻击行动转换为额外的移动力，最远可冲刺至[color=""yellow""]黄色[/color]区域的边界。",
"当外圈为[color=""yellow""]黄色[/color]而内圈为[color=""grey""]灰色[/color]时，意味着你已用尽攻击行动，但仍保留移动力，可以移动到[color=""yellow""]黄色[/color]区域的边界。",
"如果内环和外环皆为[color=""grey""]灰色[/color]，意味着该角色已精疲力竭，既无法攻击也无力移动了。",
"[size=""24""]命令与信息[/size]",
战斗中，你可以任意调遣你的角色，没有固定顺序。譬如，你可以让一名远程角色向敌人移动几格，放箭射击，然后再撤回原地。,
将鼠标悬停在自己的侍卫或敌人上方，便可查看其基本信息。其中包括他们的伤害值、你将对其造成的伤害、生命值、各项抗性等等。,
"[size=""24""]格挡[/size]",
"刚才的一次攻击被格挡了。这意味着伤害并未作用于目标本身，而是由盾牌接下了这一击。盾牌品质越好，能吸收的近战伤害就越多。吸收量通过[color=""yellow""]黄色[/color]生命条上方的那段[color=""lightblue""]蓝色[/color]指示条来体现。请注意，远程攻击无法损耗盾牌！",
当盾牌的吸收量归零时，它便再也无法抵挡伤害。不过，与角色的生命值一样，战斗结束后盾牌会自动修复，下一场战斗照用不误。,
"[size=""24""]状态效果[/size]",
角色身上的所有状态效果，都会显示在生命条上方。这些效果持续时间各异，短则几个回合，长则数小时（游戏内时间）——有些甚至会是永久性的。,
"""疲劳""是一种颇为严酷的状态效果，只要角色没能歇过气来，它就会如影随形。在露营时休息能驱散疲劳，效果将持续等同于角色体力值所支撑的时间。所以，要是预感将有一战，务必让所有人都休息妥当。",
欲进一步了解状态效果，只需点击信息按钮，再点击你想细察的角色（无论敌友）即可。,
"[size=""24""]掩体[/size]",
一名角色刚刚进入了掩体。掩体分为高掩体和低掩体两种，其防护效果通过浮现在相应格子旁的盾牌图标来直观展示。,
掩体的防护机制是绝对的——绝无半吊子的部分掩体：你要么在掩体之后，要么不在。掩体会为你挡下来自它所面对方向的所有远程攻击。,
蹲在低掩体后的角色会自动起身进行射击，但如果敌人摸到了他们身边，也不得不被迫站起。对于高掩体，即使角色站立，它依然能提供庇护，但你必须移动位置，才能攻击掩体另一侧的敌人。,
"[size=""24""]夹击[/size]",
你刚刚对一个敌人形成了夹击。这能让参与夹击的两名角色在对该敌人造成伤害时获得额外加成。请注意，夹击效果仅在两方角色位于敌人完全相对的侧面时才会触发。,
夹击带来的额外伤害，在伤害减免计算之前就已计入，但在伤害减免扣除之后才实际结算。这使其成为对付那些重甲敌人的不二法宝。,
"[size=""24""]借机攻击[/size]",
在战场上纵横驰骋时，千万留神你途经或脱离敌人的方式，一不留神，他们就会趁机对你的侍卫狠咬一口。,
一旦你移动经过敌人紧邻的格子，或是试图离开他们的近战范围，都会立刻触发一次借机攻击。每个角色每回合最多只能发起一次借机攻击。,
当你将鼠标悬停于角色准备移入的格子之上时，所经之路上将会触发的所有借机攻击，都会通过上方的图示清晰地标记出来。,
"[size=""24""]失去行动能力[/size]",
一名敌人刚刚倒下了。这一幕在战场上屡见不鲜，无论是对你还是敌人而言。当侍卫失去行动能力时，可在战斗中设法救起他们，也可让他们暂时倒地，直至整场战斗结束。只要战斗一结束，失去行动能力的侍卫便会自行挣扎起身。,
敌人若被杀死，其脚下的红色方格会随之消失；而仅仅失去行动能力的角色，则还会在地上痛苦地扭动。,
如果你任由一名侍卫一直处于失去行动能力的状态，他们就可能受伤。倒下的时间越久，伤势就可能越重。尽力让所有人都能屹立不倒，但也得接受，战斗中受伤是家常便饭。,
"[size=""24""]非致命模式[/size]",
你刚刚启用了非致命模式。在此模式下，敌人只会失去行动能力，而不会死亡，但你的所有侍卫都无法发动暴击。,
如果你想确保某个特定敌人活下来，非致命模式就派得上用场。一名角色的生死可能改写故事走向，有些任务也会要求你留活口。,
"[size=""24""]详细信息[/size]",
要查看友方或敌方更详细的信息，请在激活信息按钮后点击该角色。,
详细信息窗口会展示该角色所有可用的技能、拥有的被动技能，以及主要与次要属性。,
选中一名侍卫后，你可以将技能拖放到想要的栏位，来重新排列或更换其技能栏中的技能。,
在此处，你可以切换不同的额外技能栏。如果某个角色的技能数量超过了10个栏位的上限，这些额外技能栏就能派上用场。只需切换到另一个技能栏，像平时一样拖放即可。,
"[size=""24""]敌方指挥官[/size]",
你已在此次战斗中制伏了敌方指挥官。指挥官可以通过其生命条旁边的特殊图标来识别。只要指挥官还屹立不倒，所有敌人都会获得巨大的士气加成，一旦指挥官倒下，这个加成便会消失。,
"[size=""24""]战斗结果[/size]",
每当战斗结束，你都会看到这个界面，里面包含几项关键信息。,
如果有人在战斗中受伤，所有新增的伤势都会在此列出。这些伤势需要在你下次扎营时进行治疗。,
此处会显示你的侍卫们当前装备的所有物品。如果你在战斗中使用了任何物品，也会一并显示在此。,
此处会列出每个角色装备的所有物品。凡是在战斗中损失了耐久度的物品，都会用红色箭头标示。,
