key,原文,译文
Root/MainMenuTitle,Expeditions: Viking,
Root/MainMenu,Main Menu,
Root/PauseMenu,Pause Menu,
Root/NewGame,New Game,
Root/ContinueGame,Continue,
Root/SaveGame,Save Game,
Root/LoadGame,Load Game,
Root/Codex,Codex,
Root/Credits,Credits,
Root/QuitGame,Quit Game,
Root/ReallyQuitGame,Do you really want to quit the game?,
Root/Options,Options,
Root/LoadingTitle,LOADING,
Root/Back,Back,
Root/ChangelogHeadline,Changelog,
Root/SaveLoadButtonLoad,Load,
Root/SaveLoadButtonSave,Save,
Root/SaveLoadButtonCreateNew,Create New,
Root/SaveLoadButtonOverwrite,Overwrite,
Root/SaveLoadPromptOverwriteTitle,Confirm overwrite,
Root/SaveLoadPromptOverwriteDescription,"Are you sure you want to overwrite the save game [color=""orange""][name][/color]?",
Root/SaveLoadPromptLoadUnsavedTitle,Confirm load,
Root/SaveLoadPromptLoadUnsavedDescription,Are you sure you want to load a game? Any unsaved progress will be lost.,
Root/SaveLoadPromptDeleteTitle,Confirm Deletion,
Root/SaveLoadPromptDeleteDescription,Are you sure you want to delete this save?,
Root/SaveLoadPrefixAutosave,Autosave [x]:,
Root/SaveLoadPrefixQuicksave,Quicksave:,
Root/SaveLoadSaveGameGrammar,[prefix][questname] ([firstname]),
Root/SaveLoadNoActiveQuest,No active quest,
Root/SaveLoadPlayerMessageGameSaving,Saving Game...,
Root/SaveLoadPlayerMessageGameSaved,"[color=""green""]Game saved succesfully.[/color]",
Root/SaveLoadPlayerMessageGameLoadFail,"[color=""red""]Game failed to load:[/color] [error]",
Root/SaveLoadCreateNewOrOverwrite,Create a new save game or select one below,
Root/OptionsTitleControls,Controls,
Root/OptionsTitleMisc,Miscellaneous,
Root/OptionsTitleDifficulty,Difficulty,
Root/OptionsTitleVideo,Video,
Root/OptionsTitleAudio,Audio,
Root/OptionsControlsCRPGStyle,CRPG Style,
Root/OptionsControlsRTSStyle,RTS Style,
Root/OptionsControlsSelectInteract,Select &\nInteract,
Root/OptionsControlsSelectPan,Select\n& Pan,
Root/OptionsControlsInteract,Interact,
Root/OptionsControlsRotate,Rotate,
Root/OptionsControlsPan,Pan,
Root/OptionsControlsAction,Action,
Root/OptionsControlsInput1,Input 1,
Root/OptionsControlsInput2,Input 2,
Root/OptionsControlsKeyBindings,Key Bindings,
Root/OptionsMiscGameLanguageEnglish,English,
Root/OptionsMiscGameLanguageEnglishNorse,English (Norse Names),
Root/OptionsMiscGameLanguageSpanish,Español,
Root/OptionsMiscGameLanguageItalian,Italiano,
Root/OptionsMiscGameLanguageGerman,Deutsch,
Root/OptionsMiscGameLanguageFrench,Français,
Root/OptionsMiscGameLanguageRussian,Русский,
Root/OptionsMiscGameLanguagePolish,Polski,
Root/OptionsMiscGameLanguageCzech,Čeština,
Root/OptionsMiscGameLanguageDanish,Dansk,
Root/OptionsMiscGoalMarkersNone,Hide markers,
Root/OptionsMiscGoalMarkersShowAll,Always show markers,
Root/OptionsMiscGoalMarkersNotInScene,Only area transitions,
Root/OptionsControlsClearKeyBindings,Clear all,
Root/OptionsMiscDisplayTutorials,Display Tutorials,
Root/OptionsMiscDisplayTutorialsTooltip,"Turn off tutorials. Unless you have played the game before, we recommend leaving this on.",
Root/OptionsMiscGoalMarkers,Display Goal Markers,
Root/OptionsMiscGoalMarkersTooltip,"Goal markers point the way to your active quest goals. For a more unguided experience, try turning them off. As a compromise, choose ""Only area transitions"" to show only markers pointing to doors and campaign map transitions.",
Root/OptionsMiscHexes,Display Hexes,
Root/OptionsMiscHexesTooltip,Toggles the filler hexes on/off. The movement radii will remain unaffected.,
Root/OptionsMiscLanguage,Language,
Root/OptionsMiscEdgePanning,Edge Panning,
Root/OptionsMiscEdgePanningTooltip,Toggles whether you can pan the camera around by moving your mouse to the edges of the screen.,
Root/OptionsMiscCombatSpeed,Combat Speed,
Root/OptionsMiscCombatSpeedTooltip,Changes the speed of animations during combat.,
Root/OptionsMiscCombatCameraAll,All,
Root/OptionsMiscCombatCameraEnemyOnly,Enemy turn only,
Root/OptionsMiscCombatCameraMinimal,Minimal,
Root/OptionsMiscCombatCamera,Combat Camera Autonomy,
Root/OptionsMiscCombatCameraTooltip,"This determines how automated camera movement is during combat. If set to Minimal, the camera will rarely move itself.",
Root/OptionsMiscCameraTiltAngle,Free-tilt Camera,
Root/OptionsMiscCameraTiltAngleTooltip,"Enable for a mouse-controlled camera tilt. If disabled, you can specify tilt angle below.",
Root/OptionsMiscCameraTiltAngleValue,Fixed tilt angle,
Root/OptionsMiscCameraTiltAngleValueTooltip,"If Free-tilt Camera is disabled, this slider defines a fixed tilt angle.",
Root/OptionsMiscTextSize,Text Size,
Root/OptionsMiscTextSizeTooltip,Changes the text size during dialogue.,
Root/OptionsMiscGore,Blood and Dismemberment,
Root/OptionsMiscGoreTooltip,"Toggles blood splatter when characters are hit, as well as dismemberment when characters die.",
Root/OptionsMiscHelmets,Show Helmets,
Root/OptionsMiscHelmetsTooltip,"Toggles whether or not helmets are visible when equipped. Helmets retain their effects, even if hidden.",
Root/OptionsDifficultyPreset,Preset,
Root/OptionsDifficultyPresetChange,Change,
Root/OptionsDifficultyPresetEasy,Leifr Eiriksson (Easy),
Root/OptionsDifficultyPresetMedium,Ivarr Beinlausi (Medium),
Root/OptionsDifficultyPresetHard,Ragnarr Lodbrok (Hard),
Root/OptionsDifficultyPresetInsane,Eirikr Blodøx (Insane),
Root/OptionsDifficultyPresetEasyDescription,"Leifr ""the Lucky"" was an Icelandic explorer who discovered North America. Though his successors' attempts to settle went poorly, Leifr's own expeditions were highly successful and peaceful. If you choose this setting, luck will favour your expedition as well.",
Root/OptionsDifficultyPresetMediumDescription,"Ivarr ""the Boneless"" was one of the leaders of the Great Heathen Army that invaded Britain in the late 9th century. If you pick this setting, you may face major challenges, but you are likely to prevail in the end.",
Root/OptionsDifficultyPresetHardDescription,"Ragnarr ""Shaggy-Breeches"" was a legendary Viking who raided and blackmailed France and England. He won power and wealth, but ultimately met a bloody death at the hands of his enemies. You will be met with great resistance, but your victory will be all the sweeter for it.",
Root/OptionsDifficultyPresetInsaneDescription,"Eirikr ""Bloodaxe"" was a Norwegian raider who briefly ruled Northumbria in the 10th century before he was betrayed and killed. You will find no mercy. Your enemies will be relentless and your trials numerous. Gruelling defeat is the most likely outcome.",
Root/OptionsDifficultyCustom,Custom Difficulty Settings,
Root/OptionsDifficultyKarma,Karma Thresholds,
Root/OptionsDifficultyKarmaTooltip,"Karma controls the triggering of random events. A lower setting prevents bad things from happening to you when you're already down on your luck. On higher settings, all bets are off.",
Root/OptionsDifficultyWorldResources,World Resources,
Root/OptionsDifficultyWorldResourcesTooltip,"Controls purely many resources you find in chests, barrels, sacks, etc. Does not modify equipment tiers or item drops.",
Root/OptionsDifficultyInjuryProbabilities,Injury Probabilities,
Root/OptionsDifficultyInjuryProbabilitiesTooltip,Controls how likely characters are to get injured when incapacitated.,
Root/OptionsDifficultyHirdsmenDamage,Friendly Damage,
Root/OptionsDifficultyHirdsmenDamageTooltip,Modifies how much damage your characters deal.,
Root/OptionsDifficultyEnemyDamage,Enemy Damage,
Root/OptionsDifficultyEnemyDamageTooltip,Modifies how much damage your enemies deal.,
Root/OptionsDifficultyItemDegradation,Item Degradation Chance,
Root/OptionsDifficultyItemDegradationTooltip,Controls the likelihood of your items losing salvage when enemies land critical hits.,
Root/OptionsDifficultyEnemyIntelligence,Enemy Intelligence,
Root/OptionsDifficultyEnemyIntelligenceTooltip,Controls how likely enemies are to make mistakes and how much they favour optimal strategies.,
Root/OptionsDifficultyEnemyEquipment,Enemy Equipment,
Root/OptionsDifficultyEnemyEquipmentTooltip,Determines how well equipped your enemies will be. Higher settings will upgrade certain types of equipment by 1 tier.,
Root/OptionsDifficultyMoreEnemies,More Enemies,
Root/OptionsDifficultyMoreEnemiesTooltip,"Adds more enemies throughout the game. The number of added enemies depends on the situation, and not all encounters will be modified. This will raise the difficulty quite significantly.",
Root/OptionsDifficultyCombatDeath,Combat Death,
Root/OptionsDifficultyCombatDeathTooltip,Controls whether or not characters can die outright if they spend too many turns incapacitated in combat.,
Root/OptionsDifficultyIronMan,Iron Man,
Root/OptionsDifficultyIronManTooltip,Allows only one save game. Activate this at your own risk!,
Root/OptionsVideoPreset,Preset,
Root/OptionsVideoPresetVeryLow,Very Low,
Root/OptionsVideoPresetLow,Low,
Root/OptionsVideoPresetMedium,Medium,
Root/OptionsVideoPresetHigh,High,
Root/OptionsVideoPresetVeryHigh,Very High,
Root/OptionsVideoResolution,Resolution,
Root/OptionsVideoFullscreen,Fullscreen,
Root/OptionsVideoVSync,V-Sync,
Root/OptionsVideoUIScaling,UI Scale,
Root/OptionsVideoUIScalingTooltip,Increase the size of the UI if you're playing with high resolution on a small monitor. Some icons will look pixellated if you change this.,
Root/OptionsVideoCustom,Custom Video Settings,
Root/OptionsVideoFramerateLimit,Framerate Limit,
Root/OptionsVideoFramerateLimitTooltip,"If your video card is getting suspiciously hot, lower this limit. Only works if VSync is off.",
Root/OptionsVideoTextureQuality,Texture Quality,
Root/OptionsVideoTextureQualityTooltip,Lowers the texture resolution.,
Root/OptionsVideoCharacterDetail,Character Detail,
Root/OptionsVideoCharacterDetailTooltip,Switches between low-poly and high-poly character models. Will take effect on the next level transition.,
Root/OptionsVideoShadowQuality,Shadow Quality,
Root/OptionsVideoShadowQualityTooltip,Determines the resolution and distance of the shadows.,
Root/OptionsVideoAA,Anti-Aliasing,
Root/OptionsVideoAATooltip,"Determines which method the game uses for smoothing edges. SMAA should work well for most players. SSAA looks better, but is highly demanding.",
Root/OptionsVideoFoliage,Foliage,
Root/OptionsVideoFoliageTooltip,Sets the amount of grass and plants in scenes. Does not affect trees.,
Root/OptionsVideoSSAO,Ambient Occlusion,
Root/OptionsVideoSSAOTooltip,"Toggles Screen Space Ambient Occlusion, which darkens corners where objects meet. Enhances visual contrast, but heavy on performance.",
Root/OptionsVideoTerrainQuality,Terrain Quality,
Root/OptionsVideoTerrainQualityTooltip,High: terrain will have parallax effects. Low: terrain will look more flat.,
Root/OptionsVideoPixelLightCount,Pixel Light Count,
Root/OptionsVideoPixelLightCountTooltip,Determines the quality of the lighting that affects particles and water.,
Root/OptionsVideoAnisotropicTextures,Anisotropic Textures,
Root/OptionsVideoAnisotropicTexturesTooltip,"Controls anisotropic filtering, which is mostly noticable during camping.",
Root/OptionsVideoAnimationQuality,Animation Quality,
Root/OptionsVideoAnimationQualityTooltip,Affects the smoothness with which the game blends between character animations.,
Root/OptionsVideoWorldDetail,World Detail,
Root/OptionsVideoWorldDetailTooltip,"Adjusts the detail level of certain objects. On lower settings, some objects disappear entirely.",
Root/OptionsVideoDisplacement,Displacement,
Root/OptionsVideoDisplacementTooltip,"Enables shader-animation for water, banners, and certain cloth surfaces. This feature only works on DirectX 11-compatible graphics cards. If you're seeing missing surfaces or pink objects, try disabling this option.",
Root/OptionsVideoReflectionProbes,Reflection probes,
Root/OptionsVideoReflectionProbesTooltip,"[color=""red""]Will take effect on level transition.[/color]\nEnables scene reflections in materials. Is not supported on certain video cards, especially integrated or outdated cards. Try disabling this if you are experiencing crashes during in-game time changes (such as the time-lapse during camping) or on loading screens.",
Root/OptionsVideoBloom,Bloom,
Root/OptionsVideoBloomTooltip,Toggles bloom around bright areas.,
Root/OptionsVideoHDR,HDR,
Root/OptionsVideoHDRTooltip,"Toggles High Dynamic Range on the overall image. On low-end machines, it can have a noticeable impact, but will make certain areas darker/brighter.",
Root/OptionsVideoDepthOfField,Depth of Field,
Root/OptionsVideoDepthOfFieldTooltip,Toggles the blur during camping and certain scenes with a lot of verticality.,
Root/OptionsAudioMasterVolume,Master Volume,
Root/OptionsAudioSFXVolume,FX Volume,
Root/OptionsAudioMusicVolume,Music Volume,
Root/OptionsVideoResolutionDropdown,[x] x [y] @ [r]Hz,
Root/OptionsVideoResolutionNA,N/A,
Root/OptionsX,[x]x,
Root/OptionsPct,[x]%,
Root/OptionsHighLimits,Karma favours the player,
Root/OptionsMediumLimits,Positive/negative events equally limited,
Root/OptionsLowLimits,Negative events are less limited,
Root/OptionsNoLimits,No limit on negative events,
Root/OptionsInjuryProbabilityPos,+[x]% chance,
Root/OptionsInjuryProbability0,Default,
Root/OptionsInjuryProbabilityNeg,[x]% chance,
Root/OptionsEnemyIntelligenceLow,Mistakes are common,
Root/OptionsEnemyIntelligenceMedium,Mistakes happen occasionally,
Root/OptionsEnemyIntelligenceHard,Mistakes are rare,
Root/OptionsEnemyEquipmentEasy,Basic equipment,
Root/OptionsEnemyEquipmentMedium,Better armour and shields,
Root/OptionsEnemyEquipmentHard,"Better armour, shields, and weapons",
Root/QualityResolutionTooltip,Sets in which resolution the game runs.,
Root/OptionsSMAA,Normal (SMAA),
Root/OptionsSSAA,Very High (SSAA),
Root/OptionsForceEnable,Forced on all textures,
Root/OptionsFullResolution,Full Resolution,
Root/OptionsHalfResolution,Half Resolution,
Root/OptionsPLC0,None,
Root/OptionsPLC1,One,
Root/OptionsPLC2,Two,
Root/OptionsPLC4,Four,
Root/OptionsCustom,Custom,
Root/OptionsFramerateUnlimited,Unlimited,
Root/OptionsUIScaling,[x]x,
Root/OptionsEnable,Enabled,
Root/OptionsDisable,Disabled,
Root/OptionsDisabled,Disabled,
Root/OptionsHigh,High,
Root/OptionsVeryLow,Very Low,
Root/OptionsLow,Low,
Root/OptionsMedium,Medium,
Root/QualityFast,Fast,
Root/QualityFastest,Fastest,
Root/QualitySimple,Simple,
Root/QualityGood,Good,
Root/QualityBeautiful,Beautiful,
Root/QualityFantastic,Fantastic,
Root/GeneralBack,Back,
Root/GeneralNext,Next,
Root/GeneralContinue,Continue,
Root/GeneralClose,Close,
Root/GeneralDone,Done,
Root/GameOver,Game Over,
Root/GameOverFluff,You've reached the end of your rope,
Root/GeneralTimeskip,[x] hours later,
Root/GeneralTimeSkipSingular,[x] hour later,
Root/GeneralLoadLastTitle,Where do you want to go?,
Root/GeneralLoadLastDesription,Do you want to return to your last camp site or go to the campaign map?,
Root/GeneralLoadLastCamp,Go to camp,
Root/GeneralLoadLastCampaignMap,Go to campaign map,
Root/ItemSingular,item,
Root/Items,items,
Root/Character,Skills,
Root/Equipment,Equipment,
Root/Objectives,Objectives,
Root/MenuInventory,Inventory,
Root/MenuCharacter,Character,
Root/MenuObjectives,Quests,
Root/MenuSaga,Saga,
Root/MenuCodex,Codex,
Root/MenuHomestead,Homestead,
Root/CodexStatusEffectsHeadline,Status Effects,
Root/CodexFactionsHeadline,Factions,
Root/CodexTimelineHeadline,Timeline,
Root/DialogueStatCheck,"{[color=""orange""][x][/color]: [y]}",
Root/DialogueSkillCheck,{[skill] [value]},
Root/DialogueStatCheckSuccess,"[color=""#00CC33""]{[x]: Succeeded}[/color]",
Root/DialogueStatCheckFailure,"[color=""red""]{[x]: Failed}[/color]",
Root/DialogueDifficultyEasy,Easy,
Root/DialogueDifficultyMedium,Medium,
Root/DialogueDifficultyHard,Hard,
Root/DialogueTokenNationalityViking,Dane,
Root/DialogueTokenNationalityNorwegian,Norwegian,
Root/DialogueTokenNationalityMercian,Mercian,
Root/DialogueTokenNationalityScot,Scot,
Root/DialogueTokenNationalityPict,Pict,
Root/DialogueTokenEyeBlue,Blue,
Root/DialogueTokenEyeGrey,Grey,
Root/DialogueTokenEyeGreen,Green,
Root/DialogueTokenEyeBrown,Brown,
Root/DialogueTokenHairBlack,Black,
Root/DialogueTokenHairBlonde,Blonde,
Root/DialogueTokenHairBrown,Brown,
Root/DialogueTokenHairGinger,Ginger,
Root/DialogueTokenHairGrey,Grey,
Root/DialogueTokenHairRed,Red,
Root/DialogueTokenHairWhite,White,
Root/DialogueTokenArchetypeBrawler,Brawler,
Root/DialogueTokenArchetypeBerserker,Berserker,
Root/DialogueTokenArchetypeBannerman,Defender,
Root/DialogueTokenArchetypeSkald,Skald,
Root/DialogueTokenArchetypeChieftain,Leader,
Root/DialogueTokenArchetypeNidding,Rogue,
Root/DialogueTokenArchetypeRanger,[Hunter/Huntress],
Root/DialogueTokenArchetypeHealer,Healer,
Root/DialogueTokenArchetypeFighter,Warrior,
Root/DialogueTokenArchetypeScout,Scout,
Root/DialogueTokenArchetypeDefender,Archer,
Root/DialogueTokenArchetypeCivilian,Civilian,
Root/DialogueTokenArchetypeHirdsman,Combatant,
Root/DialogueTokenArchetypeCustom,Custom,
Root/DialogueTokenArchetypeMilitiaman,Militiaman,
Root/DialogueTokenArchetypeSkirmisher,Skirmisher,
Root/DialogueTokenArchetypeCleric,Cleric,
Root/DialogueTokenArchetypeProwler,Prowler,
Root/DialogueTokenArchetypeChampion,Champion,
Root/DialogueTokenArchetypeTrapper,Trapper,
Root/DialogueTokenArchetypeUlfhedinn,Ulfhedinn,
Root/DialogueTokenArchetypeWitch,Witch,
Root/DialogueTokenArchetypeMonk,Monk,
Root/DialogueTokenArchetypeAssassin,Assassin,
Root/TooltipArchetypeBerserker,Reckless and violent melee character who dual-wields axes and swords.,
Root/TooltipArchetypeBannerman,Defensive melee character trained with sword and shield.,
Root/TooltipArchetypeSkald,Ranged support character specialised in healing and full-party combat buffs.,
Root/TooltipArchetypeChieftain,Strong melee character with some useful support and dialogue skills.,
Root/TooltipArchetypeNidding,Shifty rascal with a wide variety of nasty tricks up their sleeve.,
Root/TooltipArchetypeRanger,"Ranged character designed for pure damage, deadly with a bow.",
Root/TooltipArchetypeHealer,Ranged support character specialising in restoration and powerful debuffs.,
Root/TooltipArchetypeFighter,"Well rounded melee character, devastating with axe and shield.",
Root/TooltipArchetypeDefender,Defensive ranged character who can hold their own in melee.,
Root/DialogueTokenDifficulty01,Untrained (0),
Root/DialogueTokenDifficulty02,Trained (1),
Root/DialogueTokenDifficulty03,Experienced (2),
Root/DialogueTokenDifficulty04,Grizzled (3),
Root/DialogueTokenDifficulty05,Skilled (4),
Root/DialogueTokenDifficulty06,Veteran (5),
Root/DialogueTokenDifficulty07,Masterful (6),
Root/DialogueTokenDifficulty08,Elite (7),
Root/DialogueTokenDifficulty09,Legendary (8),
Root/TooltipDialogueIconCheckStrength,"Strength check of the displayed difficulty, with a higher chance of success the higher your Strength.",
Root/TooltipDialogueIconCheckEndurance,"Endurance check of the displayed difficulty, with a higher chance of success the higher your Endurance.",
Root/TooltipDialogueIconCheckFinesse,"Finesse check of the displayed difficulty, with a higher chance of success the higher your Finesse.",
Root/TooltipDialogueIconCheckPerception,"Perception check of the displayed difficulty, with a higher chance of success the higher your Perception.",
Root/TooltipDialogueIconCheckSense,"Sense check of the displayed difficulty, with a higher chance of success the higher your Sense.",
Root/TooltipDialogueIconGeneral,General options will progress the conversation.,
Root/TooltipDialogueIconInquiry,"Inquire options are not mutually exclusive with the other options, the conversation will return here afterwards.",
Root/TooltipDialogueIconResource,Resource options will spend resources if selected.,
Root/TooltipDialogueIconOpenTrade,Shop options will open the Trading window.,
Root/TooltipDialogueIconOpenCrafting,Crafting options will open the Crafting window or the Repairing window.,
Root/TooltipDialogueIconCombat,Combat options will trigger a fight. Beware that other options can also lead to combat.,
Root/TooltipDialogueIconEndDialogue,End options will end the conversation.,
Root/TooltipDialogueIconEnterArea,Enter Area options will change the scene.,
Root/TooltipDialogueIconSelectFollower,Follower Selection options will ask you to choose a specific character for something.,
Root/TooltipDialogueIconRomance,Romance options may lead to long-term commitment.,
Root/TooltipDialogueIconKnockOut,Knock Out options will trigger a non-lethal takedown.,
Root/TooltipDialogueIconKill,Kill options will trigger a lethal takedown.,
Root/TradingTitle,Trading,
Root/TradingVendorResources,Vendor Resources,
Root/TradingYourResources,Your Resources,
Root/TradingTrade,Trade,
Root/TradingPrices,This vendor has [x] prices,
Root/TradingPricePreposterous,"[color=""red""]preposterous[/color]",
Root/TradingPriceDisagreeable,"[color=""orange""]disagreeable[/color]",
Root/TradingPriceFair,"[color=""yellow""]fair[/color]",
Root/TradingPriceGenerous,"[color=""green""]generous[/color]",
Root/TradingPriceCharitable,"[color=""lime""]charitable[/color]",
Root/TradingSupplyVeryLow,"[color=""red""]Very Low[/color] Supply",
Root/TradingSupplyLow,"[color=""orange""]Low[/color] Supply",
Root/TradingSupplyNormal,"[color=""yellow""]Normal[/color] Supply",
Root/TradingSupplyHigh,"[color=""green""]High[/color] Supply",
Root/TradingSupplyVeryHigh,"[color=""lime""]Very High[/color] Supply",
Root/TradingDemandVeryLow,"[color=""red""]Very Low[/color] Demand",
Root/TradingDemandLow,"[color=""orange""]Low[/color] Demand",
Root/TradingDemandNormal,"[color=""yellow""]Normal[/color] Demand",
Root/TradingDemandHigh,"[color=""green""]High[/color] Demand",
Root/TradingDemandVeryHigh,"[color=""lime""]Very High[/color] Demand",
Root/TradingResources,Resources,
Root/TradingNA,N/A,
Root/TooltipTradingYourResources,Below you can see the resources you have in your party. Click the resource you want to exchange for whatever you're buying.,
Root/TooltipTradingVendorResources,Below the vendor's resources are shown. Click the resource you want to buy.,
Root/TooltipTradingSlider,Drag the slider to determine how much of the selected vendor resource you want to buy.,
Root/TooltipTradingDecrease,Decrease the resource to buy by 1.,
Root/TooltipTradingIncrease,Increase the resource to buy by 1.,
Root/TooltipTradingNotInterested,"[color=""red""]The trader is not interested in this resource[/color]",
Root/TooltipTradingSameCounteroffer,"[color=""red""]You cannot trade the same resource[/color]",
Root/TooltipTradingNotEnoughResources,"[color=""red""]Not enough resource to trade[/color]",
Root/FinishTurn,End Turn,
Root/PlayersTurn,Your Turn,
Root/EnemysTurn,Enemy's Turn,
Root/SurpriseRound,Surprise Round,
Root/TooltipAttackOfOpportunity,"[color=""red""]Has attack of opportunity[/color]\n",
Root/Flanked,"\n\n[size=""20""]Flanked[/size]",
Root/TooltipCover,"\n\n[size=""20""]Cover[/size]",
Root/ToHitChance,"[size=""18""][color=""lime""][x]%[/color][/size] chance to hit\n",
Root/ToHitChanceNoLOS,"[size=""18""][color=""red""]0%[/color][/size] chance to hit\n",
Root/PopupBlocked,Block: Absorbed,
Root/PopupBlockedFully,Block: Deflected,
Root/PopupCriticalHit,Critical hit!,
Root/PopupMiss,Missed,
Root/PopupPanic,Panicked!,
Root/PopupAoO,Attack of Opportunity!,
Root/PopupFlanked,Flanked!,
Root/PopupCover,Cover,
Root/PopupCured,cured,
Root/PopupResisted,Resisted,
Root/PopupInspired,Inspired,
Root/PopupAoOLost,Attack of Opportunity lost,
Root/PopupExecuted,Executed!,
Root/PopupOpportunist,Opportunist,
Root/PopupEntangled,Entangled,
Root/PopupDisentangled,Disentangled,
Root/PopupInterrupting,Interrupting!,
Root/PopupTrapSpotted,Trap Spotted!,
Root/PopupTrapDisarmed,Trap Disarmed!,
Root/PopupProtectedTile,Protected Tile!,
Root/PopupMoraleLost,Morale Lost!,
Root/TooltipCombatTileObject,"[size=""16""][name][/size][requirement]\n[difficulty] [archetype]\n[aoo]\nHitpoints: [color=""orange""][hp1] / [hp2][/color]\nDamage: [color=""orange""][dmg1] - [dmg2][/color]\n\nDR Melee: [color=""orange""][drmelee]%[/color]\nDR Ranged: [color=""orange""][drranged]%[/color]\nBlock Chance: [color=""orange""][block]%[/color]\n\nPhysical Resist: [color=""orange""][physresist]%[/color]\nMental Resist: [color=""orange""][mentresist]%[/color][color=""lime""][flanked][/color][color=""red""][cover][/color]\n\n[tohitchance][size=""18""][color=""lime""][dmgtodeal1] - [dmgtodeal2][/color][/size] expected damage\n[size=""18""][color=""lime""][crit]%[/color][/size] chance to crit",
Root/TrapHasBeenBurnt,Trap burnt!,
Root/BarricadeHasCaughtOnFire,Barricade has caught on fire!,
Root/TileObjectBarricade,Barricade,
Root/TileObjectBarricadeDestroyed,A barricade has fallen apart,
Root/TileObjectTripwire,Tripwire,
Root/TileObjectTripwireTriggered,"[y] stumbled over a Tripwire and was [color=""yellow""][StatusEffectName][/color]",
Root/TileObjectNetTrap,Net Trap,
Root/TileObjectNetTrapTriggered,"[y] triggered a Net Trap and was [color=""yellow""][StatusEffectName][/color]",
Root/TileObjectPitTrap,Pit Trap,
Root/TileObjectPitTrapTriggered,[y] entered a Pit Trap and sustained [z] damage,
Root/TileObjectPoisonPitTrap,Poison Pit Trap,
Root/TileObjectPoisonPitTrapTriggered,"[y] entered a Poison Pit Trap, sustaining [z] damage and becoming [color=""yellow""][StatusEffectName][/color]",
Root/TileObjectGreasePatch,Grease Patch,
Root/TileObjectGreasePatchTriggered,[y] slipped in a puddle of grease,
Root/TileObjectGreasePatchTriggeredSaved,[y] walked onto a slippery puddle of grease but managed to keep their footing,
Root/TileObjectTarPot,Tar Pot,
Root/TileObjectTarSpill,Tar Spill,
Root/TileObjectTarSpillTriggered,"[y] was splashed with tar and became [color=""yellow""][StatusEffectName][/color]",
Root/TileObjectRitualSpear,A Ritual Spear will hit this hex in the next round,
Root/TileObjectRitualSpearTriggered,[y] was struck and incapacitated by a ritual spear,
Root/TileObjectBonfire,Bonfire,
Root/TileObjectBonfireTriggered,"[y] entered a bonfire and is now [color=""yellow""][StatusEffectName][/color]",
Root/TileObjectBeeHive,Bee Hive,
Root/TileObjectBeeHiveTriggered,"[y] was attacked by angry bees, sustaining [z] damage and becoming [color=""yellow""][StatusEffectName][/color]",
Root/TileObjectAntHill,Ant Hill,
Root/TileObjectAntHillTriggered,"[y] disturbed an ant hill and was attacked by [color=""yellow""][StatusEffectName][/color]",
Root/TileObjectAntHillTriggeredAoE,"[y] was adjacent to an ant hill when it was disturbed, and became [color=""yellow""][StatusEffectName][/color] by the ants",
Root/TileObjectHayPile,Hay Pile,
Root/TileObjectBramble,Bramble,
Root/TileObjectBrambleTriggered,[y] entered a thick bramble; escaping the bramble will cost a full move,
Root/TileObjectBrambleStuck,[y] is still entangled in a bramble and must spend a full move to escape,
Root/TileObjectScaffold,Scaffold,
Root/TileObjectScaffoldTriggered,[y] was caught under a collapsed scaffold and sustained [z] damage,
Root/TileObjectSwampMud,Swamp Mud,
Root/TileObjectSwampMudTriggered,[y] entered a patch of swamp mud and lost 1 extra point of movement,
Root/TileObjectIcePatch,Ice Patch,
Root/TileObjectIcePatchTriggered,[y] slipped on a patch of ice,
Root/TileObjectIcePatchTriggeredSaved,[y] walked onto a slippery patch of ice but managed to keep their footing,
Root/TileObjectIllumination,Illumination,
Root/TileObjectCampfire,Camp fire,
Root/TileEffectGreaseTriggered,[x] slipped on a patch of grease,
Root/TileEffectGreaseTriggeredSaved,[x] walked onto a slippery patch of grease but managed to keep their footing,
Root/CombatVictoryConditionsTitle,Victory Conditions,
Root/CombatVictoryConditionKillAllEnemies,Eliminate all enemies: [enemies] remaining.,
Root/CombatVictoryConditionKillVIP,Eliminate [name].,
Root/CombatVictoryConditionSurvive,Survive for [turns] turns.,
Root/CombatVictoryConditionEscape,Get everyone to an escape area.,
Root/CombatVictoryConditionAssassinate,Eliminate [name] and ensure that no enemies reach an escape area.,
Root/CombatVictoryConditionPreventEscape,Ensure that no enemies reach the highlighted area.,
Root/CombatVictoryConditionDefendVIP,Prevent [name] from being incapacitated.,
Root/CombatVictoryConditionWaves,Current wave: [currentwave] out of [totalwaves].,
Root/CombatVictoryConditionTimer,Victory must be achieved within [turns] turns!,
Root/CombatVictoryConditionStealLetter,Steal Osred's letter to Tondwine.,
Root/CombatVictoryConditionOpenGate,Open the gate for your allies.,
Root/CombatVictoryConditionAmbush,Prepare an ambush for your enemies.,
Root/CombatTurnEventAmbushArrival,Enemies will arrive in [turns] turns.,
Root/CombatTurnEventReinforcements,Enemy reinforcements will arrive in [turns] turns!,
Root/CombatTurnEventRetreat,Enemies will begin to retreat in [turns] turns.,
Root/CombatTurnEventRescueCillian,Cillian will die in [turns] turns!,
Root/CombatResultsOverview,Combat Results,
Root/CombatResultsVictory,Victory,
Root/CombatResultsDefeat,Defeat,
Root/CombatResultsLabelFollower,Follower Health,
Root/CombatResultsLabelUtilityItems,Utility Items,
Root/CombatResultsLabelEquipment,Equipped Items,
Root/CombatResultsDurabilityGrammar,"[olddurability] → [color=""red""][newdurability][/color]",
Root/CombatResultsImproved,"[color=""orange""]Improved![/color]",
Root/CombatResultsLost,"[color=""red""]Item lost![/color]",
Root/CombatResultsNoNewInjuries,No new injuries,
Root/CombatResultsExistingInjuries,Existing injuries,
Root/CombatResultsNoExistingInjuries,"[color=""gray""]No existing injuries[/color]",
Root/CombatResultsUtilityItemGrammar,"[color=""red""]-[itemshift][/color]",
Root/TooltipCombatBarSwitchWeapons,Switch between the character's two weapon sets freely until you make an attack.,
Root/TooltipCombatBarCharacterInfo,"When this button is active, clicking on any character in combat will display detailed information about that character. With allies, you will be able to re-arrange abilities.",
Root/TooltipCombatBarNonLethal,Toggle non-lethal attacks. Characters will no longer land critical attacks.,
Root/CombatDetailedCharacterWeaponSet1,Active Set,
Root/CombatDetailedCharacterWeaponSet2,Secondary Set,
Root/TooltipCombatSeparator,"[color=""white""], [/color]",
Root/TooltipCombatNoStatusEffect,"[color=""white""]No status effects[/color]",
Root/TooltipCombatEnemy,"[size=""16""][name][/size][requirement]\n[difficulty] [archetype]\n[aoo]\nHitpoints: [color=""orange""][hp1] / [hp2][/color]\n[shield]\nDamage: [color=""orange""][dmg1] - [dmg2][/color] ([color=""orange""][ap][/color] AP)\nCritical: [color=""orange""][targetcrit]%[/color]\n\nDR Melee: [color=""orange""][drmelee]%[/color]\nDR Ranged: [color=""orange""][drranged]%[/color]\n\nPhysical Resist: [color=""orange""][physresist]%[/color]\nMental Resist: [color=""orange""][mentresist]%[/color]\nMovement: [color=""orange""][moves][/color][color=""lime""][flanked][/color][color=""red""][cover][/color]\n\n[tohitchance][size=""18""][color=""lime""][dmgtodeal1] - [dmgtodeal2][/color][/size] expected damage\n[size=""18""][color=""lime""][targetap][/color][/size] Armour Piercing damage\n[size=""18""][color=""lime""][crit]%[/color][/size] chance to crit",
Root/TooltipCombatAlly,"[size=""16""][name][/size][requirement]\n[difficulty] [archetype]\n[aoo]\nHitpoints: [color=""orange""][hp1] / [hp2][/color]\n[shield]\nDamage: [color=""orange""][dmg1] - [dmg2][/color] ([color=""orange""][targetap][/color] AP)\nCritical: [color=""orange""][targetcrit]%[/color]\n\nDR Melee: [color=""orange""][drmelee]%[/color]\nDR Ranged: [color=""orange""][drranged]%[/color]\n\nPhysical Resist: [color=""orange""][physresist]%[/color]\nMental Resist: [color=""orange""][mentresist]%[/color]\nMovement: [color=""orange""][moves] / [movement][/color][color=""red""][flanked][/color][color=""lime""][cover][/color]",
Root/TooltipCombatShield,"Absorption: [color=""orange""][ab1] / [ab2][/color]\nBlock Chance: [color=""orange""][block]%[/color]\n",
Root/NotificationSkillpoint,Skillpoint received,
Root/NotificationSkillpoints,Skillpoints received,
Root/NotificationSkillpointsPrompt,Press [[hotkey]] to assign,
Root/NotificationCharacterFollow,[charactername] is now following you,
Root/NotificationCharacterUnfollow,[charactername] is no longer following you,
Root/NotificationCharacterJoinParty,[charactername] has joined your hird!,
Root/NotificationCharacterLeaveParty,[charactername] has left your hird,
Root/NotificationCharacterPrompt,Press [[hotkey]] to view followers,
Root/NotificationPowerIncreased,Clan Power increased,
Root/NotificationPowerDecreased,Clan Power reduced,
Root/NotificationProsperityIncreased,Clan Prosperity increased,
Root/NotificationProsperityDecreased,Clan Prosperity reduced,
Root/NotificationUpgradeComplete,Homestead [upgradename] completed!,
Root/NotificationHomesteadStatsPrompt,Press [[hotkey]] to view Homestead,
Root/NotificationReputationChanged,[faction] consider you [reputation],
Root/NotificationReputationPrompt,Press [[hotkey]] to view reputation,
Root/NotificationFactionEncountered,You have met a new faction [faction],
Root/NotificationQuestAdded,New quest: [questname],
Root/NotificationQuestUpdated,[questname] updated,
Root/NotificationQuestOpenPrompt,Press [[hotkey]] to track this quest,
Root/NotificationQuestClosed,[questname] finished,
Root/NotificationQuestClosedPrompt,Press [[hotkey]] to view goals,
Root/NotificationAreaDiscovered,[areaname] revealed on map,
Root/NotificationAreaDiscoveredPrompt,Reach a way marker to open the Campaign Map,
Root/PlayerMessageLog,Player Message Log,
Root/PlayerMessageAttackOfOpportunity,[y] has provoked an attack of opportunity from [x].,
Root/PlayerMessageAttackBlockDamage,"[y] blocked an attack by [x], and the shield took [z] damage.",
Root/PlayerMessageAttackBlockFully,"[y] blocked an attack by [x], and all damage was deflected.",
Root/PlayerMessageCriticalDamage,[x] landed a critical hit on [y] and dealt [z] damage.,
Root/PlayerMessageAttackDamage,[x] attacked [y] and dealt [z] damage.,
Root/PlayerMessageAttackMiss,[y] dodged an attack by [x].,
Root/PlayerMessageIncapacitated,[y] was incapacitated.,
Root/PlayerMessageKilled,[y] was killed!,
Root/PlayerMessageStatusEffectDamage,"[y] sustained [z] damage from the [color=""yellow""][StatusEffectName][/color] status effect.",
Root/PlayerMessageCombatInjury,[x] has sustained a [injury] to the [location].,
Root/PlayerMessagePlaceTrap,[x] prepared a trap for the enemy.,
Root/PlayerMessageTrashItem,"[x] has fallen apart, [y] have lost the item!",
Root/PlayerMessageInventoryTrashItem,"[x] has fallen apart, your party has lost the item!",
Root/PlayerMessageDiscardItem,"You've salvaged [x], which yielded [y] [z].",
Root/PlayerMessageGainItem,You've gained one [x].,
Root/PlayerMessageLoseItem,You've lost one [x].,
Root/PlayerMessageReceiveItem,You've received [item].,
Root/PlayerMessageTakenItem,You've lost [item].,
Root/PlayerMessageGainResource,You've gained [x] [y].,
Root/PlayerMessageLoseResource,You've lost [x] [y].,
Root/PlayerMessageGainCraftingResource,You've gained [x] [y].,
Root/PlayerMessageLoseCraftingResource,You've lost [x] [y].,
Root/PlayerMessageHomesteadUpgradeComplete,The [name] upgrade has been completed!,
Root/PlayerMessageHomesteadUpgradeStatIncrease,Your village's [x] has increased to [y].,
Root/PlayerMessageMoraleIncreaseAll,"All your followers have [color=""lime""]gained[/color] morale!",
Root/PlayerMessageMoraleIncrease,"Your [color=""yellow""][x][/color] followers have [color=""lime""]gained[/color] morale!",
Root/PlayerMessageMoraleIncreaseSpecific,"[x] has [color=""lime""]gained[/color] morale!",
Root/PlayerMessageMoraleDecreaseAll,"All your followers have [color=""red""]lost[/color] morale!",
Root/PlayerMessageMoraleDecrease,"Your [color=""yellow""][x][/color] followers have [color=""red""]lost[/color] morale!",
Root/PlayerMessageMoraleDecreaseSpecific,"[x] has [color=""red""]lost[/color] morale!",
Root/PlayerMessageStatusEffectAdded,[x] has become [y],
Root/PlayerMessageStatusEffectRemoved,[x] is no longer [y],
Root/PlayerMessageSaveGameFailureCombat,You cannot save during combat.,
Root/PlayerMessageSaveGameFailureGeneral,You cannot save at this time.,
Root/PlayerMessageCombatAbilityUse,"[caster] uses [color=""orange""][ability][/color].",
Root/PlayerMessageCombatAbilityUseTarget,"[caster] uses [color=""orange""][ability][/color] on [target].",
Root/PlayerMessageCombatAbilityUseTargetDamage,"[caster] uses [color=""orange""][ability][/color] on [target] and deals [dmg] damage.",
Root/PlayerMessageCombatRevived,[name] is back on their feet.,
Root/PlayerMessageTriggerTrap,[name] has triggered a trap and sustained a [injury] injury.,
Root/Morale0,Mutinous,
Root/Morale1,Appalled,
Root/Morale2,Appalled,
Root/Morale3,Disgruntled,
Root/Morale4,Disgruntled,
Root/Morale5,Disgruntled,
Root/Morale6,Hesitant,
Root/Morale7,Hesitant,
Root/Morale8,Hesitant,
Root/Morale9,Indifferent,
Root/Morale10,Indifferent,
Root/Morale11,Indifferent,
Root/Morale12,Pleased,
Root/Morale13,Pleased,
Root/Morale14,Pleased,
Root/Morale15,Loyal,
Root/Morale16,Loyal,
Root/Morale17,Loyal,
Root/Morale18,Devoted,
Root/Morale19,Devoted,
Root/Morale20,Unwavering,
Root/MoraleSpecial,Heroic,
Root/GameOverTitle,Game Over,
Root/GameOverDescription,Your saga has come to a premature end. You should be more vigilant in the future.,
Root/QuestGoalAdded,New goal,
Root/QuestGoalUpdated,Goal updated,
Root/QuestGoalCompleted,Goal completed,
Root/QuestGoalFailed,Goal failed,
Root/QuestAdded,New Quest,
Root/QuestCompleted,Quest completed,
Root/QuestFailed,Quest failed,
Root/LaidStoneOnCairn,You've discovered a cairn.,
Root/ReputationIncreased,Your reputation with [x] has increased by [y].,
Root/ReputationDecreased,Your reputation with [x] has decreased by [y].,
Root/QuestSkillPointsAwardedIndividual,[x] has received [y] skill points.,
Root/QuestSkillPointsAwardedParty,Each hirdman has received [y] skill points.,
Root/QuestLocationGrammar,"[x], [y]. [z] - [color=""orange""][u][/color]",
Root/QuestTimeGrammar,[x] [y],
Root/QuestStatusClosed,Closed,
Root/QuestStatusActive,Active,
Root/QuestStatusCurrent,Tracking,
Root/QuestMultiGoal,"[color=""orange""] ([x]/[y])[/color]",
Root/QuestOptional,"[color=""lightblue""](Optional)[/color] [x]",
Root/QuestActiveQuest,"Press ""[keybinding]"" to Track this Quest",
Root/QuestTooltipActiveQuest,"Tracks this quest, which will show the goals for this quest during exploration and on the area map.",
Root/FactionGeneral,General,
Root/FactionClansmen,Clansmen,
Root/FactionJelling,Jelling,
Root/FactionRibe,Ribe,
Root/FactionNorthmen,Northmen,
Root/FactionNorthumbria,Northumbria,
Root/FactionMercia,Mercia,
Root/FactionPicts,Picts,
Root/FactionGaels,Gaels,
Root/FactionOutlaws,Outlaws,
Root/ReputationReviled,Reviled,
Root/ReputationHated,Hated,
Root/ReputationDisliked,Disliked,
Root/ReputationSuspected,Suspected,
Root/ReputationNeutral,Neutral,
Root/ReputationTolerated,Tolerated,
Root/ReputationRespected,Respected,
Root/ReputationLoved,Loved,
Root/ReputationIdolised,Idolised,
Root/CampaignDenmark,Denmark,
Root/CampaignBritain,Britain,
Root/CampaignWorldMap,North Sea,
Root/SceneHomestead,Skjern,
Root/SceneHomesteadDescription,"Your homestead, a small village on the coast of a bay.",
Root/SceneHomesteadForest,Skjern Forest,
Root/SceneHomesteadForestDescription,The forests on the outskirts of your homestead.,
Root/SceneHomesteadFarm,Erlingr's Farm,
Root/SceneHomesteadFarmDescription,The homestead of Erlingr Thorgislsson and his family.,
Root/SceneHomesteadSummer,Skjern,
Root/SceneHomesteadSummerDescription,"Your homestead, a small village on the coast of a bay.",
Root/SceneDenmarkRibe,Ribe,
Root/SceneDenmarkRibeDescription,The seat of Jarl Ragnhildr and capital of the Danes.,
Root/SceneDenmarkMarsh,Marsh,
Root/SceneDenmarkMarshDescription,The marsh near Ribe is often used by travellers to and from Saxony.,
Root/SceneDenmarkSkerninge,Skerninge,
Root/SceneDenmarkSkerningeDescription,A rural area on Funen with an ancient passage grave.,
Root/SceneDenmarkAlthing,Althing,
Root/SceneDenmarkJelling,Jelling,
Root/SceneCampDenmarkForestDeep,Forest Campsite,
Root/SceneCampDenmarkForestTinyValley,Forest Clearing Campsite,
Root/SceneCampDenmarkMarsh,Marsh Campsite,
Root/SceneCampDenmarkMarshHillCenter,Marsh Hill Campsite,
Root/SceneCampDenmarkPlains,Plains Campsite,
Root/SceneCampDenmarkPlainsHillNearby,Plains Hill Campsite,
Root/SceneTravelDenmarkRoad,Winding Road,
Root/SceneBritainScarborough,Beach Village (Scarborough),
Root/SceneBritainScarboroughDescription,Idyllic beach village near a monastery.,
Root/SceneBritainYork,Eoforwic (York),
Root/SceneBritainYorkDescription,Capital of Northumbria.,
Root/SceneBritainYorkDungeon,Eoforwic (York) Dungeon,
Root/SceneBritainYorkDungeonDescription,The dungeon underneath york.,
Root/SceneBritainYngilwood,Yngilwood,
Root/SceneBritainYngilwoodDescription,Deep forest just south of Hadrian's Wall.,
Root/SceneBritainChester,Legacæstir (Chester),
Root/SceneBritainChesterDescription,Ruins of a Roman settlement.,
Root/SceneBritainHadriansWall,Hadrian's Wall,
Root/SceneBritainHadriansWallDescription,A milecastle along the old Roman wall.,
Root/SceneBritainLindisfarne,Lindisfarne,
Root/SceneBritainLindisfarneDescription,Large and rich monastery on an isolated island.,
Root/SceneBritainPlains,Plains,
Root/SceneBritainPlainsDescription,Green rolling plains in the north of Northumbria.,
Root/SceneBritainSwamp,Swamp,
Root/SceneBritainSwampDescription,Wild wetlands near Northumbria's border to Mercia.,
Root/SceneBritainPerth,Perth,
Root/SceneBritainPerthDescription,Capital of Pictavia at the highest point along the river Tay.,
Root/SceneBritainDunPhris,Dún Phris,
Root/SceneBritainDunPhrisDescription,A small village just north of Hadrian's wall.,
Root/SceneBritainSeahenge,Seahenge,
Root/SceneBritainSeahengeDescription,An ancient celtic site of worship on the coast of Pictavia.,
Root/SceneBritainConallFarm,Mac Domnaill's Farm,
Root/SceneBritainConallFarmDescription,A small farm on the coast of Loch Lomond.,
Root/SceneBritainRavine,Ravine,
Root/SceneBritainRavineDescription,Lush wooded ravine in the lowlands of Pictavia.,
Root/SceneBritainDonncoirceHomestead,Donncoirce Homestead,
Root/SceneBritainDonncoirceHomesteadDescription,The rich homestead of the Gaelic King.,
Root/SceneBritainRaiderCamp,Raider Camp,
Root/SceneBritainRaiderCampDescription,Viking raiders have made camp on the coast of Dál Riata.,
Root/SceneBritainRoadsideCamp,Roadside Camp,
Root/SceneBritainRoadsideCampDescription,A group of anglo-saxon warriors have made camp beside a rural road.,
Root/SceneBritainMountainCaveEntrance,Mountain Cave,
Root/SceneBritainMountainCaveEntranceDescription,A large cave in the Pictish highlands.,
Root/SceneBritainAvalon,Avalon,
Root/SceneBritainAvalonDescription,The legendary island said to be the resting place of a great hero.,
Root/SceneBritainMonastery01,Chapel Finian,
Root/SceneBritainMonastery01Description,A small chapel built as a haven for pilgrims.,
Root/SceneBritainMonastery02,Saint Wilfrid's Church,
Root/SceneBritainMonastery02Description,A centrally placed and wealthy church.,
Root/SceneBritainMonastery03,Aberlemno Kirk,
Root/SceneBritainMonastery03Description,A large and wealthy stone church.,
Root/SceneBritainScotlandForestClearing,Forest Clearing,
Root/SceneBritainScotlandForestClearingDescription,Small clearing deep in a coniferous forest.,
Root/SceneBritainCoastalTown01,Fishing Village,
Root/SceneBritainCoastalTown01Description,A small fishing village. Open for trade. Vulnerable to attack.,
Root/SceneBritainTreasureCave,Flooded Cave,
Root/SceneBritainTreasureCaveDescription,A well hidden cave at the base of coastal cliffs.,
Root/SceneTravelBritainEnglandRoad,Rural Road,
Root/SceneTravelBritainScotlandRoad,Highland Road,
Root/SceneTravelBritainAmbushForest,Forest ambush,
Root/SceneTravelBritainAmbushMarsh,Moor ambush,
Root/SceneTravelBritainAmbushMountain,Mountain ambush,
Root/SceneTravelBritainAmbushPlains,Rural ambush,
Root/SceneTravelBritainAmbushRoad,Road ambush,
Root/SceneCampBritishForest,Forest Campsite,
Root/SceneCampBritishPlainsTree,Plains Tree Campsite,
Root/SceneCampBritishPlainsSmallHill,Plains Hill Campsite,
Root/SceneCampBritishSwampForest,Swamp Campsite,
Root/SceneCampBritishFarmhouse,Abandoned Farmhouse Campsite,
Root/SceneCampBritishMountainsPlateau,Mountain Plateau Campsite,
Root/SceneCampBritainRoad,Roadside Campsite,
Root/SceneCampBritainScotlandForest,Forest Campsite,
Root/SceneWorldOrkney,Orkneyjar,
Root/SceneWorldOrkneyDescription,\nNorse settlement on the stark islands between Britain and Norway.,
Root/SceneDreamGrimnir01,Helheimr,
Root/SceneDreamGrimnir02,Hlidskjalf,
Root/SceneDreamGrimnir03,Ragnarøkr,
Root/SceneCampaign00-Denmark,Map of Denmark,
Root/SceneCampaign01-EnglandScotland,Map of Britain,
Root/SceneWorldMap,Map of the North Sea,
Root/CampaignMapTerrainType,"[color=""silver""][x][/color]",
Root/CampaignSceneSunrise,"[size=""16""]Sunrise[/size]",
Root/CampaignSceneSunset,"[size=""16""]Sunset[/size]",
Root/CampaignSceneFatiguedIconTooltip,"[size=""16""]Fatigued Characters[/size]\n\n[fatiguedcharacters]",
Root/CampaignSceneTooltipResources,"\n\n[size=""12""][color=""silver""]In need of:[/color] [color=""red""][x][/color]\n[color=""silver""]In abundance:[/color] [color=""orange""][y][/color][/size]",
Root/CampaignSceneTooltipTime,"\n\n[size=""12""][i][color=""silver""]Travel Time:[/color] [x][/i][/size]",
Root/CampaignSceneTooltip,"[size=""16""][name][/size]\n[description][time]",
Root/CampaignSceneTooltipCamp,"[size=""16""][name][occupied][/size][stats][time]",
Root/CampaignSceneTooltipCampStats,"\n[x] food, [y] shelter, [z] security",
Root/CampaignOtherTooltip,"[size=""16""][name][/size][time]",
Root/CampaignSceneTooltipNewLocation,You discovered a new location!,
Root/CampaignSceneCampOccupied,"\n[color=""red""]Occupied[/color]",
Root/CampaignSpotLooted,+ [nr] [item],
Root/MarkerQuest,Quest Marker,
Root/MarkerTrade,Trade,
Root/MarkerPlayer,Your Character,
Root/MarkerFollower,Followers,
Root/MarkerCairn,Cairn,
Root/MarkerCamp,Campsite,
Root/MarkerLootSpot,Scouted Area,
Root/MarkerMonastery,Monastary,
Root/MarkerUnknown,Unknown,
Root/MarkerPlain,Plains,
Root/CampaignEnterArea,Enter Area,
Root/CampaignEnterAreaDialogueBoxTitle,Entering new area,
Root/CampaignEnterAreaDialogueBoxDescription,Are you sure you want to leave the campaign map and enter [x]?,
Root/CampaignEnterOccupiedArea,Campsite is occupied,
Root/CampaignEnterOccupiedAreaDialogueBoxDescription,This campsite is occupied by someone else. Do you want to attack and attempt to capture it?,
Root/CampaignMapLegend,Legend,
Root/AreaMapHeadline,LOCAL AREA,
Root/MapLegendActiveQuest,Active Quest,
Root/MapLegendCairn,Cairn,
Root/MapLegendCampsite,Campsite,
Root/MapLegendEnemy,Enemy,
Root/MapLegendMonastery,Monastery,
Root/MapLegendPlayer,Player,
Root/MapLegendQuest,Quest,
Root/MapLegendTitle,Legend,
Root/MapLegendTown,Town,
Root/MapLegendTradepost,Trade Post,
Root/MapLegendUnknown,Undiscovered,
Root/MapLegendVillage,Village,
Root/MapLegendPOI,Point of Interest,
Root/MapLegendWaymarker,Travel Point,
Root/TooltipMapLegendCompass,"The compass shows you the cardinal directions, in relation to the map.",
Root/TerrainTypeWater,Water,
Root/TerrainTypeForest,Forest,
Root/TerrainTypePlains,Plains,
Root/TerrainTypeMarsh,Marsh,
Root/TerrainTypeBridge,Bridge,
Root/TerrainTypeRoads,Road,
Root/TerrainTypeMountains,Mountains,
Root/TerrainTypeOffRoad,Off-Road,
Root/PartyMembersCount,"[x] [color=""silver""]Hirdmen[/color]",
Root/PartyMembersFatigued,"[x] [color=""silver""]Fatigued[/color]",
Root/PartyMembersInjured,"[x] [color=""silver""]Injured[/color]",
Root/PartyMembersAverageMorale,"[i][x][/i] [color=""silver""]([y])[/color]",
Root/PartyMembersHungry,"[x] [color=""silver""]Hungry[/color]",
Root/PartyMembersStarving,"[x] [color=""silver""]Starving[/color]",
Root/TooltipAreaMapPlayer,Your Hird,
Root/TooltipAreaMapCampaignMap,Campaign Map,
Root/CompassNorth,North,
Root/CompassNorthAbbreviated,N,
Root/CombassWest,West,
Root/CompassWestAbbreviated,W,
Root/CompassEast,East,
Root/CompassEastAbbreviated,E,
Root/CompassSouth,South,
Root/CompassSouthAbbreviated,S,
Root/confirm,Confirm,
Root/ok,Okay,
Root/cancel,Cancel,
Root/yes,Yes,
Root/no,No,
Root/close,Close,
Root/dismiss,Dismiss,
Root/Continue,Continue,
Root/you,You,
Root/Accept,Accept,
Root/Rank,Rank,
Root/Shift,Shift,
Root/Shifts,Shifts,
Root/Purchase,Purchase,
Root/GeneralVersion,Version,
Root/DialogueContinue,Continue.,
Root/DialogueEndDialogue,End dialogue.,
Root/DialogueOpenTrade,Open trade.,
Root/DialogueSelectFollower,Select hirdman,
Root/DialogueSelectFollowerAmount,[x] selected. [y] maximum allowed.,
Root/DialogueSelectFollowerEnterScene,Who should go with you?,
Root/PartySelectionAbsentFollower,"[color=""grey""]Absent[/color]",
Root/PartySelectionTitle,Party Selection,
Root/PartySelectionCreateNewButton,Create New,
Root/PartySelectionCreateNewDescription,Click to add a Hirdman,
Root/PartySelectionDismissTooltip,"Dismiss this Hirdman, freeing up the slot for another.",
Root/PartySelectionSelectExistingButton,Select Existing,
Root/PartySelectionSelectExistingTitle,Select Existing Hirdman,
Root/PartySelectionSelectExistingSubtitle,Who should join your expedition?,
Root/PartySelectionLocked,Locked,
Root/PartySelectionCancelPromptTitle,Quit Party Selection?,
Root/PartySelectionCancelPromptDescription,"Any changes you've made to your party will be undone, but any mercenaries you've created will be saved.",
Root/PartySelectionCancelPromptDescriptionToCharCreation,Any changes you've made to your party will be undone.,
Root/PartySelectionConfirmTitle,Accept current party?,
Root/PartySelectionConfirmDescriptionDenmark,You can come back here later to recruit more if you need to.,
Root/PartySelectionConfirmDescriptionBritain,"You won't be able to manage your party after this point, make sure you're happy with your selection before you proceed.",
Root/FollowerDeathName,"[color=""brown""][name] has perished[/color]",
Root/FollowerDeathCause,"[name] has succumbed to a\n[color=""brown""][severity] [injury type][/color]",
Root/CharacterNameGrammarInventory,[x][y][z],
Root/CharacterNameGrammarNameplate,[x][z],
Root/CharacterNameGrammarDialogue,[x],
Root/CharacterPatronymGrammarNorse,[x][y],
Root/CharacterPatronymGrammarAngloSaxon,[x][y],
Root/CharacterPatronymGrammarGaelic,[y] [x],
Root/SonOfNorse,son,
Root/DaughterOfNorse,dottir,
Root/SonOfAngloSaxon,sunu,
Root/DaughterOfAngloSaxon,dohtor,
Root/SonOfGaelic,mac,
Root/DaughterOfGaelic,ingen,
Root/TraitAggressive,Aggressive,
Root/TraitPeaceful,Peaceful,
Root/TraitShifty,Cunning,
Root/TraitHonourable,Honourable,
Root/TraitConceited,Conceited,
Root/TraitOpenMinded,Open Minded,
Root/TraitSuperstitious,Superstitious,
Root/TraitSceptical,Sceptical,
Root/TraitGreedy,Greedy,
Root/TraitAltruistic,Altruistic,
Root/TraitIndependent,Independent,
Root/TraitCooperative,Cooperative,
Root/TraitPessimistic,Pessimistic,
Root/TraitOptimistic,Optimistic,
Root/ResourceHerbs,Herbs,
Root/ResourceHerbsSingular,Herb,
Root/ResourceHides,Hides,
Root/ResourceHidesSingular,Hide,
Root/ResourceMeat,Meat,
Root/ResourceMeatSingular,Meat,
Root/ResourceMedicine,Medicine,
Root/ResourceMedicineSingular,Medicine,
Root/ResourceRations,Rations,
Root/ResourceRationsSingular,Ration,
Root/ResourceSalvage,Salvage,
Root/ResourceSalvageSingular,Salvage,
Root/ResourceValuables,Valuables,
Root/ResourceValuablesSingular,Valuable,
Root/ResourceWood,Wood,
Root/ResourceWoodSingular,Wood,
Root/ResourceSlaves,Thralls,
Root/ResourceSlavesSingular,Thrall,
Root/ResourceHerbsDescription,Found during exploration. Can be converted into Medicine with the witchcraft skill.,
Root/ResourceHidesDescription,A valuable trade resource. Can be used for crafting.,
Root/ResourceMeatDescription,Gathered by hunting during camping. Perishable resource that can be used to feed your hird or preserved as Rations.,
Root/ResourceMedicineDescription,Used to treat injuries with the Healing skill during camping.,
Root/ResourceRationsDescription,"Can be used to feed your hird. Unlike Meat, Rations aren't perishable.",
Root/ResourceSalvageDescription,Used to craft weapons and armour. Can be gained by recycling unused equipment in the inventory.,
Root/ResourceValuablesDescription,"Your main trade resource. Can be gained through exploration, completing quests, or trading.",
Root/ResourceWoodDescription,Used for crafting and upgrading your village.,
Root/ResourceSlavesDescription,A highly valued commodity that can be spent to speed up upgrades in your homestead.,
Root/ResourceHours,Hours,
Root/ResourceHoursSingular,Hour,
Root/CraftingResourceBladder,Bladder,
Root/CraftingResourceCloth,Cloth,
Root/CraftingResourceCork,Cork,
Root/CraftingResourceExtracts,Extracts,
Root/CraftingResourceGrease,Grease,
Root/CraftingResourceHoney,Honey,
Root/CraftingResourceIron,Iron,
Root/CraftingResourcePoison,Poison,
Root/CraftingResourcePole,Pole,
Root/CraftingResourcePot,Pot,
Root/CraftingResourcePowder,Powder,
Root/CraftingResourceRope,Rope,
Root/CraftingResourceString,String,
Root/CraftingResourceTar,Tar,
Root/CraftingResourceVial,Vial,
Root/CraftingResourceBladderDescription,"The bladder of an animal, useful for storing liquids.",
Root/CraftingResourceClothDescription,"Cloth scraps have a wide range of utility, from decoration to fuelling a fire.",
Root/CraftingResourceCorkDescription,Cork is harvested from oak and used to stop liquids from escaping containers.,
Root/CraftingResourceExtractsDescription,Rare extracts are used to construct particularly exotic and dangerous items.,
Root/CraftingResourceGreaseDescription,"If it doesn't move, but it should, apply grease liberally.",
Root/CraftingResourceHoneyDescription,"Bees turn nectar into honey, people turn honey into mead. This is why humans rule the Earth.",
Root/CraftingResourceIronDescription,"Iron has a lot of uses, but people like you mostly enjoy its pointy, stabby qualities.",
Root/CraftingResourcePoisonDescription,"Made from nature's most unpleasant flora, poison is used to make other people feel very bad.",
Root/CraftingResourcePoleDescription,"Wooden poles are simple things, but incredibly useful, particularly for traps.",
Root/CraftingResourcePotDescription,Clay pots are used to store liquids. Their fragility makes them shatter if thrown.,
Root/CraftingResourcePowderDescription,Powder is used for making most concoctions that increases performance during combat.,
Root/CraftingResourceRopeDescription,Rope is used for many things. One of those things is to construct traps for your enemies.,
Root/CraftingResourceStringDescription,"Most commonly used to make clothes, string is also useful for fine mechanisms.",
Root/CraftingResourceTarDescription,Pine tar is a great wood preservative and a sealant for maritime use. It also burns quite well.,
Root/CraftingResourceVialDescription,"Vials are sturdier than pots, and can safely store smaller amounts of liquid.",
Root/TooltipResourceHerbs,"[size=""16""][ResourceName][/size]\n[ResourceDescription]",
Root/TooltipResourceHides,"[size=""16""][ResourceName][/size]\n[ResourceDescription]",
Root/TooltipResourceMeat,"[size=""16""][ResourceName][/size]\n[ResourceDescription]",
Root/TooltipResourceMedicine,"[size=""16""][ResourceName][/size]\n[ResourceDescription]",
Root/TooltipResourceRations,"[size=""16""][ResourceName][/size]\n[ResourceDescription]",
Root/TooltipResourceSalvage,"[size=""16""][ResourceName][/size]\n[ResourceDescription]",
Root/TooltipResourceValuables,"[size=""16""][ResourceName][/size]\n[ResourceDescription]",
Root/TooltipResourceWood,"[size=""16""][ResourceName][/size]\n[ResourceDescription]",
Root/TooltipResourceSlaves,"[size=""16""][ResourceName][/size]\n[ResourceDescription]",
Root/TooltipCraftingResourceBladder,"[size=""16""][ResourceName][/size]\n[ResourceDescription]",
Root/TooltipCraftingResourceCloth,"[size=""16""][ResourceName][/size]\n[ResourceDescription]",
Root/TooltipCraftingResourceCork,"[size=""16""][ResourceName][/size]\n[ResourceDescription]",
Root/TooltipCraftingResourceExtracts,"[size=""16""][ResourceName][/size]\n[ResourceDescription]",
Root/TooltipCraftingResourceGrease,"[size=""16""][ResourceName][/size]\n[ResourceDescription]",
Root/TooltipCraftingResourceHoney,"[size=""16""][ResourceName][/size]\n[ResourceDescription]",
Root/TooltipCraftingResourceIron,"[size=""16""][ResourceName][/size]\n[ResourceDescription]",
Root/TooltipCraftingResourcePoison,"[size=""16""][ResourceName][/size]\n[ResourceDescription]",
Root/TooltipCraftingResourcePole,"[size=""16""][ResourceName][/size]\n[ResourceDescription]",
Root/TooltipCraftingResourcePot,"[size=""16""][ResourceName][/size]\n[ResourceDescription]",
Root/TooltipCraftingResourceRope,"[size=""16""][ResourceName][/size]\n[ResourceDescription]",
Root/TooltipCraftingResourceString,"[size=""16""][ResourceName][/size]\n[ResourceDescription]",
Root/TooltipCraftingResourceTar,"[size=""16""][ResourceName][/size]\n[ResourceDescription]",
Root/TooltipCraftingResourceVial,"[size=""16""][ResourceName][/size]\n[ResourceDescription]",
Root/ResourcePickupHerb,You harvested [y]. It yields [x] herbs.,
Root/ResourcePickupHide,You picked up a [y]. You gain [x] hide.,
Root/ResourcePickupValuables,You picked up [y]. It's worth [x] valuables.,
Root/HerbTypeBishopWort,Finule,
Root/HerbTypePurpleFoxglove,Foxglove,
Root/HerbTypePoppy,Poppy,
Root/HerbTypeMayweed,Mayweed,
Root/HideTypeBearHide,Bear Hide,
Root/HideTypeWolfHide,Wolf Hide,
Root/ValuablesTypeTiny,a small trinket,
Root/ValuablesTypeSmall,a few trinkets,
Root/ValuablesTypeMedium,a few trinkets and some coins,
Root/ValuablesTypeLarge,a fair few coins and some trinkets,
Root/ValuablesTypeHuge,a lot of coins and trinkets,
Root/HomesteadName,Homestead,
Root/HomesteadStatPower,Power,
Root/HomesteadStatProsperity,Prosperity,
Root/TooltipHomesteadStatPower,"[size=""16""]Power[/size]\nA measure of your military strength outside the borders of your territory.",
Root/TooltipHomesteadStatProsperity,"[size=""16""]Prosperity[/size]\nA measure of your prestige at home and your standing among the other chieftains.",
Root/TimeDaysSingular,Day,
Root/TimeDays,Days,
Root/TimeWeeksSingular,Week,
Root/TimeWeeks,Weeks,
Root/TimeHoursSingular,Hour,
Root/TimeHours,Hours,
Root/TimeGrammar1,[x] [y],
Root/TimeGrammar2,"[x] [y], [x1] [y1]",
Root/TimeGrammar3,"[x] [y], [x1] [y1], [x2] [y2]",
Root/TimeDay1,Mani's Day,
Root/TimeDay2,Tyr's Day,
Root/TimeDay3,Odinn's Day,
Root/TimeDay4,Thorr's Day,
Root/TimeDay5,Freyja's Day,
Root/TimeDay6,Bathing Day,
Root/TimeDay7,Sun's Day,
Root/TimeMonth1,January,
Root/TimeMonth2,February,
Root/TimeMonth3,March,
Root/TimeMonth4,April,
Root/TimeMonth5,May,
Root/TimeMonth6,June,
Root/TimeMonth7,July,
Root/TimeMonth8,August,
Root/TimeMonth9,September,
Root/TimeMonth10,October,
Root/TimeMonth11,November,
Root/TimeMonth12,December,
Root/TimeDayEnd1,st,
Root/TimeDayEnd2,nd,
Root/TimeDayEnd3,rd,
Root/TimeDayEnd4,th,
Root/TimeNewDay,"[day] the [daynumber][dayend] of [month], year [year]",
Root/CampingMenuType,Type,
Root/CampingMenuAutoAssign,Auto Assign,
Root/CampingMenuClearAll,Clear All,
Root/CampingMenuManualFood,Manual Food Allocation,
Root/CampingMenuAutoMeat,Auto Allocate New Meat,
Root/CampingMenuWhoEats,Who Eats First?,
Root/CampingMenuGuarding,Guarding,
Root/CampingMenuHunting,Hunting,
Root/CampingMenuScouting,Scouting,
Root/CampingMenuPreserving,Preserving,
Root/CampingMenuWitchcraft,Witchcraft,
Root/CampingMenuCleaning,Cleaning,
Root/CampingMenuMakeCamp,Make Camp,
Root/CampingMenuCancelCamp,Leave Camp,
Root/CampingMenuAssignToAll,Assign To All,
Root/CampingMenuOpenMenu,[X] menu,
Root/CampingMenuStrongest,Healthiest,
Root/CampingMenuWeakest,Weakest,
Root/CampingMenuBest,Best fighters,
Root/CampingMenuWorst,Worst fighters,
Root/CampingMenuLoyal,Most loyal,
Root/CampingMenuDisgruntled,Least loyal,
Root/CampingMenuTaskRank,"[color=""grey""]Rank [x][/color]",
Root/CampingMenuTaskNoRank,"[color=""#555555""]No rank[/color]",
Root/CampingMenuTaskRankRequired,"[color=""#553333""]Rank 1 required[/color]",
Root/CampingResultsOverview,Camping Results,
Root/CampingMenuFoodShiftDown,The probability range of how much the food at this campsite will decrease when you hunt here.,
Root/CampingMenuFoodShiftUp,How much the food at this campsite will increase over time until you camp here.,
Root/CampingPermanentEffectRemoved,[c] lost the [x] status effect.,
Root/CampingResultsInjury,[name] ([injury])\n[oldseverity] → [newseverity],
Root/CampingResultsResource,[x] [resource],
Root/CampResultsTooltipEating,"Your hird has consumed [color=""red""][x] [resource][/color].",
Root/CampResultsTooltipCooking,"In the [color=""yellow""][shift] shift[/color], the cooking of [name] produced [color=""lime""][x] [resource][/color] from left-over Meat.",
Root/CampResultsTooltipHunting,"In the [color=""yellow""][shift] shift[/color], [name] went hunting and brought home [color=""lime""][x] Meat[/color].",
Root/CampResultsTooltipPreserving,"In the [color=""yellow""][shift] shift[/color], [name] preserved [color=""lime""][x] [resource][/color] from your Meat.",
Root/CampResultsTooltipWitchcraft,"In the [color=""yellow""][shift] shift[/color], [name] made [color=""lime""][x] Medicine[/color] from your Herbs.",
Root/CampResultsTooltipHealing,"In the [color=""yellow""][shift] shift[/color], [name] used [color=""red""][x] Medicine[/color] to treat an injury.",
Root/CampResultsTooltipGuarding,"In the [color=""yellow""][shift] shift[/color], your camp was poorly guarded and [color=""red""][x] [resource][/color] went missing.",
Root/CampResultsTooltipRepairing,"In the [color=""yellow""][shift] shift[/color], [name] has used [color=""red""][x] [resource][/color] to repair equipment.",
Root/CampResultsTooltipCrafting,"In the [color=""yellow""][shift] shift[/color], [name] has used [color=""red""][x] [resource][/color] to craft equipment.",
Root/CampResultsTooltipTinkering,"In the [color=""yellow""][shift] shift[/color], [name] has used [color=""red""][x] [resource][/color] to make combat items.",
Root/CampResultsTooltipSpoiled,"Your hird did not consume nor preserve [color=""red""][x] Meat[/color] into Rations, so it has spoiled.",
Root/CampResultsMiscellaneous,[hungry] [statuseffects] [scouting],
Root/CampResultsHungry,[notfed] of your hirdmen have not eaten.,
Root/CampResultsHungryNone,All of your hirdmen have eaten.,
Root/CampResultsStatusEffect,[affected] of your hirdmen have become [statuseffect].,
Root/CampResultsScouting,Your scouts have found something of interest nearby.,
Root/StatusEffectHungryPlayerMessage,[x] has gone hungry.,
Root/StatusEffectStarvingPlayerMessage,[x] is now starving.,
Root/IsFedHungryPlayerMessage,[x] has eaten and is not hungry anymore.,
Root/IsFedStarvingPlayerMessage,[x] has eaten and is not starving anymore.,
Root/CampResultsShift,"[size=""24""][color=""yellow""]Shift[/color] [x][/size]",
Root/CampResultsHuntingSuccessSingle,"[X] returns from hunting successful, bringing back [Z] piece of [A]!",
Root/CampResultsHuntingSuccessMultiple,"[X] returns from hunting successful, bringing back [Z] pieces of [A]!",
Root/CampResultsHuntingFailure,"[X] returns from hunting unsuccessful, no [A] added to your stores.",
Root/CampResultsGuardSuccess,"[X] stands down from guarding, having kept the camp safe.",
Root/CampResultsGuardSuccessPlural,"[X] stand down from guarding, having kept the camp safe.",
Root/CampResultsGuardFailure,[X] fails to keep the camp safe and you find [Z] [Y] to be missing.,
Root/CampResultsGuardFailurePlural,[X] fail to keep the camp safe and you find [Z] [Y] to be missing.,
Root/CampResultsGuardFailureNoGuards,"No one was guarding the camp, and [Z] [Y] went missing.",
Root/CampResultsGuardFailureTooPoor,"You failed to guard the camp, but the intruders found nothing to steal.",
Root/CampResultsScoutSuccess,[X] was successful and found something of interest.,
Root/CampResultsScoutSuccessPlural,[X] were successful and found something of interest.,
Root/CampResultsScoutFailure,[X] found nothing of interest.,
Root/CampResultsScoutFailurePlural,[X] found nothing of interest.,
Root/CampResultsWitchcraftSingle,"[X] grinds down [Z] [A], converting it into [Y] [B].",
Root/CampResultsWitchcraftMultiple,"[X] grinds down [Z] [A], converting it into [Y] [B].",
Root/CampResultsCraftSuccess,[X] crafted a new [Y].,
Root/CampResultsRepairSuccess,[X] repaired [Y] [item].,
Root/CampResultsTinkerSuccess,[X] tinkers a new [Y].,
Root/CampResultsHealSuccess,"[X] manages to improve [Y]'s condition, by spending [Z] medicine.",
Root/CampResultsCookSuccess,[X] takes everyone's food and makes a meal out of it.,
Root/CampResultsCookSuccessBonus,[X] cooks an excellent meal that fills every stomach. Everyone becomes [W].,
Root/CampResultsCookSuccessRation,"[X] cooks a meal so filling, you're able to use the leftovers for rations. You gain [Y] [Z].",
Root/CampResultsCookSuccessBonusRation,"[X] cooks the perfect meal. Everyone becomes [W], and you're able to use the leftovers to make [Y] [Z].",
Root/CampResultsCookFailure,"[X] cooks a meal so terrible, everyone gets [W].",
Root/CampResultsFoodDefault,Your expedition consumes [Y] [Z].,
Root/CampResultsCleanSuccess,[X] spends the shift cleaning up after everyone.,
Root/CampResultsCleanFailure,"Having spent three hours cleaning up after everyone, [X] is in a bad mood and loses 1 morale.",
Root/CampResultsPreserveSuccessMultiple,"[X] salts and wraps [Z] pieces of [A], converting them into [Y] [B].",
Root/CampResultsPreserveSuccessSingle,"[X] salts and wraps [Z] piece of [A], converting it into [Y] [B].",
Root/CampResultsRestingSuccess,[X] manages to get 8 hours of uninterrupted sleep and gets up fully rested.,
Root/CampResultsRestingFailure,"[X] only manages to get 4 hours of consecutive sleep, and awakes tired.",
Root/CampResultsRestingNoSleep,[X] doesn't get enough sleep during the night and is now fatigued.,
Root/CampResultsShift1,1st,
Root/CampResultsShift2,2nd,
Root/CampResultsShift3,3rd,
Root/CampResultsShift4,4th,
Root/CampCharacterSortAlphabet,Name,
Root/CampCharacterSortMorale,Morale,
Root/CampCharacterSortInjury,Health,
Root/CampCharacterSortGuardingSkill,Guarding Skill,
Root/CampCharacterSortFoodAssigned,Assigned Food,
Root/CampCharacterSortAscending,(Ascending),
Root/CampCharacterSortDescending,(Descending),
Root/CampSecurity,"Security\nHow secure a campsite is, making it harder to attack and steal from. Assign someone to clean in the last shift to keep the site's security from deteriorating.",
Root/CampSecurityVeryLow,Very Low,
Root/CampSecurityLow,Low,
Root/CampSecurityMedium,Medium,
Root/CampSecurityHigh,High,
Root/CampSecurityVeryHigh,Very High,
Root/CampShelter,"Shelter\nA measure of the campsite's exposure to the elements, and the availability of the necessary resources for making camp. A higher score means a better chance of becoming well rested.",
Root/CampShelterVeryBad,Very Bad,
Root/CampShelterBad,Bad,
Root/CampShelterNormal,Normal,
Root/CampShelterGood,Good,
Root/CampShelterVeryGood,Very Good,
Root/CampFood,Food\nHow much game is in the area. More game means more Meat for your hunters to bring back to camp.,
Root/CampFoodVeryHigh,Very High,
Root/CampFoodHigh,High,
Root/CampFoodMedium,Medium,
Root/CampFoodLow,Low,
Root/CampFoodVeryLow,Very Low,
Root/CampName,Campsite,
Root/CampTerrainType,Terrain Type\nDetermines guarding and hunting difficulty and shelter quality. Terrain Types also modify the amount of Meat hunters will bring back.,
Root/CampTaskRest,Rest,
Root/CampTaskGuard,Guard,
Root/CampTaskHunting,Hunting,
Root/CampTaskScout,Scout,
Root/CampTaskCook,Cook,
Root/CampTaskPreserve,Preserve,
Root/CampTaskCraft,Craft,
Root/CampTaskRepair,Repair,
Root/CampTaskTinker,Tinker,
Root/CampTaskHeal,Heal,
Root/CampTaskWitchcraft,Witchcraft,
Root/CampTaskClean,Clean,
Root/GuardPercentage,Guard %,
Root/CampTaskSelectionErrorNotImplemented,The selected camp task in not currently implemented.,
Root/CampTaskSelectionErrorNotEnoughShifts,There are not enough shifts left.,
Root/CampTaskSelectionErrorNotAllowedInShift,This task is not allowed in this shift.,
Root/CampTaskSelectionErrorMaximumAssigned,This task has already been assigned.,
Root/CampTaskSelectionErrorCantBeInjured,This task cannot be performed by an injured character.,
Root/CampTaskSelectionErrorIsBeingHealed,This character is being healed in this shift and needs to rest.,
Root/CampTaskSelectionErrorNotEnoughHerbs,You don't have enough Herbs to process into Medicine.,
Root/CampTaskSelectionErrorDoesntHaveRequiredSkill,This character doesn't have the required skill.,
Root/CampTaskSelectionErrorNoOneEating,This task requires at least one person to be eating in this camp.,
Root/CampTaskSelectionErrorNoBrokenItems,You party has no broken items.,
Root/CampTaskSelectionErrorNotEnoughMeat,You do not have enough Meat to process into Rations.,
Root/CampTaskSelectionErrorNoHurtCharacters,This task requires an injured hirdsman.,
Root/CampTaskSelectionErrorThegnCantClean,A Thegn shouldn't clean the camp.,
Root/TitleCampTask,[taskID],
Root/TitleCampTaskDisabled,"[color=""#[c]""][taskID][/color]",
Root/TooltipCampTaskOverview,[shift] [taskID] ([amount] [shift]),
Root/TooltipCampTaskError,"\n\n[color=""#[c]""][error][/color]",
Root/CampStatsTerrainType,[x],
Root/CampStatsFood,[x],
Root/CampStatsShelter,[x],
Root/CampStatsSecurity,[x] [y],
Root/TodoHeadline,REMINDERS,
Root/TodoUnassignedFood,"[color=""orange""][name][/color] doesn't have food assigned",
Root/TodoUnassignedFoodPlural,"[color=""yellow""][x] Hirdmen[/color] don't have food assigned",
Root/TodoUnassignedMeatSpoiled,"[color=""orange""][x][/color] meat will spoil this camp",
Root/TodoUnassignedShifts,"[color=""orange""][name][/color] still has available shifts",
Root/TodoUnassignedShiftsPlural,"[color=""yellow""][x] Hirdmen[/color] still have available shifts",
Root/TodoUnnecessaryAssignment,"[color=""orange""][name][/color] is assigned task(s) that yield no result",
Root/TodoUnnecessaryAssignmentPlural,"[color=""yellow""][x] Hirdmen[/color] are assigned task(s) that yield no result",
Root/TodoUnassignedCleaning,No one is assigned to clean,
Root/TodoUnassignedInjury,"[color=""orange""][name][/color] has an untreated injury",
Root/TodoNotResting,"[color=""orange""][name][/color] will not become rested",
Root/TodoNotRestingPlural,"[color=""yellow""][x] Hirdmen[/color] will not become rested",
Root/TodoEmptyList,"[color=""grey""]There's nothing that requires attention[/color]",
Root/TodoItemDurability,[x]/[y],
Root/TodoItemDurabilityHighWear,"[color=""red""][x]/[y][/color]",
Root/LoadingHint1,Your father's last journey was bound for the British Isles. Less than half of his crew returned.,
Root/LoadingHint2,Be careful to avoid attacks of opportunity during combat. Moving out of a hex adjacent to an enemy will give that enemy a free attack.,
Root/LoadingHint3,"In combat, you can activate/deactivate your abilities by pressing the numerical keys on your keyboard.",
Root/LoadingHint4,"During conversations, be mindful of your choices, as many options will change your reputation.",
Root/LoadingHint5,"The morale of your hirdmen affects their physical and mental resistances, so try to keep everybody happy.",
Root/LoadingHint6,"When your hirdmen become incapacitated during combat, the longer they stay down, the higher the risk of an injury.",
Root/LoadingHint7,"Sustaining injuries does not put hirdmen out of action, but they will incur penalties in and out of combat.",
Root/LoadingHint8,"If you lose track of your characters during gameplay, press F to center the camera on them.",
Root/LoadingHint9,A hirdman is anyone who travels with you and fights beside you. Your huscarls are those especially close and trusted warriors that serve you.,
Root/LoadingHint10,Equipment can be damaged during combat and will need to be repaired when you make camp.,
Root/LoadingHint11,"Flanking bonus damage bypasses the target's Damage Reduction completely, making flanking attacks particularly powerful against well armoured enemies.",
Root/LoadingHint12,Each character can carry two sets of items and can freely switch between them until they attack. This is particularly important for archers.,
Root/LoadingHint13,"Travel takes time, and time is a resource that will run out eventually. Plan your travels carefully.",
Root/LoadingHint14,Campsites persist between each visit. Take good care of your camp - you may need to use it again later.,
Root/LoadingHint15,Traders' stocks are replenished every week when a new shipment comes in.,
Root/LoadingHint16,Keep an eye out for cairns. Finding them gives you 1 SP each.,
Root/LoadingHint17,The threat of Christian expansion encroaches upon Denmark from the Frankish Realm to the south.,
Root/LoadingHint18,You can change the difficulty at any time if you need a bit less challenge - or a little more.,
Root/LoadingHint19,The pagan clans of Scandinavia have had little contact with the Christian kingdoms of the British Isles... until now.,
Root/LoadingHint20,"The ""leidangr"" (levy) army can be conscripted every 4 years. Each ""skipreida"" (ship district) must send one ship with crew for the levy.",
Root/LoadingHint21,Know the strengths and weaknesses of your hirdmen. Someone with low Perception will make a poor archer. A healer with low Sense is useless.,
Root/LoadingHint22,"A male religious leader in the North Germanic pagan faith was called a ""godi"". The equivalent female title is ""gydja"".",
Root/LoadingHint23,"If you leave your left-hand item slot empty, you will gain a 3 percent-point bonus to your Critical Chance.",
Root/LoadingHint24,"Viking longships were characterised by their shallow draft, which made them very fast and permitted river navigation and beach landings.",
Root/LoadingHint25,"Christianity was brought to Britain by the Romans, but was destroyed in the Saxon invasions. The Gregorian Mission reintroduced Christianity around 600 AD.",
Root/LoadingHint26,Enemies block line-of-sight for ranged attacks. Your own characters do not block each others' attacks.,
Root/LoadingHint27,"100 Valuables is equivalent to 10 ørtug of silver, or 5 anglo-saxon Pence.",
Root/LoadingHint28,"Two-handed weapons offer reach, which lets you engage enemies without being trapped by their attack of opportunity.",
Root/LoadingHint29,"In Old Norse, ""viking"" was the word for an expedition as well as someone who undertook one. So in a sense, this game is called Expeditions: Expedition.",
Root/LoadingHint30,"A jarl is just beneath the king in power, and may be appointed to rule in his place. A thegn is a local chieftain, who often holds responsibility for a ship.",
Root/LoadingHint31,"A shieldmaiden is a woman who has chosen to fight as a warrior. Despite the name, they don't necessarily carry shields.",
Root/LoadingHint32,Standard ranged attacks apply Harried which reduces the target's damage reduction for one round. Abilities do not harry enemies.,
Root/LoadingHint33,"Any characters who still have their attack action (red ring) when the turn ends will be Steadied, protecting them from being Harried by archers.",
Root/LoadingHint34,"During combat, you can select your followers by pressing F1 - F12",
Root/LoadingHint35,The thegns of Jutland meet King Sigurdr Hring at the Althing on the autumn equinox - September 19. You must achieve your goals before then.,
Root/TooltipAreaMap,Area Map,
Root/TooltipInventory,Inventory,
Root/TooltipOptions,Options Menu,
Root/TooltipHomestead,Homestead,
Root/TooltipQuests,Quest Log,
Root/TooltipCodex,Codex,
Root/TooltipSkills,Character and Skills Menu,
Root/TooltipCampTaskRest,Resting staves off fatigue.,
Root/TooltipCampTaskGuard,Guarding helps protect the camp from attacks or theft.,
Root/TooltipCampTaskHunting,Hunting adds meat to your expedition.,
Root/TooltipCampTaskScout,Scouting has a chance to discover resources on the campaign map near the campsite.,
Root/TooltipCampTaskCook,Cooking has a chance to apply a bonus to your warriors.,
Root/TooltipCampTaskPreserve,Preserving determines the amount of Meat converted into Rations.,
Root/TooltipCampTaskCraft,Crafting lets a follower create weapons and armour to use in combat.,
Root/TooltipCampTaskRepair,Repairs items that have been damaged.,
Root/TooltipCampTaskHeal,Healing is used to treat injured followers.,
Root/TooltipCampTaskWitchcraft,Witchcraft determines the amount of Herbs converted into Medicine.,
Root/TooltipCampTaskTinker,Tinkering lets followers create combat items.,
Root/TooltipCampTaskClean,"Cleaning keeps the camp secret and secure, preventing its Security from deteriorating with use.",
Root/TooltipCampStatGuarding,The probability that the camp will not be subjected to attacks or theft.,
Root/TooltipCampStatHunting,The chance that your hunters will bring back roughly 2 Meat per rank of hunting.,
Root/TooltipCampStatPatrolling,The chance of discovering resources on the campaign map near this campsite.,
Root/TooltipCampStatPreserving,"The amount of Meat set to be converted into Rations, out of the total amount of Meat available.",
Root/TooltipCampStatWitchcraft,"The amount of Herbs set to be converted into Medicine, out of the total amount of Herbs available.",
Root/TooltipCampFilterNext,Select the next filter for displaying your followers.,
Root/TooltipCampFilterPrevious,Select the previous filter for displaying your followers.,
Root/TooltipCampClearAll,"Clears all the tasks for your followers, defaulting to resting.",
Root/TooltipCampAutoAssign,"Assigns tasks for all your followers based on your needs and their skills. Will not assign crafting, tinkering, repairing, or healing",
Root/TooltipCampFoodNone,Assign no food to all followers.,
Root/TooltipCampFoodMeat,"Assign all Meat to your followers, then switch to Rations.",
Root/TooltipCampFoodRation,Assign a Ration to all followers until supplies run out.,
Root/TooltipCampFoodAutoAssign,"Automatically assigns Meat procured during the last camp to your followers, lowering the use of Rations.",
Root/TooltipCampFoodWhoEatsFirst,"Determines who eats first, meaning new Meat will be assigned to these people first, then Rations, then descending in order until supplies run out.",
Root/TooltipCampFoodAssignToAll,Assigns the selected food to all followers.,
Root/TooltipCampingMenuStrongest,"Healthiest followers eat first, making sure those in fighting trim are well fed.",
Root/TooltipCampingMenuWeakest,Weakest followers eat first. Showing mercy to those in need.,
Root/TooltipCampingMenuBest,"The best fighters eat first, based on the amount of skillpoints spent on combat skills.",
Root/TooltipCampingMenuWorst,"The worst fighters eat first, based on the amount of skillpoints spent on combat skills.",
Root/TooltipCampingMenuLoyal,"The most loyal eat first, meaning those you can trust with your life can trust you with theirs.",
Root/TooltipCampingMenuDisgruntled,"The least loyal eat first, because you want to win over those might betray you.",
Root/TooltipCampingLeaveCamp,Do you want to leave your camp?,
Root/TooltipCampingLeaveCampTitle,Leaving camp,
Root/TooltipCampFollowerFood,Shows the food assigned to this follower.,
Root/ItemIdentifierDamage,Damage,
Root/ItemIdentifierAP,Armour Piercing Damage,
Root/ItemIdentifierCrit,Critical Damage Multiplier,
Root/ItemIdentifierRange,Weapon Hex Range,
Root/ItemIdentifierDR,Damage Reduction,
Root/ItemIdentifierDRMelee,Melee Damage Reduction,
Root/ItemIdentifierDRRanged,Ranged Damage Reduction,
Root/ItemIdentifierAbsorbtion,Absorption,
Root/ItemIdentifierBlock,Block Chance,
Root/ItemIdentifierDiscipline,Discipline,
Root/ItemIdentifierPhysicalResistance,Physical Resistance,
Root/ItemIdentifierMentalResistance,Mental Resistance,
Root/ItemIdentifierAccuracy,Accuracy,
Root/ItemIdentifierMovement,Movement,
Root/ItemIdentifierResistanceFire,Fire Resistance,
Root/ItemIdentifierResistancePoison,Poison Resistance,
Root/ItemIdentifierResistanceWeather,Weather Resistance,
Root/ItemItems,Items,
Root/InventorySlotHead,Head,
Root/InventorySlotNeck,Neck,
Root/InventorySlotTorso,Torso,
Root/InventorySlotRightHand,Right Primary,
Root/InventorySlotRightHandAlt,Right Secondary,
Root/InventorySlotLeftHand,Left Primary,
Root/InventorySlotLeftHandAlt,Left Secondary,
Root/InventorySlotItem1,Item 1,
Root/InventorySlotItem2,Item 2,
Root/InventorySlotItem3,Item 3,
Root/InventoryTooltipHeadSlot,"Helmets increase your Damage Reduction and Physical Resistance, but incur a Max Accuracy penalty based on their tier.",
Root/InventoryTooltipNeckSlot,Talismans and other superstitious adornments grant bonuses that vary wildly.,
Root/InventoryTooltipTorsoSlot,Armour is the main factor in determining the character's damage reduction.,
Root/InventoryTooltipHandSlot,"The right and left hand slots can hold a 1-handed weapon and a shield, a 1-handed weapon and an axe or knife, or a single two-handed weapon. If your left hand is empty, you get a small bonus to your Critical Chance.",
Root/InventoryTooltipAltHandSlot,"Until you make an attack, you can freely switch between your primary and secondary weapon sets during combat. Once you attack, you can no longer switch weapons for the rest of your turn.",
Root/InventoryTooltipItemSlots,"Any type of craftable combat item, such as traps, consumables, or throwable items.",
Root/InventoryTooltipFilter,Filter by type.,
Root/InventoryTooltipFilterAll,Show all items.,
Root/InventoryTooltipFilterWeapons,Show only weapons.,
Root/InventoryTooltipFilterArmours,Show only armours.,
Root/InventoryTooltipFilterQuests,Show only quest items.,
Root/InventoryTooltipFilterTalismans,Show only talismans.,
Root/InventoryTooltipFilterCraftables,Show only craftable combat items.,
Root/InventoryTooltipFilterSecondary,Sort the selected tab by a secondary filter.,
Root/InventoryTooltipSortBy,Sort by,
Root/InventoryCharacterNext,Next Character,
Root/InventoryCharacterPrevious,Previous Character,
Root/InventoryTooltipSwitchWeapons,Switch between the two weapon sets. Comparing items will only be against the active weapon set (Top).,
Root/InventoryDiscard,Deconstruct,
Root/InventoryFirstTimeDiscard,Deconstructing an item will permanently destroy the item in exchange for resources. Are you sure you want to deconstruct this item?,
Root/InventoryTooltipDiscard,"Deconstructs the item, giving you back resources depending on the resources spent creating it, and your Repairing skill.",
Root/InventoryTooltipItemDescription,\n[x],
Root/InventoryTooltipItemSpDescription,[x],
Root/InventoryTooltipItemSbDescription,[x],
Root/InventoryTooltipItemCompareDamageComp,"\nDmg: [color=""orange""][x][/color][compfx] - [color=""orange""][y][/color][compfy]",
Root/InventoryTooltipItemCompareAP,"\nAP: [color=""orange""][x][/color][compf]",
Root/InventoryTooltipItemCompareCrit,"\nCrit: [color=""orange""][x]x[/color][compx]",
Root/InventoryTooltipItemCompareRange,"\nRange: [color=""orange""][x][/color][compf]",
Root/InventoryTooltipItemCompareDRMelee,"\nDR Melee: [color=""orange""][x]%[/color][compp]",
Root/InventoryTooltipItemCompareDRRanged,"\nDR Ranged: [color=""orange""][x]%[/color][compp]",
Root/InventoryTooltipItemCompareMovement,"\nMovement Adjustment: [color=""orange""][x][/color][compf]",
Root/InventoryTooltipItemComparePhysicalResistance,"\nPhysical Resistance: [color=""orange""][x]%[/color][compp]",
Root/InventoryTooltipItemCompareMentalResistance,"\nMental Resistance: [color=""orange""][x]%[/color][compp]",
Root/InventoryTooltipItemCompareAccuracy,"\nAccuracy Penalty: [color=""orange""][x]%[/color][compp]",
Root/InventoryTooltipItemCompareBlockChance,"\nBlock Chance: [color=""orange""][x]%[/color][compp]",
Root/InventoryTooltipItemCompareAbsorption,"\nAbsorption: [color=""orange""][x][/color][compf]",
Root/InventoryTooltipItemCompareFireRes,"\nFire Resistance: [color=""orange""][x]%[/color][compp]",
Root/InventoryTooltipItemComparePoisonRes,"\nPoison Resistance: [color=""orange""][x]%[/color][compp]",
Root/InventoryTooltipItemCompareWeatherRes,"\nWeather Resistance: [color=""orange""][x]%[/color][compp]",
Root/InventoryTooltipItemDurability,"\n[color=""grey""][x]/[y] Durability[/color]",
Root/InventoryTooltipItemDurabilityHighWear,"\n[color=""red""][x]/[y] Durability[/color]",
Root/InventoryTooltipItemSpecialProperty,\n\n[x],
Root/InventoryTooltipItemSchematic,\n\n[x],
Root/InventoryTooltipItemCompareX,"[color=""grey""]([z]x)[/color]",
Root/InventoryTooltipItemCompareFlat,"[color=""grey""]([z])[/color]",
Root/InventoryTooltipItemComparePercentage,"[color=""grey""]([z]%)[/color]",
Root/InventoryTooltipItemDifferencePositive,"[color=""lime""]+[x][/color]",
Root/InventoryTooltipItemDifferenceNegative,"[color=""red""][x][/color]",
Root/InventoryTooltipItemDifferenceNeutral,"[color=""grey""]0[/color]",
Root/InventoryTooltipCompareItems,"[size=""16""][name][/size]\n[color=""grey""][class][/color]\n[durability][description][specialpropdesc][schematicdesc]\n[damage][ap][crit][drmelee][drranged][absorption][block][physicalresistance][mentalresistance][movement][accuracypenalty][fireres][poisonres][weatherres][specialpropeffect][schematiceffect]",
Root/SecondaryFilterSalvagePercentageDescending,Durability,
Root/SecondaryFilterSalvageValueDescending,Total salvage,
Root/SecondaryFilterNameAscending,Name,
Root/SecondaryFilterChronologicalDescending,Newest,
Root/SecondaryFilterChronologicalAscending,Oldest,
Root/SecondaryFilterSalvagePercentageDescendingTooltip,"Sort by remaining durability, low durability first",
Root/SecondaryFilterSalvageValueDescendingTooltip,Sort by total salvage value,
Root/SecondaryFilterNameAscendingTooltip,"Sort by name, A-Z",
Root/SecondaryFilterChronologicalDescendingTooltip,"Sort by time the item was acquired, newest first",
Root/SecondaryFilterChronologicalAscendingTooltip,"Sort by time the item was acquired, oldest first",
Root/InventoryPanelCharName,[v],
Root/InventoryPanelCharDamage,"[color=""orange""][v1] - [v2][/color]",
Root/InventoryPanelCharPhysicalResistance,"[color=""orange""][v]%[/color]",
Root/InventoryPanelCharMentalResistance,"[color=""orange""][v]%[/color]",
Root/InventoryPanelCharAccuracy,"[color=""orange""][v]%[/color]",
Root/InventoryPanelCharBlock,"[color=""orange""][v]%[/color]",
Root/InventoryPanelCharCritChance,"[color=""orange""][v]%[/color]",
Root/InventoryPanelCharHwR,"[color=""orange""][v1]/[v2][/color]",
Root/InventoryPanelCharHealth,[v],
Root/InventoryPanelCharMorale,"[color=""white""][v1] ([v2])[/color]",
Root/InventoryPanelCharHitpoints,"[color=""orange""][v][/color]",
Root/InventoryPanelCharMovement,"[color=""orange""][v][/color]",
Root/InventoryPanelCharMovementNegLight,"[color=""yellow""][v][/color]",
Root/InventoryPanelCharMovementNegSerious,"[color=""orange""][v][/color]",
Root/InventoryPanelCharMovementNegSevere,"[color=""red""][v][/color]",
Root/InventoryPanelCharMovementPos,"[color=""lime""]+[v][/color]",
Root/InventoryPanelCharDRRanged,"[color=""orange""][v]%[/color]",
Root/InventoryPanelCharDRMelee,"[color=""orange""][v]%[/color]",
Root/InventoryPanelCharStat,[v],
Root/InventoryPanelCharStatNegLight,"[color=""yellow""][v][/color]",
Root/InventoryPanelCharStatNegSerious,"[color=""orange""][v][/color]",
Root/InventoryPanelCharStatNegSevere,"[color=""red""][v][/color]",
Root/InventoryPanelCharStatPos,"[color=""lime""][v][/color]",
Root/InventoryRowWeaponDamage,[v1] - [v2],
Root/InventoryRowWeaponCritModifier,[v]x,
Root/InventoryRowWeaponOneTile,1,
Root/InventoryRowWeaponTwoTiles,2,
Root/InventoryRowWeaponRanged,Ranged,
Root/InventoryRowArmourMovementPos,"[color=""lime""][v][/color]",
Root/InventoryRowArmourMovementNeg,"[color=""red""][v][/color]",
Root/InventoryRowArmourMovementZero,[v],
Root/InventoryRowArmourResistance,[v]%,
Root/InventoryRowShieldBlock,[v]%,
Root/InventoryRowShieldAbsorption,[v],
Root/InventoryItemTypeConsumable,Consumable,
Root/InventoryItemTypeThrowable,Throwable,
Root/InventoryItemTypeTrap,Trap,
Root/InventoryCantFiddleTitle,Not Allowed,
Root/InventoryCantFiddleBody,You are not allowed to change followers' inventory if they're not part of your hird.,
Root/InventoryItemRowAdditionalEffectsOne,[x],
Root/InventoryItemRowAdditionalEffectsTwo,[x1]\n[x2],
Root/InventoryContainerTakeAll,"Take All [color=""silver""]<[x]>[/color]",
Root/InventoryEmptyLootContainer,Empty,
Root/InventoryTheftDialogueBoxTitle,Attempt Theft,
Root/InventoryTheftDialogueBoxDescription,"This belongs to someone nearby.\nGetting caught stealing will hurt your reputation.\n[size=""18""][color=""orange""]Finesse: [difficulty][/color][/size]",
Root/InventoryTheftDialogueBoxYes,Steal,
Root/InventoryTheftPopupFailure,Caught stealing!,
Root/LootContainerDenmarkEquipmentArmourStand,Armour Stand,
Root/LootContainerDenmarkEquipmentWeaponRack,Weapon Rack,
Root/LootContainerDenmarkGenericChestLarge,Large Chest,
Root/LootContainerDenmarkGenericChestSmall,Small Chest,
Root/LootContainerDenmarkGenericCrate,Crate,
Root/LootContainerDenmarkGenericHumanCarcass,Corpse,
Root/LootContainerDenmarkGenericStashSmall,Small Stash,
Root/LootContainerDenmarkGenericStashLarge,Large Stash,
Root/LootContainerDenmarkGenericTrashPile,Trash Pile,
Root/LootContainerDenmarkResourceBarrel,Barrel,
Root/LootContainerDenmarkResourceBasket,Basket,
Root/LootContainerDenmarkResourceSacks,Sacks,
Root/LootContainerBritainEquipmentArmourStand,Armour Stand,
Root/LootContainerBritainEquipmentWeaponRack,Weapon Rack,
Root/LootContainerBritainGenericBookshelf,Bookshelf,
Root/LootContainerBritainGenericChestLarge,Large Chest,
Root/LootContainerBritainGenericChestSmall,Small Chest,
Root/LootContainerBritainGenericCrate,Crate,
Root/LootContainerBritainGenericStashSmall,Small Stash,
Root/LootContainerBritainGenericStashLarge,Large Stash,
Root/LootContainerBritainGenericTrashPile,Trash Pile,
Root/LootContainerBritainResourceBarrel,Barrel,
Root/LootContainerBritainResourceBasket,Basket,
Root/LootContainerBritainResourceLooseStone,Loose Stone,
Root/LootContainerBritainResourceSacks,Sacks,
Root/InventoryUtilityItemCombatTooltipNone,Empty utility item slot,
Root/InventoryUtilityItemCombatTooltip,"[size=""16""][ItemName][/size][action]\n[size=""12""][color=""grey""][ItemType][/color][/size][requirement]\n[ItemDescription]",
Root/TooltipCombatRequirementActionGrammar,"\n[color=""red""][size=""12""][i][x][/i][/size][/color].",
Root/TooltipCombatRequirementActionNoPlaceToLand,The landing tile is obstructed,
Root/TooltipCombatRequirementActionNoLineOfSight,There is no clear line of sight between your character and the target,
Root/TooltipCombatRequirementActionOutOfRange,The target is out of range of the utility item,
Root/TooltipCombatRequirementActionOccupiedByTileObject,Occupied by another object,
Root/TooltipCombatRequirementActionOccupiedByCharacter,Can't place on an occupied hex,
Root/TooltipCombatRequirementActionOccupiedBySelf,Can't place on self,
Root/TooltipCombatRequirementActionNoPathFound,The target is not in the combat area,
Root/TooltipCombatRequirementActionNotFatigued,The character is not fatigued,
Root/TooltipCombatRequirementActionNonwalkable,Can't place on non-walkable tiles,
Root/TreatmentInjuries,Injuries,
Root/TreatmentPatients,Patients,
Root/TreatmentBonus,Treatment Bonus,
Root/HealingIconTooltip,"Shows you the rank of the skill, as well as the discount you'll get to the cost of treating injuries.",
Root/TreatmentBonusEffect,-[x]%,
Root/TreatmentCost,Cost,
Root/TreatmentDeteriorationRisk,Deterioration Risk,
Root/TreatmentAutoAssign,Auto Assign Patient,
Root/TreatmentMoreThanOneInjury,+[x] injuries,
Root/TreatmentMedicineCost,[amount],
Root/TreatmentMedicineCostShort,[amount] [resource],
Root/TreatmentInjuryAssignedTo,"[color=""grey""]Injury assigned to[/color] [color=""orange""][doctorname][/color]",
Root/TreatmentErrorEveryoneHealedTitle,No one to heal,
Root/TreatmentErrorEveryoneHealed,All injuries are already assigned.,
Root/Endurance,Endurance,
Root/Sense,Sense,
Root/Finesse,Finesse,
Root/Strength,Strength,
Root/Movement,Movement,
Root/Morale,Morale,
Root/Perception,Perception,
Root/Medicine,Medicine,
Root/MedicineCost,Cost,
Root/TreatmentDeteriorated,[c]'s injury deteriorated to [x],
Root/TreatmentDeterioratedDead,"[c]'s injury deteriorated, killing the character",
Root/TreatmentInjurySeverityHealthy,Healthy,
Root/TreatmentInjurySeverityLight,Light,
Root/TreatmentInjurySeverityModerate,Moderate,
Root/TreatmentInjurySeveritySevere,Severe,
Root/TreatmentInjurySeverityCritical,Critical,
Root/TreatmentInjurySeverityFatal,Fatal,
Root/TreatmentInjurySeverityCrippling,Crippling,
Root/TreatmentInjurySeverityDead,"[color=""brown""]Dead[/color]",
Root/TreatmentInjuryTypeBurn,Burn,
Root/TreatmentInjuryTypeLaceration,Laceration,
Root/TreatmentInjuryTypeInfection,Infection,
Root/TreatmentInjuryTypePuncture,Puncture,
Root/TreatmentInjuryTypeFracture,Fracture,
Root/TreatmentInjuryTypeTrauma,Trauma,
Root/TreatmentInjuryLocationHead,Head,
Root/TreatmentInjuryLocationEyes,Eyes,
Root/TreatmentInjuryLocationChest,Chest,
Root/TreatmentInjuryLocationArm,Arm,
Root/TreatmentInjuryLocationGut,Gut,
Root/TreatmentInjuryLocationGroin,Groin,
Root/TreatmentInjuryLocationLeg,Leg,
Root/TreatmentInjuryExternal,on,
Root/TreatmentInjuryInternal,in,
Root/TreatmentInjuryGrammar,[injuryseverity] [injurytype],
Root/TooltipTreatmentInjuryLevel1,"Light injures are relatively harmless, the penalties are lighter and the cost is reduced significantly.",
Root/TooltipTreatmentInjuryLevel2,"Moderate injuries have no penalty modifications and are a little cheaper to treat, but increases the deterioration risk by [color=""#ff0000""]+5%[/color].",
Root/TooltipTreatmentInjuryLevel3,"Severe injuries get a slightly higher penalty with no reduction to cost. Deterioration Risk is increased by [color=""#ff0000""]+15%[/color].",
Root/TooltipTreatmentInjuryLevel4,"Critical injuries sees a significant penalty increase, as well cost and deterioration risk is increased by [color=""#ff0000""]+30%[/color].",
Root/TooltipTreatmentInjuryLevel5,"Fatal/Crippling injuries are one dice-rool away from permanent consequences, the penalties and cost are heavily increased and deterioration risk is now at a whopping [color=""#ff0000""]+50%[/color].",
Root/TooltipTreatmentInjuryLevel6,"If you don't treat your patient before reaching this point, you must suffer the consequences, which in most cases are death, or permanent injuries.",
Root/TooltipTreatmentAlreadyTreatedByYou,This injury is currently assigned to [X] in this shift.,
Root/TooltipTreatmentTreatedBy,This injury is assigned to [X] in other shifts.,
Root/TooltipTreatmentAlreadyTreatedBy,"[color=""red""][i]This injury is already assigned to [X] in this shift.[/i][/color]",
Root/TooltipTreatmentNoMedicine,"[color=""red""][i]There is not enough medicine left to treat this injury.[/i][/color]",
Root/TooltipTreatmentFullyTreated,"[color=""red""][i]The injury is already assigned to be fully treated in this camp.[/i][/color]",
Root/Skills,Skills,
Root/SkillsFilterCombatWeapon,Weapons,
Root/SkillsFilterCombatActive,Combat,
Root/SkillsFilterCombatPassive,Passive,
Root/SkillsFilterNonCombat,Non-Combat,
Root/ExperiencePointsLeft,Skill Points,
Root/ExperiencePointsLeftNotAvailable,N/A,
Root/StatPointsLeft,Stat Points,
Root/NextSkillRank,Next,
Root/UpgradeSkill,UPGRADE,
Root/UpgradeSkillNotInParty,not in party,
Root/UpgradeSkillCost,"[color=""orange""][x] SP[/color] TO UPGRADE",
Root/UpgradeSkillUnaffordable,"[color=""grey""][x] SP[/color]",
Root/UpgradeSkillMaxed,"[color=""grey""]Maxed[/color]",
Root/DowngradeSkill,DOWNGRADE,
Root/SkillRequiresSkill,"[size=""12""][i][color=""red""]This skill requires [x] Rank [y].[/color][/i][/size]\n",
Root/SkillRequiresStat,"[size=""12""][i][color=""red""]This skill requires [x] [y].[/color][/i][/size]\n",
Root/SkillRequiresNationality,"[size=""12""][i][color=""red""]This skill requires another nationality.[/color][/i][/size]\n",
Root/SkillCost,"Upgrade Cost: [color=""orange""][x][/color]",
Root/ActionTypeAttack,"([color=""silver""]Attack Action[/color])",
Root/ActionTypeFree,"([color=""silver""]Free Action[/color])",
Root/ActionTypeFull,"([color=""silver""]Full Action[/color])",
Root/ActionTypeHalfMove,"([color=""silver""]Half Move Action[/color])",
Root/ActionTypeFullMove,"([color=""silver""]Full Move Action[/color])",
Root/AbilityCooldownNone,No Cooldown,
Root/AbilityCooldown,[x] Turn Cooldown,
Root/TooltipSkillsWeapons,"[size=""16""]Weapon skills[/size]\nWeapon skills define how good you are with specific weapons and unlock several abilities as you progress.",
Root/TooltipSkillsOffensive,"[size=""16""]Offensive skills[/size]\nOffensive skills provide extra abilities to be used during combat that aren't tied to any specific weapon.",
Root/TooltipSkillsSupport,"[size=""16""]Support skills[/size]\nSupport skills help allies, hinder enemies, or provide tactical advantages without dealing direct damage.",
Root/TooltipSkillsUtility,"[size=""16""]Utility skills[/size]\nUtility skills are useful for keeping the party equipped, happy, and well fed, and in general help the party as a whole.",
Root/TooltipSkillsPassive,"[size=""16""]Passive skills[/size]\nPassive skills provide small but permanent boosts to stats or give you an extra edge under specific conditions.",
Root/TooltipSkillUpgradeButton,Buy the next rank of this skill at the price specified.,
Root/TooltipSkillDowngradeButton,Downgrade this skill to its last rank and get your Skill Points back.,
Root/CharacterLook,CHARACTER CREATION,
Root/CharacterPrimaryStats,PRIMARY STATS,
Root/CharacterSecondaryStats,SECONDARY STATS,
Root/CharacterDescription,DESCRIPTION,
Root/CharacterSkills,SKILLS,
Root/CharacterCreation,Character Creation,
Root/CharacterStatsSkills,STATS & SKILLS,
Root/CharacterImport,Import,
Root/CharacterImportCharacter,Import Character,
Root/CharacterExport,Export,
Root/CharacterExportCharacter,Export Character,
Root/CharacterReset,Reset,
Root/CharacterDone,Done,
Root/CharacterNext,Next,
Root/CharacterHead,Head,
Root/CharacterFace,Face,
Root/CharacterHair,Hair,
Root/CharacterFacialHair,Facial Hair,
Root/CharacterTorso,Torso,
Root/CharacterArms,Arms,
Root/CharacterLegs,Legs,
Root/CharacterPrimaryColor,Color #1,
Root/CharacterSecondaryColor,Color #2,
Root/CharacterTertiaryColor,Color #3,
Root/CharacterEyeColor,Eye Color,
Root/CharacterSkinColor,Complexion,
Root/CharacterHairColor,Hair Color,
Root/CharacterPortrait,Portrait,
Root/CharacterGender,Gender,
Root/CharacterGenderMale,Male,
Root/CharacterGenderMaleSuffix,sonr,
Root/CharacterGenderMaleAlt,man,
Root/CharacterGenderFemale,Female,
Root/CharacterGenderFemaleSuffix,dottir,
Root/CharacterGenderFemaleAlt,woman,
Root/CharacterName,NAME,
Root/CharacterFatherName,FATHER'S NAME,
Root/CharacterRandomize,Randomize,
Root/CharacterImportErrorWrongFileVersion,Could not import character: File version outdated,
Root/CharacterImportErrorFileNotFound,Could not import character: File or path not existing,
Root/CharacterExportErrorCantWriteFile,Could not export character: Can't write to selected path,
Root/CharacterImportSelectFile,Select a file to import,
Root/CharacterExportSelectFile,Enter a filename,
Root/CharacterBackToMainMenu,Back to Main Menu,
Root/CharacterBackToMainMenuConfirmation,Do you really want to go back to the main menu?,
Root/CharacterCreationDone,Finished creating a character,
Root/CharacterCreationDoneConfirmation,Are you satisfied with your character?,
Root/CharacterPrimaryStatChange,Primary Stat Change,
Root/CharacterPrimaryStatChangeConfirmation,Your Primary Stat change results in skills getting invalid. Do you want to continue?,
Root/CharacterSkillRankChange,Skill Rank Change,
Root/CharacterSkillRankChangeConfirmation,Your Skill Rank change results in other skills getting invalid. Do you want to continue?,
Root/CharacterExportOverwriteFile,You are about to overwrite an existing character file. Do you want to continue?,
Root/CharacterImportNoFiles,No files available to import!,
Root/CharacterZoomButton,Zoom,
Root/CharacterCreationMessageSkillPoints,You haven't spent all your skill points yet. Are you sure you want to continue?\nN.B. You can assign any left-over skill points later.,
Root/CharacterCreationMessageStatPoints,You must assign all your stat points before you can continue.,
Root/CharacterSkillPointsRemaining,[x] SP ([totalspent] Spent),
Root/CharacterSelectPreset,Select Preset,
Root/CharacterResetPoints,Reset,
Root/CharacterNameCaseHeadline,Localization Cases,
Root/CharacterNameCaseDescription,"This is where you will provide the game with additional grammatical versions of your custom name, so that it will appear correctly throughout the game.",
Root/CharacterDescriptionGrammar,"Born to [Player:Father:Genitive] and Astridr in the year 769 (Julian calendar), with [eyes] and hair [hair]. [primaryfocus] [archetype]",
Root/CharacterDescriptionGrammarEyesBlue,bright blue eyes,
Root/CharacterDescriptionGrammarEyesGrey,steely grey eyes,
Root/CharacterDescriptionGrammarEyesBrown,mysterious brown eyes,
Root/CharacterDescriptionGrammarEyesGreen,captivating green eyes,
Root/CharacterDescriptionGrammarHairBlack,as black as night,
Root/CharacterDescriptionGrammarHairBlonde,as lush as summer,
Root/CharacterDescriptionGrammarHairWhite,as fair as snow,
Root/CharacterDescriptionGrammarHairRed,the colour of blood,
Root/CharacterDescriptionGrammarHairGinger,the colour of fire,
Root/CharacterDescriptionGrammarHairBrown,brown as the earth,
Root/CharacterDescriptionGrammarHairGrey,as grey as ash,
Root/CharacterDescriptionGrammar0Bonus0Malus,You've grown into a well-rounded but unremarkable [man/woman].,
Root/CharacterDescriptionGrammar1Bonus0Malus,You've grown to be a [primary1] [man/woman].,
Root/CharacterDescriptionGrammar2Bonus0Malus,You've grown to be a [primary1] and [primary2] [man/woman].,
Root/CharacterDescriptionGrammar3Bonus0Malus,"You've grown to be a [primary1], [primary2] and [primary3] [man/woman].",
Root/CharacterDescriptionGrammar1Bonus1Malus,You've grown to be a [primary1] [man/woman] but [negprimary1].,
Root/CharacterDescriptionGrammar2Bonus1Malus,"You've grown to be a [primary1] and [primary2] [man/woman], but [negprimary1].",
Root/CharacterDescriptionGrammar3Bonus1Malus,"You've grown to be a [primary1], [primary2], and [primary3] [man/woman], but [negprimary1].",
Root/CharacterDescriptionGrammar1Bonus2Malus,You've grown to be a [primary1] [man/woman] but [negprimary1] and [negprimary2].,
Root/CharacterDescriptionGrammar2Bonus2Malus,"You've grown to be a [primary1] and [primary2] [man/woman], but [negprimary1] and [negprimary2].",
Root/CharacterDescriptionGrammar3Bonus2Malus,"You've grown to be a [primary1], [primary2], and [primary3] [man/woman], but [negprimary1] and [negprimary2].",
Root/CharacterDescriptionGrammar2Bonus3Malus,"You've grown to be a highly [primary1] and [primary2] [man/woman], but [negprimary1], [negprimary2], and [negprimary3].",
Root/CharacterDescriptionGrammarPrimaryGoodStrength,strong,
Root/CharacterDescriptionGrammarPrimaryGoodEndurance,tough,
Root/CharacterDescriptionGrammarPrimaryGoodPerception,keen,
Root/CharacterDescriptionGrammarPrimaryGoodFinesse,graceful,
Root/CharacterDescriptionGrammarPrimaryGoodSense,wise,
Root/CharacterDescriptionGrammarPrimaryBadStrength,weak of arm,
Root/CharacterDescriptionGrammarPrimaryBadEndurance,of frail health,
Root/CharacterDescriptionGrammarPrimaryBadPerception,blind as a bat,
Root/CharacterDescriptionGrammarPrimaryBadFinesse,of little grace,
Root/CharacterDescriptionGrammarPrimaryBadSense,slow of wit,
Root/CharacterDescriptionGrammarArchetypeSingle,You are known amongst your clansmen as [archetype1].,
Root/CharacterDescriptionGrammarArchetypeDouble,"Amongst your clansmen, you are known equally as [archetype1], and [archetype2].",
Root/CharacterDescriptionGrammarArchetypeBrawler,"an impressive [color=""orange""]Brawler[/color] who can beat any foe with your bare hands",
Root/CharacterDescriptionGrammarArchetypeBerserker,"a ferocious [color=""orange""]Berserker[/color], always the first to charge into the fray",
Root/CharacterDescriptionGrammarArchetypeBannerman,"a highly trained [color=""orange""]Defender[/color], the warrior anyone would want at their side in battle",
Root/CharacterDescriptionGrammarArchetypeSkald,"a silver-tongued [color=""orange""]Skald[/color] who can inspire any man in battle, or talk your way out of a fight like no other",
Root/CharacterDescriptionGrammarArchetypeChieftain,"a fore-sighted [color=""orange""]Leader[/color] with a great command of the battlefield",
Root/CharacterDescriptionGrammarArchetypeNidding,"an unpredictable [color=""orange""]Rogue[/color] who always knows where and when to strike and never shies away from a good ruse",
Root/CharacterDescriptionGrammarArchetypeRanger,"a skillful [color=""orange""][Hunter/Huntress][/color] and self-sufficient [outdoorsman/outdoorswoman] who can take down any man at a hundred paces",
Root/CharacterDescriptionGrammarArchetypeHealer,"a generous and deft [color=""orange""]Healer[/color] who can steal any man out of the arms of the valkyries",
Root/CharacterDescriptionGrammarArchetypeFighter,"a stout [color=""orange""]Warrior[/color] who stands unmovable as a mountain in the face of insurmountable odds",
Root/CharacterDescriptionGrammarArchetypeScout,"a fast and agile [color=""orange""]Scout[/color] who moves unseen behind enemy lines and strikes where their defences are weakest",
Root/CharacterDescriptionGrammarArchetypeDefender,"a steadfast [color=""orange""]Archer[/color] capable of keeping any enemy at bay",
Root/CharacterDescriptionGrammarNoDescription,"[i][color=""red""]You must spend all your stat points before you will see a description.[/color][/i]",
Root/CharacterDescriptionBerserk,"In the mountains of the north, there exists a cult of warriors who call themselves the Ulfhednar. They are said to be Odinn's special warriors, who wear little except the pelt of a wolf into battle and become impervious to steel or fire. Gunnarr, the giant with the wholly ironic byname ""the Peaceful"", claims to be one of these berserkers.\n\nGunnarr led a group of raiders from the northern trade hub Kaupang to the isle of Orkney in the west, where he had the misfortune to meet Skule Skullcleaver. Skule convinced Gunnarr to mount a raid against your village. He may not be the most predictable huscarl in your service, but one thing is certain: it is far better to have Gunnarr on your side than against you.",
Root/CharacterDescriptionShieldMaiden,"You've known Nefja and her sister Eyfura since you were children. Their late father Holmunn was among your father's closest huscarls, and the sisters were often left solely in the care of their mother while he was travelling with his thegn.\n\nThe twins grew apart from an early age - where Eyfura was always her mother's beautiful and delicate girl, Nefja took more after her father and would spend her days exploring the woods, playing in the moor, or fighting with the boys. As soon as she was old enough to hold a wooden stick, she started training to be a warrior.\n\nOver the years, the fire that burns brightly inside Nefja has turned her into a disciplined shieldmaiden, and what she lacks in raw strength is more than made up for in deftness and resolve.",
Root/CharacterDescriptionTribalHuntress,"Though her title is Princess of the Kingdom of Cait, Aife has few of a princess's manners and none of the typical conceits. Cait is a poor and harsh country, and Aife was raised to be as resilient and determined as any of her father's subjects. As soon as she was old enough, she was sent to train with the famous warrior Grainne, whose tutelage has turned her into a skillful trapper.\n\nGifted from an early age with equal parts curiosity and courage, Aife decided almost on a whim to join your hird. It's clear that she harbours some fascination with you and your culture. It's fortunate then that she is such a considerable asset on the field of battle.",
Root/CharacterDescriptionValkyrie,"Eydis came to your village with her husband Alvaldr when they were young and recently married, to take over his uncle's farm on the outskirts of your homestead and start a family. In your childhood, she was a warm and bubbly woman who loved to entertain the children of the clan with stories of ancient treasures or by reciting poems about the gods.\n\nA disease claimed Alvaldr almost a decade ago, leaving her alone to raise the two sons he gave her. Now her only concern is the safety and prosperity of her children. Since both of them are now old enough to tend to the farm, she has asked to join you on your expedition to the isles across the sea, that she might bring great wealth home and build a better future for her sons.",
Root/CharacterDescriptionVanquishedFoe,"Asleifr is a distant cousin, the favourite son of another family in your clan. Leadership of the clan has passed back and forth between your family and his for generations, but although your father won the seat of thegn from Asleifr's father, Grimvardr served your father dutifully for years afterwards.\n\nFrom Grimvardr, Asleifr was instilled with an overwhelming sense of honour and duty. Asleifr has been raised as a strong and skilled warrior who wants nothing more from life than to serve and protect his family and his clan. To that purpose, he was compelled to challenge your claim to your father's throne, seeing you as weak and undeserving of leadership. In your duel, he was convinced otherwise, and he is now sworn to serve you on your travels to the isles across the sea.",
Root/CharacterDescriptionTravellingMonk,"Morcant is a brother of the Monkwearmouth monastery and spent his youth in diligent study and contemplation. He has immense respect for the learned and was inspired by his senior Bede to seek knowledge and codify it as an expression of faith and wonder of God's work.\n\nHe spent several years wandering the Northumbrian countryside, tending to and teaching the people. It was during these travels that he developed his fascination with pagan beliefs and sought to preserve them. In his eyes, these rites and stories inform the unenlightened grasping blindly for the illumination of God's truth - and through understanding them, he hopes to ease their transition into the true faith.",
Root/CharacterDescriptionWitch,"As a babe, Røskva was left in a basket in the bog outside your homestead - to this day, no one knows who her parents were, or why they decided to leave her to the carrion birds. To Røskva's great fortune, the old witch Hulda - herself childless - found the newborn girl and decided to raise Røskva as her apprentice.\n\nRøskva is still young, but she is already wise to the uses of plants and the whims of spirits. The young witch is a deft and compassionate healer, but she has no qualms with deadly poisons and cruel curses. After a score of winters first in the care of an old crone, then caring for the crone in turn, Røskva is keen to leave the village and seek new knowledge in distant lands.",
Root/CharacterDescriptionWolf,"Your father brought Ketill back home from one of his journeys in the north. The dark-haired boy had seen no more than eight winters at the time, and he had a shy and brooding demeanour about him then. Your father never adequately explained how he came to be responsible for the kid, but at the thegn's request, Ketill was taken in by the clan and raised as an orphan.\n\nKetill gradually came out of his shell, and being about the same age, you became fast friends. Ketill grew up to be a lean young man, whose soft step and keen eyes have made him a skillful hunter. Far from the quiet boy your father brought home with him, Ketill has come to wield a charming smile and a disarming wit. He is a good friend and a loyal huscarl who will follow you wherever you ask of him.",
Root/CharacterStatStrength,Strength,
Root/CharacterStatStrengthAbbreviated,STR,
Root/CharacterStatEndurance,Endurance,
Root/CharacterStatEnduranceAbbreviated,END,
Root/CharacterStatFinesse,Finesse,
Root/CharacterStatFinesseAbbreviated,FIN,
Root/CharacterStatPerception,Perception,
Root/CharacterStatPerceptionAbbreviated,PER,
Root/CharacterStatSense,Sense,
Root/CharacterStatSenseAbbreviated,SEN,
Root/CharacterStatBaseDamage,Base Damage,
Root/CharacterStatMeleeDamage,Damage,
Root/CharacterStatMeleeDamageShort,Dmg,
Root/CharacterStatRangedDamage,Ranged Damage,
Root/CharacterStatHitpoints,Hitpoints,
Root/CharacterStatHitpointsAbbriviated,HP,
Root/CharacterStatBlockChance,Block Chance,
Root/CharacterStatCriticalChance,Critical,
Root/CharacterStatHoursWithoutRest,Stamina,
Root/CharacterStatDiscipline,Discipline,
Root/CharacterStatPhysicalResistance,Physical Resistance,
Root/CharacterStatPhysicalResistanceShort,Physical,
Root/CharacterStatMentalResistance,Mental Resistance,
Root/CharacterStatMentalResistanceShort,Mental,
Root/CharacterStatMaxAccuracy,Accuracy,
Root/CharacterStatDamageReduction,DR,
Root/CharacterStatDamageReductionAbbriviated,DR,
Root/CharacterStatDRMelee,DR Melee,
Root/CharacterStatDRRanged,DR Ranged,
Root/CharacterStatMovement,Movement,
Root/CharacterStatMovementAbbreviated,MOV,
Root/CharacterStatMorale,Morale,
Root/CharacterStatResistStun,Resist Stun,
Root/DamageReductionMelee,Melee Damage Reduction,
Root/DamageReductionRanged,Ranged Damage Reduction,
Root/CharacterStatNotApplicable,"[color=""silver""]N/A[/color]",
Root/Chance,Chance,
Root/TooltipCharacterStatBlockChance,"[size=""16""]Block Chance[/size]\nDetermines how likely you are to block an attack with a shield, so the shield will take the damage instead of you.",
Root/TooltipCharacterStatMaxAccuracy,"[size=""16""]Accuracy[/size]\nDetermines the maximum accuracy for ranged attacks. This drops by 6 points per hex of distance to the target, and the final hit chance can never exceed 95%.",
Root/TooltipCharacterStatCriticalChance,"[size=""16""]Critical Chance[/size]\nDetermines the likelihood of landing a critical hit, which multiplies the damage by the critical modifier of the equipped weapon.",
Root/TooltipCharacterStatDamage,"[size=""16""]Damage[/size]\nDamage is your [color=""lightblue""]Base Damage[/color], plus the damage of the currently equipped weapon.",
Root/TooltipCharacterStatMovement,"[size=""16""]Movement[/size]\nThe amount of hexes you can move during combat while still performing an attack. Armours can add penalties to this, making the unit able to move less hexes.",
Root/TooltipCharacterStatDamageReduction,"[size=""16""]Damage Reduction (DR)[/size]\nDamage Reduction determines the amount of damage subtracted from incoming attacks. This might be different between melee and ranged attacks, depending on the equipped gear.",
Root/TooltipCharacterStatHoursWithoutRest,"[size=""16""]Stamina[/size]\nDetermines how many hours a character can go before becoming Fatigued. Getting two shifts of sleep at camp will reset the timer.",
Root/TooltipCharacterStatHitpoints,"[size=""16""]Hitpoints (HP)[/size]\nDetermines the amount of damage a character can sustain before getting [color=""yellow""]Incapacitated[/color]. Hitpoints replenish after each fight, but characters will suffer injuries if incapacitated for too long.",
Root/TooltipCharacterStatDiscipline,"[size=""16""]Discipline[/size]\nDetermines the chance of resisting negative mental and physical effects.",
Root/TooltipCharacterStatPhysicalResistance,"[size=""16""]Physical Resistance[/size]\nDetermines the chance of resisting negative physical effects. Derived from Strength and Morale. Shields can bolster this value.",
Root/TooltipCharacterStatMentalResistance,"[size=""16""]Mental Resistance[/size]\nDetermines the chance of resisting negative mental effects. Derived from Sense and Morale. Helmets can bolster this value.",
Root/TooltipCharacterStatMorale,"[size=""16""]Morale[/size]\nDetermines the confidence of a character on a scale from -10 to 10. Affects physical and mental resistances.",
Root/TooltipInjury,Injuries can be treated during camping by assigning the task to a person who is versed in the art of healing.,
Root/TooltipStatStrength,"[size=""16""]Strength[/size]\nDetermines [color=""lightblue""]Base Damage[/color] with axes and swords and affects [color=""lightblue""]Physical Resistance[/color]. Strength is essential for warriors, and will occasionally enable knockouts and other physical feats in dialogue.",
Root/TooltipStatEndurance,"[size=""16""]Endurance[/size]\nDetermines [color=""lightblue""]Hitpoints[/color], [color=""lightblue""]Base Damage Reduction[/color], [color=""lightblue""]Block Chance[/color] with shields, and affects [color=""lightblue""]Stamina[/color]. Endurance is of utmost importance to front-line fighters.",
Root/TooltipStatFinesse,"[size=""16""]Finesse[/size]\nDetermines [color=""lightblue""]Base Damage[/color] with knives and spears and [color=""lightblue""]Critical Chance[/color] with all weapons. Finesse is important to ranged characters and fast-handed rogues, and can occasionally be used for surprise attacks in dialogue.",
Root/TooltipStatPerception,"[size=""16""]Perception[/size]\nDetermines [color=""lightblue""]Accuracy[/color] with ranged weapons. Perception is crucial to archers, and will often reveal additional information during dialogue.",
Root/TooltipStatSense,"[size=""16""]Sense[/size]\nAffects [color=""lightblue""]Mental Resistance[/color] and [color=""lightblue""]Stamina[/color]. Sense is fundamental to witches, skalds, and other support characters, and can often be used for persuasion in dialogue.",
Root/TooltipStatMorale,"[size=""16""]Morale[/size]\nAffects [color=""lightblue""]Physical Resistance[/color] and [color=""lightblue""]Mental Resistance[/color]. Morale represents the confidence of a character on a scale from -10 to 10.",
Root/TooltipStatModNegDetails,"[color=""red""][Mod][/color] [Cause]",
Root/TooltipStatModPosDetails,"[color=""lime""]+[Mod][/color] [Cause]",
Root/ThrowingDamage,Damage,
Root/UnarmedDamage,Damage,
Root/MeleeDamage,Damage,
Root/RangedDamage,Damage,
Root/MeleeRangedDamage,Damage,
Root/AreaOfEffect,AoE,
Root/BlockChance,Block,
Root/CriticalChance,Critical Chance,
Root/PoisonResistance,Poison Resistance,
Root/KnockdownChance,Knockdown Chance,
Root/Hitpoints,Hitpoints,
Root/DualWieldingDamagePenalty,Dual Wielding Damage Penalty,
Root/PartialCoverPenalty,Partial Cover Penalty,
Root/FlankingBonusDamage,Flanking Bonus Damage,
Root/DistancePenalty,Distance Penalty,
Root/HalveEnemyMovementChance,halve enemy movement chance,
Root/ArmourPiercing,Armour Piercing,
Root/TinkerSpeed,Tinker Speed,
Root/PartyMoraleCap,Party Morale Cap,
Root/CraftingTier,Tier,
Root/FogOfWar,Fog of War,
Root/CraftingHeadline,Crafting,
Root/CraftingParameterSchematics,Schematics,
Root/CraftingAmountSchematics,[y]/[x],
Root/CraftingAmountSchematicsNegative,"[color=""red""][y]/[x][/color]",
Root/CraftingCostResourcesRemaining,[resource1][resource2] remaining,
Root/CraftingCostResourceRemaining,"[size=""24""][amount][/size] [resource]",
Root/CraftingButton,Craft item,
Root/CraftingBonus,Special Property Chance,
Root/CraftingBonusEffect,[x]%,
Root/CraftingMaxRankWeapon,Max Weapon Tier,
Root/CraftingMaxRankWeaponEffect,[skillrank]/5,
Root/CraftingMaxRankArmour,Max Armour Tier,
Root/CraftingMaxRankArmourEffect,[skillrankplus1]/5,
Root/CraftingMaxSalvage,Resource Cap,
Root/CraftingMaxTier,Max Tier,
Root/CraftingIconTooltip,"[size=""18""]Crafting[/size]\nShows you the highest tier of weapons you can craft, as well as the resource cap for the selected item type.",
Root/CraftingArmourIconTooltip,"[size=""18""]Armoursmithing[/size]\nShows you the highest tier of armour you can craft, as well as the resource cap for the selected item type.",
Root/CraftingArtisanTooltip,"[size=""18""]Artisan[/size]\nShows the chance of the crafted items getting a special property.",
Root/CraftingItemSelection,Select item to craft,
Root/CraftingItemSelectionItemType,Item Type,
Root/CraftingItemSelectionItemTypeArmour,Armour,
Root/CraftingItemSelectionItemTypeAxe,Axe,
Root/CraftingItemSelectionItemTypeBow,Bow,
Root/CraftingItemSelectionItemTypeDaneAxe,Dane-Axe,
Root/CraftingItemSelectionItemTypeHelmet,Helmet,
Root/CraftingItemSelectionItemTypeKnife,Knife,
Root/CraftingItemSelectionItemTypeShield,Shield,
Root/CraftingItemSelectionItemTypeSling,Sling,
Root/CraftingItemSelectionItemTypeSpear,Spear,
Root/CraftingItemSelectionItemTypeSword,Sword,
Root/CraftingArtisanPreview,"[color=""lime""][x]% chance to craft a special property![/color]",
Root/CraftingTotallyUnaffordable,Crafting this is above the craftsman's skill level!,
Root/CraftingCurrentlyUnaffordableSkill,Crafting this is above the craftsman's skill level!,
Root/CraftingCurrentlyUnaffordableResources,You don't have enough resources to craft this!,
Root/CraftingSelected,This value has been selected for crafting.,
Root/CraftingDefault,Click to craft this value.,
Root/CraftRequirementTooltip,"\n[color=""red""]Requires [skill] rank [x][/color].",
Root/CraftShieldDropdownTooltip,Select to craft shields.[requirement],
Root/CraftArmourDropdownTooltip,Select to craft armours.[requirement],
Root/CraftHelmetDropdownTooltip,Select to craft helmets.[requirement],
Root/CraftAxeDropdownTooltip,Select to craft axes.[requirement],
Root/CraftBowDropdownTooltip,Select to craft bows.[requirement],
Root/CraftDaneAxeDropdownTooltip,Select to craft dane-axes.[requirement],
Root/CraftKnifeDropdownTooltip,Select to craft knives.[requirement],
Root/CraftSpearDropdownTooltip,Select to craft spears.[requirement],
Root/CraftSwordDropdownTooltip,Select to craft swords.[requirement],
Root/CraftSlingDropdownTooltip,Select to craft slings.[requirement],
Root/CraftingNA,-,
Root/RepairingHeadline,Repairing,
Root/RepairingRank,Repairing Rank,
Root/RepairingRankEffect,[repairskillrank]/5,
Root/RepairingBonus,Cost Reduction,
Root/RepairingBonusEffect,"[color=""lime""][x]%[/color]",
Root/RepairingBonusNoEffect,-,
Root/RepairingCostResource1,"[color=""orange""][x][/color] [resource]",
Root/RepairingCostResource2,", [color=""orange""][x][/color] [resource]",
Root/RepairingCostRepairSelected,[resourceamount1][resource1][resourceamount2][resource2],
Root/RepairingSelectedItem,Selected Item:,
Root/RepairingSelectedWorn,"Equipped by [color=""orange""][name][/color]",
Root/RepairingButtonRepairSelected,Repair Selected,
Root/RepairingSelectAll,Select All,
Root/RepairingSelectNone,Select None,
Root/TinkeringHeadline,Tinkering,
Root/TinkeringButtonCraft,Tinker Item,
Root/TinkeringTinkerResource,[resource],
Root/TinkeringItemTooltipGrammar,"[size=""16""][name][/size]\n[size=""12""][color=""grey""][type][/color][/size]\n[description]",
Root/TinkeringTinkerResourceAmount,[current] / [needed],
Root/TinkeringTinkerResourceAmountNotEnough,"[color=""red""][current][/color] / [needed]",
Root/StatusEffectMentalResistance,"[color=""lightblue""]Mental Resistance[/color]",
Root/StatusEffectPhysicalResistance,"[color=""lightblue""]Physical Resistance[/color]",
Root/StatusEffectAnticipating,Anticipating,
Root/StatusEffectAnticipatingDescription,Next attack has 100% Critical Chance,
Root/StatusEffectAnts,Ants!,
Root/StatusEffectAntsDescription,Base DR halved,
Root/StatusEffectBerserk,Berserk,
Root/StatusEffectBerserkDescription,"Base Melee Damage doubled, Base DR is 0%",
Root/StatusEffectBleeding,Bleeding,
Root/StatusEffectBleedingDescription,-8-16 Hitpoints per turn,
Root/StatusEffectBlinded,Blinded,
Root/StatusEffectBlindedDescription,Perception -5,
Root/StatusEffectBloodThirsty,Blood Thirsty,
Root/StatusEffectBloodThirstyDescription,Damage +10%,
Root/StatusEffectBurning,Burning,
Root/StatusEffectBurningDescription,-20-30 Hitpoints per turn,
Root/StatusEffectCentered,Centered,
Root/StatusEffectCenteredDescription,Physical Resistance is 100%,
Root/StatusEffectCold,Cold,
Root/StatusEffectColdDescription,Finesse -4,
Root/StatusEffectConcussed,Concussed,
Root/StatusEffectConcussedDescription,Endurance -3,
Root/StatusEffectCondemned,Condemned,
Root/StatusEffectCondemnedDescription,Instantly dies if hurt by Executioner,
Root/StatusEffectDefending,Defending,
Root/StatusEffectDefendingDescription,Shield is impervious to damage,
Root/StatusEffectDemoralised,Demoralised,
Root/StatusEffectDemoralisedDescription,Max Accuracy -50,
Root/StatusEffectDisarmed,Disarmed,
Root/StatusEffectDisarmedDescription,Cannot use weapon or switch weapons,
Root/StatusEffectDiseased,Diseased,
Root/StatusEffectDiseasedDescription,Strength -3 and Finesse -2,
Root/StatusEffectDrugged,Drugged,
Root/StatusEffectDruggedDescription,Finesse -2 and Perception -2,
Root/StatusEffectDruggedNonCombat,Drugged,
Root/StatusEffectDruggedNonCombatDescription,Finesse -2 and Perception -2,
Root/StatusEffectEmboldened,Emboldened,
Root/StatusEffectEmboldenedDescription,Sense +2,
Root/StatusEffectExecutioner,Executing,
Root/StatusEffectExecutionerDescription,Instantly kills Condemned on hit,
Root/StatusEffectExposed,Exposed,
Root/StatusEffectExposedDescription,Cannot block,
Root/StatusEffectFatigued,Fatigued,
Root/StatusEffectFatiguedDescription,"Strength, Finesse, and Perception halved",
Root/StatusEffectFearless,Fearless,
Root/StatusEffectFearlessDescription,Mental Resistance is 100%,
Root/StatusEffectFlammable,Flammable,
Root/StatusEffectFlammableDescription,Burning will last twice as long,
Root/StatusEffectFocused,Focused,
Root/StatusEffectFocusedDescription,Critical Chance +10,
Root/StatusEffectFoodPoisoning,Food-Poisoned,
Root/StatusEffectFoodPoisoningDescription,Endurance -1 and Sense -1,
Root/StatusEffectFrenzied,Frenzied,
Root/StatusEffectFrenziedDescription,Attack twice each turn,
Root/StatusEffectFrightened,Frightened,
Root/StatusEffectFrightenedDescription,Perception -1 and Sense -1,
Root/StatusEffectGrappling,Grappled,
Root/StatusEffectGrapplingDescription,Unable to move until the next turn,
Root/StatusEffectHarried,Harried,
Root/StatusEffectHarriedDescription,Base DR is 0%,
Root/StatusEffectHastened,Hastened,
Root/StatusEffectHastenedDescription,Movement +1,
Root/StatusEffectHungOver,Hung Over,
Root/StatusEffectHungOverDescription,Sense -3,
Root/StatusEffectHungry,Hungry,
Root/StatusEffectHungryDescription,Endurance -3 and Sense -3,
Root/StatusEffectHypnotized,Hypnotized,
Root/StatusEffectHypnotizedDescription,Switches sides for 1 turn,
Root/StatusEffectIlluminated,Illuminated,
Root/StatusEffectIlluminatedDescription,Easier to hit at night,
Root/StatusEffectIncapacitated,Incapacitated,
Root/StatusEffectIncapacitatedDescription,Unable to act until revived,
Root/StatusEffectInterrupting,Interrupting,
Root/StatusEffectInterruptingDescription,Attack the first enemy to move within 6 hexes or against whom hit chance is at least 75%,
Root/StatusEffectIntoxicated,Intoxicated,
Root/StatusEffectIntoxicatedDescription,Perception -2,
Root/StatusEffectIntoxicatedNonCombat,Intoxicated,
Root/StatusEffectIntoxicatedNonCombatDescription,Perception -2,
Root/StatusEffectInvigorated,Invigorated,
Root/StatusEffectInvigoratedDescription,Strength +1,
Root/StatusEffectKnockedDown,Knocked Down,
Root/StatusEffectKnockedDownDescription,"Unable to act, cannot block, Base DR is 0%; recovering costs 2 moves",
Root/StatusEffectSlipped,Slipped,
Root/StatusEffectSlippedDescription,"Unable to act, cannot block, Base DR is 0%; recovering costs 2 moves",
Root/StatusEffectTripped,Tripped,
Root/StatusEffectTrippedDescription,"Unable to act, cannot block, Base DR is 0%; recovering costs 2 moves",
Root/StatusEffectManoeuvred,Manoeuvred,
Root/StatusEffectManoeuvredDescription,Movement +1,
Root/StatusEffectMorose,Morose,
Root/StatusEffectMoroseDescription,Sense -3,
Root/StatusEffectNoncandescent,Noncandescent,
Root/StatusEffectNoncandescentDescription,Immune to fire,
Root/StatusEffectNumb,Numb,
Root/StatusEffectNumbDescription,"+30-40 Hitpoints per turn, Movement -2",
Root/StatusEffectPanicked,Panicked,
Root/StatusEffectPanickedDescription,Character will behave eratically,
Root/StatusEffectParrying,Parrying,
Root/StatusEffectParryingDescription,Base DR is doubled; character gains a free counter-attack,
Root/StatusEffectPoisoned,Poisoned,
Root/StatusEffectPoisonedDescription,-16-24 Hitpoints per turn,
Root/StatusEffectProtected,Protected,
Root/StatusEffectProtectedDescription,Uses Protecting character's DR if higher,
Root/StatusEffectProtecting,Protecting,
Root/StatusEffectProtectingDescription,All adjacent allies get the Protected status effect after end of turn,
Root/StatusEffectRabid,Rabid,
Root/StatusEffectRabidDescription,Attacks inflict Infection upon hit,
Root/StatusEffectReady,Ready,
Root/StatusEffectReadyDescription,Automatically attacks the first enemy who enters adjacent hex,
Root/StatusEffectRoskvasPoison,Røskva's Poison,
Root/StatusEffectRoskvasPoisonDescription,Strength -3 and Endurance -3,
Root/StatusEffectSacrament,Sacrament,
Root/StatusEffectSacramentDescription,Base Mental and Physical Resistances doubled,
Root/StatusEffectShieldmaster,Shieldmaster,
Root/StatusEffectShieldmasterDescription,Shield is impervious to damage,
Root/StatusEffectSnared,Snared,
Root/StatusEffectSnaredDescription,"Unable to act, cannot block",
Root/StatusEffectSnaring,Snaring,
Root/StatusEffectSnaringDescription,First enemy to enter melee range is Snared,
Root/StatusEffectSpotted,Spotted,
Root/StatusEffectSpottedDescription,Cannot use low cover; ranged attacks vs. character have +25% Accuracy,
Root/StatusEffectSpotTraps,Spotting Traps,
Root/StatusEffectSpotTrapsDescription,Character reveals traps in their path,
Root/StatusEffectStarving,Starving,
Root/StatusEffectStarvingDescription,Endurance -6 and Sense -6,
Root/StatusEffectSteady,Steady,
Root/StatusEffectSteadyDescription,Immune to Harried,
Root/StatusEffectStunned,Stunned,
Root/StatusEffectStunnedDescription,"Unable to act, cannot block, Base DR is 0%",
Root/StatusEffectTacticalMove,Tactical,
Root/StatusEffectTacticalMoveDescription,Doesn't trigger traps or provoke AoO,
Root/StatusEffectTerrified,Terrified,
Root/StatusEffectTerrifiedDescription,Perception -3 and Sense -2,
Root/StatusEffectThorsFavour,Favoured by Thor,
Root/StatusEffectThorsFavourDescription,Base Melee Damage +20%,
Root/StatusEffectTyrsFavour,Favoured by Tyr,
Root/StatusEffectTyrsFavourDescription,Total DR +25,
Root/StatusEffectUnbalanced,Unbalanced,
Root/StatusEffectUnbalancedDescription,Lose all moves at beginning of next turn,
Root/StatusEffectUnconscious,Unconscious,
Root/StatusEffectUnconsciousDescription,Unable to act; character has a chance to awaken every turn,
Root/StatusEffectUnnerved,Unnerved,
Root/StatusEffectUnnervedDescription,All stats -1,
Root/StatusEffectUnwavering,Unwavering,
Root/StatusEffectUnwaveringDescription,Regain all health every turn,
Root/StatusEffectVenomous,Venomous,
Root/StatusEffectVenomousDescription,Attacks apply Poisoned on hit,
Root/StatusEffectViper,Viper,
Root/StatusEffectViperDescription,Attacks apply Poisoned on hit,
Root/StatusEffectWeakened,Weakened,
Root/StatusEffectWeakenedDescription,Endurance -3,
Root/StatusEffectWellFed,Well Fed,
Root/StatusEffectWellFedDescription,Sense +1 and Endurance +1,
Root/StatusEffectWellRested,Well Rested,
Root/StatusEffectWellRestedDescription,Sense +1 and Endurance +1,
Root/StatusEffectCataracted,Cataracted,
Root/StatusEffectCataractedDescription,Perception -1,
Root/StatusEffectClumsy,Clumsy,
Root/StatusEffectClumsyDescription,Finesse -1,
Root/StatusEffectConditioned,Conditioned,
Root/StatusEffectConditionedDescription,Strength +1,
Root/StatusEffectCrippled,Crippled,
Root/StatusEffectCrippledDescription,Movement -1,
Root/StatusEffectDeformed,Deformed,
Root/StatusEffectDeformedDescription,Strength -1,
Root/StatusEffectDisciplined,Disciplined,
Root/StatusEffectDisciplinedDescription,Sense +1,
Root/StatusEffectHoned,Honed,
Root/StatusEffectHonedDescription,Finesse +1,
Root/StatusEffectPained,Pained,
Root/StatusEffectPainedDescription,Endurance -1,
Root/StatusEffectScarred,Scarred,
Root/StatusEffectScarredDescription,No effect on gameplay,
Root/StatusEffectTraumatised,Traumatised,
Root/StatusEffectTraumatisedDescription,Sense -1,
Root/StatusEffectVigilant,Vigilant,
Root/StatusEffectVigilantDescription,Perception +1,
Root/StatusEffectWeathered,Weathered,
Root/StatusEffectWeatheredDescription,Endurance +1,
Root/CharacterSizeSmall,Thin,
Root/CharacterSizeMedium,Medium,
Root/CharacterSizeLarge,Large,
Root/female_vikingarml01pc,Bracelet,
Root/female_vikingarml02pc,Layered,
Root/female_vikingarml03pc,Sleeves,
Root/female_vikingarml04pc,Bare,
Root/female_vikinghairl01pc,Long,
Root/female_vikinghairl02pc,Braids,
Root/female_vikinghairs03pc,Short,
Root/female_vikinghairl04pc,Headband Under,
Root/female_vikinghairl05pc,Single Braid,
Root/female_vikinghairs06pc,Pulled Back,
Root/female_vikinghairl07pc,Headband Over,
Root/female_vikinghairs08pc,Covered,
Root/female_vikinghairl09pc,Twin Ponytail,
Root/female_vikinghairl10pc,Shoulder Braid,
Root/female_vikinghairs11pc,Headband Short,
Root/female_vikinghairl12pc,Thick Braid,
Root/female_vikinghairs13pc,Side Braid,
Root/female_vikinglegl01pc,Socks,
Root/female_vikinglegl02pc,Loose Wrapped,
Root/female_vikinglegl03pc,Tight Wrapped,
Root/female_vikinglegl04pc,Boots,
Root/female_vikingtorso01pc,Fancy Dress,
Root/female_vikingtorso02pc,Fancy Tunic,
Root/female_vikingtorso03pc,Simple Dress,
Root/female_vikingtorso04pc,Simple Tunic,
Root/female_vikingtorso05pc,Leather Tunic,
Root/mat_female_VikingHead01PC,Freckled,
Root/mat_female_VikingHead02PC,Smooth,
Root/mat_female_VikingHead03Merc,Sinister,
Root/mat_female_VikingHead04PC,Scarred,
Root/vo_female01,Aggressive,
Root/vo_female02,Heroic,
Root/vo_female03,Witty,
Root/male_empty,None,
Root/male_vikingarml01pc,Heavy Sleeves,
Root/male_vikingarml02pc,Bracers,
Root/male_vikingarml03pc,Light Sleeves,
Root/male_vikingarml04pc,Bare,
Root/male_vikingbeard01pc,Braided,
Root/male_vikingbeard02pc,Goatee,
Root/male_vikingbeard03pc,Full,
Root/male_vikingbeard04pc,Bushy,
Root/male_vikingbeard05pc,Long Goatee,
Root/male_vikingbeard06pc,Thick Braid,
Root/male_vikingbeard07pc,Full Braided,
Root/male_vikingbeard08pc,Twin Braids,
Root/male_vikinghairs01pc,Undercut,
Root/male_vikinghairl02pc,Pulled Back,
Root/male_vikinghairs03pc,Shaven Undercut,
Root/male_vikinghairl04pc,Loose,
Root/male_vikinghairs05pc,Short,
Root/male_vikinghairl06pc,Ponytail,
Root/male_vikinghairl07pc,Headband,
Root/male_vikinghairl08pc,Braid Right,
Root/male_vikinghairl09pc,Braids Left,
Root/male_vikinghairl10pc,Wavy,
Root/male_vikinglegl01pc,Cloth Shoes,
Root/male_vikinglegl02pc,Boots,
Root/male_vikinglegl03pc,Sandals,
Root/male_vikinglegl04pc,Wrappings,
Root/male_vikingtorso01pc,Fancy,
Root/male_vikingtorso02pc,Fur-lined,
Root/male_vikingtorso03pc,Tunic,
Root/male_vikingtorso04pc,Simple,
Root/male_vikingtorso06pc,Leather,
Root/mat_male_VikingHead01PC,Shaven,
Root/mat_male_VikingHead02PC,Stubbles,
Root/mat_male_VikingHead03Merc,Sinister,
Root/mat_male_VikingHead04PC,Scarred,
Root/vo_male01,Aggressive,
Root/vo_male02,Heroic,
Root/vo_male03,Witty,
Root/vo_male04,Psychotic,
Root/TimelineGameOverInactive,"\n\n[color=""red""]Running out of time is currently disabled.[/color]",
Root/TimelineNow,"[size=""18""][t][/size][inactive]\n\nThe current date and time. Time only advances when you travel or when you make camp. If you squander your time, [color=""orange""]the game will end prematurely[/color].",
Root/TimelineDenmarkStart,"[size=""18""][t][/size]\n\nYour father's funeral was on this date.",
Root/TimelineDenmarkEnd,"[size=""18""][t][/size][inactive]\n\nYou must finish your preparations before this date. If you run out of time, your clan will be at the mercy of your enemies and [color=""orange""]the game will end prematurely[/color].",
Root/TimelineEnglandScotlandStart,"[size=""18""][t][/size]\n\nYou sailed out of Skjern on this date.",
Root/TimelineEnglandScotlandEnd,"[size=""18""][t][/size][inactive]\n\nYou must return to Skjern for harvest before this date. Otherwise you will not be able to participate at the Althing, and [color=""orange""]your clan will be at Skule Skullcleaver's mercy[/color].",
Root/TimelineWorldStart,"[size=""18""][t][/size]\n\nYou sailed out of Skjern on this date.",
Root/TimelineWorldEnd,"[size=""18""][t][/size][inactive]\n\nYou must return to Skjern for harvest before this date. Otherwise you will not be able to participate at the Althing, and [color=""orange""]your clan will be at Skule Skullcleaver's mercy[/color].",
Root/IntelGPUReflectionProbesTitle,Intel GPU Detected,
Root/IntelGPUReflectionProbesContent,"For compatibility purposes, reflection probes have been disabled on your machine as this option causes crashes on many Intel video cards. Reflection probes improve the fidelity of the game's lighting. If you're willing to accept the risk, you can re-enable reflection probes in the video settings menu.",
